"source_uid"	"sentno"	"latin"	"english"	"korean"	"cefr_level"	"difficulty_score"	"domain"	"topic"	"genre"	"speech_act"	"register"	"context_dependency"	"enrichment_state"
"madoran-s6-sentno-0001"	"1"	""	""	""	""	""	""	""	""	""	""	""	"not_started"
"madoran-s6-sentno-0002"	"2"	""	""	""	""	""	""	""	""	""	""	""	"not_started"
"madoran-s6-sentno-0003"	"3"	""	""	""	""	""	""	""	""	""	""	""	"not_started"
"madoran-s6-sentno-0004"	"4"	""	""	""	""	""	""	""	""	""	""	""	"not_started"
"madoran-s6-sentno-0005"	"5"	""	""	""	""	""	""	""	""	""	""	""	"not_started"
"madoran-s6-sentno-0006"	"6"	""	""	""	""	""	""	""	""	""	""	""	"not_started"
"madoran-s6-sentno-0007"	"7"	""	""	""	""	""	""	""	""	""	""	""	"not_started"
"madoran-s6-sentno-0008"	"8"	""	""	""	""	""	""	""	""	""	""	""	"not_started"
"madoran-s6-sentno-0009"	"9"	""	""	""	""	""	""	""	""	""	""	""	"not_started"
"madoran-s6-sentno-0010"	"10"	""	""	""	""	""	""	""	""	""	""	""	"not_started"
"madoran-s6-sentno-0011"	"11"	""	""	""	""	""	""	""	""	""	""	""	"not_started"
"madoran-s6-sentno-0012"	"12"	""	""	""	""	""	""	""	""	""	""	""	"not_started"
"madoran-s6-sentno-0013"	"13"	""	""	""	""	""	""	""	""	""	""	""	"not_started"
"madoran-s6-sentno-0014"	"14"	""	""	""	""	""	""	""	""	""	""	""	"not_started"
"madoran-s6-sentno-0015"	"15"	""	""	""	""	""	""	""	""	""	""	""	"not_started"
"madoran-s6-sentno-0016"	"16"	""	""	""	""	""	""	""	""	""	""	""	"not_started"
"madoran-s6-sentno-0017"	"17"	""	""	""	""	""	""	""	""	""	""	""	"not_started"
"madoran-s6-sentno-0018"	"18"	""	""	""	""	""	""	""	""	""	""	""	"not_started"
"madoran-s6-sentno-0019"	"19"	""	""	""	""	""	""	""	""	""	""	""	"not_started"
"madoran-s6-sentno-0020"	"20"	""	""	""	""	""	""	""	""	""	""	""	"not_started"
"madoran-s6-sentno-0021"	"21"	""	""	""	""	""	""	""	""	""	""	""	"not_started"
"madoran-s6-sentno-0022"	"22"	""	""	""	""	""	""	""	""	""	""	""	"not_started"
"madoran-s6-sentno-0023"	"23"	""	""	""	""	""	""	""	""	""	""	""	"not_started"
"madoran-s6-sentno-0024"	"24"	""	""	""	""	""	""	""	""	""	""	""	"not_started"
"madoran-s6-sentno-0025"	"25"	""	""	""	""	""	""	""	""	""	""	""	"not_started"
"madoran-s6-sentno-0026"	"26"	""	""	""	""	""	""	""	""	""	""	""	"not_started"
"madoran-s6-sentno-0027"	"27"	""	""	""	""	""	""	""	""	""	""	""	"not_started"
"madoran-s6-sentno-0028"	"28"	""	""	""	""	""	""	""	""	""	""	""	"not_started"
"madoran-s6-sentno-0029"	"29"	""	""	""	""	""	""	""	""	""	""	""	"not_started"
"madoran-s6-sentno-0030"	"30"	""	""	""	""	""	""	""	""	""	""	""	"not_started"
"madoran-s6-sentno-0031"	"31"	""	""	""	""	""	""	""	""	""	""	""	"not_started"
"madoran-s6-sentno-0032"	"32"	""	""	""	""	""	""	""	""	""	""	""	"not_started"
"madoran-s6-sentno-0033"	"33"	""	""	""	""	""	""	""	""	""	""	""	"not_started"
"madoran-s6-sentno-0034"	"34"	""	""	""	""	""	""	""	""	""	""	""	"not_started"
"madoran-s6-sentno-0035"	"35"	""	""	""	""	""	""	""	""	""	""	""	"not_started"
"madoran-s6-sentno-0036"	"36"	""	""	""	""	""	""	""	""	""	""	""	"not_started"
"madoran-s6-sentno-0037"	"37"	""	""	""	""	""	""	""	""	""	""	""	"not_started"
"madoran-s6-sentno-0038"	"38"	""	""	""	""	""	""	""	""	""	""	""	"not_started"
"madoran-s6-sentno-0039"	"39"	""	""	""	""	""	""	""	""	""	""	""	"not_started"
"madoran-s6-sentno-0040"	"40"	""	""	""	""	""	""	""	""	""	""	""	"not_started"
"madoran-s6-sentno-0041"	"41"	""	""	""	""	""	""	""	""	""	""	""	"not_started"
"madoran-s6-sentno-0042"	"42"	""	""	""	""	""	""	""	""	""	""	""	"not_started"
"madoran-s6-sentno-0043"	"43"	""	""	""	""	""	""	""	""	""	""	""	"not_started"
"madoran-s6-sentno-0044"	"44"	""	""	""	""	""	""	""	""	""	""	""	"not_started"
"madoran-s6-sentno-0045"	"45"	""	""	""	""	""	""	""	""	""	""	""	"not_started"
"madoran-s6-sentno-0046"	"46"	""	""	""	""	""	""	""	""	""	""	""	"not_started"
"madoran-s6-sentno-0047"	"47"	""	""	""	""	""	""	""	""	""	""	""	"not_started"
"madoran-s6-sentno-0048"	"48"	""	""	""	""	""	""	""	""	""	""	""	"not_started"
"madoran-s6-sentno-0049"	"49"	""	""	""	""	""	""	""	""	""	""	""	"not_started"
"madoran-s6-sentno-0050"	"50"	""	""	""	""	""	""	""	""	""	""	""	"not_started"
"madoran-s6-sentno-0051"	"51"	""	""	""	""	""	""	""	""	""	""	""	"not_started"
"madoran-s6-sentno-0052"	"52"	""	""	""	""	""	""	""	""	""	""	""	"not_started"
"madoran-s6-sentno-0053"	"53"	""	""	""	""	""	""	""	""	""	""	""	"not_started"
"madoran-s6-sentno-0054"	"54"	""	""	""	""	""	""	""	""	""	""	""	"not_started"
"madoran-s6-sentno-0055"	"55"	""	""	""	""	""	""	""	""	""	""	""	"not_started"
"madoran-s6-sentno-0056"	"56"	""	""	""	""	""	""	""	""	""	""	""	"not_started"
"madoran-s6-sentno-0057"	"57"	""	""	""	""	""	""	""	""	""	""	""	"not_started"
"madoran-s6-sentno-0058"	"58"	""	""	""	""	""	""	""	""	""	""	""	"not_started"
"madoran-s6-sentno-0059"	"59"	""	""	""	""	""	""	""	""	""	""	""	"not_started"
"madoran-s6-sentno-0060"	"60"	""	""	""	""	""	""	""	""	""	""	""	"not_started"
"madoran-s6-sentno-0061"	"61"	""	""	""	""	""	""	""	""	""	""	""	"not_started"
"madoran-s6-sentno-0062"	"62"	""	""	""	""	""	""	""	""	""	""	""	"not_started"
"madoran-s6-sentno-0063"	"63"	""	""	""	""	""	""	""	""	""	""	""	"not_started"
"madoran-s6-sentno-0064"	"64"	""	""	""	""	""	""	""	""	""	""	""	"not_started"
"madoran-s6-sentno-0065"	"65"	""	""	""	""	""	""	""	""	""	""	""	"not_started"
"madoran-s6-sentno-0066"	"66"	""	""	""	""	""	""	""	""	""	""	""	"not_started"
"madoran-s6-sentno-0067"	"67"	""	""	""	""	""	""	""	""	""	""	""	"not_started"
"madoran-s6-sentno-0068"	"68"	""	""	""	""	""	""	""	""	""	""	""	"not_started"
"madoran-s6-sentno-0069"	"69"	""	""	""	""	""	""	""	""	""	""	""	"not_started"
"madoran-s6-sentno-0070"	"70"	""	""	""	""	""	""	""	""	""	""	""	"not_started"
"madoran-s6-sentno-0071"	"71"	""	""	""	""	""	""	""	""	""	""	""	"not_started"
"madoran-s6-sentno-0072"	"72"	""	""	""	""	""	""	""	""	""	""	""	"not_started"
"madoran-s6-sentno-0073"	"73"	""	""	""	""	""	""	""	""	""	""	""	"not_started"
"madoran-s6-sentno-0074"	"74"	""	""	""	""	""	""	""	""	""	""	""	"not_started"
"madoran-s6-sentno-0075"	"75"	""	""	""	""	""	""	""	""	""	""	""	"not_started"
"madoran-s6-sentno-0076"	"76"	""	""	""	""	""	""	""	""	""	""	""	"not_started"
"madoran-s6-sentno-0077"	"77"	""	""	""	""	""	""	""	""	""	""	""	"not_started"
"madoran-s6-sentno-0078"	"78"	""	""	""	""	""	""	""	""	""	""	""	"not_started"
"madoran-s6-sentno-0079"	"79"	""	""	""	""	""	""	""	""	""	""	""	"not_started"
"madoran-s6-sentno-0080"	"80"	""	""	""	""	""	""	""	""	""	""	""	"not_started"
"madoran-s6-sentno-0081"	"81"	""	""	""	""	""	""	""	""	""	""	""	"not_started"
"madoran-s6-sentno-0082"	"82"	""	""	""	""	""	""	""	""	""	""	""	"not_started"
"madoran-s6-sentno-0083"	"83"	""	""	""	""	""	""	""	""	""	""	""	"not_started"
"madoran-s6-sentno-0084"	"84"	""	""	""	""	""	""	""	""	""	""	""	"not_started"
"madoran-s6-sentno-0085"	"85"	""	""	""	""	""	""	""	""	""	""	""	"not_started"
"madoran-s6-sentno-0086"	"86"	""	""	""	""	""	""	""	""	""	""	""	"not_started"
"madoran-s6-sentno-0087"	"87"	""	""	""	""	""	""	""	""	""	""	""	"not_started"
"madoran-s6-sentno-0088"	"88"	""	""	""	""	""	""	""	""	""	""	""	"not_started"
"madoran-s6-sentno-0089"	"89"	""	""	""	""	""	""	""	""	""	""	""	"not_started"
"madoran-s6-sentno-0090"	"90"	""	""	""	""	""	""	""	""	""	""	""	"not_started"
"madoran-s6-sentno-0091"	"91"	""	""	""	""	""	""	""	""	""	""	""	"not_started"
"madoran-s6-sentno-0092"	"92"	""	""	""	""	""	""	""	""	""	""	""	"not_started"
"madoran-s6-sentno-0093"	"93"	""	""	""	""	""	""	""	""	""	""	""	"not_started"
"madoran-s6-sentno-0094"	"94"	""	""	""	""	""	""	""	""	""	""	""	"not_started"
"madoran-s6-sentno-0095"	"95"	""	""	""	""	""	""	""	""	""	""	""	"not_started"
"madoran-s6-sentno-0096"	"96"	""	""	""	""	""	""	""	""	""	""	""	"not_started"
"madoran-s6-sentno-0097"	"97"	""	""	""	""	""	""	""	""	""	""	""	"not_started"
"madoran-s6-sentno-0098"	"98"	""	""	""	""	""	""	""	""	""	""	""	"not_started"
"madoran-s6-sentno-0099"	"99"	""	""	""	""	""	""	""	""	""	""	""	"not_started"
"madoran-s6-sentno-0100"	"100"	""	""	""	""	""	""	""	""	""	""	""	"not_started"
"madoran-s6-sentno-0101"	"101"	""	""	""	""	""	""	""	""	""	""	""	"not_started"
"madoran-s6-sentno-0102"	"102"	""	""	""	""	""	""	""	""	""	""	""	"not_started"
"madoran-s6-sentno-0103"	"103"	""	""	""	""	""	""	""	""	""	""	""	"not_started"
"madoran-s6-sentno-0104"	"104"	""	""	""	""	""	""	""	""	""	""	""	"not_started"
"madoran-s6-sentno-0105"	"105"	""	""	""	""	""	""	""	""	""	""	""	"not_started"
"madoran-s6-sentno-0106"	"106"	""	""	""	""	""	""	""	""	""	""	""	"not_started"
"madoran-s6-sentno-0107"	"107"	""	""	""	""	""	""	""	""	""	""	""	"not_started"
"madoran-s6-sentno-0108"	"108"	""	""	""	""	""	""	""	""	""	""	""	"not_started"
"madoran-s6-sentno-0109"	"109"	""	""	""	""	""	""	""	""	""	""	""	"not_started"
"madoran-s6-sentno-0110"	"110"	""	""	""	""	""	""	""	""	""	""	""	"not_started"
"madoran-s6-sentno-0111"	"111"	""	""	""	""	""	""	""	""	""	""	""	"not_started"
"madoran-s6-sentno-0112"	"112"	""	""	""	""	""	""	""	""	""	""	""	"not_started"
"madoran-s6-sentno-0113"	"113"	""	""	""	""	""	""	""	""	""	""	""	"not_started"
"madoran-s6-sentno-0114"	"114"	""	""	""	""	""	""	""	""	""	""	""	"not_started"
"madoran-s6-sentno-0115"	"115"	""	""	""	""	""	""	""	""	""	""	""	"not_started"
"madoran-s6-sentno-0116"	"116"	""	""	""	""	""	""	""	""	""	""	""	"not_started"
"madoran-s6-sentno-0117"	"117"	""	""	""	""	""	""	""	""	""	""	""	"not_started"
"madoran-s6-sentno-0118"	"118"	""	""	""	""	""	""	""	""	""	""	""	"not_started"
"madoran-s6-sentno-0119"	"119"	""	""	""	""	""	""	""	""	""	""	""	"not_started"
"madoran-s6-sentno-0120"	"120"	""	""	""	""	""	""	""	""	""	""	""	"not_started"
"madoran-s6-sentno-0121"	"121"	""	""	""	""	""	""	""	""	""	""	""	"not_started"
"madoran-s6-sentno-0122"	"122"	""	""	""	""	""	""	""	""	""	""	""	"not_started"
"madoran-s6-sentno-0123"	"123"	""	""	""	""	""	""	""	""	""	""	""	"not_started"
"madoran-s6-sentno-0124"	"124"	""	""	""	""	""	""	""	""	""	""	""	"not_started"
"madoran-s6-sentno-0125"	"125"	""	""	""	""	""	""	""	""	""	""	""	"not_started"
"madoran-s6-sentno-0126"	"126"	""	""	""	""	""	""	""	""	""	""	""	"not_started"
"madoran-s6-sentno-0127"	"127"	""	""	""	""	""	""	""	""	""	""	""	"not_started"
"madoran-s6-sentno-0128"	"128"	""	""	""	""	""	""	""	""	""	""	""	"not_started"
"madoran-s6-sentno-0129"	"129"	""	""	""	""	""	""	""	""	""	""	""	"not_started"
"madoran-s6-sentno-0130"	"130"	""	""	""	""	""	""	""	""	""	""	""	"not_started"
"madoran-s6-sentno-0131"	"131"	""	""	""	""	""	""	""	""	""	""	""	"not_started"
"madoran-s6-sentno-0132"	"132"	""	""	""	""	""	""	""	""	""	""	""	"not_started"
"madoran-s6-sentno-0133"	"133"	""	""	""	""	""	""	""	""	""	""	""	"not_started"
"madoran-s6-sentno-0134"	"134"	""	""	""	""	""	""	""	""	""	""	""	"not_started"
"madoran-s6-sentno-0135"	"135"	""	""	""	""	""	""	""	""	""	""	""	"not_started"
"madoran-s6-sentno-0136"	"136"	""	""	""	""	""	""	""	""	""	""	""	"not_started"
"madoran-s6-sentno-0137"	"137"	""	""	""	""	""	""	""	""	""	""	""	"not_started"
"madoran-s6-sentno-0138"	"138"	""	""	""	""	""	""	""	""	""	""	""	"not_started"
"madoran-s6-sentno-0139"	"139"	""	""	""	""	""	""	""	""	""	""	""	"not_started"
"madoran-s6-sentno-0140"	"140"	""	""	""	""	""	""	""	""	""	""	""	"not_started"
"madoran-s6-sentno-0141"	"141"	""	""	""	""	""	""	""	""	""	""	""	"not_started"
"madoran-s6-sentno-0142"	"142"	""	""	""	""	""	""	""	""	""	""	""	"not_started"
"madoran-s6-sentno-0143"	"143"	""	""	""	""	""	""	""	""	""	""	""	"not_started"
"madoran-s6-sentno-0144"	"144"	""	""	""	""	""	""	""	""	""	""	""	"not_started"
"madoran-s6-sentno-0145"	"145"	""	""	""	""	""	""	""	""	""	""	""	"not_started"
"madoran-s6-sentno-0146"	"146"	""	""	""	""	""	""	""	""	""	""	""	"not_started"
"madoran-s6-sentno-0147"	"147"	""	""	""	""	""	""	""	""	""	""	""	"not_started"
"madoran-s6-sentno-0148"	"148"	""	""	""	""	""	""	""	""	""	""	""	"not_started"
"madoran-s6-sentno-0149"	"149"	""	""	""	""	""	""	""	""	""	""	""	"not_started"
"madoran-s6-sentno-0150"	"150"	""	""	""	""	""	""	""	""	""	""	""	"not_started"
"madoran-s6-sentno-0151"	"151"	""	""	""	""	""	""	""	""	""	""	""	"not_started"
"madoran-s6-sentno-0152"	"152"	""	""	""	""	""	""	""	""	""	""	""	"not_started"
"madoran-s6-sentno-0153"	"153"	""	""	""	""	""	""	""	""	""	""	""	"not_started"
"madoran-s6-sentno-0154"	"154"	""	""	""	""	""	""	""	""	""	""	""	"not_started"
"madoran-s6-sentno-0155"	"155"	""	""	""	""	""	""	""	""	""	""	""	"not_started"
"madoran-s6-sentno-0156"	"156"	""	""	""	""	""	""	""	""	""	""	""	"not_started"
"madoran-s6-sentno-0157"	"157"	""	""	""	""	""	""	""	""	""	""	""	"not_started"
"madoran-s6-sentno-0158"	"158"	""	""	""	""	""	""	""	""	""	""	""	"not_started"
"madoran-s6-sentno-0159"	"159"	""	""	""	""	""	""	""	""	""	""	""	"not_started"
"madoran-s6-sentno-0160"	"160"	""	""	""	""	""	""	""	""	""	""	""	"not_started"
"madoran-s6-sentno-0161"	"161"	""	""	""	""	""	""	""	""	""	""	""	"not_started"
"madoran-s6-sentno-0162"	"162"	""	""	""	""	""	""	""	""	""	""	""	"not_started"
"madoran-s6-sentno-0163"	"163"	""	""	""	""	""	""	""	""	""	""	""	"not_started"
"madoran-s6-sentno-0164"	"164"	""	""	""	""	""	""	""	""	""	""	""	"not_started"
"madoran-s6-sentno-0165"	"165"	""	""	""	""	""	""	""	""	""	""	""	"not_started"
"madoran-s6-sentno-0166"	"166"	""	""	""	""	""	""	""	""	""	""	""	"not_started"
"madoran-s6-sentno-0167"	"167"	""	""	""	""	""	""	""	""	""	""	""	"not_started"
"madoran-s6-sentno-0168"	"168"	""	""	""	""	""	""	""	""	""	""	""	"not_started"
"madoran-s6-sentno-0169"	"169"	""	""	""	""	""	""	""	""	""	""	""	"not_started"
"madoran-s6-sentno-0170"	"170"	""	""	""	""	""	""	""	""	""	""	""	"not_started"
"madoran-s6-sentno-0171"	"171"	""	""	""	""	""	""	""	""	""	""	""	"not_started"
"madoran-s6-sentno-0172"	"172"	""	""	""	""	""	""	""	""	""	""	""	"not_started"
"madoran-s6-sentno-0173"	"173"	""	""	""	""	""	""	""	""	""	""	""	"not_started"
"madoran-s6-sentno-0174"	"174"	""	""	""	""	""	""	""	""	""	""	""	"not_started"
"madoran-s6-sentno-0175"	"175"	""	""	""	""	""	""	""	""	""	""	""	"not_started"
"madoran-s6-sentno-0176"	"176"	""	""	""	""	""	""	""	""	""	""	""	"not_started"
"madoran-s6-sentno-0177"	"177"	""	""	""	""	""	""	""	""	""	""	""	"not_started"
"madoran-s6-sentno-0178"	"178"	""	""	""	""	""	""	""	""	""	""	""	"not_started"
"madoran-s6-sentno-0179"	"179"	""	""	""	""	""	""	""	""	""	""	""	"not_started"
"madoran-s6-sentno-0180"	"180"	""	""	""	""	""	""	""	""	""	""	""	"not_started"
"madoran-s6-sentno-0181"	"181"	""	""	""	""	""	""	""	""	""	""	""	"not_started"
"madoran-s6-sentno-0182"	"182"	""	""	""	""	""	""	""	""	""	""	""	"not_started"
"madoran-s6-sentno-0183"	"183"	""	""	""	""	""	""	""	""	""	""	""	"not_started"
"madoran-s6-sentno-0184"	"184"	""	""	""	""	""	""	""	""	""	""	""	"not_started"
"madoran-s6-sentno-0185"	"185"	""	""	""	""	""	""	""	""	""	""	""	"not_started"
"madoran-s6-sentno-0186"	"186"	""	""	""	""	""	""	""	""	""	""	""	"not_started"
"madoran-s6-sentno-0187"	"187"	""	""	""	""	""	""	""	""	""	""	""	"not_started"
"madoran-s6-sentno-0188"	"188"	""	""	""	""	""	""	""	""	""	""	""	"not_started"
"madoran-s6-sentno-0189"	"189"	""	""	""	""	""	""	""	""	""	""	""	"not_started"
"madoran-s6-sentno-0190"	"190"	""	""	""	""	""	""	""	""	""	""	""	"not_started"
"madoran-s6-sentno-0191"	"191"	""	""	""	""	""	""	""	""	""	""	""	"not_started"
"madoran-s6-sentno-0192"	"192"	""	""	""	""	""	""	""	""	""	""	""	"not_started"
"madoran-s6-sentno-0193"	"193"	""	""	""	""	""	""	""	""	""	""	""	"not_started"
"madoran-s6-sentno-0194"	"194"	""	""	""	""	""	""	""	""	""	""	""	"not_started"
"madoran-s6-sentno-0195"	"195"	""	""	""	""	""	""	""	""	""	""	""	"not_started"
"madoran-s6-sentno-0196"	"196"	""	""	""	""	""	""	""	""	""	""	""	"not_started"
"madoran-s6-sentno-0197"	"197"	""	""	""	""	""	""	""	""	""	""	""	"not_started"
"madoran-s6-sentno-0198"	"198"	""	""	""	""	""	""	""	""	""	""	""	"not_started"
"madoran-s6-sentno-0199"	"199"	""	""	""	""	""	""	""	""	""	""	""	"not_started"
"madoran-s6-sentno-0200"	"200"	""	""	""	""	""	""	""	""	""	""	""	"not_started"
"madoran-s6-sentno-0201"	"201"	""	""	""	""	""	""	""	""	""	""	""	"not_started"
"madoran-s6-sentno-0202"	"202"	""	""	""	""	""	""	""	""	""	""	""	"not_started"
"madoran-s6-sentno-0203"	"203"	""	""	""	""	""	""	""	""	""	""	""	"not_started"
"madoran-s6-sentno-0204"	"204"	""	""	""	""	""	""	""	""	""	""	""	"not_started"
"madoran-s6-sentno-0205"	"205"	""	""	""	""	""	""	""	""	""	""	""	"not_started"
"madoran-s6-sentno-0206"	"206"	""	""	""	""	""	""	""	""	""	""	""	"not_started"
"madoran-s6-sentno-0207"	"207"	""	""	""	""	""	""	""	""	""	""	""	"not_started"
"madoran-s6-sentno-0208"	"208"	""	""	""	""	""	""	""	""	""	""	""	"not_started"
"madoran-s6-sentno-0209"	"209"	""	""	""	""	""	""	""	""	""	""	""	"not_started"
"madoran-s6-sentno-0210"	"210"	""	""	""	""	""	""	""	""	""	""	""	"not_started"
"madoran-s6-sentno-0211"	"211"	""	""	""	""	""	""	""	""	""	""	""	"not_started"
"madoran-s6-sentno-0212"	"212"	""	""	""	""	""	""	""	""	""	""	""	"not_started"
"madoran-s6-sentno-0213"	"213"	""	""	""	""	""	""	""	""	""	""	""	"not_started"
"madoran-s6-sentno-0214"	"214"	""	""	""	""	""	""	""	""	""	""	""	"not_started"
"madoran-s6-sentno-0215"	"215"	""	""	""	""	""	""	""	""	""	""	""	"not_started"
"madoran-s6-sentno-0216"	"216"	""	""	""	""	""	""	""	""	""	""	""	"not_started"
"madoran-s6-sentno-0217"	"217"	""	""	""	""	""	""	""	""	""	""	""	"not_started"
"madoran-s6-sentno-0218"	"218"	""	""	""	""	""	""	""	""	""	""	""	"not_started"
"madoran-s6-sentno-0219"	"219"	""	""	""	""	""	""	""	""	""	""	""	"not_started"
"madoran-s6-sentno-0220"	"220"	""	""	""	""	""	""	""	""	""	""	""	"not_started"
"madoran-s6-sentno-0221"	"221"	""	""	""	""	""	""	""	""	""	""	""	"not_started"
"madoran-s6-sentno-0222"	"222"	""	""	""	""	""	""	""	""	""	""	""	"not_started"
"madoran-s6-sentno-0223"	"223"	""	""	""	""	""	""	""	""	""	""	""	"not_started"
"madoran-s6-sentno-0224"	"224"	""	""	""	""	""	""	""	""	""	""	""	"not_started"
"madoran-s6-sentno-0225"	"225"	""	""	""	""	""	""	""	""	""	""	""	"not_started"
"madoran-s6-sentno-0226"	"226"	""	""	""	""	""	""	""	""	""	""	""	"not_started"
"madoran-s6-sentno-0227"	"227"	""	""	""	""	""	""	""	""	""	""	""	"not_started"
"madoran-s6-sentno-0228"	"228"	""	""	""	""	""	""	""	""	""	""	""	"not_started"
"madoran-s6-sentno-0229"	"229"	""	""	""	""	""	""	""	""	""	""	""	"not_started"
"madoran-s6-sentno-0230"	"230"	""	""	""	""	""	""	""	""	""	""	""	"not_started"
"madoran-s6-sentno-0231"	"231"	""	""	""	""	""	""	""	""	""	""	""	"not_started"
"madoran-s6-sentno-0232"	"232"	""	""	""	""	""	""	""	""	""	""	""	"not_started"
"madoran-s6-sentno-0233"	"233"	""	""	""	""	""	""	""	""	""	""	""	"not_started"
"madoran-s6-sentno-0234"	"234"	""	""	""	""	""	""	""	""	""	""	""	"not_started"
"madoran-s6-sentno-0235"	"235"	""	""	""	""	""	""	""	""	""	""	""	"not_started"
"madoran-s6-sentno-0236"	"236"	""	""	""	""	""	""	""	""	""	""	""	"not_started"
"madoran-s6-sentno-0237"	"237"	""	""	""	""	""	""	""	""	""	""	""	"not_started"
"madoran-s6-sentno-0238"	"238"	""	""	""	""	""	""	""	""	""	""	""	"not_started"
"madoran-s6-sentno-0239"	"239"	""	""	""	""	""	""	""	""	""	""	""	"not_started"
"madoran-s6-sentno-0240"	"240"	""	""	""	""	""	""	""	""	""	""	""	"not_started"
"madoran-s6-sentno-0241"	"241"	""	""	""	""	""	""	""	""	""	""	""	"not_started"
"madoran-s6-sentno-0242"	"242"	""	""	""	""	""	""	""	""	""	""	""	"not_started"
"madoran-s6-sentno-0243"	"243"	""	""	""	""	""	""	""	""	""	""	""	"not_started"
"madoran-s6-sentno-0244"	"244"	""	""	""	""	""	""	""	""	""	""	""	"not_started"
"madoran-s6-sentno-0245"	"245"	""	""	""	""	""	""	""	""	""	""	""	"not_started"
"madoran-s6-sentno-0246"	"246"	""	""	""	""	""	""	""	""	""	""	""	"not_started"
"madoran-s6-sentno-0247"	"247"	""	""	""	""	""	""	""	""	""	""	""	"not_started"
"madoran-s6-sentno-0248"	"248"	""	""	""	""	""	""	""	""	""	""	""	"not_started"
"madoran-s6-sentno-0249"	"249"	""	""	""	""	""	""	""	""	""	""	""	"not_started"
"madoran-s6-sentno-0250"	"250"	""	""	""	""	""	""	""	""	""	""	""	"not_started"
"madoran-s6-sentno-0251"	"251"	""	""	""	""	""	""	""	""	""	""	""	"not_started"
"madoran-s6-sentno-0252"	"252"	""	""	""	""	""	""	""	""	""	""	""	"not_started"
"madoran-s6-sentno-0253"	"253"	""	""	""	""	""	""	""	""	""	""	""	"not_started"
"madoran-s6-sentno-0254"	"254"	""	""	""	""	""	""	""	""	""	""	""	"not_started"
"madoran-s6-sentno-0255"	"255"	""	""	""	""	""	""	""	""	""	""	""	"not_started"
"madoran-s6-sentno-0256"	"256"	""	""	""	""	""	""	""	""	""	""	""	"not_started"
"madoran-s6-sentno-0257"	"257"	""	""	""	""	""	""	""	""	""	""	""	"not_started"
"madoran-s6-sentno-0258"	"258"	""	""	""	""	""	""	""	""	""	""	""	"not_started"
"madoran-s6-sentno-0259"	"259"	""	""	""	""	""	""	""	""	""	""	""	"not_started"
"madoran-s6-sentno-0260"	"260"	""	""	""	""	""	""	""	""	""	""	""	"not_started"
"madoran-s6-sentno-0261"	"261"	""	""	""	""	""	""	""	""	""	""	""	"not_started"
"madoran-s6-sentno-0262"	"262"	""	""	""	""	""	""	""	""	""	""	""	"not_started"
"madoran-s6-sentno-0263"	"263"	""	""	""	""	""	""	""	""	""	""	""	"not_started"
"madoran-s6-sentno-0264"	"264"	""	""	""	""	""	""	""	""	""	""	""	"not_started"
"madoran-s6-sentno-0265"	"265"	""	""	""	""	""	""	""	""	""	""	""	"not_started"
"madoran-s6-sentno-0266"	"266"	""	""	""	""	""	""	""	""	""	""	""	"not_started"
"madoran-s6-sentno-0267"	"267"	""	""	""	""	""	""	""	""	""	""	""	"not_started"
"madoran-s6-sentno-0268"	"268"	""	""	""	""	""	""	""	""	""	""	""	"not_started"
"madoran-s6-sentno-0269"	"269"	""	""	""	""	""	""	""	""	""	""	""	"not_started"
"madoran-s6-sentno-0270"	"270"	""	""	""	""	""	""	""	""	""	""	""	"not_started"
"madoran-s6-sentno-0271"	"271"	""	""	""	""	""	""	""	""	""	""	""	"not_started"
"madoran-s6-sentno-0272"	"272"	""	""	""	""	""	""	""	""	""	""	""	"not_started"
"madoran-s6-sentno-0273"	"273"	""	""	""	""	""	""	""	""	""	""	""	"not_started"
"madoran-s6-sentno-0274"	"274"	""	""	""	""	""	""	""	""	""	""	""	"not_started"
"madoran-s6-sentno-0275"	"275"	""	""	""	""	""	""	""	""	""	""	""	"not_started"
"madoran-s6-sentno-0276"	"276"	""	""	""	""	""	""	""	""	""	""	""	"not_started"
"madoran-s6-sentno-0277"	"277"	""	""	""	""	""	""	""	""	""	""	""	"not_started"
"madoran-s6-sentno-0278"	"278"	""	""	""	""	""	""	""	""	""	""	""	"not_started"
"madoran-s6-sentno-0279"	"279"	""	""	""	""	""	""	""	""	""	""	""	"not_started"
"madoran-s6-sentno-0280"	"280"	""	""	""	""	""	""	""	""	""	""	""	"not_started"
"madoran-s6-sentno-0281"	"281"	""	""	""	""	""	""	""	""	""	""	""	"not_started"
"madoran-s6-sentno-0282"	"282"	""	""	""	""	""	""	""	""	""	""	""	"not_started"
"madoran-s6-sentno-0283"	"283"	""	""	""	""	""	""	""	""	""	""	""	"not_started"
"madoran-s6-sentno-0284"	"284"	""	""	""	""	""	""	""	""	""	""	""	"not_started"
"madoran-s6-sentno-0285"	"285"	""	""	""	""	""	""	""	""	""	""	""	"not_started"
"madoran-s6-sentno-0286"	"286"	""	""	""	""	""	""	""	""	""	""	""	"not_started"
"madoran-s6-sentno-0287"	"287"	""	""	""	""	""	""	""	""	""	""	""	"not_started"
"madoran-s6-sentno-0288"	"288"	""	""	""	""	""	""	""	""	""	""	""	"not_started"
"madoran-s6-sentno-0289"	"289"	""	""	""	""	""	""	""	""	""	""	""	"not_started"
"madoran-s6-sentno-0290"	"290"	""	""	""	""	""	""	""	""	""	""	""	"not_started"
"madoran-s6-sentno-0291"	"291"	""	""	""	""	""	""	""	""	""	""	""	"not_started"
"madoran-s6-sentno-0292"	"292"	""	""	""	""	""	""	""	""	""	""	""	"not_started"
"madoran-s6-sentno-0293"	"293"	""	""	""	""	""	""	""	""	""	""	""	"not_started"
"madoran-s6-sentno-0294"	"294"	""	""	""	""	""	""	""	""	""	""	""	"not_started"
"madoran-s6-sentno-0295"	"295"	""	""	""	""	""	""	""	""	""	""	""	"not_started"
"madoran-s6-sentno-0296"	"296"	""	""	""	""	""	""	""	""	""	""	""	"not_started"
"madoran-s6-sentno-0297"	"297"	""	""	""	""	""	""	""	""	""	""	""	"not_started"
"madoran-s6-sentno-0298"	"298"	""	""	""	""	""	""	""	""	""	""	""	"not_started"
"madoran-s6-sentno-0299"	"299"	""	""	""	""	""	""	""	""	""	""	""	"not_started"
"madoran-s6-sentno-0300"	"300"	""	""	""	""	""	""	""	""	""	""	""	"not_started"
"madoran-s6-sentno-0301"	"301"	""	""	""	""	""	""	""	""	""	""	""	"not_started"
"madoran-s6-sentno-0302"	"302"	""	""	""	""	""	""	""	""	""	""	""	"not_started"
"madoran-s6-sentno-0303"	"303"	""	""	""	""	""	""	""	""	""	""	""	"not_started"
"madoran-s6-sentno-0304"	"304"	""	""	""	""	""	""	""	""	""	""	""	"not_started"
"madoran-s6-sentno-0305"	"305"	""	""	""	""	""	""	""	""	""	""	""	"not_started"
"madoran-s6-sentno-0306"	"306"	""	""	""	""	""	""	""	""	""	""	""	"not_started"
"madoran-s6-sentno-0307"	"307"	""	""	""	""	""	""	""	""	""	""	""	"not_started"
"madoran-s6-sentno-0308"	"308"	""	""	""	""	""	""	""	""	""	""	""	"not_started"
"madoran-s6-sentno-0309"	"309"	""	""	""	""	""	""	""	""	""	""	""	"not_started"
"madoran-s6-sentno-0310"	"310"	""	""	""	""	""	""	""	""	""	""	""	"not_started"
"madoran-s6-sentno-0311"	"311"	""	""	""	""	""	""	""	""	""	""	""	"not_started"
"madoran-s6-sentno-0312"	"312"	""	""	""	""	""	""	""	""	""	""	""	"not_started"
"madoran-s6-sentno-0313"	"313"	""	""	""	""	""	""	""	""	""	""	""	"not_started"
"madoran-s6-sentno-0314"	"314"	""	""	""	""	""	""	""	""	""	""	""	"not_started"
"madoran-s6-sentno-0315"	"315"	""	""	""	""	""	""	""	""	""	""	""	"not_started"
"madoran-s6-sentno-0316"	"316"	""	""	""	""	""	""	""	""	""	""	""	"not_started"
"madoran-s6-sentno-0317"	"317"	""	""	""	""	""	""	""	""	""	""	""	"not_started"
"madoran-s6-sentno-0318"	"318"	""	""	""	""	""	""	""	""	""	""	""	"not_started"
"madoran-s6-sentno-0319"	"319"	""	""	""	""	""	""	""	""	""	""	""	"not_started"
"madoran-s6-sentno-0320"	"320"	""	""	""	""	""	""	""	""	""	""	""	"not_started"
"madoran-s6-sentno-0321"	"321"	""	""	""	""	""	""	""	""	""	""	""	"not_started"
"madoran-s6-sentno-0322"	"322"	""	""	""	""	""	""	""	""	""	""	""	"not_started"
"madoran-s6-sentno-0323"	"323"	""	""	""	""	""	""	""	""	""	""	""	"not_started"
"madoran-s6-sentno-0324"	"324"	""	""	""	""	""	""	""	""	""	""	""	"not_started"
"madoran-s6-sentno-0325"	"325"	""	""	""	""	""	""	""	""	""	""	""	"not_started"
"madoran-s6-sentno-0326"	"326"	""	""	""	""	""	""	""	""	""	""	""	"not_started"
"madoran-s6-sentno-0327"	"327"	""	""	""	""	""	""	""	""	""	""	""	"not_started"
"madoran-s6-sentno-0328"	"328"	""	""	""	""	""	""	""	""	""	""	""	"not_started"
"madoran-s6-sentno-0329"	"329"	""	""	""	""	""	""	""	""	""	""	""	"not_started"
"madoran-s6-sentno-0330"	"330"	""	""	""	""	""	""	""	""	""	""	""	"not_started"
"madoran-s6-sentno-0331"	"331"	""	""	""	""	""	""	""	""	""	""	""	"not_started"
"madoran-s6-sentno-0332"	"332"	""	""	""	""	""	""	""	""	""	""	""	"not_started"
"madoran-s6-sentno-0333"	"333"	""	""	""	""	""	""	""	""	""	""	""	"not_started"
"madoran-s6-sentno-0334"	"334"	""	""	""	""	""	""	""	""	""	""	""	"not_started"
"madoran-s6-sentno-0335"	"335"	""	""	""	""	""	""	""	""	""	""	""	"not_started"
"madoran-s6-sentno-0336"	"336"	""	""	""	""	""	""	""	""	""	""	""	"not_started"
"madoran-s6-sentno-0337"	"337"	""	""	""	""	""	""	""	""	""	""	""	"not_started"
"madoran-s6-sentno-0338"	"338"	""	""	""	""	""	""	""	""	""	""	""	"not_started"
"madoran-s6-sentno-0339"	"339"	""	""	""	""	""	""	""	""	""	""	""	"not_started"
"madoran-s6-sentno-0340"	"340"	""	""	""	""	""	""	""	""	""	""	""	"not_started"
"madoran-s6-sentno-0341"	"341"	""	""	""	""	""	""	""	""	""	""	""	"not_started"
"madoran-s6-sentno-0342"	"342"	""	""	""	""	""	""	""	""	""	""	""	"not_started"
"madoran-s6-sentno-0343"	"343"	""	""	""	""	""	""	""	""	""	""	""	"not_started"
"madoran-s6-sentno-0344"	"344"	""	""	""	""	""	""	""	""	""	""	""	"not_started"
"madoran-s6-sentno-0345"	"345"	""	""	""	""	""	""	""	""	""	""	""	"not_started"
"madoran-s6-sentno-0346"	"346"	""	""	""	""	""	""	""	""	""	""	""	"not_started"
"madoran-s6-sentno-0347"	"347"	""	""	""	""	""	""	""	""	""	""	""	"not_started"
"madoran-s6-sentno-0348"	"348"	""	""	""	""	""	""	""	""	""	""	""	"not_started"
"madoran-s6-sentno-0349"	"349"	""	""	""	""	""	""	""	""	""	""	""	"not_started"
"madoran-s6-sentno-0350"	"350"	""	""	""	""	""	""	""	""	""	""	""	"not_started"
"madoran-s6-sentno-0351"	"351"	""	""	""	""	""	""	""	""	""	""	""	"not_started"
"madoran-s6-sentno-0352"	"352"	""	""	""	""	""	""	""	""	""	""	""	"not_started"
"madoran-s6-sentno-0353"	"353"	""	""	""	""	""	""	""	""	""	""	""	"not_started"
"madoran-s6-sentno-0354"	"354"	""	""	""	""	""	""	""	""	""	""	""	"not_started"
"madoran-s6-sentno-0355"	"355"	""	""	""	""	""	""	""	""	""	""	""	"not_started"
"madoran-s6-sentno-0356"	"356"	""	""	""	""	""	""	""	""	""	""	""	"not_started"
"madoran-s6-sentno-0357"	"357"	""	""	""	""	""	""	""	""	""	""	""	"not_started"
"madoran-s6-sentno-0358"	"358"	""	""	""	""	""	""	""	""	""	""	""	"not_started"
"madoran-s6-sentno-0359"	"359"	""	""	""	""	""	""	""	""	""	""	""	"not_started"
"madoran-s6-sentno-0360"	"360"	""	""	""	""	""	""	""	""	""	""	""	"not_started"
"madoran-s6-sentno-0361"	"361"	""	""	""	""	""	""	""	""	""	""	""	"not_started"
"madoran-s6-sentno-0362"	"362"	""	""	""	""	""	""	""	""	""	""	""	"not_started"
"madoran-s6-sentno-0363"	"363"	""	""	""	""	""	""	""	""	""	""	""	"not_started"
"madoran-s6-sentno-0364"	"364"	""	""	""	""	""	""	""	""	""	""	""	"not_started"
"madoran-s6-sentno-0365"	"365"	""	""	""	""	""	""	""	""	""	""	""	"not_started"
"madoran-s6-sentno-0366"	"366"	""	""	""	""	""	""	""	""	""	""	""	"not_started"
"madoran-s6-sentno-0367"	"367"	""	""	""	""	""	""	""	""	""	""	""	"not_started"
"madoran-s6-sentno-0368"	"368"	""	""	""	""	""	""	""	""	""	""	""	"not_started"
"madoran-s6-sentno-0369"	"369"	""	""	""	""	""	""	""	""	""	""	""	"not_started"
"madoran-s6-sentno-0370"	"370"	""	""	""	""	""	""	""	""	""	""	""	"not_started"
"madoran-s6-sentno-0371"	"371"	""	""	""	""	""	""	""	""	""	""	""	"not_started"
"madoran-s6-sentno-0372"	"372"	""	""	""	""	""	""	""	""	""	""	""	"not_started"
"madoran-s6-sentno-0373"	"373"	""	""	""	""	""	""	""	""	""	""	""	"not_started"
"madoran-s6-sentno-0374"	"374"	""	""	""	""	""	""	""	""	""	""	""	"not_started"
"madoran-s6-sentno-0375"	"375"	""	""	""	""	""	""	""	""	""	""	""	"not_started"
"madoran-s6-sentno-0376"	"376"	""	""	""	""	""	""	""	""	""	""	""	"not_started"
"madoran-s6-sentno-0377"	"377"	""	""	""	""	""	""	""	""	""	""	""	"not_started"
"madoran-s6-sentno-0378"	"378"	""	""	""	""	""	""	""	""	""	""	""	"not_started"
"madoran-s6-sentno-0379"	"379"	""	""	""	""	""	""	""	""	""	""	""	"not_started"
"madoran-s6-sentno-0380"	"380"	""	""	""	""	""	""	""	""	""	""	""	"not_started"
"madoran-s6-sentno-0381"	"381"	""	""	""	""	""	""	""	""	""	""	""	"not_started"
"madoran-s6-sentno-0382"	"382"	""	""	""	""	""	""	""	""	""	""	""	"not_started"
"madoran-s6-sentno-0383"	"383"	""	""	""	""	""	""	""	""	""	""	""	"not_started"
"madoran-s6-sentno-0384"	"384"	""	""	""	""	""	""	""	""	""	""	""	"not_started"
"madoran-s6-sentno-0385"	"385"	""	""	""	""	""	""	""	""	""	""	""	"not_started"
"madoran-s6-sentno-0386"	"386"	""	""	""	""	""	""	""	""	""	""	""	"not_started"
"madoran-s6-sentno-0387"	"387"	""	""	""	""	""	""	""	""	""	""	""	"not_started"
"madoran-s6-sentno-0388"	"388"	""	""	""	""	""	""	""	""	""	""	""	"not_started"
"madoran-s6-sentno-0389"	"389"	""	""	""	""	""	""	""	""	""	""	""	"not_started"
"madoran-s6-sentno-0390"	"390"	""	""	""	""	""	""	""	""	""	""	""	"not_started"
"madoran-s6-sentno-0391"	"391"	""	""	""	""	""	""	""	""	""	""	""	"not_started"
"madoran-s6-sentno-0392"	"392"	""	""	""	""	""	""	""	""	""	""	""	"not_started"
"madoran-s6-sentno-0393"	"393"	""	""	""	""	""	""	""	""	""	""	""	"not_started"
"madoran-s6-sentno-0394"	"394"	""	""	""	""	""	""	""	""	""	""	""	"not_started"
"madoran-s6-sentno-0395"	"395"	""	""	""	""	""	""	""	""	""	""	""	"not_started"
"madoran-s6-sentno-0396"	"396"	""	""	""	""	""	""	""	""	""	""	""	"not_started"
"madoran-s6-sentno-0397"	"397"	""	""	""	""	""	""	""	""	""	""	""	"not_started"
"madoran-s6-sentno-0398"	"398"	""	""	""	""	""	""	""	""	""	""	""	"not_started"
"madoran-s6-sentno-0399"	"399"	""	""	""	""	""	""	""	""	""	""	""	"not_started"
"madoran-s6-sentno-0400"	"400"	""	""	""	""	""	""	""	""	""	""	""	"not_started"
"madoran-s6-sentno-0401"	"401"	""	""	""	""	""	""	""	""	""	""	""	"not_started"
"madoran-s6-sentno-0402"	"402"	""	""	""	""	""	""	""	""	""	""	""	"not_started"
"madoran-s6-sentno-0403"	"403"	""	""	""	""	""	""	""	""	""	""	""	"not_started"
"madoran-s6-sentno-0404"	"404"	""	""	""	""	""	""	""	""	""	""	""	"not_started"
"madoran-s6-sentno-0405"	"405"	""	""	""	""	""	""	""	""	""	""	""	"not_started"
"madoran-s6-sentno-0406"	"406"	""	""	""	""	""	""	""	""	""	""	""	"not_started"
"madoran-s6-sentno-0407"	"407"	""	""	""	""	""	""	""	""	""	""	""	"not_started"
"madoran-s6-sentno-0408"	"408"	""	""	""	""	""	""	""	""	""	""	""	"not_started"
"madoran-s6-sentno-0409"	"409"	""	""	""	""	""	""	""	""	""	""	""	"not_started"
"madoran-s6-sentno-0410"	"410"	""	""	""	""	""	""	""	""	""	""	""	"not_started"
"madoran-s6-sentno-0411"	"411"	""	""	""	""	""	""	""	""	""	""	""	"not_started"
"madoran-s6-sentno-0412"	"412"	""	""	""	""	""	""	""	""	""	""	""	"not_started"
"madoran-s6-sentno-0413"	"413"	""	""	""	""	""	""	""	""	""	""	""	"not_started"
"madoran-s6-sentno-0414"	"414"	""	""	""	""	""	""	""	""	""	""	""	"not_started"
"madoran-s6-sentno-0415"	"415"	""	""	""	""	""	""	""	""	""	""	""	"not_started"
"madoran-s6-sentno-0416"	"416"	""	""	""	""	""	""	""	""	""	""	""	"not_started"
"madoran-s6-sentno-0417"	"417"	""	""	""	""	""	""	""	""	""	""	""	"not_started"
"madoran-s6-sentno-0418"	"418"	""	""	""	""	""	""	""	""	""	""	""	"not_started"
"madoran-s6-sentno-0419"	"419"	""	""	""	""	""	""	""	""	""	""	""	"not_started"
"madoran-s6-sentno-0420"	"420"	""	""	""	""	""	""	""	""	""	""	""	"not_started"
"madoran-s6-sentno-0421"	"421"	""	""	""	""	""	""	""	""	""	""	""	"not_started"
"madoran-s6-sentno-0422"	"422"	""	""	""	""	""	""	""	""	""	""	""	"not_started"
"madoran-s6-sentno-0423"	"423"	""	""	""	""	""	""	""	""	""	""	""	"not_started"
"madoran-s6-sentno-0424"	"424"	""	""	""	""	""	""	""	""	""	""	""	"not_started"
"madoran-s6-sentno-0425"	"425"	""	""	""	""	""	""	""	""	""	""	""	"not_started"
"madoran-s6-sentno-0426"	"426"	""	""	""	""	""	""	""	""	""	""	""	"not_started"
"madoran-s6-sentno-0427"	"427"	""	""	""	""	""	""	""	""	""	""	""	"not_started"
"madoran-s6-sentno-0428"	"428"	""	""	""	""	""	""	""	""	""	""	""	"not_started"
"madoran-s6-sentno-0429"	"429"	""	""	""	""	""	""	""	""	""	""	""	"not_started"
"madoran-s6-sentno-0430"	"430"	""	""	""	""	""	""	""	""	""	""	""	"not_started"
"madoran-s6-sentno-0431"	"431"	""	""	""	""	""	""	""	""	""	""	""	"not_started"
"madoran-s6-sentno-0432"	"432"	""	""	""	""	""	""	""	""	""	""	""	"not_started"
"madoran-s6-sentno-0433"	"433"	""	""	""	""	""	""	""	""	""	""	""	"not_started"
"madoran-s6-sentno-0434"	"434"	""	""	""	""	""	""	""	""	""	""	""	"not_started"
"madoran-s6-sentno-0435"	"435"	""	""	""	""	""	""	""	""	""	""	""	"not_started"
"madoran-s6-sentno-0436"	"436"	""	""	""	""	""	""	""	""	""	""	""	"not_started"
"madoran-s6-sentno-0437"	"437"	""	""	""	""	""	""	""	""	""	""	""	"not_started"
"madoran-s6-sentno-0438"	"438"	""	""	""	""	""	""	""	""	""	""	""	"not_started"
"madoran-s6-sentno-0439"	"439"	""	""	""	""	""	""	""	""	""	""	""	"not_started"
"madoran-s6-sentno-0440"	"440"	""	""	""	""	""	""	""	""	""	""	""	"not_started"
"madoran-s6-sentno-0441"	"441"	""	""	""	""	""	""	""	""	""	""	""	"not_started"
"madoran-s6-sentno-0442"	"442"	""	""	""	""	""	""	""	""	""	""	""	"not_started"
"madoran-s6-sentno-0443"	"443"	""	""	""	""	""	""	""	""	""	""	""	"not_started"
"madoran-s6-sentno-0444"	"444"	""	""	""	""	""	""	""	""	""	""	""	"not_started"
"madoran-s6-sentno-0445"	"445"	""	""	""	""	""	""	""	""	""	""	""	"not_started"
"madoran-s6-sentno-0446"	"446"	""	""	""	""	""	""	""	""	""	""	""	"not_started"
"madoran-s6-sentno-0447"	"447"	""	""	""	""	""	""	""	""	""	""	""	"not_started"
"madoran-s6-sentno-0448"	"448"	""	""	""	""	""	""	""	""	""	""	""	"not_started"
"madoran-s6-sentno-0449"	"449"	""	""	""	""	""	""	""	""	""	""	""	"not_started"
"madoran-s6-sentno-0450"	"450"	""	""	""	""	""	""	""	""	""	""	""	"not_started"
"madoran-s6-sentno-0451"	"451"	""	""	""	""	""	""	""	""	""	""	""	"not_started"
"madoran-s6-sentno-0452"	"452"	""	""	""	""	""	""	""	""	""	""	""	"not_started"
"madoran-s6-sentno-0453"	"453"	""	""	""	""	""	""	""	""	""	""	""	"not_started"
"madoran-s6-sentno-0454"	"454"	""	""	""	""	""	""	""	""	""	""	""	"not_started"
"madoran-s6-sentno-0455"	"455"	""	""	""	""	""	""	""	""	""	""	""	"not_started"
"madoran-s6-sentno-0456"	"456"	""	""	""	""	""	""	""	""	""	""	""	"not_started"
"madoran-s6-sentno-0457"	"457"	""	""	""	""	""	""	""	""	""	""	""	"not_started"
"madoran-s6-sentno-0458"	"458"	""	""	""	""	""	""	""	""	""	""	""	"not_started"
"madoran-s6-sentno-0459"	"459"	""	""	""	""	""	""	""	""	""	""	""	"not_started"
"madoran-s6-sentno-0460"	"460"	""	""	""	""	""	""	""	""	""	""	""	"not_started"
"madoran-s6-sentno-0461"	"461"	""	""	""	""	""	""	""	""	""	""	""	"not_started"
"madoran-s6-sentno-0462"	"462"	""	""	""	""	""	""	""	""	""	""	""	"not_started"
"madoran-s6-sentno-0463"	"463"	""	""	""	""	""	""	""	""	""	""	""	"not_started"
"madoran-s6-sentno-0464"	"464"	""	""	""	""	""	""	""	""	""	""	""	"not_started"
"madoran-s6-sentno-0465"	"465"	""	""	""	""	""	""	""	""	""	""	""	"not_started"
"madoran-s6-sentno-0466"	"466"	""	""	""	""	""	""	""	""	""	""	""	"not_started"
"madoran-s6-sentno-0467"	"467"	""	""	""	""	""	""	""	""	""	""	""	"not_started"
"madoran-s6-sentno-0468"	"468"	""	""	""	""	""	""	""	""	""	""	""	"not_started"
"madoran-s6-sentno-0469"	"469"	""	""	""	""	""	""	""	""	""	""	""	"not_started"
"madoran-s6-sentno-0470"	"470"	""	""	""	""	""	""	""	""	""	""	""	"not_started"
"madoran-s6-sentno-0471"	"471"	""	""	""	""	""	""	""	""	""	""	""	"not_started"
"madoran-s6-sentno-0472"	"472"	""	""	""	""	""	""	""	""	""	""	""	"not_started"
"madoran-s6-sentno-0473"	"473"	""	""	""	""	""	""	""	""	""	""	""	"not_started"
"madoran-s6-sentno-0474"	"474"	""	""	""	""	""	""	""	""	""	""	""	"not_started"
"madoran-s6-sentno-0475"	"475"	""	""	""	""	""	""	""	""	""	""	""	"not_started"
"madoran-s6-sentno-0476"	"476"	""	""	""	""	""	""	""	""	""	""	""	"not_started"
"madoran-s6-sentno-0477"	"477"	""	""	""	""	""	""	""	""	""	""	""	"not_started"
"madoran-s6-sentno-0478"	"478"	""	""	""	""	""	""	""	""	""	""	""	"not_started"
"madoran-s6-sentno-0479"	"479"	""	""	""	""	""	""	""	""	""	""	""	"not_started"
"madoran-s6-sentno-0480"	"480"	""	""	""	""	""	""	""	""	""	""	""	"not_started"
"madoran-s6-sentno-0481"	"481"	""	""	""	""	""	""	""	""	""	""	""	"not_started"
"madoran-s6-sentno-0482"	"482"	""	""	""	""	""	""	""	""	""	""	""	"not_started"
"madoran-s6-sentno-0483"	"483"	""	""	""	""	""	""	""	""	""	""	""	"not_started"
"madoran-s6-sentno-0484"	"484"	""	""	""	""	""	""	""	""	""	""	""	"not_started"
"madoran-s6-sentno-0485"	"485"	""	""	""	""	""	""	""	""	""	""	""	"not_started"
"madoran-s6-sentno-0486"	"486"	""	""	""	""	""	""	""	""	""	""	""	"not_started"
"madoran-s6-sentno-0487"	"487"	""	""	""	""	""	""	""	""	""	""	""	"not_started"
"madoran-s6-sentno-0488"	"488"	""	""	""	""	""	""	""	""	""	""	""	"not_started"
"madoran-s6-sentno-0489"	"489"	""	""	""	""	""	""	""	""	""	""	""	"not_started"
"madoran-s6-sentno-0490"	"490"	""	""	""	""	""	""	""	""	""	""	""	"not_started"
"madoran-s6-sentno-0491"	"491"	""	""	""	""	""	""	""	""	""	""	""	"not_started"
"madoran-s6-sentno-0492"	"492"	""	""	""	""	""	""	""	""	""	""	""	"not_started"
"madoran-s6-sentno-0493"	"493"	""	""	""	""	""	""	""	""	""	""	""	"not_started"
"madoran-s6-sentno-0494"	"494"	""	""	""	""	""	""	""	""	""	""	""	"not_started"
"madoran-s6-sentno-0495"	"495"	""	""	""	""	""	""	""	""	""	""	""	"not_started"
"madoran-s6-sentno-0496"	"496"	""	""	""	""	""	""	""	""	""	""	""	"not_started"
"madoran-s6-sentno-0497"	"497"	""	""	""	""	""	""	""	""	""	""	""	"not_started"
"madoran-s6-sentno-0498"	"498"	""	""	""	""	""	""	""	""	""	""	""	"not_started"
"madoran-s6-sentno-0499"	"499"	""	""	""	""	""	""	""	""	""	""	""	"not_started"
"madoran-s6-sentno-0500"	"500"	""	""	""	""	""	""	""	""	""	""	""	"not_started"
"madoran-s6-sentno-0501"	"501"	""	""	""	""	""	""	""	""	""	""	""	"not_started"
"madoran-s6-sentno-0502"	"502"	""	""	""	""	""	""	""	""	""	""	""	"not_started"
"madoran-s6-sentno-0503"	"503"	""	""	""	""	""	""	""	""	""	""	""	"not_started"
"madoran-s6-sentno-0504"	"504"	""	""	""	""	""	""	""	""	""	""	""	"not_started"
"madoran-s6-sentno-0505"	"505"	""	""	""	""	""	""	""	""	""	""	""	"not_started"
"madoran-s6-sentno-0506"	"506"	""	""	""	""	""	""	""	""	""	""	""	"not_started"
"madoran-s6-sentno-0507"	"507"	""	""	""	""	""	""	""	""	""	""	""	"not_started"
"madoran-s6-sentno-0508"	"508"	""	""	""	""	""	""	""	""	""	""	""	"not_started"
"madoran-s6-sentno-0509"	"509"	""	""	""	""	""	""	""	""	""	""	""	"not_started"
"madoran-s6-sentno-0510"	"510"	""	""	""	""	""	""	""	""	""	""	""	"not_started"
"madoran-s6-sentno-0511"	"511"	""	""	""	""	""	""	""	""	""	""	""	"not_started"
"madoran-s6-sentno-0512"	"512"	""	""	""	""	""	""	""	""	""	""	""	"not_started"
"madoran-s6-sentno-0513"	"513"	""	""	""	""	""	""	""	""	""	""	""	"not_started"
"madoran-s6-sentno-0514"	"514"	""	""	""	""	""	""	""	""	""	""	""	"not_started"
"madoran-s6-sentno-0515"	"515"	""	""	""	""	""	""	""	""	""	""	""	"not_started"
"madoran-s6-sentno-0516"	"516"	""	""	""	""	""	""	""	""	""	""	""	"not_started"
"madoran-s6-sentno-0517"	"517"	""	""	""	""	""	""	""	""	""	""	""	"not_started"
"madoran-s6-sentno-0518"	"518"	""	""	""	""	""	""	""	""	""	""	""	"not_started"
"madoran-s6-sentno-0519"	"519"	""	""	""	""	""	""	""	""	""	""	""	"not_started"
"madoran-s6-sentno-0520"	"520"	""	""	""	""	""	""	""	""	""	""	""	"not_started"
"madoran-s6-sentno-0521"	"521"	""	""	""	""	""	""	""	""	""	""	""	"not_started"
"madoran-s6-sentno-0522"	"522"	""	""	""	""	""	""	""	""	""	""	""	"not_started"
"madoran-s6-sentno-0523"	"523"	""	""	""	""	""	""	""	""	""	""	""	"not_started"
"madoran-s6-sentno-0524"	"524"	""	""	""	""	""	""	""	""	""	""	""	"not_started"
"madoran-s6-sentno-0525"	"525"	""	""	""	""	""	""	""	""	""	""	""	"not_started"
"madoran-s6-sentno-0526"	"526"	""	""	""	""	""	""	""	""	""	""	""	"not_started"
"madoran-s6-sentno-0527"	"527"	""	""	""	""	""	""	""	""	""	""	""	"not_started"
"madoran-s6-sentno-0528"	"528"	""	""	""	""	""	""	""	""	""	""	""	"not_started"
"madoran-s6-sentno-0529"	"529"	""	""	""	""	""	""	""	""	""	""	""	"not_started"
"madoran-s6-sentno-0530"	"530"	""	""	""	""	""	""	""	""	""	""	""	"not_started"
"madoran-s6-sentno-0531"	"531"	""	""	""	""	""	""	""	""	""	""	""	"not_started"
"madoran-s6-sentno-0532"	"532"	""	""	""	""	""	""	""	""	""	""	""	"not_started"
"madoran-s6-sentno-0533"	"533"	""	""	""	""	""	""	""	""	""	""	""	"not_started"
"madoran-s6-sentno-0534"	"534"	""	""	""	""	""	""	""	""	""	""	""	"not_started"
"madoran-s6-sentno-0535"	"535"	""	""	""	""	""	""	""	""	""	""	""	"not_started"
"madoran-s6-sentno-0536"	"536"	""	""	""	""	""	""	""	""	""	""	""	"not_started"
"madoran-s6-sentno-0537"	"537"	""	""	""	""	""	""	""	""	""	""	""	"not_started"
"madoran-s6-sentno-0538"	"538"	""	""	""	""	""	""	""	""	""	""	""	"not_started"
"madoran-s6-sentno-0539"	"539"	""	""	""	""	""	""	""	""	""	""	""	"not_started"
"madoran-s6-sentno-0540"	"540"	""	""	""	""	""	""	""	""	""	""	""	"not_started"
"madoran-s6-sentno-0541"	"541"	""	""	""	""	""	""	""	""	""	""	""	"not_started"
"madoran-s6-sentno-0542"	"542"	""	""	""	""	""	""	""	""	""	""	""	"not_started"
"madoran-s6-sentno-0543"	"543"	""	""	""	""	""	""	""	""	""	""	""	"not_started"
"madoran-s6-sentno-0544"	"544"	""	""	""	""	""	""	""	""	""	""	""	"not_started"
"madoran-s6-sentno-0545"	"545"	""	""	""	""	""	""	""	""	""	""	""	"not_started"
"madoran-s6-sentno-0546"	"546"	""	""	""	""	""	""	""	""	""	""	""	"not_started"
"madoran-s6-sentno-0547"	"547"	""	""	""	""	""	""	""	""	""	""	""	"not_started"
"madoran-s6-sentno-0548"	"548"	""	""	""	""	""	""	""	""	""	""	""	"not_started"
"madoran-s6-sentno-0549"	"549"	""	""	""	""	""	""	""	""	""	""	""	"not_started"
"madoran-s6-sentno-0550"	"550"	""	""	""	""	""	""	""	""	""	""	""	"not_started"
"madoran-s6-sentno-0551"	"551"	""	""	""	""	""	""	""	""	""	""	""	"not_started"
"madoran-s6-sentno-0552"	"552"	""	""	""	""	""	""	""	""	""	""	""	"not_started"
"madoran-s6-sentno-0553"	"553"	""	""	""	""	""	""	""	""	""	""	""	"not_started"
"madoran-s6-sentno-0554"	"554"	""	""	""	""	""	""	""	""	""	""	""	"not_started"
"madoran-s6-sentno-0555"	"555"	""	""	""	""	""	""	""	""	""	""	""	"not_started"
"madoran-s6-sentno-0556"	"556"	""	""	""	""	""	""	""	""	""	""	""	"not_started"
"madoran-s6-sentno-0557"	"557"	""	""	""	""	""	""	""	""	""	""	""	"not_started"
"madoran-s6-sentno-0558"	"558"	""	""	""	""	""	""	""	""	""	""	""	"not_started"
"madoran-s6-sentno-0559"	"559"	""	""	""	""	""	""	""	""	""	""	""	"not_started"
"madoran-s6-sentno-0560"	"560"	""	""	""	""	""	""	""	""	""	""	""	"not_started"
"madoran-s6-sentno-0561"	"561"	""	""	""	""	""	""	""	""	""	""	""	"not_started"
"madoran-s6-sentno-0562"	"562"	""	""	""	""	""	""	""	""	""	""	""	"not_started"
"madoran-s6-sentno-0563"	"563"	""	""	""	""	""	""	""	""	""	""	""	"not_started"
"madoran-s6-sentno-0564"	"564"	""	""	""	""	""	""	""	""	""	""	""	"not_started"
"madoran-s6-sentno-0565"	"565"	""	""	""	""	""	""	""	""	""	""	""	"not_started"
"madoran-s6-sentno-0566"	"566"	""	""	""	""	""	""	""	""	""	""	""	"not_started"
"madoran-s6-sentno-0567"	"567"	""	""	""	""	""	""	""	""	""	""	""	"not_started"
"madoran-s6-sentno-0568"	"568"	""	""	""	""	""	""	""	""	""	""	""	"not_started"
"madoran-s6-sentno-0569"	"569"	""	""	""	""	""	""	""	""	""	""	""	"not_started"
"madoran-s6-sentno-0570"	"570"	""	""	""	""	""	""	""	""	""	""	""	"not_started"
"madoran-s6-sentno-0571"	"571"	""	""	""	""	""	""	""	""	""	""	""	"not_started"
"madoran-s6-sentno-0572"	"572"	""	""	""	""	""	""	""	""	""	""	""	"not_started"
"madoran-s6-sentno-0573"	"573"	""	""	""	""	""	""	""	""	""	""	""	"not_started"
"madoran-s6-sentno-0574"	"574"	""	""	""	""	""	""	""	""	""	""	""	"not_started"
"madoran-s6-sentno-0575"	"575"	""	""	""	""	""	""	""	""	""	""	""	"not_started"
"madoran-s6-sentno-0576"	"576"	""	""	""	""	""	""	""	""	""	""	""	"not_started"
"madoran-s6-sentno-0577"	"577"	""	""	""	""	""	""	""	""	""	""	""	"not_started"
"madoran-s6-sentno-0578"	"578"	""	""	""	""	""	""	""	""	""	""	""	"not_started"
"madoran-s6-sentno-0579"	"579"	""	""	""	""	""	""	""	""	""	""	""	"not_started"
"madoran-s6-sentno-0580"	"580"	""	""	""	""	""	""	""	""	""	""	""	"not_started"
"madoran-s6-sentno-0581"	"581"	""	""	""	""	""	""	""	""	""	""	""	"not_started"
"madoran-s6-sentno-0582"	"582"	""	""	""	""	""	""	""	""	""	""	""	"not_started"
"madoran-s6-sentno-0583"	"583"	""	""	""	""	""	""	""	""	""	""	""	"not_started"
"madoran-s6-sentno-0584"	"584"	""	""	""	""	""	""	""	""	""	""	""	"not_started"
"madoran-s6-sentno-0585"	"585"	""	""	""	""	""	""	""	""	""	""	""	"not_started"
"madoran-s6-sentno-0586"	"586"	""	""	""	""	""	""	""	""	""	""	""	"not_started"
"madoran-s6-sentno-0587"	"587"	""	""	""	""	""	""	""	""	""	""	""	"not_started"
"madoran-s6-sentno-0588"	"588"	""	""	""	""	""	""	""	""	""	""	""	"not_started"
"madoran-s6-sentno-0589"	"589"	""	""	""	""	""	""	""	""	""	""	""	"not_started"
"madoran-s6-sentno-0590"	"590"	""	""	""	""	""	""	""	""	""	""	""	"not_started"
"madoran-s6-sentno-0591"	"591"	""	""	""	""	""	""	""	""	""	""	""	"not_started"
"madoran-s6-sentno-0592"	"592"	""	""	""	""	""	""	""	""	""	""	""	"not_started"
"madoran-s6-sentno-0593"	"593"	""	""	""	""	""	""	""	""	""	""	""	"not_started"
"madoran-s6-sentno-0594"	"594"	""	""	""	""	""	""	""	""	""	""	""	"not_started"
"madoran-s6-sentno-0595"	"595"	""	""	""	""	""	""	""	""	""	""	""	"not_started"
"madoran-s6-sentno-0596"	"596"	""	""	""	""	""	""	""	""	""	""	""	"not_started"
"madoran-s6-sentno-0597"	"597"	""	""	""	""	""	""	""	""	""	""	""	"not_started"
"madoran-s6-sentno-0598"	"598"	""	""	""	""	""	""	""	""	""	""	""	"not_started"
"madoran-s6-sentno-0599"	"599"	""	""	""	""	""	""	""	""	""	""	""	"not_started"
"madoran-s6-sentno-0600"	"600"	""	""	""	""	""	""	""	""	""	""	""	"not_started"
"madoran-s6-sentno-0601"	"601"	""	""	""	""	""	""	""	""	""	""	""	"not_started"
"madoran-s6-sentno-0602"	"602"	""	""	""	""	""	""	""	""	""	""	""	"not_started"
"madoran-s6-sentno-0603"	"603"	""	""	""	""	""	""	""	""	""	""	""	"not_started"
"madoran-s6-sentno-0604"	"604"	""	""	""	""	""	""	""	""	""	""	""	"not_started"
"madoran-s6-sentno-0605"	"605"	""	""	""	""	""	""	""	""	""	""	""	"not_started"
"madoran-s6-sentno-0606"	"606"	""	""	""	""	""	""	""	""	""	""	""	"not_started"
"madoran-s6-sentno-0607"	"607"	""	""	""	""	""	""	""	""	""	""	""	"not_started"
"madoran-s6-sentno-0608"	"608"	""	""	""	""	""	""	""	""	""	""	""	"not_started"
"madoran-s6-sentno-0609"	"609"	""	""	""	""	""	""	""	""	""	""	""	"not_started"
"madoran-s6-sentno-0610"	"610"	""	""	""	""	""	""	""	""	""	""	""	"not_started"
"madoran-s6-sentno-0611"	"611"	""	""	""	""	""	""	""	""	""	""	""	"not_started"
"madoran-s6-sentno-0612"	"612"	""	""	""	""	""	""	""	""	""	""	""	"not_started"
"madoran-s6-sentno-0613"	"613"	""	""	""	""	""	""	""	""	""	""	""	"not_started"
"madoran-s6-sentno-0614"	"614"	""	""	""	""	""	""	""	""	""	""	""	"not_started"
"madoran-s6-sentno-0615"	"615"	""	""	""	""	""	""	""	""	""	""	""	"not_started"
"madoran-s6-sentno-0616"	"616"	""	""	""	""	""	""	""	""	""	""	""	"not_started"
"madoran-s6-sentno-0617"	"617"	""	""	""	""	""	""	""	""	""	""	""	"not_started"
"madoran-s6-sentno-0618"	"618"	""	""	""	""	""	""	""	""	""	""	""	"not_started"
"madoran-s6-sentno-0619"	"619"	""	""	""	""	""	""	""	""	""	""	""	"not_started"
"madoran-s6-sentno-0620"	"620"	""	""	""	""	""	""	""	""	""	""	""	"not_started"
"madoran-s6-sentno-0621"	"621"	""	""	""	""	""	""	""	""	""	""	""	"not_started"
"madoran-s6-sentno-0622"	"622"	""	""	""	""	""	""	""	""	""	""	""	"not_started"
"madoran-s6-sentno-0623"	"623"	""	""	""	""	""	""	""	""	""	""	""	"not_started"
"madoran-s6-sentno-0624"	"624"	""	""	""	""	""	""	""	""	""	""	""	"not_started"
"madoran-s6-sentno-0625"	"625"	""	""	""	""	""	""	""	""	""	""	""	"not_started"
"madoran-s6-sentno-0626"	"626"	""	""	""	""	""	""	""	""	""	""	""	"not_started"
"madoran-s6-sentno-0627"	"627"	""	""	""	""	""	""	""	""	""	""	""	"not_started"
"madoran-s6-sentno-0628"	"628"	""	""	""	""	""	""	""	""	""	""	""	"not_started"
"madoran-s6-sentno-0629"	"629"	""	""	""	""	""	""	""	""	""	""	""	"not_started"
"madoran-s6-sentno-0630"	"630"	""	""	""	""	""	""	""	""	""	""	""	"not_started"
"madoran-s6-sentno-0631"	"631"	""	""	""	""	""	""	""	""	""	""	""	"not_started"
"madoran-s6-sentno-0632"	"632"	""	""	""	""	""	""	""	""	""	""	""	"not_started"
"madoran-s6-sentno-0633"	"633"	""	""	""	""	""	""	""	""	""	""	""	"not_started"
"madoran-s6-sentno-0634"	"634"	""	""	""	""	""	""	""	""	""	""	""	"not_started"
"madoran-s6-sentno-0635"	"635"	""	""	""	""	""	""	""	""	""	""	""	"not_started"
"madoran-s6-sentno-0636"	"636"	""	""	""	""	""	""	""	""	""	""	""	"not_started"
"madoran-s6-sentno-0637"	"637"	""	""	""	""	""	""	""	""	""	""	""	"not_started"
"madoran-s6-sentno-0638"	"638"	""	""	""	""	""	""	""	""	""	""	""	"not_started"
"madoran-s6-sentno-0639"	"639"	""	""	""	""	""	""	""	""	""	""	""	"not_started"
"madoran-s6-sentno-0640"	"640"	""	""	""	""	""	""	""	""	""	""	""	"not_started"
"madoran-s6-sentno-0641"	"641"	""	""	""	""	""	""	""	""	""	""	""	"not_started"
"madoran-s6-sentno-0642"	"642"	""	""	""	""	""	""	""	""	""	""	""	"not_started"
"madoran-s6-sentno-0643"	"643"	""	""	""	""	""	""	""	""	""	""	""	"not_started"
"madoran-s6-sentno-0644"	"644"	""	""	""	""	""	""	""	""	""	""	""	"not_started"
"madoran-s6-sentno-0645"	"645"	""	""	""	""	""	""	""	""	""	""	""	"not_started"
"madoran-s6-sentno-0646"	"646"	""	""	""	""	""	""	""	""	""	""	""	"not_started"
"madoran-s6-sentno-0647"	"647"	""	""	""	""	""	""	""	""	""	""	""	"not_started"
"madoran-s6-sentno-0648"	"648"	""	""	""	""	""	""	""	""	""	""	""	"not_started"
"madoran-s6-sentno-0649"	"649"	""	""	""	""	""	""	""	""	""	""	""	"not_started"
"madoran-s6-sentno-0650"	"650"	""	""	""	""	""	""	""	""	""	""	""	"not_started"
"madoran-s6-sentno-0651"	"651"	""	""	""	""	""	""	""	""	""	""	""	"not_started"
"madoran-s6-sentno-0652"	"652"	""	""	""	""	""	""	""	""	""	""	""	"not_started"
"madoran-s6-sentno-0653"	"653"	""	""	""	""	""	""	""	""	""	""	""	"not_started"
"madoran-s6-sentno-0654"	"654"	""	""	""	""	""	""	""	""	""	""	""	"not_started"
"madoran-s6-sentno-0655"	"655"	""	""	""	""	""	""	""	""	""	""	""	"not_started"
"madoran-s6-sentno-0656"	"656"	""	""	""	""	""	""	""	""	""	""	""	"not_started"
"madoran-s6-sentno-0657"	"657"	""	""	""	""	""	""	""	""	""	""	""	"not_started"
"madoran-s6-sentno-0658"	"658"	""	""	""	""	""	""	""	""	""	""	""	"not_started"
"madoran-s6-sentno-0659"	"659"	""	""	""	""	""	""	""	""	""	""	""	"not_started"
"madoran-s6-sentno-0660"	"660"	""	""	""	""	""	""	""	""	""	""	""	"not_started"
"madoran-s6-sentno-0661"	"661"	""	""	""	""	""	""	""	""	""	""	""	"not_started"
"madoran-s6-sentno-0662"	"662"	""	""	""	""	""	""	""	""	""	""	""	"not_started"
"madoran-s6-sentno-0663"	"663"	""	""	""	""	""	""	""	""	""	""	""	"not_started"
"madoran-s6-sentno-0664"	"664"	""	""	""	""	""	""	""	""	""	""	""	"not_started"
"madoran-s6-sentno-0665"	"665"	""	""	""	""	""	""	""	""	""	""	""	"not_started"
"madoran-s6-sentno-0666"	"666"	""	""	""	""	""	""	""	""	""	""	""	"not_started"
"madoran-s6-sentno-0667"	"667"	""	""	""	""	""	""	""	""	""	""	""	"not_started"
"madoran-s6-sentno-0668"	"668"	""	""	""	""	""	""	""	""	""	""	""	"not_started"
"madoran-s6-sentno-0669"	"669"	""	""	""	""	""	""	""	""	""	""	""	"not_started"
"madoran-s6-sentno-0670"	"670"	""	""	""	""	""	""	""	""	""	""	""	"not_started"
"madoran-s6-sentno-0671"	"671"	""	""	""	""	""	""	""	""	""	""	""	"not_started"
"madoran-s6-sentno-0672"	"672"	""	""	""	""	""	""	""	""	""	""	""	"not_started"
"madoran-s6-sentno-0673"	"673"	""	""	""	""	""	""	""	""	""	""	""	"not_started"
"madoran-s6-sentno-0674"	"674"	""	""	""	""	""	""	""	""	""	""	""	"not_started"
"madoran-s6-sentno-0675"	"675"	""	""	""	""	""	""	""	""	""	""	""	"not_started"
"madoran-s6-sentno-0676"	"676"	""	""	""	""	""	""	""	""	""	""	""	"not_started"
"madoran-s6-sentno-0677"	"677"	""	""	""	""	""	""	""	""	""	""	""	"not_started"
"madoran-s6-sentno-0678"	"678"	""	""	""	""	""	""	""	""	""	""	""	"not_started"
"madoran-s6-sentno-0679"	"679"	""	""	""	""	""	""	""	""	""	""	""	"not_started"
"madoran-s6-sentno-0680"	"680"	""	""	""	""	""	""	""	""	""	""	""	"not_started"
"madoran-s6-sentno-0681"	"681"	""	""	""	""	""	""	""	""	""	""	""	"not_started"
"madoran-s6-sentno-0682"	"682"	""	""	""	""	""	""	""	""	""	""	""	"not_started"
"madoran-s6-sentno-0683"	"683"	""	""	""	""	""	""	""	""	""	""	""	"not_started"
"madoran-s6-sentno-0684"	"684"	""	""	""	""	""	""	""	""	""	""	""	"not_started"
"madoran-s6-sentno-0685"	"685"	""	""	""	""	""	""	""	""	""	""	""	"not_started"
"madoran-s6-sentno-0686"	"686"	""	""	""	""	""	""	""	""	""	""	""	"not_started"
"madoran-s6-sentno-0687"	"687"	""	""	""	""	""	""	""	""	""	""	""	"not_started"
"madoran-s6-sentno-0688"	"688"	""	""	""	""	""	""	""	""	""	""	""	"not_started"
"madoran-s6-sentno-0689"	"689"	""	""	""	""	""	""	""	""	""	""	""	"not_started"
"madoran-s6-sentno-0690"	"690"	""	""	""	""	""	""	""	""	""	""	""	"not_started"
"madoran-s6-sentno-0691"	"691"	""	""	""	""	""	""	""	""	""	""	""	"not_started"
"madoran-s6-sentno-0692"	"692"	""	""	""	""	""	""	""	""	""	""	""	"not_started"
"madoran-s6-sentno-0693"	"693"	""	""	""	""	""	""	""	""	""	""	""	"not_started"
"madoran-s6-sentno-0694"	"694"	""	""	""	""	""	""	""	""	""	""	""	"not_started"
"madoran-s6-sentno-0695"	"695"	""	""	""	""	""	""	""	""	""	""	""	"not_started"
"madoran-s6-sentno-0696"	"696"	""	""	""	""	""	""	""	""	""	""	""	"not_started"
"madoran-s6-sentno-0697"	"697"	""	""	""	""	""	""	""	""	""	""	""	"not_started"
"madoran-s6-sentno-0698"	"698"	""	""	""	""	""	""	""	""	""	""	""	"not_started"
"madoran-s6-sentno-0699"	"699"	""	""	""	""	""	""	""	""	""	""	""	"not_started"
"madoran-s6-sentno-0700"	"700"	""	""	""	""	""	""	""	""	""	""	""	"not_started"
"madoran-s6-sentno-0701"	"701"	""	""	""	""	""	""	""	""	""	""	""	"not_started"
"madoran-s6-sentno-0702"	"702"	""	""	""	""	""	""	""	""	""	""	""	"not_started"
"madoran-s6-sentno-0703"	"703"	""	""	""	""	""	""	""	""	""	""	""	"not_started"
"madoran-s6-sentno-0704"	"704"	""	""	""	""	""	""	""	""	""	""	""	"not_started"
"madoran-s6-sentno-0705"	"705"	""	""	""	""	""	""	""	""	""	""	""	"not_started"
"madoran-s6-sentno-0706"	"706"	""	""	""	""	""	""	""	""	""	""	""	"not_started"
"madoran-s6-sentno-0707"	"707"	""	""	""	""	""	""	""	""	""	""	""	"not_started"
"madoran-s6-sentno-0708"	"708"	""	""	""	""	""	""	""	""	""	""	""	"not_started"
"madoran-s6-sentno-0709"	"709"	""	""	""	""	""	""	""	""	""	""	""	"not_started"
"madoran-s6-sentno-0710"	"710"	""	""	""	""	""	""	""	""	""	""	""	"not_started"
"madoran-s6-sentno-0711"	"711"	""	""	""	""	""	""	""	""	""	""	""	"not_started"
"madoran-s6-sentno-0712"	"712"	""	""	""	""	""	""	""	""	""	""	""	"not_started"
"madoran-s6-sentno-0713"	"713"	""	""	""	""	""	""	""	""	""	""	""	"not_started"
"madoran-s6-sentno-0714"	"714"	""	""	""	""	""	""	""	""	""	""	""	"not_started"
"madoran-s6-sentno-0715"	"715"	""	""	""	""	""	""	""	""	""	""	""	"not_started"
"madoran-s6-sentno-0716"	"716"	""	""	""	""	""	""	""	""	""	""	""	"not_started"
"madoran-s6-sentno-0717"	"717"	""	""	""	""	""	""	""	""	""	""	""	"not_started"
"madoran-s6-sentno-0718"	"718"	""	""	""	""	""	""	""	""	""	""	""	"not_started"
"madoran-s6-sentno-0719"	"719"	""	""	""	""	""	""	""	""	""	""	""	"not_started"
"madoran-s6-sentno-0720"	"720"	""	""	""	""	""	""	""	""	""	""	""	"not_started"
"madoran-s6-sentno-0721"	"721"	""	""	""	""	""	""	""	""	""	""	""	"not_started"
"madoran-s6-sentno-0722"	"722"	""	""	""	""	""	""	""	""	""	""	""	"not_started"
"madoran-s6-sentno-0723"	"723"	""	""	""	""	""	""	""	""	""	""	""	"not_started"
"madoran-s6-sentno-0724"	"724"	""	""	""	""	""	""	""	""	""	""	""	"not_started"
"madoran-s6-sentno-0725"	"725"	""	""	""	""	""	""	""	""	""	""	""	"not_started"
"madoran-s6-sentno-0726"	"726"	""	""	""	""	""	""	""	""	""	""	""	"not_started"
"madoran-s6-sentno-0727"	"727"	""	""	""	""	""	""	""	""	""	""	""	"not_started"
"madoran-s6-sentno-0728"	"728"	""	""	""	""	""	""	""	""	""	""	""	"not_started"
"madoran-s6-sentno-0729"	"729"	""	""	""	""	""	""	""	""	""	""	""	"not_started"
"madoran-s6-sentno-0730"	"730"	""	""	""	""	""	""	""	""	""	""	""	"not_started"
"madoran-s6-sentno-0731"	"731"	""	""	""	""	""	""	""	""	""	""	""	"not_started"
"madoran-s6-sentno-0732"	"732"	""	""	""	""	""	""	""	""	""	""	""	"not_started"
"madoran-s6-sentno-0733"	"733"	""	""	""	""	""	""	""	""	""	""	""	"not_started"
"madoran-s6-sentno-0734"	"734"	""	""	""	""	""	""	""	""	""	""	""	"not_started"
"madoran-s6-sentno-0735"	"735"	""	""	""	""	""	""	""	""	""	""	""	"not_started"
"madoran-s6-sentno-0736"	"736"	""	""	""	""	""	""	""	""	""	""	""	"not_started"
"madoran-s6-sentno-0737"	"737"	""	""	""	""	""	""	""	""	""	""	""	"not_started"
"madoran-s6-sentno-0738"	"738"	""	""	""	""	""	""	""	""	""	""	""	"not_started"
"madoran-s6-sentno-0739"	"739"	""	""	""	""	""	""	""	""	""	""	""	"not_started"
"madoran-s6-sentno-0740"	"740"	""	""	""	""	""	""	""	""	""	""	""	"not_started"
"madoran-s6-sentno-0741"	"741"	""	""	""	""	""	""	""	""	""	""	""	"not_started"
"madoran-s6-sentno-0742"	"742"	""	""	""	""	""	""	""	""	""	""	""	"not_started"
"madoran-s6-sentno-0743"	"743"	""	""	""	""	""	""	""	""	""	""	""	"not_started"
"madoran-s6-sentno-0744"	"744"	""	""	""	""	""	""	""	""	""	""	""	"not_started"
"madoran-s6-sentno-0745"	"745"	""	""	""	""	""	""	""	""	""	""	""	"not_started"
"madoran-s6-sentno-0746"	"746"	""	""	""	""	""	""	""	""	""	""	""	"not_started"
"madoran-s6-sentno-0747"	"747"	""	""	""	""	""	""	""	""	""	""	""	"not_started"
"madoran-s6-sentno-0748"	"748"	""	""	""	""	""	""	""	""	""	""	""	"not_started"
"madoran-s6-sentno-0749"	"749"	""	""	""	""	""	""	""	""	""	""	""	"not_started"
"madoran-s6-sentno-0750"	"750"	""	""	""	""	""	""	""	""	""	""	""	"not_started"
"madoran-s6-sentno-0751"	"751"	""	""	""	""	""	""	""	""	""	""	""	"not_started"
"madoran-s6-sentno-0752"	"752"	""	""	""	""	""	""	""	""	""	""	""	"not_started"
"madoran-s6-sentno-0753"	"753"	""	""	""	""	""	""	""	""	""	""	""	"not_started"
"madoran-s6-sentno-0754"	"754"	""	""	""	""	""	""	""	""	""	""	""	"not_started"
"madoran-s6-sentno-0755"	"755"	""	""	""	""	""	""	""	""	""	""	""	"not_started"
"madoran-s6-sentno-0756"	"756"	""	""	""	""	""	""	""	""	""	""	""	"not_started"
"madoran-s6-sentno-0757"	"757"	""	""	""	""	""	""	""	""	""	""	""	"not_started"
"madoran-s6-sentno-0758"	"758"	""	""	""	""	""	""	""	""	""	""	""	"not_started"
"madoran-s6-sentno-0759"	"759"	""	""	""	""	""	""	""	""	""	""	""	"not_started"
"madoran-s6-sentno-0760"	"760"	""	""	""	""	""	""	""	""	""	""	""	"not_started"
"madoran-s6-sentno-0761"	"761"	""	""	""	""	""	""	""	""	""	""	""	"not_started"
"madoran-s6-sentno-0762"	"762"	""	""	""	""	""	""	""	""	""	""	""	"not_started"
"madoran-s6-sentno-0763"	"763"	""	""	""	""	""	""	""	""	""	""	""	"not_started"
"madoran-s6-sentno-0764"	"764"	""	""	""	""	""	""	""	""	""	""	""	"not_started"
"madoran-s6-sentno-0765"	"765"	""	""	""	""	""	""	""	""	""	""	""	"not_started"
"madoran-s6-sentno-0766"	"766"	""	""	""	""	""	""	""	""	""	""	""	"not_started"
"madoran-s6-sentno-0767"	"767"	""	""	""	""	""	""	""	""	""	""	""	"not_started"
"madoran-s6-sentno-0768"	"768"	""	""	""	""	""	""	""	""	""	""	""	"not_started"
"madoran-s6-sentno-0769"	"769"	""	""	""	""	""	""	""	""	""	""	""	"not_started"
"madoran-s6-sentno-0770"	"770"	""	""	""	""	""	""	""	""	""	""	""	"not_started"
"madoran-s6-sentno-0771"	"771"	""	""	""	""	""	""	""	""	""	""	""	"not_started"
"madoran-s6-sentno-0772"	"772"	""	""	""	""	""	""	""	""	""	""	""	"not_started"
"madoran-s6-sentno-0773"	"773"	""	""	""	""	""	""	""	""	""	""	""	"not_started"
"madoran-s6-sentno-0774"	"774"	""	""	""	""	""	""	""	""	""	""	""	"not_started"
"madoran-s6-sentno-0775"	"775"	""	""	""	""	""	""	""	""	""	""	""	"not_started"
"madoran-s6-sentno-0776"	"776"	""	""	""	""	""	""	""	""	""	""	""	"not_started"
"madoran-s6-sentno-0777"	"777"	""	""	""	""	""	""	""	""	""	""	""	"not_started"
"madoran-s6-sentno-0778"	"778"	""	""	""	""	""	""	""	""	""	""	""	"not_started"
"madoran-s6-sentno-0779"	"779"	""	""	""	""	""	""	""	""	""	""	""	"not_started"
"madoran-s6-sentno-0780"	"780"	""	""	""	""	""	""	""	""	""	""	""	"not_started"
"madoran-s6-sentno-0781"	"781"	""	""	""	""	""	""	""	""	""	""	""	"not_started"
"madoran-s6-sentno-0782"	"782"	""	""	""	""	""	""	""	""	""	""	""	"not_started"
"madoran-s6-sentno-0783"	"783"	""	""	""	""	""	""	""	""	""	""	""	"not_started"
"madoran-s6-sentno-0784"	"784"	""	""	""	""	""	""	""	""	""	""	""	"not_started"
"madoran-s6-sentno-0785"	"785"	""	""	""	""	""	""	""	""	""	""	""	"not_started"
"madoran-s6-sentno-0786"	"786"	""	""	""	""	""	""	""	""	""	""	""	"not_started"
"madoran-s6-sentno-0787"	"787"	""	""	""	""	""	""	""	""	""	""	""	"not_started"
"madoran-s6-sentno-0788"	"788"	""	""	""	""	""	""	""	""	""	""	""	"not_started"
"madoran-s6-sentno-0789"	"789"	""	""	""	""	""	""	""	""	""	""	""	"not_started"
"madoran-s6-sentno-0790"	"790"	""	""	""	""	""	""	""	""	""	""	""	"not_started"
"madoran-s6-sentno-0791"	"791"	""	""	""	""	""	""	""	""	""	""	""	"not_started"
"madoran-s6-sentno-0792"	"792"	""	""	""	""	""	""	""	""	""	""	""	"not_started"
"madoran-s6-sentno-0793"	"793"	""	""	""	""	""	""	""	""	""	""	""	"not_started"
"madoran-s6-sentno-0794"	"794"	""	""	""	""	""	""	""	""	""	""	""	"not_started"
"madoran-s6-sentno-0795"	"795"	""	""	""	""	""	""	""	""	""	""	""	"not_started"
"madoran-s6-sentno-0796"	"796"	""	""	""	""	""	""	""	""	""	""	""	"not_started"
"madoran-s6-sentno-0797"	"797"	""	""	""	""	""	""	""	""	""	""	""	"not_started"
"madoran-s6-sentno-0798"	"798"	""	""	""	""	""	""	""	""	""	""	""	"not_started"
"madoran-s6-sentno-0799"	"799"	""	""	""	""	""	""	""	""	""	""	""	"not_started"
"madoran-s6-sentno-0800"	"800"	""	""	""	""	""	""	""	""	""	""	""	"not_started"
"madoran-s6-sentno-0801"	"801"	""	""	""	""	""	""	""	""	""	""	""	"not_started"
"madoran-s6-sentno-0802"	"802"	""	""	""	""	""	""	""	""	""	""	""	"not_started"
"madoran-s6-sentno-0803"	"803"	""	""	""	""	""	""	""	""	""	""	""	"not_started"
"madoran-s6-sentno-0804"	"804"	""	""	""	""	""	""	""	""	""	""	""	"not_started"
"madoran-s6-sentno-0805"	"805"	""	""	""	""	""	""	""	""	""	""	""	"not_started"
"madoran-s6-sentno-0806"	"806"	""	""	""	""	""	""	""	""	""	""	""	"not_started"
"madoran-s6-sentno-0807"	"807"	""	""	""	""	""	""	""	""	""	""	""	"not_started"
"madoran-s6-sentno-0808"	"808"	""	""	""	""	""	""	""	""	""	""	""	"not_started"
"madoran-s6-sentno-0809"	"809"	""	""	""	""	""	""	""	""	""	""	""	"not_started"
"madoran-s6-sentno-0810"	"810"	""	""	""	""	""	""	""	""	""	""	""	"not_started"
"madoran-s6-sentno-0811"	"811"	""	""	""	""	""	""	""	""	""	""	""	"not_started"
"madoran-s6-sentno-0812"	"812"	""	""	""	""	""	""	""	""	""	""	""	"not_started"
"madoran-s6-sentno-0813"	"813"	""	""	""	""	""	""	""	""	""	""	""	"not_started"
"madoran-s6-sentno-0814"	"814"	""	""	""	""	""	""	""	""	""	""	""	"not_started"
"madoran-s6-sentno-0815"	"815"	""	""	""	""	""	""	""	""	""	""	""	"not_started"
"madoran-s6-sentno-0816"	"816"	""	""	""	""	""	""	""	""	""	""	""	"not_started"
"madoran-s6-sentno-0817"	"817"	""	""	""	""	""	""	""	""	""	""	""	"not_started"
"madoran-s6-sentno-0818"	"818"	""	""	""	""	""	""	""	""	""	""	""	"not_started"
"madoran-s6-sentno-0819"	"819"	""	""	""	""	""	""	""	""	""	""	""	"not_started"
"madoran-s6-sentno-0820"	"820"	""	""	""	""	""	""	""	""	""	""	""	"not_started"
"madoran-s6-sentno-0821"	"821"	""	""	""	""	""	""	""	""	""	""	""	"not_started"
"madoran-s6-sentno-0822"	"822"	""	""	""	""	""	""	""	""	""	""	""	"not_started"
"madoran-s6-sentno-0823"	"823"	""	""	""	""	""	""	""	""	""	""	""	"not_started"
"madoran-s6-sentno-0824"	"824"	""	""	""	""	""	""	""	""	""	""	""	"not_started"
"madoran-s6-sentno-0825"	"825"	""	""	""	""	""	""	""	""	""	""	""	"not_started"
"madoran-s6-sentno-0826"	"826"	""	""	""	""	""	""	""	""	""	""	""	"not_started"
"madoran-s6-sentno-0827"	"827"	""	""	""	""	""	""	""	""	""	""	""	"not_started"
"madoran-s6-sentno-0828"	"828"	""	""	""	""	""	""	""	""	""	""	""	"not_started"
"madoran-s6-sentno-0829"	"829"	""	""	""	""	""	""	""	""	""	""	""	"not_started"
"madoran-s6-sentno-0830"	"830"	""	""	""	""	""	""	""	""	""	""	""	"not_started"
"madoran-s6-sentno-0831"	"831"	""	""	""	""	""	""	""	""	""	""	""	"not_started"
"madoran-s6-sentno-0832"	"832"	""	""	""	""	""	""	""	""	""	""	""	"not_started"
"madoran-s6-sentno-0833"	"833"	""	""	""	""	""	""	""	""	""	""	""	"not_started"
"madoran-s6-sentno-0834"	"834"	""	""	""	""	""	""	""	""	""	""	""	"not_started"
"madoran-s6-sentno-0835"	"835"	""	""	""	""	""	""	""	""	""	""	""	"not_started"
"madoran-s6-sentno-0836"	"836"	""	""	""	""	""	""	""	""	""	""	""	"not_started"
"madoran-s6-sentno-0837"	"837"	""	""	""	""	""	""	""	""	""	""	""	"not_started"
"madoran-s6-sentno-0838"	"838"	""	""	""	""	""	""	""	""	""	""	""	"not_started"
"madoran-s6-sentno-0839"	"839"	""	""	""	""	""	""	""	""	""	""	""	"not_started"
"madoran-s6-sentno-0840"	"840"	""	""	""	""	""	""	""	""	""	""	""	"not_started"
"madoran-s6-sentno-0841"	"841"	""	""	""	""	""	""	""	""	""	""	""	"not_started"
"madoran-s6-sentno-0842"	"842"	""	""	""	""	""	""	""	""	""	""	""	"not_started"
"madoran-s6-sentno-0843"	"843"	""	""	""	""	""	""	""	""	""	""	""	"not_started"
"madoran-s6-sentno-0844"	"844"	""	""	""	""	""	""	""	""	""	""	""	"not_started"
"madoran-s6-sentno-0845"	"845"	""	""	""	""	""	""	""	""	""	""	""	"not_started"
"madoran-s6-sentno-0846"	"846"	""	""	""	""	""	""	""	""	""	""	""	"not_started"
"madoran-s6-sentno-0847"	"847"	""	""	""	""	""	""	""	""	""	""	""	"not_started"
"madoran-s6-sentno-0848"	"848"	""	""	""	""	""	""	""	""	""	""	""	"not_started"
"madoran-s6-sentno-0849"	"849"	""	""	""	""	""	""	""	""	""	""	""	"not_started"
"madoran-s6-sentno-0850"	"850"	""	""	""	""	""	""	""	""	""	""	""	"not_started"
"madoran-s6-sentno-0851"	"851"	""	""	""	""	""	""	""	""	""	""	""	"not_started"
"madoran-s6-sentno-0852"	"852"	""	""	""	""	""	""	""	""	""	""	""	"not_started"
"madoran-s6-sentno-0853"	"853"	""	""	""	""	""	""	""	""	""	""	""	"not_started"
"madoran-s6-sentno-0854"	"854"	""	""	""	""	""	""	""	""	""	""	""	"not_started"
"madoran-s6-sentno-0855"	"855"	""	""	""	""	""	""	""	""	""	""	""	"not_started"
"madoran-s6-sentno-0856"	"856"	""	""	""	""	""	""	""	""	""	""	""	"not_started"
"madoran-s6-sentno-0857"	"857"	""	""	""	""	""	""	""	""	""	""	""	"not_started"
"madoran-s6-sentno-0858"	"858"	""	""	""	""	""	""	""	""	""	""	""	"not_started"
"madoran-s6-sentno-0859"	"859"	""	""	""	""	""	""	""	""	""	""	""	"not_started"
"madoran-s6-sentno-0860"	"860"	""	""	""	""	""	""	""	""	""	""	""	"not_started"
"madoran-s6-sentno-0861"	"861"	""	""	""	""	""	""	""	""	""	""	""	"not_started"
"madoran-s6-sentno-0862"	"862"	""	""	""	""	""	""	""	""	""	""	""	"not_started"
"madoran-s6-sentno-0863"	"863"	""	""	""	""	""	""	""	""	""	""	""	"not_started"
"madoran-s6-sentno-0864"	"864"	""	""	""	""	""	""	""	""	""	""	""	"not_started"
"madoran-s6-sentno-0865"	"865"	""	""	""	""	""	""	""	""	""	""	""	"not_started"
"madoran-s6-sentno-0866"	"866"	""	""	""	""	""	""	""	""	""	""	""	"not_started"
"madoran-s6-sentno-0867"	"867"	""	""	""	""	""	""	""	""	""	""	""	"not_started"
"madoran-s6-sentno-0868"	"868"	""	""	""	""	""	""	""	""	""	""	""	"not_started"
"madoran-s6-sentno-0869"	"869"	""	""	""	""	""	""	""	""	""	""	""	"not_started"
"madoran-s6-sentno-0870"	"870"	""	""	""	""	""	""	""	""	""	""	""	"not_started"
"madoran-s6-sentno-0871"	"871"	""	""	""	""	""	""	""	""	""	""	""	"not_started"
"madoran-s6-sentno-0872"	"872"	""	""	""	""	""	""	""	""	""	""	""	"not_started"
"madoran-s6-sentno-0873"	"873"	""	""	""	""	""	""	""	""	""	""	""	"not_started"
"madoran-s6-sentno-0874"	"874"	""	""	""	""	""	""	""	""	""	""	""	"not_started"
"madoran-s6-sentno-0875"	"875"	""	""	""	""	""	""	""	""	""	""	""	"not_started"
"madoran-s6-sentno-0876"	"876"	""	""	""	""	""	""	""	""	""	""	""	"not_started"
"madoran-s6-sentno-0877"	"877"	""	""	""	""	""	""	""	""	""	""	""	"not_started"
"madoran-s6-sentno-0878"	"878"	""	""	""	""	""	""	""	""	""	""	""	"not_started"
"madoran-s6-sentno-0879"	"879"	""	""	""	""	""	""	""	""	""	""	""	"not_started"
"madoran-s6-sentno-0880"	"880"	""	""	""	""	""	""	""	""	""	""	""	"not_started"
"madoran-s6-sentno-0881"	"881"	""	""	""	""	""	""	""	""	""	""	""	"not_started"
"madoran-s6-sentno-0882"	"882"	""	""	""	""	""	""	""	""	""	""	""	"not_started"
"madoran-s6-sentno-0883"	"883"	""	""	""	""	""	""	""	""	""	""	""	"not_started"
"madoran-s6-sentno-0884"	"884"	""	""	""	""	""	""	""	""	""	""	""	"not_started"
"madoran-s6-sentno-0885"	"885"	""	""	""	""	""	""	""	""	""	""	""	"not_started"
"madoran-s6-sentno-0886"	"886"	""	""	""	""	""	""	""	""	""	""	""	"not_started"
"madoran-s6-sentno-0887"	"887"	""	""	""	""	""	""	""	""	""	""	""	"not_started"
"madoran-s6-sentno-0888"	"888"	""	""	""	""	""	""	""	""	""	""	""	"not_started"
"madoran-s6-sentno-0889"	"889"	""	""	""	""	""	""	""	""	""	""	""	"not_started"
"madoran-s6-sentno-0890"	"890"	""	""	""	""	""	""	""	""	""	""	""	"not_started"
"madoran-s6-sentno-0891"	"891"	""	""	""	""	""	""	""	""	""	""	""	"not_started"
"madoran-s6-sentno-0892"	"892"	""	""	""	""	""	""	""	""	""	""	""	"not_started"
"madoran-s6-sentno-0893"	"893"	""	""	""	""	""	""	""	""	""	""	""	"not_started"
"madoran-s6-sentno-0894"	"894"	""	""	""	""	""	""	""	""	""	""	""	"not_started"
"madoran-s6-sentno-0895"	"895"	""	""	""	""	""	""	""	""	""	""	""	"not_started"
"madoran-s6-sentno-0896"	"896"	""	""	""	""	""	""	""	""	""	""	""	"not_started"
"madoran-s6-sentno-0897"	"897"	""	""	""	""	""	""	""	""	""	""	""	"not_started"
"madoran-s6-sentno-0898"	"898"	""	""	""	""	""	""	""	""	""	""	""	"not_started"
"madoran-s6-sentno-0899"	"899"	""	""	""	""	""	""	""	""	""	""	""	"not_started"
"madoran-s6-sentno-0900"	"900"	""	""	""	""	""	""	""	""	""	""	""	"not_started"
"madoran-s6-sentno-0901"	"901"	""	""	""	""	""	""	""	""	""	""	""	"not_started"
"madoran-s6-sentno-0902"	"902"	""	""	""	""	""	""	""	""	""	""	""	"not_started"
"madoran-s6-sentno-0903"	"903"	""	""	""	""	""	""	""	""	""	""	""	"not_started"
"madoran-s6-sentno-0904"	"904"	""	""	""	""	""	""	""	""	""	""	""	"not_started"
"madoran-s6-sentno-0905"	"905"	""	""	""	""	""	""	""	""	""	""	""	"not_started"
"madoran-s6-sentno-0906"	"906"	""	""	""	""	""	""	""	""	""	""	""	"not_started"
"madoran-s6-sentno-0907"	"907"	""	""	""	""	""	""	""	""	""	""	""	"not_started"
"madoran-s6-sentno-0908"	"908"	""	""	""	""	""	""	""	""	""	""	""	"not_started"
"madoran-s6-sentno-0909"	"909"	""	""	""	""	""	""	""	""	""	""	""	"not_started"
"madoran-s6-sentno-0910"	"910"	""	""	""	""	""	""	""	""	""	""	""	"not_started"
"madoran-s6-sentno-0911"	"911"	""	""	""	""	""	""	""	""	""	""	""	"not_started"
"madoran-s6-sentno-0912"	"912"	""	""	""	""	""	""	""	""	""	""	""	"not_started"
"madoran-s6-sentno-0913"	"913"	""	""	""	""	""	""	""	""	""	""	""	"not_started"
"madoran-s6-sentno-0914"	"914"	""	""	""	""	""	""	""	""	""	""	""	"not_started"
"madoran-s6-sentno-0915"	"915"	""	""	""	""	""	""	""	""	""	""	""	"not_started"
"madoran-s6-sentno-0916"	"916"	""	""	""	""	""	""	""	""	""	""	""	"not_started"
"madoran-s6-sentno-0917"	"917"	""	""	""	""	""	""	""	""	""	""	""	"not_started"
"madoran-s6-sentno-0918"	"918"	""	""	""	""	""	""	""	""	""	""	""	"not_started"
"madoran-s6-sentno-0919"	"919"	""	""	""	""	""	""	""	""	""	""	""	"not_started"
"madoran-s6-sentno-0920"	"920"	""	""	""	""	""	""	""	""	""	""	""	"not_started"
"madoran-s6-sentno-0921"	"921"	""	""	""	""	""	""	""	""	""	""	""	"not_started"
"madoran-s6-sentno-0922"	"922"	""	""	""	""	""	""	""	""	""	""	""	"not_started"
"madoran-s6-sentno-0923"	"923"	""	""	""	""	""	""	""	""	""	""	""	"not_started"
"madoran-s6-sentno-0924"	"924"	""	""	""	""	""	""	""	""	""	""	""	"not_started"
"madoran-s6-sentno-0925"	"925"	""	""	""	""	""	""	""	""	""	""	""	"not_started"
"madoran-s6-sentno-0926"	"926"	""	""	""	""	""	""	""	""	""	""	""	"not_started"
"madoran-s6-sentno-0927"	"927"	""	""	""	""	""	""	""	""	""	""	""	"not_started"
"madoran-s6-sentno-0928"	"928"	""	""	""	""	""	""	""	""	""	""	""	"not_started"
"madoran-s6-sentno-0929"	"929"	""	""	""	""	""	""	""	""	""	""	""	"not_started"
"madoran-s6-sentno-0930"	"930"	""	""	""	""	""	""	""	""	""	""	""	"not_started"
"madoran-s6-sentno-0931"	"931"	""	""	""	""	""	""	""	""	""	""	""	"not_started"
"madoran-s6-sentno-0932"	"932"	""	""	""	""	""	""	""	""	""	""	""	"not_started"
"madoran-s6-sentno-0933"	"933"	""	""	""	""	""	""	""	""	""	""	""	"not_started"
"madoran-s6-sentno-0934"	"934"	""	""	""	""	""	""	""	""	""	""	""	"not_started"
"madoran-s6-sentno-0935"	"935"	""	""	""	""	""	""	""	""	""	""	""	"not_started"
"madoran-s6-sentno-0936"	"936"	""	""	""	""	""	""	""	""	""	""	""	"not_started"
"madoran-s6-sentno-0937"	"937"	""	""	""	""	""	""	""	""	""	""	""	"not_started"
"madoran-s6-sentno-0938"	"938"	""	""	""	""	""	""	""	""	""	""	""	"not_started"
"madoran-s6-sentno-0939"	"939"	""	""	""	""	""	""	""	""	""	""	""	"not_started"
"madoran-s6-sentno-0940"	"940"	""	""	""	""	""	""	""	""	""	""	""	"not_started"
"madoran-s6-sentno-0941"	"941"	""	""	""	""	""	""	""	""	""	""	""	"not_started"
"madoran-s6-sentno-0942"	"942"	""	""	""	""	""	""	""	""	""	""	""	"not_started"
"madoran-s6-sentno-0943"	"943"	""	""	""	""	""	""	""	""	""	""	""	"not_started"
"madoran-s6-sentno-0944"	"944"	""	""	""	""	""	""	""	""	""	""	""	"not_started"
"madoran-s6-sentno-0945"	"945"	""	""	""	""	""	""	""	""	""	""	""	"not_started"
"madoran-s6-sentno-0946"	"946"	""	""	""	""	""	""	""	""	""	""	""	"not_started"
"madoran-s6-sentno-0947"	"947"	""	""	""	""	""	""	""	""	""	""	""	"not_started"
"madoran-s6-sentno-0948"	"948"	""	""	""	""	""	""	""	""	""	""	""	"not_started"
"madoran-s6-sentno-0949"	"949"	""	""	""	""	""	""	""	""	""	""	""	"not_started"
"madoran-s6-sentno-0950"	"950"	""	""	""	""	""	""	""	""	""	""	""	"not_started"
"madoran-s6-sentno-0951"	"951"	""	""	""	""	""	""	""	""	""	""	""	"not_started"
"madoran-s6-sentno-0952"	"952"	""	""	""	""	""	""	""	""	""	""	""	"not_started"
"madoran-s6-sentno-0953"	"953"	""	""	""	""	""	""	""	""	""	""	""	"not_started"
"madoran-s6-sentno-0954"	"954"	""	""	""	""	""	""	""	""	""	""	""	"not_started"
"madoran-s6-sentno-0955"	"955"	""	""	""	""	""	""	""	""	""	""	""	"not_started"
"madoran-s6-sentno-0956"	"956"	""	""	""	""	""	""	""	""	""	""	""	"not_started"
"madoran-s6-sentno-0957"	"957"	""	""	""	""	""	""	""	""	""	""	""	"not_started"
"madoran-s6-sentno-0958"	"958"	""	""	""	""	""	""	""	""	""	""	""	"not_started"
"madoran-s6-sentno-0959"	"959"	""	""	""	""	""	""	""	""	""	""	""	"not_started"
"madoran-s6-sentno-0960"	"960"	""	""	""	""	""	""	""	""	""	""	""	"not_started"
"madoran-s6-sentno-0961"	"961"	""	""	""	""	""	""	""	""	""	""	""	"not_started"
"madoran-s6-sentno-0962"	"962"	""	""	""	""	""	""	""	""	""	""	""	"not_started"
"madoran-s6-sentno-0963"	"963"	""	""	""	""	""	""	""	""	""	""	""	"not_started"
"madoran-s6-sentno-0964"	"964"	""	""	""	""	""	""	""	""	""	""	""	"not_started"
"madoran-s6-sentno-0965"	"965"	""	""	""	""	""	""	""	""	""	""	""	"not_started"
"madoran-s6-sentno-0966"	"966"	""	""	""	""	""	""	""	""	""	""	""	"not_started"
"madoran-s6-sentno-0967"	"967"	""	""	""	""	""	""	""	""	""	""	""	"not_started"
"madoran-s6-sentno-0968"	"968"	""	""	""	""	""	""	""	""	""	""	""	"not_started"
"madoran-s6-sentno-0969"	"969"	""	""	""	""	""	""	""	""	""	""	""	"not_started"
"madoran-s6-sentno-0970"	"970"	""	""	""	""	""	""	""	""	""	""	""	"not_started"
"madoran-s6-sentno-0971"	"971"	""	""	""	""	""	""	""	""	""	""	""	"not_started"
"madoran-s6-sentno-0972"	"972"	""	""	""	""	""	""	""	""	""	""	""	"not_started"
"madoran-s6-sentno-0973"	"973"	""	""	""	""	""	""	""	""	""	""	""	"not_started"
"madoran-s6-sentno-0974"	"974"	""	""	""	""	""	""	""	""	""	""	""	"not_started"
"madoran-s6-sentno-0975"	"975"	""	""	""	""	""	""	""	""	""	""	""	"not_started"
"madoran-s6-sentno-0976"	"976"	""	""	""	""	""	""	""	""	""	""	""	"not_started"
"madoran-s6-sentno-0977"	"977"	""	""	""	""	""	""	""	""	""	""	""	"not_started"
"madoran-s6-sentno-0978"	"978"	""	""	""	""	""	""	""	""	""	""	""	"not_started"
"madoran-s6-sentno-0979"	"979"	""	""	""	""	""	""	""	""	""	""	""	"not_started"
"madoran-s6-sentno-0980"	"980"	""	""	""	""	""	""	""	""	""	""	""	"not_started"
"madoran-s6-sentno-0981"	"981"	""	""	""	""	""	""	""	""	""	""	""	"not_started"
"madoran-s6-sentno-0982"	"982"	""	""	""	""	""	""	""	""	""	""	""	"not_started"
"madoran-s6-sentno-0983"	"983"	""	""	""	""	""	""	""	""	""	""	""	"not_started"
"madoran-s6-sentno-0984"	"984"	""	""	""	""	""	""	""	""	""	""	""	"not_started"
"madoran-s6-sentno-0985"	"985"	""	""	""	""	""	""	""	""	""	""	""	"not_started"
"madoran-s6-sentno-0986"	"986"	""	""	""	""	""	""	""	""	""	""	""	"not_started"
"madoran-s6-sentno-0987"	"987"	""	""	""	""	""	""	""	""	""	""	""	"not_started"
"madoran-s6-sentno-0988"	"988"	""	""	""	""	""	""	""	""	""	""	""	"not_started"
"madoran-s6-sentno-0989"	"989"	""	""	""	""	""	""	""	""	""	""	""	"not_started"
"madoran-s6-sentno-0990"	"990"	""	""	""	""	""	""	""	""	""	""	""	"not_started"
"madoran-s6-sentno-0991"	"991"	""	""	""	""	""	""	""	""	""	""	""	"not_started"
"madoran-s6-sentno-0992"	"992"	""	""	""	""	""	""	""	""	""	""	""	"not_started"
"madoran-s6-sentno-0993"	"993"	""	""	""	""	""	""	""	""	""	""	""	"not_started"
"madoran-s6-sentno-0994"	"994"	""	""	""	""	""	""	""	""	""	""	""	"not_started"
"madoran-s6-sentno-0995"	"995"	""	""	""	""	""	""	""	""	""	""	""	"not_started"
"madoran-s6-sentno-0996"	"996"	""	""	""	""	""	""	""	""	""	""	""	"not_started"
"madoran-s6-sentno-0997"	"997"	""	""	""	""	""	""	""	""	""	""	""	"not_started"
"madoran-s6-sentno-0998"	"998"	""	""	""	""	""	""	""	""	""	""	""	"not_started"
"madoran-s6-sentno-0999"	"999"	""	""	""	""	""	""	""	""	""	""	""	"not_started"
"madoran-s6-sentno-1000"	"1000"	""	""	""	""	""	""	""	""	""	""	""	"not_started"
"madoran-s6-sentno-1001"	"1001"	""	""	""	""	""	""	""	""	""	""	""	"not_started"
"madoran-s6-sentno-1002"	"1002"	""	""	""	""	""	""	""	""	""	""	""	"not_started"
"madoran-s6-sentno-1003"	"1003"	""	""	""	""	""	""	""	""	""	""	""	"not_started"
"madoran-s6-sentno-1004"	"1004"	""	""	""	""	""	""	""	""	""	""	""	"not_started"
"madoran-s6-sentno-1005"	"1005"	""	""	""	""	""	""	""	""	""	""	""	"not_started"
"madoran-s6-sentno-1006"	"1006"	""	""	""	""	""	""	""	""	""	""	""	"not_started"
"madoran-s6-sentno-1007"	"1007"	""	""	""	""	""	""	""	""	""	""	""	"not_started"
"madoran-s6-sentno-1008"	"1008"	""	""	""	""	""	""	""	""	""	""	""	"not_started"
"madoran-s6-sentno-1009"	"1009"	""	""	""	""	""	""	""	""	""	""	""	"not_started"
"madoran-s6-sentno-1010"	"1010"	""	""	""	""	""	""	""	""	""	""	""	"not_started"
"madoran-s6-sentno-1011"	"1011"	""	""	""	""	""	""	""	""	""	""	""	"not_started"
"madoran-s6-sentno-1012"	"1012"	""	""	""	""	""	""	""	""	""	""	""	"not_started"
"madoran-s6-sentno-1013"	"1013"	""	""	""	""	""	""	""	""	""	""	""	"not_started"
"madoran-s6-sentno-1014"	"1014"	""	""	""	""	""	""	""	""	""	""	""	"not_started"
"madoran-s6-sentno-1015"	"1015"	""	""	""	""	""	""	""	""	""	""	""	"not_started"
"madoran-s6-sentno-1016"	"1016"	""	""	""	""	""	""	""	""	""	""	""	"not_started"
"madoran-s6-sentno-1017"	"1017"	""	""	""	""	""	""	""	""	""	""	""	"not_started"
"madoran-s6-sentno-1018"	"1018"	""	""	""	""	""	""	""	""	""	""	""	"not_started"
"madoran-s6-sentno-1019"	"1019"	""	""	""	""	""	""	""	""	""	""	""	"not_started"
"madoran-s6-sentno-1020"	"1020"	""	""	""	""	""	""	""	""	""	""	""	"not_started"
"madoran-s6-sentno-1021"	"1021"	""	""	""	""	""	""	""	""	""	""	""	"not_started"
"madoran-s6-sentno-1022"	"1022"	""	""	""	""	""	""	""	""	""	""	""	"not_started"
"madoran-s6-sentno-1023"	"1023"	""	""	""	""	""	""	""	""	""	""	""	"not_started"
"madoran-s6-sentno-1024"	"1024"	""	""	""	""	""	""	""	""	""	""	""	"not_started"
"madoran-s6-sentno-1025"	"1025"	""	""	""	""	""	""	""	""	""	""	""	"not_started"
"madoran-s6-sentno-1026"	"1026"	""	""	""	""	""	""	""	""	""	""	""	"not_started"
"madoran-s6-sentno-1027"	"1027"	""	""	""	""	""	""	""	""	""	""	""	"not_started"
"madoran-s6-sentno-1028"	"1028"	""	""	""	""	""	""	""	""	""	""	""	"not_started"
"madoran-s6-sentno-1029"	"1029"	""	""	""	""	""	""	""	""	""	""	""	"not_started"
"madoran-s6-sentno-1030"	"1030"	""	""	""	""	""	""	""	""	""	""	""	"not_started"
"madoran-s6-sentno-1031"	"1031"	""	""	""	""	""	""	""	""	""	""	""	"not_started"
"madoran-s6-sentno-1032"	"1032"	""	""	""	""	""	""	""	""	""	""	""	"not_started"
"madoran-s6-sentno-1033"	"1033"	""	""	""	""	""	""	""	""	""	""	""	"not_started"
"madoran-s6-sentno-1034"	"1034"	""	""	""	""	""	""	""	""	""	""	""	"not_started"
"madoran-s6-sentno-1035"	"1035"	""	""	""	""	""	""	""	""	""	""	""	"not_started"
"madoran-s6-sentno-1036"	"1036"	""	""	""	""	""	""	""	""	""	""	""	"not_started"
"madoran-s6-sentno-1037"	"1037"	""	""	""	""	""	""	""	""	""	""	""	"not_started"
"madoran-s6-sentno-1038"	"1038"	""	""	""	""	""	""	""	""	""	""	""	"not_started"
"madoran-s6-sentno-1039"	"1039"	""	""	""	""	""	""	""	""	""	""	""	"not_started"
"madoran-s6-sentno-1040"	"1040"	""	""	""	""	""	""	""	""	""	""	""	"not_started"
"madoran-s6-sentno-1041"	"1041"	""	""	""	""	""	""	""	""	""	""	""	"not_started"
"madoran-s6-sentno-1042"	"1042"	""	""	""	""	""	""	""	""	""	""	""	"not_started"
"madoran-s6-sentno-1043"	"1043"	""	""	""	""	""	""	""	""	""	""	""	"not_started"
"madoran-s6-sentno-1044"	"1044"	""	""	""	""	""	""	""	""	""	""	""	"not_started"
"madoran-s6-sentno-1045"	"1045"	""	""	""	""	""	""	""	""	""	""	""	"not_started"
"madoran-s6-sentno-1046"	"1046"	""	""	""	""	""	""	""	""	""	""	""	"not_started"
"madoran-s6-sentno-1047"	"1047"	""	""	""	""	""	""	""	""	""	""	""	"not_started"
"madoran-s6-sentno-1048"	"1048"	""	""	""	""	""	""	""	""	""	""	""	"not_started"
"madoran-s6-sentno-1049"	"1049"	""	""	""	""	""	""	""	""	""	""	""	"not_started"
"madoran-s6-sentno-1050"	"1050"	""	""	""	""	""	""	""	""	""	""	""	"not_started"
"madoran-s6-sentno-1051"	"1051"	""	""	""	""	""	""	""	""	""	""	""	"not_started"
"madoran-s6-sentno-1052"	"1052"	""	""	""	""	""	""	""	""	""	""	""	"not_started"
"madoran-s6-sentno-1053"	"1053"	""	""	""	""	""	""	""	""	""	""	""	"not_started"
"madoran-s6-sentno-1054"	"1054"	""	""	""	""	""	""	""	""	""	""	""	"not_started"
"madoran-s6-sentno-1055"	"1055"	""	""	""	""	""	""	""	""	""	""	""	"not_started"
"madoran-s6-sentno-1056"	"1056"	""	""	""	""	""	""	""	""	""	""	""	"not_started"
"madoran-s6-sentno-1057"	"1057"	""	""	""	""	""	""	""	""	""	""	""	"not_started"
"madoran-s6-sentno-1058"	"1058"	""	""	""	""	""	""	""	""	""	""	""	"not_started"
"madoran-s6-sentno-1059"	"1059"	""	""	""	""	""	""	""	""	""	""	""	"not_started"
"madoran-s6-sentno-1060"	"1060"	""	""	""	""	""	""	""	""	""	""	""	"not_started"
"madoran-s6-sentno-1061"	"1061"	""	""	""	""	""	""	""	""	""	""	""	"not_started"
"madoran-s6-sentno-1062"	"1062"	""	""	""	""	""	""	""	""	""	""	""	"not_started"
"madoran-s6-sentno-1063"	"1063"	""	""	""	""	""	""	""	""	""	""	""	"not_started"
"madoran-s6-sentno-1064"	"1064"	""	""	""	""	""	""	""	""	""	""	""	"not_started"
"madoran-s6-sentno-1065"	"1065"	""	""	""	""	""	""	""	""	""	""	""	"not_started"
"madoran-s6-sentno-1066"	"1066"	""	""	""	""	""	""	""	""	""	""	""	"not_started"
"madoran-s6-sentno-1067"	"1067"	""	""	""	""	""	""	""	""	""	""	""	"not_started"
"madoran-s6-sentno-1068"	"1068"	""	""	""	""	""	""	""	""	""	""	""	"not_started"
"madoran-s6-sentno-1069"	"1069"	""	""	""	""	""	""	""	""	""	""	""	"not_started"
"madoran-s6-sentno-1070"	"1070"	""	""	""	""	""	""	""	""	""	""	""	"not_started"
"madoran-s6-sentno-1071"	"1071"	""	""	""	""	""	""	""	""	""	""	""	"not_started"
"madoran-s6-sentno-1072"	"1072"	""	""	""	""	""	""	""	""	""	""	""	"not_started"
"madoran-s6-sentno-1073"	"1073"	""	""	""	""	""	""	""	""	""	""	""	"not_started"
"madoran-s6-sentno-1074"	"1074"	""	""	""	""	""	""	""	""	""	""	""	"not_started"
"madoran-s6-sentno-1075"	"1075"	""	""	""	""	""	""	""	""	""	""	""	"not_started"
"madoran-s6-sentno-1076"	"1076"	""	""	""	""	""	""	""	""	""	""	""	"not_started"
"madoran-s6-sentno-1077"	"1077"	""	""	""	""	""	""	""	""	""	""	""	"not_started"
"madoran-s6-sentno-1078"	"1078"	""	""	""	""	""	""	""	""	""	""	""	"not_started"
"madoran-s6-sentno-1079"	"1079"	""	""	""	""	""	""	""	""	""	""	""	"not_started"
"madoran-s6-sentno-1080"	"1080"	""	""	""	""	""	""	""	""	""	""	""	"not_started"
"madoran-s6-sentno-1081"	"1081"	""	""	""	""	""	""	""	""	""	""	""	"not_started"
"madoran-s6-sentno-1082"	"1082"	""	""	""	""	""	""	""	""	""	""	""	"not_started"
"madoran-s6-sentno-1083"	"1083"	""	""	""	""	""	""	""	""	""	""	""	"not_started"
"madoran-s6-sentno-1084"	"1084"	""	""	""	""	""	""	""	""	""	""	""	"not_started"
"madoran-s6-sentno-1085"	"1085"	""	""	""	""	""	""	""	""	""	""	""	"not_started"
"madoran-s6-sentno-1086"	"1086"	""	""	""	""	""	""	""	""	""	""	""	"not_started"
"madoran-s6-sentno-1087"	"1087"	""	""	""	""	""	""	""	""	""	""	""	"not_started"
"madoran-s6-sentno-1088"	"1088"	""	""	""	""	""	""	""	""	""	""	""	"not_started"
"madoran-s6-sentno-1089"	"1089"	""	""	""	""	""	""	""	""	""	""	""	"not_started"
"madoran-s6-sentno-1090"	"1090"	""	""	""	""	""	""	""	""	""	""	""	"not_started"
"madoran-s6-sentno-1091"	"1091"	""	""	""	""	""	""	""	""	""	""	""	"not_started"
"madoran-s6-sentno-1092"	"1092"	""	""	""	""	""	""	""	""	""	""	""	"not_started"
"madoran-s6-sentno-1093"	"1093"	""	""	""	""	""	""	""	""	""	""	""	"not_started"
"madoran-s6-sentno-1094"	"1094"	""	""	""	""	""	""	""	""	""	""	""	"not_started"
"madoran-s6-sentno-1095"	"1095"	""	""	""	""	""	""	""	""	""	""	""	"not_started"
"madoran-s6-sentno-1096"	"1096"	""	""	""	""	""	""	""	""	""	""	""	"not_started"
"madoran-s6-sentno-1097"	"1097"	""	""	""	""	""	""	""	""	""	""	""	"not_started"
"madoran-s6-sentno-1098"	"1098"	""	""	""	""	""	""	""	""	""	""	""	"not_started"
"madoran-s6-sentno-1099"	"1099"	""	""	""	""	""	""	""	""	""	""	""	"not_started"
"madoran-s6-sentno-1100"	"1100"	""	""	""	""	""	""	""	""	""	""	""	"not_started"
"madoran-s6-sentno-1101"	"1101"	""	""	""	""	""	""	""	""	""	""	""	"not_started"
"madoran-s6-sentno-1102"	"1102"	""	""	""	""	""	""	""	""	""	""	""	"not_started"
"madoran-s6-sentno-1103"	"1103"	""	""	""	""	""	""	""	""	""	""	""	"not_started"
"madoran-s6-sentno-1104"	"1104"	""	""	""	""	""	""	""	""	""	""	""	"not_started"
"madoran-s6-sentno-1105"	"1105"	""	""	""	""	""	""	""	""	""	""	""	"not_started"
"madoran-s6-sentno-1106"	"1106"	""	""	""	""	""	""	""	""	""	""	""	"not_started"
"madoran-s6-sentno-1107"	"1107"	""	""	""	""	""	""	""	""	""	""	""	"not_started"
"madoran-s6-sentno-1108"	"1108"	""	""	""	""	""	""	""	""	""	""	""	"not_started"
"madoran-s6-sentno-1109"	"1109"	""	""	""	""	""	""	""	""	""	""	""	"not_started"
"madoran-s6-sentno-1110"	"1110"	""	""	""	""	""	""	""	""	""	""	""	"not_started"
"madoran-s6-sentno-1111"	"1111"	""	""	""	""	""	""	""	""	""	""	""	"not_started"
"madoran-s6-sentno-1112"	"1112"	""	""	""	""	""	""	""	""	""	""	""	"not_started"
"madoran-s6-sentno-1113"	"1113"	""	""	""	""	""	""	""	""	""	""	""	"not_started"
"madoran-s6-sentno-1114"	"1114"	""	""	""	""	""	""	""	""	""	""	""	"not_started"
"madoran-s6-sentno-1115"	"1115"	""	""	""	""	""	""	""	""	""	""	""	"not_started"
"madoran-s6-sentno-1116"	"1116"	""	""	""	""	""	""	""	""	""	""	""	"not_started"
"madoran-s6-sentno-1117"	"1117"	""	""	""	""	""	""	""	""	""	""	""	"not_started"
"madoran-s6-sentno-1118"	"1118"	""	""	""	""	""	""	""	""	""	""	""	"not_started"
"madoran-s6-sentno-1119"	"1119"	""	""	""	""	""	""	""	""	""	""	""	"not_started"
"madoran-s6-sentno-1120"	"1120"	""	""	""	""	""	""	""	""	""	""	""	"not_started"
"madoran-s6-sentno-1121"	"1121"	""	""	""	""	""	""	""	""	""	""	""	"not_started"
"madoran-s6-sentno-1122"	"1122"	""	""	""	""	""	""	""	""	""	""	""	"not_started"
"madoran-s6-sentno-1123"	"1123"	""	""	""	""	""	""	""	""	""	""	""	"not_started"
"madoran-s6-sentno-1124"	"1124"	""	""	""	""	""	""	""	""	""	""	""	"not_started"
"madoran-s6-sentno-1125"	"1125"	""	""	""	""	""	""	""	""	""	""	""	"not_started"
"madoran-s6-sentno-1126"	"1126"	""	""	""	""	""	""	""	""	""	""	""	"not_started"
"madoran-s6-sentno-1127"	"1127"	""	""	""	""	""	""	""	""	""	""	""	"not_started"
"madoran-s6-sentno-1128"	"1128"	""	""	""	""	""	""	""	""	""	""	""	"not_started"
"madoran-s6-sentno-1129"	"1129"	""	""	""	""	""	""	""	""	""	""	""	"not_started"
"madoran-s6-sentno-1130"	"1130"	""	""	""	""	""	""	""	""	""	""	""	"not_started"
"madoran-s6-sentno-1131"	"1131"	""	""	""	""	""	""	""	""	""	""	""	"not_started"
"madoran-s6-sentno-1132"	"1132"	""	""	""	""	""	""	""	""	""	""	""	"not_started"
"madoran-s6-sentno-1133"	"1133"	""	""	""	""	""	""	""	""	""	""	""	"not_started"
"madoran-s6-sentno-1134"	"1134"	""	""	""	""	""	""	""	""	""	""	""	"not_started"
"madoran-s6-sentno-1135"	"1135"	""	""	""	""	""	""	""	""	""	""	""	"not_started"
"madoran-s6-sentno-1136"	"1136"	""	""	""	""	""	""	""	""	""	""	""	"not_started"
"madoran-s6-sentno-1137"	"1137"	""	""	""	""	""	""	""	""	""	""	""	"not_started"
"madoran-s6-sentno-1138"	"1138"	""	""	""	""	""	""	""	""	""	""	""	"not_started"
"madoran-s6-sentno-1139"	"1139"	""	""	""	""	""	""	""	""	""	""	""	"not_started"
"madoran-s6-sentno-1140"	"1140"	""	""	""	""	""	""	""	""	""	""	""	"not_started"
"madoran-s6-sentno-1141"	"1141"	""	""	""	""	""	""	""	""	""	""	""	"not_started"
"madoran-s6-sentno-1142"	"1142"	""	""	""	""	""	""	""	""	""	""	""	"not_started"
"madoran-s6-sentno-1143"	"1143"	""	""	""	""	""	""	""	""	""	""	""	"not_started"
"madoran-s6-sentno-1144"	"1144"	""	""	""	""	""	""	""	""	""	""	""	"not_started"
"madoran-s6-sentno-1145"	"1145"	""	""	""	""	""	""	""	""	""	""	""	"not_started"
"madoran-s6-sentno-1146"	"1146"	""	""	""	""	""	""	""	""	""	""	""	"not_started"
"madoran-s6-sentno-1147"	"1147"	""	""	""	""	""	""	""	""	""	""	""	"not_started"
"madoran-s6-sentno-1148"	"1148"	""	""	""	""	""	""	""	""	""	""	""	"not_started"
"madoran-s6-sentno-1149"	"1149"	""	""	""	""	""	""	""	""	""	""	""	"not_started"
"madoran-s6-sentno-1150"	"1150"	""	""	""	""	""	""	""	""	""	""	""	"not_started"
"madoran-s6-sentno-1151"	"1151"	""	""	""	""	""	""	""	""	""	""	""	"not_started"
"madoran-s6-sentno-1152"	"1152"	""	""	""	""	""	""	""	""	""	""	""	"not_started"
"madoran-s6-sentno-1153"	"1153"	""	""	""	""	""	""	""	""	""	""	""	"not_started"
"madoran-s6-sentno-1154"	"1154"	""	""	""	""	""	""	""	""	""	""	""	"not_started"
"madoran-s6-sentno-1155"	"1155"	""	""	""	""	""	""	""	""	""	""	""	"not_started"
"madoran-s6-sentno-1156"	"1156"	""	""	""	""	""	""	""	""	""	""	""	"not_started"
"madoran-s6-sentno-1157"	"1157"	""	""	""	""	""	""	""	""	""	""	""	"not_started"
"madoran-s6-sentno-1158"	"1158"	""	""	""	""	""	""	""	""	""	""	""	"not_started"
"madoran-s6-sentno-1159"	"1159"	""	""	""	""	""	""	""	""	""	""	""	"not_started"
"madoran-s6-sentno-1160"	"1160"	""	""	""	""	""	""	""	""	""	""	""	"not_started"
"madoran-s6-sentno-1161"	"1161"	""	""	""	""	""	""	""	""	""	""	""	"not_started"
"madoran-s6-sentno-1162"	"1162"	""	""	""	""	""	""	""	""	""	""	""	"not_started"
"madoran-s6-sentno-1163"	"1163"	""	""	""	""	""	""	""	""	""	""	""	"not_started"
"madoran-s6-sentno-1164"	"1164"	""	""	""	""	""	""	""	""	""	""	""	"not_started"
"madoran-s6-sentno-1165"	"1165"	""	""	""	""	""	""	""	""	""	""	""	"not_started"
"madoran-s6-sentno-1166"	"1166"	""	""	""	""	""	""	""	""	""	""	""	"not_started"
"madoran-s6-sentno-1167"	"1167"	""	""	""	""	""	""	""	""	""	""	""	"not_started"
"madoran-s6-sentno-1168"	"1168"	""	""	""	""	""	""	""	""	""	""	""	"not_started"
"madoran-s6-sentno-1169"	"1169"	""	""	""	""	""	""	""	""	""	""	""	"not_started"
"madoran-s6-sentno-1170"	"1170"	""	""	""	""	""	""	""	""	""	""	""	"not_started"
"madoran-s6-sentno-1171"	"1171"	""	""	""	""	""	""	""	""	""	""	""	"not_started"
"madoran-s6-sentno-1172"	"1172"	""	""	""	""	""	""	""	""	""	""	""	"not_started"
"madoran-s6-sentno-1173"	"1173"	""	""	""	""	""	""	""	""	""	""	""	"not_started"
"madoran-s6-sentno-1174"	"1174"	""	""	""	""	""	""	""	""	""	""	""	"not_started"
"madoran-s6-sentno-1175"	"1175"	""	""	""	""	""	""	""	""	""	""	""	"not_started"
"madoran-s6-sentno-1176"	"1176"	""	""	""	""	""	""	""	""	""	""	""	"not_started"
"madoran-s6-sentno-1177"	"1177"	""	""	""	""	""	""	""	""	""	""	""	"not_started"
"madoran-s6-sentno-1178"	"1178"	""	""	""	""	""	""	""	""	""	""	""	"not_started"
"madoran-s6-sentno-1179"	"1179"	""	""	""	""	""	""	""	""	""	""	""	"not_started"
"madoran-s6-sentno-1180"	"1180"	""	""	""	""	""	""	""	""	""	""	""	"not_started"
"madoran-s6-sentno-1181"	"1181"	""	""	""	""	""	""	""	""	""	""	""	"not_started"
"madoran-s6-sentno-1182"	"1182"	""	""	""	""	""	""	""	""	""	""	""	"not_started"
"madoran-s6-sentno-1183"	"1183"	""	""	""	""	""	""	""	""	""	""	""	"not_started"
"madoran-s6-sentno-1184"	"1184"	""	""	""	""	""	""	""	""	""	""	""	"not_started"
"madoran-s6-sentno-1185"	"1185"	""	""	""	""	""	""	""	""	""	""	""	"not_started"
"madoran-s6-sentno-1186"	"1186"	""	""	""	""	""	""	""	""	""	""	""	"not_started"
"madoran-s6-sentno-1187"	"1187"	""	""	""	""	""	""	""	""	""	""	""	"not_started"
"madoran-s6-sentno-1188"	"1188"	""	""	""	""	""	""	""	""	""	""	""	"not_started"
"madoran-s6-sentno-1189"	"1189"	""	""	""	""	""	""	""	""	""	""	""	"not_started"
"madoran-s6-sentno-1190"	"1190"	""	""	""	""	""	""	""	""	""	""	""	"not_started"
"madoran-s6-sentno-1191"	"1191"	""	""	""	""	""	""	""	""	""	""	""	"not_started"
"madoran-s6-sentno-1192"	"1192"	""	""	""	""	""	""	""	""	""	""	""	"not_started"
"madoran-s6-sentno-1193"	"1193"	""	""	""	""	""	""	""	""	""	""	""	"not_started"
"madoran-s6-sentno-1194"	"1194"	""	""	""	""	""	""	""	""	""	""	""	"not_started"
"madoran-s6-sentno-1195"	"1195"	""	""	""	""	""	""	""	""	""	""	""	"not_started"
"madoran-s6-sentno-1196"	"1196"	""	""	""	""	""	""	""	""	""	""	""	"not_started"
"madoran-s6-sentno-1197"	"1197"	""	""	""	""	""	""	""	""	""	""	""	"not_started"
"madoran-s6-sentno-1198"	"1198"	""	""	""	""	""	""	""	""	""	""	""	"not_started"
"madoran-s6-sentno-1199"	"1199"	""	""	""	""	""	""	""	""	""	""	""	"not_started"
"madoran-s6-sentno-1200"	"1200"	""	""	""	""	""	""	""	""	""	""	""	"not_started"
"madoran-s6-sentno-1201"	"1201"	""	""	""	""	""	""	""	""	""	""	""	"not_started"
"madoran-s6-sentno-1202"	"1202"	""	""	""	""	""	""	""	""	""	""	""	"not_started"
"madoran-s6-sentno-1203"	"1203"	""	""	""	""	""	""	""	""	""	""	""	"not_started"
"madoran-s6-sentno-1204"	"1204"	""	""	""	""	""	""	""	""	""	""	""	"not_started"
"madoran-s6-sentno-1205"	"1205"	""	""	""	""	""	""	""	""	""	""	""	"not_started"
"madoran-s6-sentno-1206"	"1206"	""	""	""	""	""	""	""	""	""	""	""	"not_started"
"madoran-s6-sentno-1207"	"1207"	""	""	""	""	""	""	""	""	""	""	""	"not_started"
"madoran-s6-sentno-1208"	"1208"	""	""	""	""	""	""	""	""	""	""	""	"not_started"
"madoran-s6-sentno-1209"	"1209"	""	""	""	""	""	""	""	""	""	""	""	"not_started"
"madoran-s6-sentno-1210"	"1210"	""	""	""	""	""	""	""	""	""	""	""	"not_started"
"madoran-s6-sentno-1211"	"1211"	""	""	""	""	""	""	""	""	""	""	""	"not_started"
"madoran-s6-sentno-1212"	"1212"	""	""	""	""	""	""	""	""	""	""	""	"not_started"
"madoran-s6-sentno-1213"	"1213"	""	""	""	""	""	""	""	""	""	""	""	"not_started"
"madoran-s6-sentno-1214"	"1214"	""	""	""	""	""	""	""	""	""	""	""	"not_started"
"madoran-s6-sentno-1215"	"1215"	""	""	""	""	""	""	""	""	""	""	""	"not_started"
"madoran-s6-sentno-1216"	"1216"	""	""	""	""	""	""	""	""	""	""	""	"not_started"
"madoran-s6-sentno-1217"	"1217"	""	""	""	""	""	""	""	""	""	""	""	"not_started"
"madoran-s6-sentno-1218"	"1218"	""	""	""	""	""	""	""	""	""	""	""	"not_started"
"madoran-s6-sentno-1219"	"1219"	""	""	""	""	""	""	""	""	""	""	""	"not_started"
"madoran-s6-sentno-1220"	"1220"	""	""	""	""	""	""	""	""	""	""	""	"not_started"
"madoran-s6-sentno-1221"	"1221"	""	""	""	""	""	""	""	""	""	""	""	"not_started"
"madoran-s6-sentno-1222"	"1222"	""	""	""	""	""	""	""	""	""	""	""	"not_started"
"madoran-s6-sentno-1223"	"1223"	""	""	""	""	""	""	""	""	""	""	""	"not_started"
"madoran-s6-sentno-1224"	"1224"	""	""	""	""	""	""	""	""	""	""	""	"not_started"
"madoran-s6-sentno-1225"	"1225"	""	""	""	""	""	""	""	""	""	""	""	"not_started"
"madoran-s6-sentno-1226"	"1226"	""	""	""	""	""	""	""	""	""	""	""	"not_started"
"madoran-s6-sentno-1227"	"1227"	""	""	""	""	""	""	""	""	""	""	""	"not_started"
"madoran-s6-sentno-1228"	"1228"	""	""	""	""	""	""	""	""	""	""	""	"not_started"
"madoran-s6-sentno-1229"	"1229"	""	""	""	""	""	""	""	""	""	""	""	"not_started"
"madoran-s6-sentno-1230"	"1230"	""	""	""	""	""	""	""	""	""	""	""	"not_started"
"madoran-s6-sentno-1231"	"1231"	""	""	""	""	""	""	""	""	""	""	""	"not_started"
"madoran-s6-sentno-1232"	"1232"	""	""	""	""	""	""	""	""	""	""	""	"not_started"
"madoran-s6-sentno-1233"	"1233"	""	""	""	""	""	""	""	""	""	""	""	"not_started"
"madoran-s6-sentno-1234"	"1234"	""	""	""	""	""	""	""	""	""	""	""	"not_started"
"madoran-s6-sentno-1235"	"1235"	""	""	""	""	""	""	""	""	""	""	""	"not_started"
"madoran-s6-sentno-1236"	"1236"	""	""	""	""	""	""	""	""	""	""	""	"not_started"
"madoran-s6-sentno-1237"	"1237"	""	""	""	""	""	""	""	""	""	""	""	"not_started"
"madoran-s6-sentno-1238"	"1238"	""	""	""	""	""	""	""	""	""	""	""	"not_started"
"madoran-s6-sentno-1239"	"1239"	""	""	""	""	""	""	""	""	""	""	""	"not_started"
"madoran-s6-sentno-1240"	"1240"	""	""	""	""	""	""	""	""	""	""	""	"not_started"
"madoran-s6-sentno-1241"	"1241"	""	""	""	""	""	""	""	""	""	""	""	"not_started"
"madoran-s6-sentno-1242"	"1242"	""	""	""	""	""	""	""	""	""	""	""	"not_started"
"madoran-s6-sentno-1243"	"1243"	""	""	""	""	""	""	""	""	""	""	""	"not_started"
"madoran-s6-sentno-1244"	"1244"	""	""	""	""	""	""	""	""	""	""	""	"not_started"
"madoran-s6-sentno-1245"	"1245"	""	""	""	""	""	""	""	""	""	""	""	"not_started"
"madoran-s6-sentno-1246"	"1246"	""	""	""	""	""	""	""	""	""	""	""	"not_started"
"madoran-s6-sentno-1247"	"1247"	""	""	""	""	""	""	""	""	""	""	""	"not_started"
"madoran-s6-sentno-1248"	"1248"	""	""	""	""	""	""	""	""	""	""	""	"not_started"
"madoran-s6-sentno-1249"	"1249"	""	""	""	""	""	""	""	""	""	""	""	"not_started"
"madoran-s6-sentno-1250"	"1250"	""	""	""	""	""	""	""	""	""	""	""	"not_started"
"madoran-s6-sentno-1251"	"1251"	""	""	""	""	""	""	""	""	""	""	""	"not_started"
"madoran-s6-sentno-1252"	"1252"	""	""	""	""	""	""	""	""	""	""	""	"not_started"
"madoran-s6-sentno-1253"	"1253"	""	""	""	""	""	""	""	""	""	""	""	"not_started"
"madoran-s6-sentno-1254"	"1254"	""	""	""	""	""	""	""	""	""	""	""	"not_started"
"madoran-s6-sentno-1255"	"1255"	""	""	""	""	""	""	""	""	""	""	""	"not_started"
"madoran-s6-sentno-1256"	"1256"	""	""	""	""	""	""	""	""	""	""	""	"not_started"
"madoran-s6-sentno-1257"	"1257"	""	""	""	""	""	""	""	""	""	""	""	"not_started"
"madoran-s6-sentno-1258"	"1258"	""	""	""	""	""	""	""	""	""	""	""	"not_started"
"madoran-s6-sentno-1259"	"1259"	""	""	""	""	""	""	""	""	""	""	""	"not_started"
"madoran-s6-sentno-1260"	"1260"	""	""	""	""	""	""	""	""	""	""	""	"not_started"
"madoran-s6-sentno-1261"	"1261"	""	""	""	""	""	""	""	""	""	""	""	"not_started"
"madoran-s6-sentno-1262"	"1262"	""	""	""	""	""	""	""	""	""	""	""	"not_started"
"madoran-s6-sentno-1263"	"1263"	""	""	""	""	""	""	""	""	""	""	""	"not_started"
"madoran-s6-sentno-1264"	"1264"	""	""	""	""	""	""	""	""	""	""	""	"not_started"
"madoran-s6-sentno-1265"	"1265"	""	""	""	""	""	""	""	""	""	""	""	"not_started"
"madoran-s6-sentno-1266"	"1266"	""	""	""	""	""	""	""	""	""	""	""	"not_started"
"madoran-s6-sentno-1267"	"1267"	""	""	""	""	""	""	""	""	""	""	""	"not_started"
"madoran-s6-sentno-1268"	"1268"	""	""	""	""	""	""	""	""	""	""	""	"not_started"
"madoran-s6-sentno-1269"	"1269"	""	""	""	""	""	""	""	""	""	""	""	"not_started"
"madoran-s6-sentno-1270"	"1270"	""	""	""	""	""	""	""	""	""	""	""	"not_started"
"madoran-s6-sentno-1271"	"1271"	""	""	""	""	""	""	""	""	""	""	""	"not_started"
"madoran-s6-sentno-1272"	"1272"	""	""	""	""	""	""	""	""	""	""	""	"not_started"
"madoran-s6-sentno-1273"	"1273"	""	""	""	""	""	""	""	""	""	""	""	"not_started"
"madoran-s6-sentno-1274"	"1274"	""	""	""	""	""	""	""	""	""	""	""	"not_started"
"madoran-s6-sentno-1275"	"1275"	""	""	""	""	""	""	""	""	""	""	""	"not_started"
"madoran-s6-sentno-1276"	"1276"	""	""	""	""	""	""	""	""	""	""	""	"not_started"
"madoran-s6-sentno-1277"	"1277"	""	""	""	""	""	""	""	""	""	""	""	"not_started"
"madoran-s6-sentno-1278"	"1278"	""	""	""	""	""	""	""	""	""	""	""	"not_started"
"madoran-s6-sentno-1279"	"1279"	""	""	""	""	""	""	""	""	""	""	""	"not_started"
"madoran-s6-sentno-1280"	"1280"	""	""	""	""	""	""	""	""	""	""	""	"not_started"
"madoran-s6-sentno-1281"	"1281"	""	""	""	""	""	""	""	""	""	""	""	"not_started"
"madoran-s6-sentno-1282"	"1282"	""	""	""	""	""	""	""	""	""	""	""	"not_started"
"madoran-s6-sentno-1283"	"1283"	""	""	""	""	""	""	""	""	""	""	""	"not_started"
"madoran-s6-sentno-1284"	"1284"	""	""	""	""	""	""	""	""	""	""	""	"not_started"
"madoran-s6-sentno-1285"	"1285"	""	""	""	""	""	""	""	""	""	""	""	"not_started"
"madoran-s6-sentno-1286"	"1286"	""	""	""	""	""	""	""	""	""	""	""	"not_started"
"madoran-s6-sentno-1287"	"1287"	""	""	""	""	""	""	""	""	""	""	""	"not_started"
"madoran-s6-sentno-1288"	"1288"	""	""	""	""	""	""	""	""	""	""	""	"not_started"
"madoran-s6-sentno-1289"	"1289"	""	""	""	""	""	""	""	""	""	""	""	"not_started"
"madoran-s6-sentno-1290"	"1290"	""	""	""	""	""	""	""	""	""	""	""	"not_started"
"madoran-s6-sentno-1291"	"1291"	""	""	""	""	""	""	""	""	""	""	""	"not_started"
"madoran-s6-sentno-1292"	"1292"	""	""	""	""	""	""	""	""	""	""	""	"not_started"
"madoran-s6-sentno-1293"	"1293"	""	""	""	""	""	""	""	""	""	""	""	"not_started"
"madoran-s6-sentno-1294"	"1294"	""	""	""	""	""	""	""	""	""	""	""	"not_started"
"madoran-s6-sentno-1295"	"1295"	""	""	""	""	""	""	""	""	""	""	""	"not_started"
"madoran-s6-sentno-1296"	"1296"	""	""	""	""	""	""	""	""	""	""	""	"not_started"
"madoran-s6-sentno-1297"	"1297"	""	""	""	""	""	""	""	""	""	""	""	"not_started"
"madoran-s6-sentno-1298"	"1298"	""	""	""	""	""	""	""	""	""	""	""	"not_started"
"madoran-s6-sentno-1299"	"1299"	""	""	""	""	""	""	""	""	""	""	""	"not_started"
"madoran-s6-sentno-1300"	"1300"	""	""	""	""	""	""	""	""	""	""	""	"not_started"
"madoran-s6-sentno-1301"	"1301"	""	""	""	""	""	""	""	""	""	""	""	"not_started"
"madoran-s6-sentno-1302"	"1302"	""	""	""	""	""	""	""	""	""	""	""	"not_started"
"madoran-s6-sentno-1303"	"1303"	""	""	""	""	""	""	""	""	""	""	""	"not_started"
"madoran-s6-sentno-1304"	"1304"	""	""	""	""	""	""	""	""	""	""	""	"not_started"
"madoran-s6-sentno-1305"	"1305"	""	""	""	""	""	""	""	""	""	""	""	"not_started"
"madoran-s6-sentno-1306"	"1306"	""	""	""	""	""	""	""	""	""	""	""	"not_started"
"madoran-s6-sentno-1307"	"1307"	""	""	""	""	""	""	""	""	""	""	""	"not_started"
"madoran-s6-sentno-1308"	"1308"	""	""	""	""	""	""	""	""	""	""	""	"not_started"
"madoran-s6-sentno-1309"	"1309"	""	""	""	""	""	""	""	""	""	""	""	"not_started"
"madoran-s6-sentno-1310"	"1310"	""	""	""	""	""	""	""	""	""	""	""	"not_started"
"madoran-s6-sentno-1311"	"1311"	""	""	""	""	""	""	""	""	""	""	""	"not_started"
"madoran-s6-sentno-1312"	"1312"	""	""	""	""	""	""	""	""	""	""	""	"not_started"
"madoran-s6-sentno-1313"	"1313"	""	""	""	""	""	""	""	""	""	""	""	"not_started"
"madoran-s6-sentno-1314"	"1314"	""	""	""	""	""	""	""	""	""	""	""	"not_started"
"madoran-s6-sentno-1315"	"1315"	""	""	""	""	""	""	""	""	""	""	""	"not_started"
"madoran-s6-sentno-1316"	"1316"	""	""	""	""	""	""	""	""	""	""	""	"not_started"
"madoran-s6-sentno-1317"	"1317"	""	""	""	""	""	""	""	""	""	""	""	"not_started"
"madoran-s6-sentno-1318"	"1318"	""	""	""	""	""	""	""	""	""	""	""	"not_started"
"madoran-s6-sentno-1319"	"1319"	""	""	""	""	""	""	""	""	""	""	""	"not_started"
"madoran-s6-sentno-1320"	"1320"	""	""	""	""	""	""	""	""	""	""	""	"not_started"
"madoran-s6-sentno-1321"	"1321"	""	""	""	""	""	""	""	""	""	""	""	"not_started"
"madoran-s6-sentno-1322"	"1322"	""	""	""	""	""	""	""	""	""	""	""	"not_started"
"madoran-s6-sentno-1323"	"1323"	""	""	""	""	""	""	""	""	""	""	""	"not_started"
"madoran-s6-sentno-1324"	"1324"	""	""	""	""	""	""	""	""	""	""	""	"not_started"
"madoran-s6-sentno-1325"	"1325"	""	""	""	""	""	""	""	""	""	""	""	"not_started"
"madoran-s6-sentno-1326"	"1326"	""	""	""	""	""	""	""	""	""	""	""	"not_started"
"madoran-s6-sentno-1327"	"1327"	""	""	""	""	""	""	""	""	""	""	""	"not_started"
"madoran-s6-sentno-1328"	"1328"	""	""	""	""	""	""	""	""	""	""	""	"not_started"
"madoran-s6-sentno-1329"	"1329"	""	""	""	""	""	""	""	""	""	""	""	"not_started"
"madoran-s6-sentno-1330"	"1330"	""	""	""	""	""	""	""	""	""	""	""	"not_started"
"madoran-s6-sentno-1331"	"1331"	""	""	""	""	""	""	""	""	""	""	""	"not_started"
"madoran-s6-sentno-1332"	"1332"	""	""	""	""	""	""	""	""	""	""	""	"not_started"
"madoran-s6-sentno-1333"	"1333"	""	""	""	""	""	""	""	""	""	""	""	"not_started"
"madoran-s6-sentno-1334"	"1334"	""	""	""	""	""	""	""	""	""	""	""	"not_started"
"madoran-s6-sentno-1335"	"1335"	""	""	""	""	""	""	""	""	""	""	""	"not_started"
"madoran-s6-sentno-1336"	"1336"	""	""	""	""	""	""	""	""	""	""	""	"not_started"
"madoran-s6-sentno-1337"	"1337"	""	""	""	""	""	""	""	""	""	""	""	"not_started"
"madoran-s6-sentno-1338"	"1338"	""	""	""	""	""	""	""	""	""	""	""	"not_started"
"madoran-s6-sentno-1339"	"1339"	""	""	""	""	""	""	""	""	""	""	""	"not_started"
"madoran-s6-sentno-1340"	"1340"	""	""	""	""	""	""	""	""	""	""	""	"not_started"
"madoran-s6-sentno-1341"	"1341"	""	""	""	""	""	""	""	""	""	""	""	"not_started"
"madoran-s6-sentno-1342"	"1342"	""	""	""	""	""	""	""	""	""	""	""	"not_started"
"madoran-s6-sentno-1343"	"1343"	""	""	""	""	""	""	""	""	""	""	""	"not_started"
"madoran-s6-sentno-1344"	"1344"	""	""	""	""	""	""	""	""	""	""	""	"not_started"
"madoran-s6-sentno-1345"	"1345"	""	""	""	""	""	""	""	""	""	""	""	"not_started"
"madoran-s6-sentno-1346"	"1346"	""	""	""	""	""	""	""	""	""	""	""	"not_started"
"madoran-s6-sentno-1347"	"1347"	""	""	""	""	""	""	""	""	""	""	""	"not_started"
"madoran-s6-sentno-1348"	"1348"	""	""	""	""	""	""	""	""	""	""	""	"not_started"
"madoran-s6-sentno-1349"	"1349"	""	""	""	""	""	""	""	""	""	""	""	"not_started"
"madoran-s6-sentno-1350"	"1350"	""	""	""	""	""	""	""	""	""	""	""	"not_started"
"madoran-s6-sentno-1351"	"1351"	""	""	""	""	""	""	""	""	""	""	""	"not_started"
"madoran-s6-sentno-1352"	"1352"	""	""	""	""	""	""	""	""	""	""	""	"not_started"
"madoran-s6-sentno-1353"	"1353"	""	""	""	""	""	""	""	""	""	""	""	"not_started"
"madoran-s6-sentno-1354"	"1354"	""	""	""	""	""	""	""	""	""	""	""	"not_started"
"madoran-s6-sentno-1355"	"1355"	""	""	""	""	""	""	""	""	""	""	""	"not_started"
"madoran-s6-sentno-1356"	"1356"	""	""	""	""	""	""	""	""	""	""	""	"not_started"
