source_id	source_locator	source_form	word_count	license_id	selection_status	candidate_level	candidate_domain	note
S6	MADOran_Sentences.tsv:Sentno=9	قعدنا نحكوا انا و ياه ناس ملاح مسكين قالي شوف ديرها زينة تلقاها زينة .	15	CC-BY-NC-3.0-MADORAN	available			Exact source inventory only; semantic, translation, GPT, and native review pending.
S6	MADOran_Sentences.tsv:Sentno=14	أيا قالي قلتلها شاندير لك قالي قاتلي بارك الله فيك و قعدت تديعلي في دعوة خير	16	CC-BY-NC-3.0-MADORAN	available			Exact source inventory only; semantic, translation, GPT, and native review pending.
S6	MADOran_Sentences.tsv:Sentno=15	وليت قالي كي وليت مشيت لدار دخلت قعدت نخمم قعدت نخمم نخمم	12	CC-BY-NC-3.0-MADORAN	available			Exact source inventory only; semantic, translation, GPT, and native review pending.
S6	MADOran_Sentences.tsv:Sentno=16	قلت أنا مسكينة هادي مرا وحدها و كل شي علاه من غدوة نروح نجيبها	14	CC-BY-NC-3.0-MADORAN	available			Exact source inventory only; semantic, translation, GPT, and native review pending.
S6	MADOran_Sentences.tsv:Sentno=17	و شفاته شفتني قالي شفتني قلت أنا ندي دعوة خير منها وكلش	12	CC-BY-NC-3.0-MADORAN	available			Exact source inventory only; semantic, translation, GPT, and native review pending.
S6	MADOran_Sentences.tsv:Sentno=19	قاتله كيما تبغي قالها معندك حتى ماليك قاتله ما عندي حتى ماليا لا فاميليا لا والو قالي رفدتها وديتها لدار عند ما وبويا	23	CC-BY-NC-3.0-MADORAN	available			Exact source inventory only; semantic, translation, GPT, and native review pending.
S6	MADOran_Sentences.tsv:Sentno=20	قالي كي ديتها عند ما وبويا . قالوله وهاد شبانيا قالهم هاذي مسكينة شيبانيا عايشة وحدها باغي نجيبها هنايا تعيش معانا مبغاوش .	23	CC-BY-NC-3.0-MADORAN	available			Exact source inventory only; semantic, translation, GPT, and native review pending.
S6	MADOran_Sentences.tsv:Sentno=21	مبغاوش ناضولي يزعفوا بويا قالي غي هادي لي مديرهاش قاله غي هادي	12	CC-BY-NC-3.0-MADORAN	available			Exact source inventory only; semantic, translation, GPT, and native review pending.
S6	MADOran_Sentences.tsv:Sentno=22	قتله مسكينة كي دير وعايشة وحدها خليها أنا نتحمل مسؤولية قاله لا كون تخليها غدوة لابوليس يقولوا لك بلي خطفتها و لا حاجة لازم تعلم تحصل لازم ديكلاري	28	CC-BY-NC-3.0-MADORAN	available			Exact source inventory only; semantic, translation, GPT, and native review pending.
S6	MADOran_Sentences.tsv:Sentno=23	قالي رحت عند جدارميا و قلتلهم بلي هاد مخلوقة باغي نديها و معندها حتى حد مسكينة	16	CC-BY-NC-3.0-MADORAN	available			Exact source inventory only; semantic, translation, GPT, and native review pending.
S6	MADOran_Sentences.tsv:Sentno=24	قالوله شوف قالوله ليق حتى نديرولك وحد ورقة باش تقبل الا قبلوا الدولة و الحكومة قبلت عاد نخلوك تخليها تعيش عندك	21	CC-BY-NC-3.0-MADORAN	available			Exact source inventory only; semantic, translation, GPT, and native review pending.
S6	MADOran_Sentences.tsv:Sentno=25	قالوله بصح بشرط الا تقبل تهالى فيها و توكلها قالي قتلهم أني قابل .	14	CC-BY-NC-3.0-MADORAN	available			Exact source inventory only; semantic, translation, GPT, and native review pending.
S6	MADOran_Sentences.tsv:Sentno=26	داروله قالي دارولي ديك ورقة و جبتها جبتها لدار قالي قعدت تاكل و تشرب و تدعيلي دعوة خير قالي حمد الله .	22	CC-BY-NC-3.0-MADORAN	available			Exact source inventory only; semantic, translation, GPT, and native review pending.
S6	MADOran_Sentences.tsv:Sentno=27	غي هو وياها ?	4	CC-BY-NC-3.0-MADORAN	available			Exact source inventory only; semantic, translation, GPT, and native review pending.
S6	MADOran_Sentences.tsv:Sentno=28	واه . هو مع بوه و ماه . اه صحا .	11	CC-BY-NC-3.0-MADORAN	available			Exact source inventory only; semantic, translation, GPT, and native review pending.
S6	MADOran_Sentences.tsv:Sentno=29	قالوله الا تجيب ورقة خليها . بوه قاله الا تجيب ورقة صحا الا ما تجيبش ورقة ما تخليهاش .	19	CC-BY-NC-3.0-MADORAN	available			Exact source inventory only; semantic, translation, GPT, and native review pending.
S6	MADOran_Sentences.tsv:Sentno=30	قالي جبت ورقة قالي بويا كي جبت ورقة قبل . قالي فرحت قالي مسكينة هادي كل يوم ولات ما تديها لحمام و تلبسها و تهلا فيها و كل شي فرحت بزاف ولات تدعي غير دعوة خير .	37	CC-BY-NC-3.0-MADORAN	available			Exact source inventory only; semantic, translation, GPT, and native review pending.
S6	MADOran_Sentences.tsv:Sentno=31	قالي قلت أنا راهي هنايا و كل شي علاه منديرش دوسيي تع سكنة بلاك يعطوها سكنة و نعيش معها وأنا تاني نروح نتزوج و كلش	25	CC-BY-NC-3.0-MADORAN	available			Exact source inventory only; semantic, translation, GPT, and native review pending.
S6	MADOran_Sentences.tsv:Sentno=32	. دار ضوسيي تاع سكنة قالهم أنا أني مع شبانية و عندي بويا و ما و راني لا سكنة لا والو و هاد شبانية مخلوقة مسكينة معندهاش تا حد عطوها سكنة .	32	CC-BY-NC-3.0-MADORAN	available			Exact source inventory only; semantic, translation, GPT, and native review pending.
S6	MADOran_Sentences.tsv:Sentno=33	داروا لونكات جاب ربي بقدرة الله و دعوة خير عطاوها سكنة سبحان الله .	14	CC-BY-NC-3.0-MADORAN	available			Exact source inventory only; semantic, translation, GPT, and native review pending.
S6	MADOran_Sentences.tsv:Sentno=34	كي عطاوها سكنة جيت فرحان قلتلها شوفي يا شبانية راهم عطاوك سكنة .	13	CC-BY-NC-3.0-MADORAN	available			Exact source inventory only; semantic, translation, GPT, and native review pending.
S6	MADOran_Sentences.tsv:Sentno=35	قتله شوف يا وليدي قاتله سكنة كون ديرها على اسمي غدوا كاش حاجة ينوضوا واحد ينوض من فاميلتي و يدوهالك السكنة ديرها على اسمك مديرهاش على اسمي و رانا فيرحبا	30	CC-BY-NC-3.0-MADORAN	available			Exact source inventory only; semantic, translation, GPT, and native review pending.
S6	MADOran_Sentences.tsv:Sentno=37	دور ما دور ليام . عندها زوج خوتاتها قاع معلبالهومش بها نهار لي سمعوا بها قاع ما بنوش نهار لي سمعوا بلي دات سكنة و يجو . جاو يجروا كي جاو يجروا .	33	CC-BY-NC-3.0-MADORAN	available			Exact source inventory only; semantic, translation, GPT, and native review pending.
S6	MADOran_Sentences.tsv:Sentno=38	جاو يطبطبوا سكسوا يطبطبوا قالوله هنايا فلانة قالولها هنا فلانة .	11	CC-BY-NC-3.0-MADORAN	available			Exact source inventory only; semantic, translation, GPT, and native review pending.
S6	MADOran_Sentences.tsv:Sentno=39	هو كي شافهم قالهم شكون ? حنا خواتتها قال أنا شاندير خواتتها مابغيتش نقعد كاين كلام بينتهم شادرت درت تليفون بوات فوكال و حطيته و خرجت يسجل الهدرة وهوما معلبالهومش .	31	CC-BY-NC-3.0-MADORAN	available			Exact source inventory only; semantic, translation, GPT, and native review pending.
S6	MADOran_Sentences.tsv:Sentno=40	اه خواتتها حسبوا بلي ما كان تا واحد صايي كي خرج صايي .	13	CC-BY-NC-3.0-MADORAN	available			Exact source inventory only; semantic, translation, GPT, and native review pending.
S6	MADOran_Sentences.tsv:Sentno=41	كاين غي هوما و هي . أيا قالولها شوفي قالولها سكنة حرزي يديهالك سكنة رديها على اسمنا . . شوطنوها واه قعدوا يقولولها . .	25	CC-BY-NC-3.0-MADORAN	available			Exact source inventory only; semantic, translation, GPT, and native review pending.
S6	MADOran_Sentences.tsv:Sentno=42	هدا دار بيك و جابك بلعاني غير باش يديلك سكنة جابك و عطاوك سكنة و دروك يحوس يديلك سكنة .	20	CC-BY-NC-3.0-MADORAN	available			Exact source inventory only; semantic, translation, GPT, and native review pending.
S6	MADOran_Sentences.tsv:Sentno=43	قالولها أنا نقولك رودي سكنة على اسمنا و خطاك شي و حنا نتهلو فيك و حنا مكان حتى مشكل .	20	CC-BY-NC-3.0-MADORAN	available			Exact source inventory only; semantic, translation, GPT, and native review pending.
S6	MADOran_Sentences.tsv:Sentno=45	لاباس حمد الله قلي روحت لتليفون و ضربتلهم بوات فوكال و قلتلهم باغي نسمع هدرة شا هدرتو دار هاكا أيا هدرة قاع شا هدروا سجلها أيا نوضوا خرجوا و مليوم متجوش هاد دار .	34	CC-BY-NC-3.0-MADORAN	available			Exact source inventory only; semantic, translation, GPT, and native review pending.
S6	MADOran_Sentences.tsv:Sentno=46	عطاوها قعدت أنا و شبانية قاتله ها وليدي قاتله شوف ماكنش راجل كيفك فدنيا هادي نتا عليك دعوة خير و ولد فاميليا و أنيا غادي مام كي نموت ندعيلك غي دعوة خير راك دايها	34	CC-BY-NC-3.0-MADORAN	available			Exact source inventory only; semantic, translation, GPT, and native review pending.
S6	MADOran_Sentences.tsv:Sentno=47	و سكنة مزية درتها على اسمك خاطش كون درتها على اسمي كانو هادو يديروا شالا بال و يدوهالك . يا سبحان الله .	23	CC-BY-NC-3.0-MADORAN	available			Exact source inventory only; semantic, translation, GPT, and native review pending.
S6	MADOran_Sentences.tsv:Sentno=48	واه أيا قالي فرحت و عليها روحت تلاقيت بنت فاميليا و تزوجت و راه عندي مرا و عندي بنت و حمد لله	22	CC-BY-NC-3.0-MADORAN	available			Exact source inventory only; semantic, translation, GPT, and native review pending.
S6	MADOran_Sentences.tsv:Sentno=49	و هي مازال راها عايشة معاه ? و هي مازال عايشة معايا و راني متهلي فيها و مخصها والو .	20	CC-BY-NC-3.0-MADORAN	available			Exact source inventory only; semantic, translation, GPT, and native review pending.
S6	MADOran_Sentences.tsv:Sentno=50	يا سبحان الله القدرة كي دايرا جيت أنا قتله و الله شوف ديرها زينة تلقاها زينة و هادا ربي راه اللي راه يسير فيها .	25	CC-BY-NC-3.0-MADORAN	available			Exact source inventory only; semantic, translation, GPT, and native review pending.
S6	MADOran_Sentences.tsv:Sentno=53	خاطش كانت عاد 11 خاطش حتى 12 يكمونصوا يخرجوا .	10	CC-BY-NC-3.0-MADORAN	available			Exact source inventory only; semantic, translation, GPT, and native review pending.
S6	MADOran_Sentences.tsv:Sentno=56	بصح سيحان الله ايستواغ كي دايرة .	7	CC-BY-NC-3.0-MADORAN	available			Exact source inventory only; semantic, translation, GPT, and native review pending.
S6	MADOran_Sentences.tsv:Sentno=57	كي كنا صغار كنا نشوفو سندريلا تخرج نص الليل كابتن ماجد يزرطي من لقراية باه يلعب ماتش و روبن هود خاين نتفرجوه طارزن ديما عريان و الأميرة نايمة خاصها سلمة باش تنوض و يقولك كبرنا مسوفجين ه	37	CC-BY-NC-3.0-MADORAN	available			Exact source inventory only; semantic, translation, GPT, and native review pending.
S6	MADOran_Sentences.tsv:Sentno=58	واحد خطرة كوبل كان فلبحر أيا قال لخطيبته قالها تعرفي قمر شعال بعيد قالتله واه قالها ريحة كرعيك راها واصلة لتم	21	CC-BY-NC-3.0-MADORAN	available			Exact source inventory only; semantic, translation, GPT, and native review pending.
S6	MADOran_Sentences.tsv:Sentno=59	قالك واحد نهارة واحد حطيست لبس كوستيمة فور و خرج برا يتمشى دار فيها قارو نسيم فاتت عليه واحدة شابة بزاف درق قارو فجيب و هو شاعل المهم شعلت فيه نار جات عنده قالتله خويا راك تشعل معنتها راها شاعلة فيك نار .	43	CC-BY-NC-3.0-MADORAN	available			Exact source inventory only; semantic, translation, GPT, and native review pending.
S6	MADOran_Sentences.tsv:Sentno=60	قالها خوك دايمن يشعل حسب قالتله راك تشعل بزين	9	CC-BY-NC-3.0-MADORAN	available			Exact source inventory only; semantic, translation, GPT, and native review pending.
S6	MADOran_Sentences.tsv:Sentno=62	قالك زوج مزطولين يتمشو في طريق شافو واحد سرواله مثقوب مرول واحد قال صاحبه هذا باين استاذ تاع عربية قالو لاخر كيفاه عرفت قاله من فتحة ظاهرة على اخره	29	CC-BY-NC-3.0-MADORAN	available			Exact source inventory only; semantic, translation, GPT, and native review pending.
S6	MADOran_Sentences.tsv:Sentno=63	واحد الكافي كان يدوش عيط لمرته قالها @@Lاط@@ء @@Lاط@@ء وين راه الشومبوان قاتله راه قدامك قالها يا واحد الحابسة هاذامكتوب عليه للشعر الجاف وانا شعري راه مشمخ	27	CC-BY-NC-3.0-MADORAN	available			Exact source inventory only; semantic, translation, GPT, and native review pending.
S6	MADOran_Sentences.tsv:Sentno=64	قالك خطرة في وقت الإرهاب 4 صحاب واحد فيهم عمى ركبوا في مازدة باشي بغاو يفوجوا .	17	CC-BY-NC-3.0-MADORAN	available			Exact source inventory only; semantic, translation, GPT, and native review pending.
S6	MADOran_Sentences.tsv:Sentno=65	تفاهموا باش يوصلوا بكري وما يحبسوهمش في الباراجات أمالي تفاهموا باش كي يطيحوا في باراج يبداو يباعروا كي لكباش باش ما يحبسوهمش .	23	CC-BY-NC-3.0-MADORAN	available			Exact source inventory only; semantic, translation, GPT, and native review pending.
S6	MADOran_Sentences.tsv:Sentno=66	الباراج 1 طاحوا في لجندارم بداو يباعروا باع باع خلاوهم يفوتو .	12	CC-BY-NC-3.0-MADORAN	available			Exact source inventory only; semantic, translation, GPT, and native review pending.
S6	MADOran_Sentences.tsv:Sentno=67	الباراج 2 تع ميليتار بداو يباعروا باع باع خلاوهم يفوتوا .	11	CC-BY-NC-3.0-MADORAN	available			Exact source inventory only; semantic, translation, GPT, and native review pending.
S6	MADOran_Sentences.tsv:Sentno=68	الباراج 3 طاحوا في فوباراج تع الإرهاب سكتوا قاع غي لعمى ماشافش بقى يبعرر باع باع حتى ضربه صاحبه وقالوا أسكت رانا وصلنا للباطوار .	25	CC-BY-NC-3.0-MADORAN	available			Exact source inventory only; semantic, translation, GPT, and native review pending.
S6	MADOran_Sentences.tsv:Sentno=70	واحد نهار واحد عروبي عنده دراهم بشكارة بصح مشي عايش جا عنده واحد منا من وهران فاهم وقاري قاله خويا نتا عندك دراهم بص مشي عايش جيب شويا دراهم و رواح تروح معيا لوهران تشوف دنيا كي دايرة	38	CC-BY-NC-3.0-MADORAN	available			Exact source inventory only; semantic, translation, GPT, and native review pending.
S6	MADOran_Sentences.tsv:Sentno=71	جاب شكارة وجا عدله سقده بكوستمة رده مستيكي متأمنش أيا قعد كراله في اوتال شباب قعد يديه يحوس بيه لديسكو للبحر قلشاه أيا بطا على بوه	26	CC-BY-NC-3.0-MADORAN	available			Exact source inventory only; semantic, translation, GPT, and native review pending.
S6	MADOran_Sentences.tsv:Sentno=72	زيفطله بوه زيفطله مع واحد قاله قول لولدي يجي لرض لراها قاعدة غي هاكك ارواح تخدم لرض تع فلاحة و بقري و حيا جا قاله قول لبويا غي دزاير لي ما نوليلها حساب روحه راه فخارج ه	37	CC-BY-NC-3.0-MADORAN	available			Exact source inventory only; semantic, translation, GPT, and native review pending.
S6	MADOran_Sentences.tsv:Sentno=73	سلام و عليكم كيراك لباس فطرت غاية فطرت غاية ليوم واه غاية شا كليت كليت بوراك ببطاطا أيا بصحتك ولدي	20	CC-BY-NC-3.0-MADORAN	available			Exact source inventory only; semantic, translation, GPT, and native review pending.
S6	MADOran_Sentences.tsv:Sentno=74	سلام و عليكم يا خويا ضحكني قالك واحد شيباني سقساواه كيراك مع رمضان قالهم كون مشي ديك جغمة تع وضو كون راني ميت ه	24	CC-BY-NC-3.0-MADORAN	available			Exact source inventory only; semantic, translation, GPT, and native review pending.
S6	MADOran_Sentences.tsv:Sentno=75	قالك واحد خطرة واحد عروبي مع طريق دوبلينو كان في لاقونا 22 نهار لي خرجت قالك دار أكسيدون خرجله واحد قالهم أودي لوطو معليش مول عبايا بيضا شكون هو	29	CC-BY-NC-3.0-MADORAN	available			Exact source inventory only; semantic, translation, GPT, and native review pending.
S6	MADOran_Sentences.tsv:Sentno=76	قالك واحد نهار واحد مرته ماتت أيا يروح دايمن للقبر ناس حسبوه يبغيها و لا و راه مارهش قادر على فراقها كي لحقوه ناس لقاوه يقولها يا دودة مترطيش و كوليها مسكينة تشف الله يرحمها	35	CC-BY-NC-3.0-MADORAN	available			Exact source inventory only; semantic, translation, GPT, and native review pending.
S6	MADOran_Sentences.tsv:Sentno=77	صحا فطوركم قالك خطرة واحد شرا أديداس كبيرة عليه باش تجي قاده كي دار طول ضفاره ه	17	CC-BY-NC-3.0-MADORAN	available			Exact source inventory only; semantic, translation, GPT, and native review pending.
S6	MADOran_Sentences.tsv:Sentno=78	@@Lاط@@ذ قالك وحد النهار وحد المعسكري شركة قادرة هود لوهران دخل عند حانوت تع الالكتروميناجي قاله شحال هد المشينا لافي ( الة الغسيل ) ايا مول لحانوت قاللو منبيعش للمعسكريين	30	CC-BY-NC-3.0-MADORAN	available			Exact source inventory only; semantic, translation, GPT, and native review pending.
S6	MADOran_Sentences.tsv:Sentno=79	ايا عاود على غدوا ولا بستيل وخداخور و قاله شحال هد المشينة لافي مول حانوت قاله منبيعش للمعسكريين .	19	CC-BY-NC-3.0-MADORAN	available			Exact source inventory only; semantic, translation, GPT, and native review pending.
S6	MADOran_Sentences.tsv:Sentno=80	اييا عاود غدوا جا ببيريك باش ميعقلش عليه و قاله شحال هده المشينة لافي قاله مانبيعش للمعسكريين	17	CC-BY-NC-3.0-MADORAN	available			Exact source inventory only; semantic, translation, GPT, and native review pending.
S6	MADOran_Sentences.tsv:Sentno=81	ايا قاله كيفاش عرفتني بلي معسكري مول حانوت قاله هده فريجيدان مشي مشينا لافي	14	CC-BY-NC-3.0-MADORAN	available			Exact source inventory only; semantic, translation, GPT, and native review pending.
S6	MADOran_Sentences.tsv:Sentno=82	قالك واحد ليفريزون تع باتيسري يدير بانشوكولا و كرواسون يديه لواحد دوار ايا دار اكسيدون كلشي دفق في لرض جاو صحاب دوار بمطارق يقولو عقارب عقارب بصح علاع قالو عقارب باسكو بنالهم كرواسون كي عقرب	35	CC-BY-NC-3.0-MADORAN	available			Exact source inventory only; semantic, translation, GPT, and native review pending.
S6	MADOran_Sentences.tsv:Sentno=83	واحد نقرا سمع بلي واحد كاين واحد نقرا وخداخور يسكن فدوار قالهم و الله غير نروحو عنده نشوف هدا نقرا غادي نكمل عليه .	24	CC-BY-NC-3.0-MADORAN	available			Exact source inventory only; semantic, translation, GPT, and native review pending.
S6	MADOran_Sentences.tsv:Sentno=84	كي راح عنده يتمشى يتمشى هو يسكن في دوار في جبل لقا واحد شيباني قاله حمبوك هدا نقرا وين يسكن ?	21	CC-BY-NC-3.0-MADORAN	available			Exact source inventory only; semantic, translation, GPT, and native review pending.
S6	MADOran_Sentences.tsv:Sentno=85	داك شيباني كان رافد قرعة تع غاز رفدها وقاله يسكن لهيه قال هدا شيباني يرفد قرعة تع غاز لاخور كي يكون ولا لدوارهم .	24	CC-BY-NC-3.0-MADORAN	available			Exact source inventory only; semantic, translation, GPT, and native review pending.
S6	MADOran_Sentences.tsv:Sentno=86	واحد سيد عند ليكونتونار فلبور غبنوه ديوانا لراح للجامع يا ربي سلكني منهم يا ربي سلكني منهم لقا واحد يا ربي عطيني خبزة لقاه ماعندهش باش يتعشى قاله هاي كارونتميل غير خلي ربي ترونكيل	34	CC-BY-NC-3.0-MADORAN	available			Exact source inventory only; semantic, translation, GPT, and native review pending.
S6	MADOran_Sentences.tsv:Sentno=87	قالك واحدة شيبانية معندهاش سنين راحت عند دونتيست أيا سقساته شعال نيبان قالها ساميل 50 دينارو شعال دروص قالها فاميل 200 دينار قاتله ديرهوملي قاع نيبان	26	CC-BY-NC-3.0-MADORAN	available			Exact source inventory only; semantic, translation, GPT, and native review pending.
S6	MADOran_Sentences.tsv:Sentno=88	واحد فرونسي سقسا ارجيغيا قاله علا نتوما مين تهدروا دخلو هدرتنا معاكم قاله انا جامي قلتها	16	CC-BY-NC-3.0-MADORAN	available			Exact source inventory only; semantic, translation, GPT, and native review pending.
S6	MADOran_Sentences.tsv:Sentno=89	واحد مغندف قاضب طرف غلاصو دايره فشمس حبة غلاصو جا عنده صاحبه قاله شا راك دير قاله باغي نقضب فويت وين راهي ه	23	CC-BY-NC-3.0-MADORAN	available			Exact source inventory only; semantic, translation, GPT, and native review pending.
S6	MADOran_Sentences.tsv:Sentno=90	واح بغا ينتاحر قعاد يطلع فوق بنك و يقيس روحه شافه وحد راجل قاله شا راك دير قاله باغي نقيس روحي قاله الا باغي تنتحر وتقيس روحك روح طلع فوق بطيمات وقيس روحك قاله علاه راك باغيني نموت .	39	CC-BY-NC-3.0-MADORAN	available			Exact source inventory only; semantic, translation, GPT, and native review pending.
S6	MADOran_Sentences.tsv:Sentno=91	خطرة واحد دخل عند كوافير ايا جمع قعد يحسن كي حسنله و كمل قاله خلصني قعد يفريفي ما لقاش عنده دراهم قاله معنديش قاله أملي قعد هنا كي تتغوفل خرج	30	CC-BY-NC-3.0-MADORAN	available			Exact source inventory only; semantic, translation, GPT, and native review pending.
S6	MADOran_Sentences.tsv:Sentno=92	واحد شومور حطيست كان يحوس على خدمة يدور يدور دخل كزيرنة قلاهم ماخصكمش كلونيل هنا صاحبي ه لا ماخصناش صحيت	20	CC-BY-NC-3.0-MADORAN	available			Exact source inventory only; semantic, translation, GPT, and native review pending.
S6	MADOran_Sentences.tsv:Sentno=93	اويحي قالهم هدا شعب يبغي ياكل كل يوم ياوغرت جوع كلبك يتبعك	12	CC-BY-NC-3.0-MADORAN	available			Exact source inventory only; semantic, translation, GPT, and native review pending.
S6	MADOran_Sentences.tsv:Sentno=94	زعما شعب جوعه يتبع حكومة علبالها يدخل حبس خير باسكو هادي مشي هدرة و سقسوه كيفاش نتا قالو بلي عندك ألف كار هو قاله لا عندي الف و خمسمية بصح على مرتي	32	CC-BY-NC-3.0-MADORAN	available			Exact source inventory only; semantic, translation, GPT, and native review pending.
S6	MADOran_Sentences.tsv:Sentno=95	كيفاش مرتك عندها قالهم كيفها كيفكم مواطنة جزايرية عندها حق تدي شوف اسيدي ايا يروح واحد شعب ولا مواطن عادي مسكين و لا قليل شوف الا يعطوه و الله ما يكحل عليها وولد عباس رى يس تع حزب @@Lاط@@ًLٌ قالهم حنا رنا عايشين خير من لسويد هادا مشي مخلخل في عقله هدا مهبول	52	CC-BY-NC-3.0-MADORAN	available			Exact source inventory only; semantic, translation, GPT, and native review pending.
S6	MADOran_Sentences.tsv:Sentno=96	ليوم فلمسلسل مين كان مرزاق يعنق في حبيبته جداتي قاتلي صاي لقا خته قتلها واه صايي لقاها مسكين قاتلي و انا كنت حاسبة زوليخة هي لي خته	27	CC-BY-NC-3.0-MADORAN	available			Exact source inventory only; semantic, translation, GPT, and native review pending.
S6	MADOran_Sentences.tsv:Sentno=97	واحد سيد يموت من مرته قاتله روح شريلي بابوش كي هود للمرشي يشريلها بابوش كي جا طالع شاف طابلة تع دومينو و هو يموت على دومينو	26	CC-BY-NC-3.0-MADORAN	available			Exact source inventory only; semantic, translation, GPT, and native review pending.
S6	MADOran_Sentences.tsv:Sentno=98	و مرته قاتله خوف مطوالش عليا عندك خمس دقايق تشريلي بابوش و تجي	13	CC-BY-NC-3.0-MADORAN	available			Exact source inventory only; semantic, translation, GPT, and native review pending.
S6	MADOran_Sentences.tsv:Sentno=99	و هو يموت على دومينو جا فات على حومة لقا جماعة يلعبو فدومينو دبل سيس طول ما ضربش ساعة ضرب 4 سوايع	22	CC-BY-NC-3.0-MADORAN	available			Exact source inventory only; semantic, translation, GPT, and native review pending.
S6	MADOran_Sentences.tsv:Sentno=100	كي يدير كي يدير شا يقول لمرته دروك بطيت كي يقولها شا دار حط ببوشة عند باب حبة من حبة و حبة ططب حلت باب قاتله هدا وين تجي و الله لجبتهم أبيي من مرشي لدار .	37	CC-BY-NC-3.0-MADORAN	available			Exact source inventory only; semantic, translation, GPT, and native review pending.
S6	MADOran_Sentences.tsv:Sentno=101	وحد مرا كانت حاط ولدها فوق ماريو دخلت جارتها قالتلها علاه راكي حطاته فوق مريو قالتها باش كي يطيح نسمعه	20	CC-BY-NC-3.0-MADORAN	available			Exact source inventory only; semantic, translation, GPT, and native review pending.
S6	MADOran_Sentences.tsv:Sentno=102	قالك واحد النهار واحد معسكري طلع لتموشنت ومشى لحانوت نتاع مواد غذائية وسقساه شعال يدير العلك ?	17	CC-BY-NC-3.0-MADORAN	available			Exact source inventory only; semantic, translation, GPT, and native review pending.
S6	MADOran_Sentences.tsv:Sentno=103	قاله ما نبيعش انت معسكري . عاود رجع عنده غدوا ولابس حطه .	13	CC-BY-NC-3.0-MADORAN	available			Exact source inventory only; semantic, translation, GPT, and native review pending.
S6	MADOran_Sentences.tsv:Sentno=104	وسقساه شعال العلك ? قاله مانبيعش نتا معسكري خرج ومن بعد رجع عنده قاله كيفا ش عرفتني بلي معسكري	19	CC-BY-NC-3.0-MADORAN	available			Exact source inventory only; semantic, translation, GPT, and native review pending.
S6	MADOran_Sentences.tsv:Sentno=105	قاله التموشنتي هذا ماشي علك هادا جومبو	7	CC-BY-NC-3.0-MADORAN	available			Exact source inventory only; semantic, translation, GPT, and native review pending.
S6	MADOran_Sentences.tsv:Sentno=106	قالك وحد الوهراني فات على حومة في معسكر باللوطو ديكابوطابل ايا المعسكريين بدبو عليه سلامات سلامات حسبوه دار أكسيدون	19	CC-BY-NC-3.0-MADORAN	available			Exact source inventory only; semantic, translation, GPT, and native review pending.
S6	MADOran_Sentences.tsv:Sentno=107	مين يزيد مزيود جديد عند كل فاميلية وهرانية نفرحوا و نزهاو الا كانت شيرة و لا شير لخطرش غادي ينور الدار	21	CC-BY-NC-3.0-MADORAN	available			Exact source inventory only; semantic, translation, GPT, and native review pending.
S6	MADOran_Sentences.tsv:Sentno=108	نعرضو قاع الغاشي كيم لحباب و جوارين ونديروا نفاس هي القصعة .	12	CC-BY-NC-3.0-MADORAN	available			Exact source inventory only; semantic, translation, GPT, and native review pending.
S6	MADOran_Sentences.tsv:Sentno=110	كاين لي يمد لنافسة دراهم و كاين لي يمد كادويات كل وحدة دجيب لنجمت عليه	15	CC-BY-NC-3.0-MADORAN	available			Exact source inventory only; semantic, translation, GPT, and native review pending.
S6	MADOran_Sentences.tsv:Sentno=111	لي فيده كل يوم عيده زعما لي عنده دايمان يشري و فرحان	12	CC-BY-NC-3.0-MADORAN	available			Exact source inventory only; semantic, translation, GPT, and native review pending.
S6	MADOran_Sentences.tsv:Sentno=112	لي حرثه فرد دكه جمل	5	CC-BY-NC-3.0-MADORAN	available			Exact source inventory only; semantic, translation, GPT, and native review pending.
S6	MADOran_Sentences.tsv:Sentno=113	بهلول وموصي	2	CC-BY-NC-3.0-MADORAN	available			Exact source inventory only; semantic, translation, GPT, and native review pending.
S6	MADOran_Sentences.tsv:Sentno=114	خدم يا باقي لشاقي و كول يا مستراح	8	CC-BY-NC-3.0-MADORAN	available			Exact source inventory only; semantic, translation, GPT, and native review pending.
S6	MADOran_Sentences.tsv:Sentno=115	خبز دار يكلو براني	4	CC-BY-NC-3.0-MADORAN	available			Exact source inventory only; semantic, translation, GPT, and native review pending.
S6	MADOran_Sentences.tsv:Sentno=116	جات حماتي ليوم و بغات تتحكم فيا في داري و الله الا غايا قالو ناس زمان في عشنا و ينشنا في داري و باغيا تستعمرني	25	CC-BY-NC-3.0-MADORAN	available			Exact source inventory only; semantic, translation, GPT, and native review pending.
S6	MADOran_Sentences.tsv:Sentno=117	@@Lاط@@ذ الي باغها قاع خلاها قاع	6	CC-BY-NC-3.0-MADORAN	available			Exact source inventory only; semantic, translation, GPT, and native review pending.
S6	MADOran_Sentences.tsv:Sentno=118	كرش كبيرة تتقطع	3	CC-BY-NC-3.0-MADORAN	available			Exact source inventory only; semantic, translation, GPT, and native review pending.
S6	MADOran_Sentences.tsv:Sentno=119	مدبوحة تعيب على مسلوخة و مقطعة شابعة ضحك	8	CC-BY-NC-3.0-MADORAN	available			Exact source inventory only; semantic, translation, GPT, and native review pending.
S6	MADOran_Sentences.tsv:Sentno=120	الي ما هو ليك غير يعييك	6	CC-BY-NC-3.0-MADORAN	available			Exact source inventory only; semantic, translation, GPT, and native review pending.
S6	MADOran_Sentences.tsv:Sentno=121	عزيزتي جزائرية واجد باش نصلح اوتوروت من غربه مغنية الى شرقه طارف ببروصادون ادا بينتيلي بلي هنا هو اهم شرط لزواج .	22	CC-BY-NC-3.0-MADORAN	available			Exact source inventory only; semantic, translation, GPT, and native review pending.
S6	MADOran_Sentences.tsv:Sentno=122	ردت عليه قاتله عزيزي جزايري اني واجدة باش نعاود موراك ببابيي مشوار ادا بينتلي بلي شاب جزايري ميهمهش زين شيرة و يشوف غير فعايل	24	CC-BY-NC-3.0-MADORAN	available			Exact source inventory only; semantic, translation, GPT, and native review pending.
S6	MADOran_Sentences.tsv:Sentno=123	اخت سناء كيراكي و كيراهم ناس وهران	7	CC-BY-NC-3.0-MADORAN	available			Exact source inventory only; semantic, translation, GPT, and native review pending.
S6	MADOran_Sentences.tsv:Sentno=124	راني غايا غايا ونهديلكم هدي الغنية	6	CC-BY-NC-3.0-MADORAN	available			Exact source inventory only; semantic, translation, GPT, and native review pending.
S6	MADOran_Sentences.tsv:Sentno=125	@@Lاط@@ذ @@Lاط@@ذ @@Lاط@@ذ داورو ها شبيبة داورو @@Lاط@@ذ @@Lاط@@ذ @@Lاط@@ذ @@Lاط@@ذ	11	CC-BY-NC-3.0-MADORAN	available			Exact source inventory only; semantic, translation, GPT, and native review pending.
S6	MADOran_Sentences.tsv:Sentno=126	حنا عدنا تاريخ ماشي غير هدرة في الريح	8	CC-BY-NC-3.0-MADORAN	available			Exact source inventory only; semantic, translation, GPT, and native review pending.
S6	MADOran_Sentences.tsv:Sentno=127	تالي فينا شيخ ما شي لبارح بدينا	7	CC-BY-NC-3.0-MADORAN	available			Exact source inventory only; semantic, translation, GPT, and native review pending.
S6	MADOran_Sentences.tsv:Sentno=128	لا شيعا لا لا نفيخ حنايا عدنا ساس صحيح	9	CC-BY-NC-3.0-MADORAN	available			Exact source inventory only; semantic, translation, GPT, and native review pending.
S6	MADOran_Sentences.tsv:Sentno=129	عمر راسك مليح و هدا العام الشوبيونا	7	CC-BY-NC-3.0-MADORAN	available			Exact source inventory only; semantic, translation, GPT, and native review pending.
S6	MADOran_Sentences.tsv:Sentno=130	و هايا هايا داورو هاشبيبة داورو	6	CC-BY-NC-3.0-MADORAN	available			Exact source inventory only; semantic, translation, GPT, and native review pending.
S6	MADOran_Sentences.tsv:Sentno=131	وهايا هايا وفكرونا بيام زمان	5	CC-BY-NC-3.0-MADORAN	available			Exact source inventory only; semantic, translation, GPT, and native review pending.
S6	MADOran_Sentences.tsv:Sentno=132	وهايا هايا عيطو لصوارا يصورو	5	CC-BY-NC-3.0-MADORAN	available			Exact source inventory only; semantic, translation, GPT, and native review pending.
S6	MADOran_Sentences.tsv:Sentno=133	وهايا هايا قولنالكم فور و مزال	6	CC-BY-NC-3.0-MADORAN	available			Exact source inventory only; semantic, translation, GPT, and native review pending.
S6	MADOran_Sentences.tsv:Sentno=134	عدنا جمهور مريض في الستاد روبلة مهبولة	7	CC-BY-NC-3.0-MADORAN	available			Exact source inventory only; semantic, translation, GPT, and native review pending.
S6	MADOran_Sentences.tsv:Sentno=135	نحبس ولا نزيد ولا سايي بركانا	6	CC-BY-NC-3.0-MADORAN	available			Exact source inventory only; semantic, translation, GPT, and native review pending.
S6	MADOran_Sentences.tsv:Sentno=136	ماعدناش الفيد ومافيناش الي يتبلى	5	CC-BY-NC-3.0-MADORAN	available			Exact source inventory only; semantic, translation, GPT, and native review pending.
S6	MADOran_Sentences.tsv:Sentno=137	كيتنود تحسب عيد تقول نتا برشلونا	6	CC-BY-NC-3.0-MADORAN	available			Exact source inventory only; semantic, translation, GPT, and native review pending.
S6	MADOran_Sentences.tsv:Sentno=138	الا ربحنا دزاقات تتخبل قاع الحية	6	CC-BY-NC-3.0-MADORAN	available			Exact source inventory only; semantic, translation, GPT, and native review pending.
S6	MADOran_Sentences.tsv:Sentno=139	الروبلة و علامات وشا نحكيلك يا خويا	7	CC-BY-NC-3.0-MADORAN	available			Exact source inventory only; semantic, translation, GPT, and native review pending.
S6	MADOran_Sentences.tsv:Sentno=140	النار عليها قدات هي ممو عينيا	6	CC-BY-NC-3.0-MADORAN	available			Exact source inventory only; semantic, translation, GPT, and native review pending.
S6	MADOran_Sentences.tsv:Sentno=141	حنايا اولوفات ساكنتنا هذي الجنية	5	CC-BY-NC-3.0-MADORAN	available			Exact source inventory only; semantic, translation, GPT, and native review pending.
S6	MADOran_Sentences.tsv:Sentno=142	عمر راسك مليح و هدا العام الشوبيونا	7	CC-BY-NC-3.0-MADORAN	available			Exact source inventory only; semantic, translation, GPT, and native review pending.
S6	MADOran_Sentences.tsv:Sentno=143	. ايا من بعد ايا	5	CC-BY-NC-3.0-MADORAN	available			Exact source inventory only; semantic, translation, GPT, and native review pending.
S6	MADOran_Sentences.tsv:Sentno=144	ا ربي سيدي عييت بزاف انا والله الشكوة لربي منعرت علاش دارو الليسي ? لوكان غير تضرب الزنزلة مشي خير ? وقاع الكوليجات يطيحو ?	25	CC-BY-NC-3.0-MADORAN	available			Exact source inventory only; semantic, translation, GPT, and native review pending.
S6	MADOran_Sentences.tsv:Sentno=146	وليزاقريصيون ما تلبسي ني ذهب ني والو وما تبينيش بورطابل تاعك وشوفي ايالا يخونوك	14	CC-BY-NC-3.0-MADORAN	available			Exact source inventory only; semantic, translation, GPT, and native review pending.
S6	MADOran_Sentences.tsv:Sentno=147	هوما ليجون يغريسوك ايلا شافوك تبيني في دوك الخواتم والمسايس وراكي عارفة بصح لا ماكان غير الخير ان شالله	19	CC-BY-NC-3.0-MADORAN	available			Exact source inventory only; semantic, translation, GPT, and native review pending.
S6	MADOran_Sentences.tsv:Sentno=150	ليوم ديك دليلة قبلت تتزوج بواحد ديجا متزوج و قابلة بلي شرع حلل ربعة بصح كون رجلها يبغي يتزوج عليها تقوله شرع تعرفوه غير فنسا شاولا تتزوج عليا غير هادي لي متصراش ارواح نتا وفهم	35	CC-BY-NC-3.0-MADORAN	available			Exact source inventory only; semantic, translation, GPT, and native review pending.
S6	MADOran_Sentences.tsv:Sentno=152	و الله كبيرة مصباح راني ندور هنا عند جامعة نسقسي هكا مكانش قاع لي بغا يقولي سيرتو شيرات لي نقولها مسكينة تحشم هكا و انا نخاف	26	CC-BY-NC-3.0-MADORAN	available			Exact source inventory only; semantic, translation, GPT, and native review pending.
S6	MADOran_Sentences.tsv:Sentno=156	علاه تخمم علينا نتا دروك راني نسقسي هدا مكان ما فيه والو ايا صفا و الله كبيرة جامعة هنا . ما صبت ما نهدر .	25	CC-BY-NC-3.0-MADORAN	available			Exact source inventory only; semantic, translation, GPT, and native review pending.
S6	MADOran_Sentences.tsv:Sentno=158	خصك حاجة . ما خصني والو خصني نتيا بصراحة .	10	CC-BY-NC-3.0-MADORAN	available			Exact source inventory only; semantic, translation, GPT, and native review pending.
S6	MADOran_Sentences.tsv:Sentno=159	أنا ?	2	CC-BY-NC-3.0-MADORAN	available			Exact source inventory only; semantic, translation, GPT, and native review pending.
S6	MADOran_Sentences.tsv:Sentno=160	واه و الله عجبتيني ناس ملاح عاقلة	7	CC-BY-NC-3.0-MADORAN	available			Exact source inventory only; semantic, translation, GPT, and native review pending.
S6	MADOran_Sentences.tsv:Sentno=161	يسلمك .	2	CC-BY-NC-3.0-MADORAN	available			Exact source inventory only; semantic, translation, GPT, and native review pending.
S6	MADOran_Sentences.tsv:Sentno=163	خويا شا راك تحوس اقزكتمون .	6	CC-BY-NC-3.0-MADORAN	available			Exact source inventory only; semantic, translation, GPT, and native review pending.
S6	MADOran_Sentences.tsv:Sentno=164	ما راني نحوس والو بصراحة مادام مكان ني غاشي ني والو أنا و الله غي نقولهالك علبالك بلي انا سماطة انا سامط ه راكي تضحكي باينة بنت حلال و الله	30	CC-BY-NC-3.0-MADORAN	available			Exact source inventory only; semantic, translation, GPT, and native review pending.
S6	MADOran_Sentences.tsv:Sentno=165	يسلمك .	2	CC-BY-NC-3.0-MADORAN	available			Exact source inventory only; semantic, translation, GPT, and native review pending.
S6	MADOran_Sentences.tsv:Sentno=166	بصح مسرارة .	3	CC-BY-NC-3.0-MADORAN	available			Exact source inventory only; semantic, translation, GPT, and native review pending.
S6	MADOran_Sentences.tsv:Sentno=169	شهر ?	2	CC-BY-NC-3.0-MADORAN	available			Exact source inventory only; semantic, translation, GPT, and native review pending.
S6	MADOran_Sentences.tsv:Sentno=170	مشتنيش قاع مشتنيش ?	4	CC-BY-NC-3.0-MADORAN	available			Exact source inventory only; semantic, translation, GPT, and native review pending.
S6	MADOran_Sentences.tsv:Sentno=171	لا جامي .	3	CC-BY-NC-3.0-MADORAN	available			Exact source inventory only; semantic, translation, GPT, and native review pending.
S6	MADOran_Sentences.tsv:Sentno=175	ادا مجابوهش براس شبانية نطير لسما و نجيبلك لوطو و نجيبها شابة على خطرك مكانش فيها هدرة .	18	CC-BY-NC-3.0-MADORAN	available			Exact source inventory only; semantic, translation, GPT, and native review pending.
S6	MADOran_Sentences.tsv:Sentno=178	يا أنا سامط واه لا سامط نقعد هنا .	9	CC-BY-NC-3.0-MADORAN	available			Exact source inventory only; semantic, translation, GPT, and native review pending.
S6	MADOran_Sentences.tsv:Sentno=182	صحا قولي ختي سمحيلي الله يرحم شوابين سمحيلي .	9	CC-BY-NC-3.0-MADORAN	available			Exact source inventory only; semantic, translation, GPT, and native review pending.
S6	MADOran_Sentences.tsv:Sentno=183	واه	1	CC-BY-NC-3.0-MADORAN	available			Exact source inventory only; semantic, translation, GPT, and native review pending.
S6	MADOran_Sentences.tsv:Sentno=185	انشاء الله	2	CC-BY-NC-3.0-MADORAN	available			Exact source inventory only; semantic, translation, GPT, and native review pending.
S6	MADOran_Sentences.tsv:Sentno=186	يا قالت انشاء الله املي سير ? أيا غدوة نشاء الله على 4 راني هنا .	16	CC-BY-NC-3.0-MADORAN	available			Exact source inventory only; semantic, translation, GPT, and native review pending.
S6	MADOran_Sentences.tsv:Sentno=187	صحا فطوركم . فوهران فصيف فرح و زواج هادي مواكل هدا هاراج و عرس هرس يا لوكان مجاش فيه زغاريت	20	CC-BY-NC-3.0-MADORAN	available			Exact source inventory only; semantic, translation, GPT, and native review pending.
S6	MADOran_Sentences.tsv:Sentno=188	و فخريف شيعة زواج على حواج ها رواح نقولك ادا بغيت تكسب اكسب ارض كبيرة نهار صبا تغنيك و لا بغيت تتزوج تزوج مع مرا كبيرة نهار لي تغرق دبر عليك و عازب الا عوج بغا زواج .	38	CC-BY-NC-3.0-MADORAN	available			Exact source inventory only; semantic, translation, GPT, and native review pending.
S6	MADOran_Sentences.tsv:Sentno=189	ا حزيم ?	3	CC-BY-NC-3.0-MADORAN	available			Exact source inventory only; semantic, translation, GPT, and native review pending.
S6	MADOran_Sentences.tsv:Sentno=190	اه حميد طلع خويا طلع	5	CC-BY-NC-3.0-MADORAN	available			Exact source inventory only; semantic, translation, GPT, and native review pending.
S6	MADOran_Sentences.tsv:Sentno=191	صباح خير سي حزيم او خويا و الله لراك عاجبني و الله راك منور راك تشعل يادر حزيم خويا ديك قضية . تاعش هاد قضية ?	26	CC-BY-NC-3.0-MADORAN	available			Exact source inventory only; semantic, translation, GPT, and native review pending.
S6	MADOran_Sentences.tsv:Sentno=192	كيفاش تاعش هاد قضية راك باغي تقرقجني و لا هداك باب لي قتلك قصدهلي حزيم خويا .	17	CC-BY-NC-3.0-MADORAN	available			Exact source inventory only; semantic, translation, GPT, and native review pending.
S6	MADOran_Sentences.tsv:Sentno=193	اه باب لكحل هداك تع فيلة تع 2 اتاج . اه صحا . لي مقابلة بوشطة صغيرة ياك ? قهوك تحت . واه صايي .	25	CC-BY-NC-3.0-MADORAN	available			Exact source inventory only; semantic, translation, GPT, and native review pending.
S6	MADOran_Sentences.tsv:Sentno=194	هديك تع ولد حاج عكرمي واه . هداك حبيبي روح فروح قرا معايا و كبر معايا و لعبنا فرحبا يا حصراه دنيا ياه . بصح سياما حميد خويا ليقلك دراهم كبار تماك واه ليق شكارة تاع دراهم .	38	CC-BY-NC-3.0-MADORAN	available			Exact source inventory only; semantic, translation, GPT, and native review pending.
S6	MADOran_Sentences.tsv:Sentno=195	ليق شكارة ! ! تسما راك باغيني نقعد كورة ? لا دار لا دوار هاو غايا هكا .	18	CC-BY-NC-3.0-MADORAN	available			Exact source inventory only; semantic, translation, GPT, and native review pending.
S6	MADOran_Sentences.tsv:Sentno=196	انا قليل ما تومرت اه حزيم خويا قليل ما شفت غي تمارة انا كنت نطير تعقل شفتني ب 404 باشي معمرة لفت مدورها فحومة و نتا داخلها تضحك عليا .	30	CC-BY-NC-3.0-MADORAN	available			Exact source inventory only; semantic, translation, GPT, and native review pending.
S6	MADOran_Sentences.tsv:Sentno=197	فوتها للدار سناديق صناديق قاع لافمي موبيليزي اه حاي عليا بن عودا دور ثلث أيام باقية للعيد فوتناها نو د كوكو صاشيات صاشيات في لابستي و خلصنا دراهم و دراهم راهم عندك . وي .	35	CC-BY-NC-3.0-MADORAN	available			Exact source inventory only; semantic, translation, GPT, and native review pending.
S6	MADOran_Sentences.tsv:Sentno=198	نزيد نقولك ? نعطيك تالية أمن و لا بوكلي حواجبك . ديت عليا صبادون في شهر رمضان ولا لا ? واه .	22	CC-BY-NC-3.0-MADORAN	available			Exact source inventory only; semantic, translation, GPT, and native review pending.
S6	MADOran_Sentences.tsv:Sentno=200	اون صي غيقالي .	4	CC-BY-NC-3.0-MADORAN	available			Exact source inventory only; semantic, translation, GPT, and native review pending.
S6	MADOran_Sentences.tsv:Sentno=201	ياك اون صي غيقالي ? هداك دوفان . هداك فليبر . صشيات صشيات . مورصويات مورصويات . دمر لبني عمك في لابستي .	23	CC-BY-NC-3.0-MADORAN	available			Exact source inventory only; semantic, translation, GPT, and native review pending.
S6	MADOran_Sentences.tsv:Sentno=202	هاك غاشي كولا عليا و نباع . و دراهمه راهم عندك نتا وي . حميد بيان كوستيمي بابيون الله الله و روايح غي ساتيم سونس و ويتايم سونس و كورتاج يا خويا هادي مبلقة هادي بهلولة هادي عقونة هادي واوا كي يحضروا كلاكسون يا خويا تشالي .	47	CC-BY-NC-3.0-MADORAN	available			Exact source inventory only; semantic, translation, GPT, and native review pending.
S6	MADOran_Sentences.tsv:Sentno=203	موراها جماعي معمر بناس يزهو داها داها بسيف على يماها . بصح لا ليقلك شكارة .	16	CC-BY-NC-3.0-MADORAN	available			Exact source inventory only; semantic, translation, GPT, and native review pending.
S6	MADOran_Sentences.tsv:Sentno=204	يا ودي يا حميد علاه ما تشوفش مرا قليلة على حسابك ? تكون مرا و نص كي تتزوج و نص يطير تبقى غير مرا كل صبع بصنعة	27	CC-BY-NC-3.0-MADORAN	available			Exact source inventory only; semantic, translation, GPT, and native review pending.
S6	MADOran_Sentences.tsv:Sentno=205	كل صبح ديلك بغرير بقهوة و عشية تدلك مطلوع و صبحية داربة فونارة عمش هاك صابح في وجها هكا نتا تقول واو غادي تاكلني مع صباح .	27	CC-BY-NC-3.0-MADORAN	available			Exact source inventory only; semantic, translation, GPT, and native review pending.
S6	MADOran_Sentences.tsv:Sentno=206	لا لا مانيش باغي هكدا . راني باغي زين و عوين . وي و حيا واقفة و شوفو دون لو فون @@Lاط@@دَنس @@Lاط@@لe @@Lاط@@ثeنت . حيا فور . باغي رقبة كي طرنيش صافية و وجه مراية لاقي لاقي ها ربي لاقي نار اشواقي في بنت عكرمي . اه مطلوعة .	50	CC-BY-NC-3.0-MADORAN	available			Exact source inventory only; semantic, translation, GPT, and native review pending.
S6	MADOran_Sentences.tsv:Sentno=207	اه مطلوعة معليش الي فات على كلمة فات على روح . علبالي بلي راح مدمر .	16	CC-BY-NC-3.0-MADORAN	available			Exact source inventory only; semantic, translation, GPT, and native review pending.
S6	MADOran_Sentences.tsv:Sentno=208	ما راني لا مدمر لا نزمر , دراهمي دروك نديهم قاع مدوخنيش .	13	CC-BY-NC-3.0-MADORAN	available			Exact source inventory only; semantic, translation, GPT, and native review pending.
S6	MADOran_Sentences.tsv:Sentno=209	اه سمع حميد تكشف فيا قدام غاشي صباح الله . ما تقولي لا نكشفك لا والو . نهبلك و الله ما رها فارية درك براس ما عزيزة مراها فارية قاع حق رسول الله .	34	CC-BY-NC-3.0-MADORAN	available			Exact source inventory only; semantic, translation, GPT, and native review pending.
S6	MADOran_Sentences.tsv:Sentno=210	اه سمع براس ما نكشف عند جوارين يوم اه تراتقي متحشمش . دراهمس دايهم دايهم .	16	CC-BY-NC-3.0-MADORAN	available			Exact source inventory only; semantic, translation, GPT, and native review pending.
S6	MADOran_Sentences.tsv:Sentno=211	اه تراتقي انيا ? شوف روح تشكي متديش دراهمك تروح و لا متروحش دروك . اه و الله ما راهي فارية اه صحا كل شوفة مخلوفة .	27	CC-BY-NC-3.0-MADORAN	available			Exact source inventory only; semantic, translation, GPT, and native review pending.
S6	MADOran_Sentences.tsv:Sentno=212	وحدة متسعفش مها جات خارجة مدارمها قالتلها اه محنطة وين راكي غادية قالتلها متحوسيش عليا جات مها قالتلها اه راكي كيما هكا و الله غي قد ما يجي خوك نحرشه فيك يمحطك ردت عليها و قالتلها دزي معاهم ردخت باب دارت رايها وخرجت	43	CC-BY-NC-3.0-MADORAN	available			Exact source inventory only; semantic, translation, GPT, and native review pending.
S6	MADOran_Sentences.tsv:Sentno=221	ايا لايمته و دفعته و قعدت نقارع بصح كنت نروح خطرة على خطرة نشوف وين واصل دوصيي باسكو خاصه يروح حتى ألجي عاصمة للوزارة باش هوما يرسلوه للجامعة و نديروا الاجراءات .	32	CC-BY-NC-3.0-MADORAN	available			Exact source inventory only; semantic, translation, GPT, and native review pending.
S6	MADOran_Sentences.tsv:Sentno=222	فات وقت و والو دايمن نروح و يقلولي مازال ايا زهر قلعت لألجي كي وصلت تماك قالولي بلي ملف تاعك مراهش قاع عندنا نخلعت و قتلهم لا كيفاه موصلش	29	CC-BY-NC-3.0-MADORAN	available			Exact source inventory only; semantic, translation, GPT, and native review pending.
S6	MADOran_Sentences.tsv:Sentno=225	قتلها كيفاه مكانش دوسيي تاعي اني هنا فألجي قالتلي لا حنا رسلناه قتلها راكي تزعقي عليا اني نقولك راني دروك فوزارة و قالولي بلي مكانش ملف تاعك .	28	CC-BY-NC-3.0-MADORAN	available			Exact source inventory only; semantic, translation, GPT, and native review pending.
S6	MADOran_Sentences.tsv:Sentno=230	و انا نقولها انا حطيته تقوليلي مكانش جهلتني حتى طلعة للعمادة و قتلهم حوسولي جبدوهلي من سما من ما ودرتوهالي و غادي يفوتني وقت ديجا راه فايت سموكم تجبدوهلي	29	CC-BY-NC-3.0-MADORAN	available			Exact source inventory only; semantic, translation, GPT, and native review pending.
S6	MADOran_Sentences.tsv:Sentno=231	والوا مرمدوني كل يوم دايا تاكسي و خطرتش يجيبني بابا ايا قلت لبابا غي رواح هادو راهم يلعبو عليا و مبغاوش يمدولي ملف تاعي ودروهلي و مارحش قاع لألجي و ماغديش يروح و تروحلي لابوغس	35	CC-BY-NC-3.0-MADORAN	available			Exact source inventory only; semantic, translation, GPT, and native review pending.
S6	MADOran_Sentences.tsv:Sentno=232	ما دابيهم يدو معرفة و حبابهم و يدولي حقي غي هادي لي متصراش .	14	CC-BY-NC-3.0-MADORAN	available			Exact source inventory only; semantic, translation, GPT, and native review pending.
S6	MADOran_Sentences.tsv:Sentno=233	غدوة جينا غدوة من داك بابا دار تاباج نزقو جبدولنا دوصيي تلاقها هاديك دوايان قاعدة تاكل في روحها	18	CC-BY-NC-3.0-MADORAN	available			Exact source inventory only; semantic, translation, GPT, and native review pending.
S6	MADOran_Sentences.tsv:Sentno=234	قالها استادة تع بطاطا متستهليش تكوني استادة	7	CC-BY-NC-3.0-MADORAN	available			Exact source inventory only; semantic, translation, GPT, and native review pending.
S6	MADOran_Sentences.tsv:Sentno=237	طرت فيها و قتلها انا مسحقيناه ايرجون منقدوش نقارعوا ايا قعدت تتفلسف علينا و علبانا بلي راه داخل حتى قدرة من عند الله سبحانه و يبغي يسلك عباده جا واحد خارج من بيروا تع ريكتور	35	CC-BY-NC-3.0-MADORAN	available			Exact source inventory only; semantic, translation, GPT, and native review pending.
S6	MADOran_Sentences.tsv:Sentno=238	صحب بابا يعرفه غاية قاله بشير شا راك دير هنا سلم عليه و قاله شا خصك ايا قله بنتي مكلسا لولا فخر للجامعة راهم يجرجروا فيها ودرولها دوصيي لي لايمتاه لبورس باش تروح تقرى ايا باغيين نشوفو ريكتور	38	CC-BY-NC-3.0-MADORAN	available			Exact source inventory only; semantic, translation, GPT, and native review pending.
S6	MADOran_Sentences.tsv:Sentno=239	قاله ارواح انا نديك قال لسكريتير قالها بعدي هدا يدخل معايا ايا دخلنا و حكينا له بلي هي فخر جامعة و حقهم يكرموني مشي يشيطوني و يودرولي دوصيي تاعي و كي نكمل نولي فخر لولاية وهران قاع	37	CC-BY-NC-3.0-MADORAN	available			Exact source inventory only; semantic, translation, GPT, and native review pending.
S6	MADOran_Sentences.tsv:Sentno=240	ايا قاله انا معلبلايش بلي راه صاري قاع هاد شي و راهم غابنينك دروك دوك نشوفلك اهدرمع دوايين و فيس غيكتور	21	CC-BY-NC-3.0-MADORAN	available			Exact source inventory only; semantic, translation, GPT, and native review pending.
S6	MADOran_Sentences.tsv:Sentno=242	قتله مانيش باغية نخرج حتى نديه عاود عيط قالهم متخرجوش حتى تلقوه اني نقارع حق وقف معانا و فتالي وين لقاوه قايسينهلي فالأرشيف فغبرة	24	CC-BY-NC-3.0-MADORAN	available			Exact source inventory only; semantic, translation, GPT, and native review pending.
S6	MADOran_Sentences.tsv:Sentno=243	و رسلنا عند لي تحته فيس غيكتور ستقبلتنا و قعدت ترقع فهدرة و وصاهم قالهم ليوم تدوه لألجي يقلع عشية و يديه باش يوصل ليوم و يتريتوه غدوة فوزارة	29	CC-BY-NC-3.0-MADORAN	available			Exact source inventory only; semantic, translation, GPT, and native review pending.
S6	MADOran_Sentences.tsv:Sentno=249	قالولي مشي حنا هوما تخافي ميقبلوش قتلهم معليش غي رسلوا ادا مقبلوش معليش مهم رسلو .	16	CC-BY-NC-3.0-MADORAN	available			Exact source inventory only; semantic, translation, GPT, and native review pending.
S6	MADOran_Sentences.tsv:Sentno=250	هوما بلعاني مبغاوش يعيوا رواحهم و يرسلوا ايا قعدوا يديرولي فسبايب . ايا قالولي حنا نرسلو و نشوفوا مكانش حاجا قارونتي و انا غاضتني عمري واحد يعيا و ربي يكتبله حاجا و يجو يدوله حقه	35	CC-BY-NC-3.0-MADORAN	available			Exact source inventory only; semantic, translation, GPT, and native review pending.
S6	MADOran_Sentences.tsv:Sentno=252	ايا تشاورت مع بويا و قتله اني حاسة كون نقعد غي هاك ماغديش يرسلوهلي غي شوفلي عمي لي يخدم فبرلمان غي باش يرسلوه هوما كون يزيدو يديرو لروطار و ميرسلوهش للأردن ماغديش قاع نروح و تطفر فيا .	38	CC-BY-NC-3.0-MADORAN	available			Exact source inventory only; semantic, translation, GPT, and native review pending.
S6	MADOran_Sentences.tsv:Sentno=254	حكيناله قاع شا صرا حق وقف معانا و عيط لصاحبه صيناتور و خلانا نتلاقو مع مستشارة وزير فكابين تاعها شكون يوصللها تا واحد ما يشوفها تخدم مع وزير تعليم العالي حجار حاجة كبيرة	33	CC-BY-NC-3.0-MADORAN	available			Exact source inventory only; semantic, translation, GPT, and native review pending.
S6	MADOran_Sentences.tsv:Sentno=258	عيطت لسكرتير جنيرال س . ج يقوله و هو عيط لسو ديركتريس لي مدتاهش فيا و قاتلي فات ديلي قالتلها دروك ترسلو دوصيي تاعها ايا قاتلي ولي عندها أيا لخرا معجبهاش حال	32	CC-BY-NC-3.0-MADORAN	available			Exact source inventory only; semantic, translation, GPT, and native review pending.
S6	MADOran_Sentences.tsv:Sentno=259	مي شفت لي فوقها زعما فوتها من شقها باسكو هي قعدت تتلعب عليا	13	CC-BY-NC-3.0-MADORAN	available			Exact source inventory only; semantic, translation, GPT, and native review pending.
S6	MADOran_Sentences.tsv:Sentno=262	فرحت و ترسل و قرعت شويا أيا ابري عيطولي قالولي حمد الله بصحتك سنييت كونطرا تع 4 سنين و جبت فيزا هداك نهار و ميتة بفرحة حمد لله ربي كتبهالي و رحت و حمد لله .	36	CC-BY-NC-3.0-MADORAN	available			Exact source inventory only; semantic, translation, GPT, and native review pending.
S6	MADOran_Sentences.tsv:Sentno=263	كي يكتبهالك ربي حتى عبد ميقلهالك ادا عطاك عاطي جبال ليكي طاطي و هدي هيا واحد يسعى و ربي يكمله انشاء لله .	23	CC-BY-NC-3.0-MADORAN	available			Exact source inventory only; semantic, translation, GPT, and native review pending.
S6	MADOran_Sentences.tsv:Sentno=264	سلام عليكم صحا رمضانكم وصلوني بزاف لي مساج من عند متتبعين تع مسلسل ولاد حلال و تكلموا على هداك لقالو بيان بلي مضمون مسلسل مايليقش يبث في لي شان تع تلفزيون	31	CC-BY-NC-3.0-MADORAN	available			Exact source inventory only; semantic, translation, GPT, and native review pending.
S6	MADOran_Sentences.tsv:Sentno=265	و رسلولي ناس بزاف من مدينة وهران يقولك بلي حنا متبرى ءين من هدا شي	14	CC-BY-NC-3.0-MADORAN	available			Exact source inventory only; semantic, translation, GPT, and native review pending.
S6	MADOran_Sentences.tsv:Sentno=266	و علبالي باسكو هاديك قناة بنعمي حلبتوها و الله معنديش كي نوصفكم راك فاهم كنت قايلكم كنت امجينكم بلي نتوما قناة كيما يقولو زيقو بصح هاد قناة كاين رخس للاشتي جيب واحد 3000 متر تحتها تجي قناة نهار	38	CC-BY-NC-3.0-MADORAN	available			Exact source inventory only; semantic, translation, GPT, and native review pending.
S6	MADOran_Sentences.tsv:Sentno=267	تسما فوتو رخس زعما مانيش مأمن درتو واحد زعما دار ورقة هادوك تجمعات فبلاسدارم	14	CC-BY-NC-3.0-MADORAN	available			Exact source inventory only; semantic, translation, GPT, and native review pending.
S6	MADOran_Sentences.tsv:Sentno=268	هدوك راهم يتجمعو للحراك نتوما راكم ضد حراك راهم كل يوم يتجمعوا و عرضوني تماك باش نشوف دي سبكتاكل دو تياتر راهم يجو كل يوم يتجمعو للحراك خاطي قاع مسلسل	30	CC-BY-NC-3.0-MADORAN	available			Exact source inventory only; semantic, translation, GPT, and native review pending.
S6	MADOran_Sentences.tsv:Sentno=269	هادوك ناس راهم يخرجوا كل يوم فليل هادوك مناضلين تع بصح و جا واحد كتب ورقة و حطها هكا و زعما دار تصويرة و خلا شعب موراه و قال هادو سكان مدينة وهران	33	CC-BY-NC-3.0-MADORAN	available			Exact source inventory only; semantic, translation, GPT, and native review pending.
S6	MADOran_Sentences.tsv:Sentno=270	داك بيان ما راه ممضي ما فيه قاى مة اسمية ما والو زعما فوق رخس مكاينش راك فاهمني نتوما قناة حطيتو معلومات مشي نيشان على شعب و أروزمون شعب يعرفكم كيدايرين	30	CC-BY-NC-3.0-MADORAN	available			Exact source inventory only; semantic, translation, GPT, and native review pending.
S6	MADOran_Sentences.tsv:Sentno=271	كيما قتلكم رخس من بعد واحد 3000 و لا 10000 كلم تجي قناة نهار و بنسبة كاين لي هكا	19	CC-BY-NC-3.0-MADORAN	available			Exact source inventory only; semantic, translation, GPT, and native review pending.
S6	MADOran_Sentences.tsv:Sentno=272	انا و الله منزعف باسكو كاين ممثلين مراهمش يخدموا و ممثلين فاشلين حنا صحابنا نعرفوهم ما راهمش يخدموا قاع و الله منزعف عليهم	23	CC-BY-NC-3.0-MADORAN	available			Exact source inventory only; semantic, translation, GPT, and native review pending.
S6	MADOran_Sentences.tsv:Sentno=273	معليش غيرة و شعال من حاجة بصح كاين وحدين يلعبوها نقاد كيما واحد مثلا يسموه سليم اغا هدر انا و الله ما نشوفه هو اللي كتب لصحافة الالكترونية هادي باسكو هو اللي يكتب فدوك مواقع تع نهار دونك سليم أغا شعب جزايري ما يعرفهش .	45	CC-BY-NC-3.0-MADORAN	available			Exact source inventory only; semantic, translation, GPT, and native review pending.
S6	MADOran_Sentences.tsv:Sentno=274	هو كان باغي يعرفوه بس واحد ميعرفه كرطون و ميعرفهش شوف كاين فشل منبعد كاين وحد 6000 و 10000 كلم تحت من بعد يجي هو دونك هادو ناس نشفق عليهم	30	CC-BY-NC-3.0-MADORAN	available			Exact source inventory only; semantic, translation, GPT, and native review pending.
S6	MADOran_Sentences.tsv:Sentno=278	و حمد الله نجاح رانا نشوفو فيه فشارع في مدينة وهران	11	CC-BY-NC-3.0-MADORAN	available			Exact source inventory only; semantic, translation, GPT, and native review pending.
S6	MADOran_Sentences.tsv:Sentno=279	و هادو ناس الي راهم يهدروا و يقولو لا وهران و قاع هادو ناس باغيين تفرقة باغينا نتفركتوا قناة نهار معروفة بمشروع تاعها تحوس تفركت بكل طرق	27	CC-BY-NC-3.0-MADORAN	available			Exact source inventory only; semantic, translation, GPT, and native review pending.
S6	MADOran_Sentences.tsv:Sentno=281	مناش فهدا مستوى دونك هاد مسلسل لقا نجاح باسكو فيه صدق كبير و فيه تعب كبير و هدرناش بفيلتر حنا منهدروش بلفيتر	22	CC-BY-NC-3.0-MADORAN	available			Exact source inventory only; semantic, translation, GPT, and native review pending.
S6	MADOran_Sentences.tsv:Sentno=282	خطاش فنان لازم يكون صادق مع مجتمع تاعه دونك ميرسي حنا رنا كل يوم غدوة مام يوم فليل غادي نكونو في بلاصدارم نتمنى من بيبليك تاعنا ردوا هادو اللي راهم يهدروا باسم وهران	33	CC-BY-NC-3.0-MADORAN	available			Exact source inventory only; semantic, translation, GPT, and native review pending.
S6	MADOran_Sentences.tsv:Sentno=283	نتوما تاني قال انا راني نتفرج في ولاد حلال زكارة في قناة نهار يغمو اوفندوكونت باسكو هادو تصرفات ميقدرش يديرها مواطن نزيه يديرها غير مواطن اللي ذرة تاعه ذرة تع واحد حركي	32	CC-BY-NC-3.0-MADORAN	available			Exact source inventory only; semantic, translation, GPT, and native review pending.
S6	MADOran_Sentences.tsv:Sentno=284	متقدتش تكون و انا منخدمش معاكم يا قناة نهار و الله عظيم لوكان نموت بشر هدرتوا معيا و رسلتولي مع جماعتكم و قتولي أرواح معليش و هاد هدرة نروح نقولها فقناة تاعنا ارواح تقد تنتقدنا فقناة تاعنا أنا منفوتش فقناة تاعكم	41	CC-BY-NC-3.0-MADORAN	available			Exact source inventory only; semantic, translation, GPT, and native review pending.
S6	MADOran_Sentences.tsv:Sentno=285	و ليباج اللي كانو يسبوني من قبل بلي ديت 135 مليار و كنت ضد حراك هوما نفسهم صفحات راهم يهاجموا فولاد حلال	22	CC-BY-NC-3.0-MADORAN	available			Exact source inventory only; semantic, translation, GPT, and native review pending.
S6	MADOran_Sentences.tsv:Sentno=286	باسكو ولاد حلال مشروع ناجح بفضل الجميع و فيه كوكبة من ممثلين راى عين ممثلين توب و هاربين نيفو طالع	19	CC-BY-NC-3.0-MADORAN	available			Exact source inventory only; semantic, translation, GPT, and native review pending.
S6	MADOran_Sentences.tsv:Sentno=289	غادي نكون انا و زينو و مصطفى لعريبي و خساني و قاع ايكيب تاعنا تاني امين بابيلون غادي نكونو تما اللي يبغي يجي عندنا مرحبا بيه و اللي مراهش ضد ولاد حلال يجي يشوفنا	34	CC-BY-NC-3.0-MADORAN	available			Exact source inventory only; semantic, translation, GPT, and native review pending.
S6	MADOran_Sentences.tsv:Sentno=290	دونك مرسي بو صحا رمضانكم و نزيد كيما قلت هاد قناة تبغي فشل و متبغيش نجاح	16	CC-BY-NC-3.0-MADORAN	available			Exact source inventory only; semantic, translation, GPT, and native review pending.
S6	MADOran_Sentences.tsv:Sentno=292	وي هواري سمحلي على روطار .	6	CC-BY-NC-3.0-MADORAN	available			Exact source inventory only; semantic, translation, GPT, and native review pending.
S6	MADOran_Sentences.tsv:Sentno=294	حلاب .	2	CC-BY-NC-3.0-MADORAN	available			Exact source inventory only; semantic, translation, GPT, and native review pending.
S6	MADOran_Sentences.tsv:Sentno=295	صحيت .	2	CC-BY-NC-3.0-MADORAN	available			Exact source inventory only; semantic, translation, GPT, and native review pending.
S6	MADOran_Sentences.tsv:Sentno=297	اوه صحيت	2	CC-BY-NC-3.0-MADORAN	available			Exact source inventory only; semantic, translation, GPT, and native review pending.
S6	MADOran_Sentences.tsv:Sentno=298	فوت وقت شباب معاك و مدابيا نعاودو نتلاقوا .	9	CC-BY-NC-3.0-MADORAN	available			Exact source inventory only; semantic, translation, GPT, and native review pending.
S6	MADOran_Sentences.tsv:Sentno=299	أنا تاني . نعيطلك ياك ايا باي باي	8	CC-BY-NC-3.0-MADORAN	available			Exact source inventory only; semantic, translation, GPT, and native review pending.
S6	MADOran_Sentences.tsv:Sentno=300	ايا كيفاش فاتت	3	CC-BY-NC-3.0-MADORAN	available			Exact source inventory only; semantic, translation, GPT, and native review pending.
S6	MADOran_Sentences.tsv:Sentno=301	بزاف حنين بزاف ناس ملاح مي مشكيتش نعاودو نتشاوفوا	9	CC-BY-NC-3.0-MADORAN	available			Exact source inventory only; semantic, translation, GPT, and native review pending.
S6	MADOran_Sentences.tsv:Sentno=302	صفا 45 دقيقة تع روطار بديت نتقلق .	8	CC-BY-NC-3.0-MADORAN	available			Exact source inventory only; semantic, translation, GPT, and native review pending.
S6	MADOran_Sentences.tsv:Sentno=303	شولا كنت نهدر معا صاحبي	5	CC-BY-NC-3.0-MADORAN	available			Exact source inventory only; semantic, translation, GPT, and native review pending.
S6	MADOran_Sentences.tsv:Sentno=305	وي يا ودي هداصاحبك مهبول متسمعلهش . غير خلصي مجبتش دراهم معايا .	13	CC-BY-NC-3.0-MADORAN	available			Exact source inventory only; semantic, translation, GPT, and native review pending.
S6	MADOran_Sentences.tsv:Sentno=306	لا خويا اني معاك فتليفون ما راني ندير والو	9	CC-BY-NC-3.0-MADORAN	available			Exact source inventory only; semantic, translation, GPT, and native review pending.
S6	MADOran_Sentences.tsv:Sentno=307	راني ناكل بعين . سهيلة متزعفيش راني نقصر معاه صاحبي برك . بون اني رايح اوك . سلام .	19	CC-BY-NC-3.0-MADORAN	available			Exact source inventory only; semantic, translation, GPT, and native review pending.
S6	MADOran_Sentences.tsv:Sentno=308	ايا كي فاتت ?	4	CC-BY-NC-3.0-MADORAN	available			Exact source inventory only; semantic, translation, GPT, and native review pending.
S6	MADOran_Sentences.tsv:Sentno=309	غامض , رجلة , ميحلبش . لقيت راجل حياتي .	10	CC-BY-NC-3.0-MADORAN	available			Exact source inventory only; semantic, translation, GPT, and native review pending.
S6	MADOran_Sentences.tsv:Sentno=310	يا عمري هاد عام تاعك . تستاهلي	7	CC-BY-NC-3.0-MADORAN	available			Exact source inventory only; semantic, translation, GPT, and native review pending.
S6	MADOran_Sentences.tsv:Sentno=311	عرفت واحد بزاف شباب في انستاغرام . شاولا حاجا وحدة دايمن يهدر فتليفون مع صاحبه ايا تفكرت لي كانت معاه تاني يهدر فتليفون هادي هي حالة لي يخلط خليت الي يبغيها و يتهلا فيها و راحت تجري مور اللي مدايهاش فيها	41	CC-BY-NC-3.0-MADORAN	available			Exact source inventory only; semantic, translation, GPT, and native review pending.
S6	MADOran_Sentences.tsv:Sentno=312	شعال بكات كي شافته مع وخدوخرا و تمنت لوكان قعدت مع لاول غرها فاني و ماتريال سبو رسا ابري تو الحب هو الاهتمام احترام و الحب و اكثرحاجة احترام	29	CC-BY-NC-3.0-MADORAN	available			Exact source inventory only; semantic, translation, GPT, and native review pending.
S6	MADOran_Sentences.tsv:Sentno=313	و نوصي مديروش كيفي و كونو مع واحد اللي يسبق لي يبغيها قبله هو و نشاء لله ديتو عبرة .	20	CC-BY-NC-3.0-MADORAN	available			Exact source inventory only; semantic, translation, GPT, and native review pending.
S6	MADOran_Sentences.tsv:Sentno=314	يا ما . شاخصك يا ولدي .	7	CC-BY-NC-3.0-MADORAN	available			Exact source inventory only; semantic, translation, GPT, and native review pending.
S6	MADOran_Sentences.tsv:Sentno=315	راني باغي نتزوج . لا حمبوك لا . بصح علاه . صحا نزوجك بنت خالتك . منتزوجهاش . بنت خالتي تتشبه لجيلالي شوفيلي واحدة تكون شابة .	27	CC-BY-NC-3.0-MADORAN	available			Exact source inventory only; semantic, translation, GPT, and native review pending.
S6	MADOran_Sentences.tsv:Sentno=316	يا ولدي غادي نخطبلك وحدة شابة بزاف . ايا تروح معايا نخطبلك . أيا نروحو .	16	CC-BY-NC-3.0-MADORAN	available			Exact source inventory only; semantic, translation, GPT, and native review pending.
S6	MADOran_Sentences.tsv:Sentno=317	سلام عليكم . وعليكم سلام .	6	CC-BY-NC-3.0-MADORAN	available			Exact source inventory only; semantic, translation, GPT, and native review pending.
S6	MADOran_Sentences.tsv:Sentno=318	جيناكم بالحسب و النسب باه نخطبو بنتكم بصح كاين شروط و شوالا هادو شروط .	15	CC-BY-NC-3.0-MADORAN	available			Exact source inventory only; semantic, translation, GPT, and native review pending.
S6	MADOran_Sentences.tsv:Sentno=319	مهر تاعها 50 مليون و تعطينا 20 مليون . تزيد تعطي لخوها 30 مليون خطارش مارهش خدام و زيد تشريلها 80 مليون تع ذهب و تزيد سكنة و لوطو .	30	CC-BY-NC-3.0-MADORAN	available			Exact source inventory only; semantic, translation, GPT, and native review pending.
S6	MADOran_Sentences.tsv:Sentno=320	بعد ساعة من شروط . يا انا زوالي و قليل معنديش مين باغي نجيب دراهم . روح و خدم و جيبلنا دراهم و لا منعطوكش بنتنا . نروح نخدم و كي نلم دراهم نتزوج بنتكم . اوك .	38	CC-BY-NC-3.0-MADORAN	available			Exact source inventory only; semantic, translation, GPT, and native review pending.
S6	MADOran_Sentences.tsv:Sentno=321	بعد سنتين مع خدمة . لراني جبت دراهم . ايا تعطوني نتزوج بنتكم واه رانا قابلين روح اتزوجها	18	CC-BY-NC-3.0-MADORAN	available			Exact source inventory only; semantic, translation, GPT, and native review pending.
S6	MADOran_Sentences.tsv:Sentno=322	ه حشينهاله اول يوم بعد زوجي و اخيرا وليتي مرتى اجمل نهار في حياتي و انا تاني راجلي ودروك روحي ديري فطور واه بصح ندوش و نجي نديره اوك .	30	CC-BY-NC-3.0-MADORAN	available			Exact source inventory only; semantic, translation, GPT, and native review pending.
S6	MADOran_Sentences.tsv:Sentno=323	كي خرجت قالها شكون نتا ومين جيت ? و شكون جابك ?	12	CC-BY-NC-3.0-MADORAN	available			Exact source inventory only; semantic, translation, GPT, and native review pending.
S6	MADOran_Sentences.tsv:Sentno=324	قاتله انا غي مرتك معرفتنيش غي مين قلعت مكياج قال حشاوهلي ولاد حرام مدولي جيلالي ب 250 مليون الله لا تربحهم روحي خرجي عليا .	25	CC-BY-NC-3.0-MADORAN	available			Exact source inventory only; semantic, translation, GPT, and native review pending.
S6	MADOran_Sentences.tsv:Sentno=327	و هو يقولها نو مون بيبي تو فا بيان راني معاك افيك توا توجوغ .	15	CC-BY-NC-3.0-MADORAN	available			Exact source inventory only; semantic, translation, GPT, and native review pending.
S6	MADOran_Sentences.tsv:Sentno=329	و راجلها يقولها اسكتي فاطيمة بهدلتينا و هي تضبح مسكينة و عبدقا يتبع ويسمع في دعاوي شر يا عبدقا الله لا تربحك يا عبدقا نتا سبابي يا عبدقا لوكان علبالي ما نديرهاش يا عبدقا روح الله يعطيك ضربة	38	CC-BY-NC-3.0-MADORAN	available			Exact source inventory only; semantic, translation, GPT, and native review pending.
S6	MADOran_Sentences.tsv:Sentno=330	كي يدخلوها باش يجبدو بيبي يلقاوها في نص لادات مازلها شهرين باش تولد نحير ه .	16	CC-BY-NC-3.0-MADORAN	available			Exact source inventory only; semantic, translation, GPT, and native review pending.
S6	MADOran_Sentences.tsv:Sentno=331	حكيلنا موقف صرالك فبحر . عندي صاحبي رسام يخرج عجب من يده كان يروح معانا للبحر بلا ما يدي سنتيم واحد يشور بزوج ملايين يترفح في نهار	27	CC-BY-NC-3.0-MADORAN	available			Exact source inventory only; semantic, translation, GPT, and native review pending.
S6	MADOran_Sentences.tsv:Sentno=332	كان يدي معاه ماركار و يتكل على ربي و كان تاتواج بشنوية شايع و هو ميعرفش حروف تع شناوة راح دبر قابسة تع لتاي فيها كتبة بشنوية	27	CC-BY-NC-3.0-MADORAN	available			Exact source inventory only; semantic, translation, GPT, and native review pending.
S6	MADOran_Sentences.tsv:Sentno=333	المهم لابلاج قاع تدور بتاتواج مكتوب فيه شاي اخضر صيني لول شفت كومارس كيفاش داير ه .	17	CC-BY-NC-3.0-MADORAN	available			Exact source inventory only; semantic, translation, GPT, and native review pending.
S6	MADOran_Sentences.tsv:Sentno=334	شوف كاين ثلاثة كاتيغوري تاع لي جان في الجزائر لول و هو لي كاين بزاف منه في وقتنا هو لي يضل راقد فالدار و مينوضش حتي 2 و لا 3 يروح يفطر	32	CC-BY-NC-3.0-MADORAN	available			Exact source inventory only; semantic, translation, GPT, and native review pending.
S6	MADOran_Sentences.tsv:Sentno=335	من بعد يغلبها كونيكسيون فالدار كي يجي وقت القهوه يعيط لصحابه يتلاقو فقهوه يضل يمنشر مع صحابه و يكمي نقولك ينسف حتي ميقدش	23	CC-BY-NC-3.0-MADORAN	available			Exact source inventory only; semantic, translation, GPT, and native review pending.
S6	MADOran_Sentences.tsv:Sentno=336	منبعد يدخل يتعشا و يعاود يخرج يشري زطلة و يبات برا يشرب و يدابز فالناس تجي 4 تاع صباح يدخل يرقد و هي كيما هاك .	26	CC-BY-NC-3.0-MADORAN	available			Exact source inventory only; semantic, translation, GPT, and native review pending.
S6	MADOran_Sentences.tsv:Sentno=337	صنف الزاوج هو لي ينوض صباح يبكر باش يقرى مسكين و لا يكحل و يرندف مهم تلقاه جايب وقتاه قاع في الجامعة حتي حشيا يفطر برا دي فوا كي يكون مدرهم و لا في ريسطو تاع الجامعة .	38	CC-BY-NC-3.0-MADORAN	available			Exact source inventory only; semantic, translation, GPT, and native review pending.
S6	MADOran_Sentences.tsv:Sentno=339	مي تلقاهم يهدرو علي قراية و لي بروف و لا على شيرات لي يقرو معاهم و يحطو فلي صطوري فالانستغرام و لا سناب من بعد يدخلو يتعشو و يلصقوا فالفيسبوك حتي لل 2 يرقدو و يبكرو حياة زيروا .	39	CC-BY-NC-3.0-MADORAN	available			Exact source inventory only; semantic, translation, GPT, and native review pending.
S6	MADOran_Sentences.tsv:Sentno=341	بصح متلقاهش مهني مسكين يضل يشرب و يسكر و يجري بلوطو تع بوه قاع نهار مغلبه و يحوس عليه و هو مغموم حاجة متعمرله قلبه يسموها دعوة شر و عياذ بالله	31	CC-BY-NC-3.0-MADORAN	available			Exact source inventory only; semantic, translation, GPT, and native review pending.
S6	MADOran_Sentences.tsv:Sentno=342	وينها كاتقوري فيهم انا تشوف روحك فيها . انا قاع مسييهم و مكانش كيما واحد يرفد غيسوبسبليتي و يكون راجل يضرب بذراعه و يلايم و يتكل على روحه . مشي يقابل شيرات و معنده حتى هدف فحياته و والدين ربي يخليهوملي .	42	CC-BY-NC-3.0-MADORAN	available			Exact source inventory only; semantic, translation, GPT, and native review pending.
S6	MADOran_Sentences.tsv:Sentno=344	بستة و ستين كشفة كانو خايفين ما نعيش سماوني بيبي ميراكل مي الحمد الله عشت سي با تو باش يسموني ناضت الحرب ماما بغات اسم شهرزاد هي و جدتي ناضلهم جدي كيفاش هادي شهرزاد هادا قاع ماشي اسم و منا و ملهيه ه	43	CC-BY-NC-3.0-MADORAN	available			Exact source inventory only; semantic, translation, GPT, and native review pending.
S6	MADOran_Sentences.tsv:Sentno=345	و بابا الله يرحمه غير يتفرج المخلوق كي شاف الدعوة تخلطت قالهم نسموها أميرة ايا الحمد لله قبلو و قاع عجبهم	21	CC-BY-NC-3.0-MADORAN	available			Exact source inventory only; semantic, translation, GPT, and native review pending.
S6	MADOran_Sentences.tsv:Sentno=346	راح بابا لاميري علاش ماشي كي تسقسيه لي تكتب في بلاصت أميرة قالها أمينة سما إسمي جا شكلة ه بون هي مكاتيب يقولك نكونو مسميين ف السما عند ربي	29	CC-BY-NC-3.0-MADORAN	available			Exact source inventory only; semantic, translation, GPT, and native review pending.
S6	MADOran_Sentences.tsv:Sentno=347	حمد لله كبرت الحمد لله و قريت ديت السيزيام ب تمنطاهش قريب تساطاعش و البيام ب خمسكاعش و الباك ب تناعش الحمد لله و لافاك ضربت فيها خمس سنين و سوتنيت و جبت ماستير شيمي ب سباطاعش و كيما قتلكم دروك راه في عمري قريب ست	46	CC-BY-NC-3.0-MADORAN	available			Exact source inventory only; semantic, translation, GPT, and native review pending.
S6	MADOran_Sentences.tsv:Sentno=348	وعشرين عام خاصني خدمة و ولد الحلال ه ايوا خوتي هادي هي قصتي .	14	CC-BY-NC-3.0-MADORAN	available			Exact source inventory only; semantic, translation, GPT, and native review pending.
S6	MADOran_Sentences.tsv:Sentno=351	طريقة وحيدة لي تخليه يفهم و يشم و يحس بالشي لي راه فيه هي تبعديه على بلاصة هاذي وتديه با اقزومبل وين يبيعو ورد كي يرجع وين يبيع سردينا غادي يقول شا هادي ريحة لي كنت فيها ! ! أو كيفاش كنت عايش هنا ! ! .	47	CC-BY-NC-3.0-MADORAN	available			Exact source inventory only; semantic, translation, GPT, and native review pending.
S6	MADOran_Sentences.tsv:Sentno=352	نفس شي كي تكون عايش و لا عايشة ختي كريمة حياتك بطولها و عرضها في حرام و صحابك و لا صحباتك ماشي من نوع لي يفطنوك بمعنى مشي صحبة مليحة و صالحة هكا ما غاديش تحسوا بلي كاين مشكل	39	CC-BY-NC-3.0-MADORAN	available			Exact source inventory only; semantic, translation, GPT, and native review pending.
S6	MADOran_Sentences.tsv:Sentno=353	و ما غاديش تعرفوا مرورة معصية و صحبة مش مليحة غير كي تذوق و لا تدوقي حلاوة طاعة و صحبة صالحة غادي تقولوا كيفاش كنت عايشة هاك .	28	CC-BY-NC-3.0-MADORAN	available			Exact source inventory only; semantic, translation, GPT, and native review pending.
S6	MADOran_Sentences.tsv:Sentno=354	خطرة جدي ربي يرحمه و يوسع عليه مدلي 10 دج و انا كنت صغيرة ماما قاتلي هاتي انا ندسهوملك و انا مبغيتش حطيتها في فمي راحتلي هديك الف فرنك في قرجومتي وجهي زراق جيت نروح عند ماما خفت منها تضربني	39	CC-BY-NC-3.0-MADORAN	available			Exact source inventory only; semantic, translation, GPT, and native review pending.
S6	MADOran_Sentences.tsv:Sentno=355	من بعد روحت عند بابا حتى سمعتني ماما نطلع فروح عرفتني بلي سرطتها من بعد حطت يدها في قرجومتي و جبدتها حمد لله سلكت بشعرة علابيها واحد دايمن ليق يعس بزوز باسكو ميعرفوش شعال من بز مات هاك مسكين	39	CC-BY-NC-3.0-MADORAN	available			Exact source inventory only; semantic, translation, GPT, and native review pending.
S6	MADOran_Sentences.tsv:Sentno=356	واحد دايمن يعس و يحرزهم من اس حاجا .	9	CC-BY-NC-3.0-MADORAN	available			Exact source inventory only; semantic, translation, GPT, and native review pending.
S6	MADOran_Sentences.tsv:Sentno=358	كنت مع ختي و عطاتني مفتاح تاع الدار قاتلي ريحي فالدار بصح انا خليتهاو خرجت و خرجنا برا نلعبو حتى طاحلي مفتاح	22	CC-BY-NC-3.0-MADORAN	available			Exact source inventory only; semantic, translation, GPT, and native review pending.
S6	MADOran_Sentences.tsv:Sentno=359	لحق مغرب و جات ماما و انا خايفة ميتة بالخوف قاتلي وين راه مفتاح قلتلها طاحلي و معرفتش وين	19	CC-BY-NC-3.0-MADORAN	available			Exact source inventory only; semantic, translation, GPT, and native review pending.
S6	MADOran_Sentences.tsv:Sentno=360	و بدات تزقي برا و حطتلي سعدي في يدي و بهدلتني برا و قاتلي كيفاش انا نقولك شدي بنتك غي نقضي صوالحي و نجي رحتي خرجتي انا قتلك خرجي ا هدري بركي ما دمعي فدوك عينين دروك نتي متساعفيش و منا و ملهيه	43	CC-BY-NC-3.0-MADORAN	available			Exact source inventory only; semantic, translation, GPT, and native review pending.
S6	MADOran_Sentences.tsv:Sentno=361	من بعدا ايماجيني شا صرا قاتلي دروك تحوسي عليه و انا رحت نحوس عليه هيا جابت حديدة صغيرة و قعدت دير كيما خيان لي يحلو بيبان حتى نتحل و انا فرحت كي جيت داخلة	34	CC-BY-NC-3.0-MADORAN	available			Exact source inventory only; semantic, translation, GPT, and native review pending.
S6	MADOran_Sentences.tsv:Sentno=362	قاتلي برا حتى تلقي مفتاح باش تدخلي و انا قعدت قدام باب نبكي و بابا كان بيرمانونص كي جا ملخدمة 10 تاع ليل لقاني راقدة تحت دروج كي طلع لدار حكاتله ماما لحكايا الي صرا و بدا يضحك حسيت روحي مشي بنادم المهم حتى غدوة صباح لقاه عساس تاع كازيرنا و فاتت على خير ه .	56	CC-BY-NC-3.0-MADORAN	available			Exact source inventory only; semantic, translation, GPT, and native review pending.
S6	MADOran_Sentences.tsv:Sentno=364	جبتلكم حريرة بطريقة وهرانية و لحم غلمي و قو بزاف شباب كيما تع عراس تنجمو تقولو كيما تع عراس تكلوها و متشبعوهاش خواتتي نخليكم مع وصفة وكيفاش نخدموها على بركة الله	31	CC-BY-NC-3.0-MADORAN	available			Exact source inventory only; semantic, translation, GPT, and native review pending.
S6	MADOran_Sentences.tsv:Sentno=365	نبدو بسم الله ديركت فحريرة تعنا لولا نديروا زيت 3 مغارف تع ماكلة زيت حنا عندي مورصو لحم انا خيرت ليوم لحم تع غلمي بصح تقدو ديروا تع دجاج كل وحدة و طاقة تعها	34	CC-BY-NC-3.0-MADORAN	available			Exact source inventory only; semantic, translation, GPT, and native review pending.
S6	MADOran_Sentences.tsv:Sentno=368	هنا خيرت راس تحتاني وديت شوية من سيقان هنا عندي حبة بطاطا صغيرة لي عندها كابوية خضرة ديرها و عندي حبة تع لفت كاين لي تقول نقد منديرش لفت و انا نقولك ختي حبة هنا متأترش على بنة قواية و لا متحسبيش قاع راكي دايرة لفت مهم فايدة تاعه .	50	CC-BY-NC-3.0-MADORAN	available			Exact source inventory only; semantic, translation, GPT, and native review pending.
S6	MADOran_Sentences.tsv:Sentno=372	هنا كاين لي تقول بلي كترتي بزاف فحريرة ليزبيس شارم تع حريرة تاكلوها معطرة و بنة بليزبيس نزيدو 2 رشات زعفران نزيد شويا تع ملح درت لولا و نزيد ربع مغرف و ادا خصني نزيد و ندوق و نديرو كروية نص مغرف و من بعد نزيد خاطرش هي دوا تع حريرة	51	CC-BY-NC-3.0-MADORAN	available			Exact source inventory only; semantic, translation, GPT, and native review pending.
S6	MADOran_Sentences.tsv:Sentno=374	غي باش مينحرقش نقعدو نقلبو فيها و ربطة تع قسبر تحطيها مع خضرة انا كي نشري ربطة كبيرة تكون مليحة نقسمها على زوج واحدة نحطها لولا طيب مع خضرا و زوجة نحطها مع تالي كي نطحن و نكمل نحطها باش تتلق بنة	42	CC-BY-NC-3.0-MADORAN	available			Exact source inventory only; semantic, translation, GPT, and native review pending.
S6	MADOran_Sentences.tsv:Sentno=382	كيما قتلك حساب فنجان غير صغير تع قهوة و حركي و شوفي باسكو كي غادي طيب تزيد تنتفخ نحتوها فوق نارو نروحو نديرو درسة تاعنا باش نكملو حريرة فدرسة ندو ربطة صغيرة شوبة عروش تع قسبر نزيدو معاها 3 صنيفات توم منقيين نقطعهم مع هدا قسبر و نزيدو جامبو تع دجاج كيما تبغي تبغي ديريه ديره مشي مشروط	58	CC-BY-NC-3.0-MADORAN	available			Exact source inventory only; semantic, translation, GPT, and native review pending.
S6	MADOran_Sentences.tsv:Sentno=383	قاع درتي غلمي تقدي ديريه معاه يمد قو شباب انا منديرهش بصح كاين لي يبغي يديره .	17	CC-BY-NC-3.0-MADORAN	available			Exact source inventory only; semantic, translation, GPT, and native review pending.
S6	MADOran_Sentences.tsv:Sentno=384	نديرو شوية كروية ومغرف تع قهوة ايبيس تاع حريرة تنباع واجدة عند عشاب و لا لي يقوله راس حانوت تع حريرة و في تالي مغرف طماطيس كوسنتري و زوج كيسان ماء على حساب مرقة لي خاصتكم .	37	CC-BY-NC-3.0-MADORAN	available			Exact source inventory only; semantic, translation, GPT, and native review pending.
S6	MADOran_Sentences.tsv:Sentno=385	نخلطو كلشي في رحبا و نمكسيهم قاع في رحبا . حريرة لي راه فوف نار هادية تبدى تغلي نحطو لحم تاعنا طايب و نجيبو ديك درسة نخلطو مليح ديك درسة و نكبوها فحريرة	33	CC-BY-NC-3.0-MADORAN	available			Exact source inventory only; semantic, translation, GPT, and native review pending.
S6	MADOran_Sentences.tsv:Sentno=387	حنا هاكا نديروها مقومة و تشد وقت بصح تخرج غاية حنا فرمضان هي صح تجي هي و بوراك بكفتة و لا دجاج و سلاطة و خطراتش فلفلة مقلية تشكشوكة خطراتش نديرو كيش غراتان خطراتش طاجين بزيتون حلو طابلة مخملة فرمضان و براكة تنزل	43	CC-BY-NC-3.0-MADORAN	available			Exact source inventory only; semantic, translation, GPT, and native review pending.
S6	MADOran_Sentences.tsv:Sentno=390	كي تفوروخري قدرة و قبضي مقلة ديري شوية زيت و فرغيها فيها و ديري شويا كمون و كروية قبضي قارفو و قعدي مرسي وحد 10 دقايق و طفي و غطيها ببلاع و شهية طيبة .	35	CC-BY-NC-3.0-MADORAN	available			Exact source inventory only; semantic, translation, GPT, and native review pending.
S6	MADOran_Sentences.tsv:Sentno=393	و طيبي غرفية تع روز غايا روز بشوية ملح صفيه و ديري فيه شوية معدنوس و قسبر وحرور و شوية كمون و شوية تع فلفلة حمرة و فتيتة زعفران قاع فتيتة فتيتة و ثلات صنيفات توم مرابيين و تخلطيهم قاع مع بعض	42	CC-BY-NC-3.0-MADORAN	available			Exact source inventory only; semantic, translation, GPT, and native review pending.
S6	MADOran_Sentences.tsv:Sentno=395	كيلي راكي تخيطي فيها باش متخرجش لافاخص قضبي كيكوطة و رابي حبة بصل و خمس سنيفات تع ثوم يترابو مع بعض و ديري زوج مغارف ماكلة زيت و قليهم و زيدي معاهم تلت حبات طماطيس مرابيين و قليهم قاع	39	CC-BY-NC-3.0-MADORAN	available			Exact source inventory only; semantic, translation, GPT, and native review pending.
S6	MADOran_Sentences.tsv:Sentno=401	طلعنا فصباح باش يقدنا وقت ايا كي كنا طريق نتمشو حتا شفنا قدام سيغكيلاسيون كحلة و لواطا بزاف حابسين ثقلنا كي حبسنا لقينا اكسيدون لوطو مع كاميون مكرفسة و بنيادم مقيسة و دمومات الله لا يشوفك .	37	CC-BY-NC-3.0-MADORAN	available			Exact source inventory only; semantic, translation, GPT, and native review pending.
S6	MADOran_Sentences.tsv:Sentno=403	كي وصلنا للبحر كان مهلك شويا مي حال كان غايا . سطاسيونينا فبارك غلو فيه كان لولا غي 50 دج و	21	CC-BY-NC-3.0-MADORAN	available			Exact source inventory only; semantic, translation, GPT, and native review pending.
S6	MADOran_Sentences.tsv:Sentno=409	و ابري جعنا خرجنا شربنا لاتاي و فطيرة و قاطو لعبنا لي غاكيت و ابري درنا بارتيا تع دومينو نسا ملهيه تلايمو و يحكو بزوز يلعبو برملة فات نهار شباب مترتق و جينا موليين	34	CC-BY-NC-3.0-MADORAN	available			Exact source inventory only; semantic, translation, GPT, and native review pending.
S6	MADOran_Sentences.tsv:Sentno=410	قاع فليل تاني بموسيقى وزهو تصفاق درنا حالة قاع طريق بغات خلود صغيورة لاكريم حبسنا كملناها بلاكريم خطاش حنا شبعانين	20	CC-BY-NC-3.0-MADORAN	available			Exact source inventory only; semantic, translation, GPT, and native review pending.
S6	MADOran_Sentences.tsv:Sentno=412	مين واحد يبغي يستبيت و ينوي شيرة فحلال . يروح يخطب شيرة من عند مليها يدي معاه غشيه و يدوا تارتا و بوكي تع فلوغ و خاتم كلمة و كاين لي يدي معاه كورباي تع شوكولا و حلوى و يروحوا	40	CC-BY-NC-3.0-MADORAN	available			Exact source inventory only; semantic, translation, GPT, and native review pending.
S6	MADOran_Sentences.tsv:Sentno=413	كي تعجبهم يكملو عليها و يتفهموا على شروط كيما دراهم و حدايد و من بعد يحدوا نهار لي يديروا فاتحة .	21	CC-BY-NC-3.0-MADORAN	available			Exact source inventory only; semantic, translation, GPT, and native review pending.
S6	MADOran_Sentences.tsv:Sentno=414	و كي يجي داك نهار قبل فاتحة مت عريس تديلهم كباش و خضرا فاكية و قاع شا خاصهم باش يطيبوا و تدي معاها طبق لعروسة يكون فيه اما كاركو و لا قسنطينية بلوزة وهرانية و منصورية و لا قفطان كل واحد على حساب طاقته و كل لبسة بصباطها و صاكها و معاهم جلابة و برنوس مي برسك قاع يديرو برنوس	60	CC-BY-NC-3.0-MADORAN	available			Exact source inventory only; semantic, translation, GPT, and native review pending.
S6	MADOran_Sentences.tsv:Sentno=415	و شنقلى تاني لبسة تحتانية كيما كوبينزويات كيلوطات بيجامات . حزامة . و طبق وخداخور معمر بمكياج و ريحة شامبوان و صابون .	23	CC-BY-NC-3.0-MADORAN	available			Exact source inventory only; semantic, translation, GPT, and native review pending.
S6	MADOran_Sentences.tsv:Sentno=416	و سني فيه قالب سكر و زوج كيسان و شمع و حنة و حليب و قطنة و طبسي فيه تمر . و سنياوات تاع قاطو . و كي يجي نهار فاتحة تدي قاع صوالح لي وجدتهم معاها لصالا .	39	CC-BY-NC-3.0-MADORAN	available			Exact source inventory only; semantic, translation, GPT, and native review pending.
S6	MADOran_Sentences.tsv:Sentno=417	و تدي معاها نسا لي معروضين يكونو جوارين حباب و فاميليا و بو عريس يدي رجالا لي عرضهم باش يحضروا للفاتحة خاطرش هوما لي يفتحو و يكون معاهم امام و شهود باش يفتح و عروسة تاني يكونو عارضين غاشي توعها .	41	CC-BY-NC-3.0-MADORAN	available			Exact source inventory only; semantic, translation, GPT, and native review pending.
S6	MADOran_Sentences.tsv:Sentno=418	نبدوا بفاتحة و يفتحوا عليها و من بعد ناس تزغرت يوكلوا رجال و يشوروا و من بعد نسا يقعدوا ويفطروهم تاني و كي نكملو يبدا زهو و ركس على ددجي وكل خطرة نشوفوا عروسة جاية بتبديلة مع راجلها حداها مقودها و ناس زغرت و زاهين حتى عشية	47	CC-BY-NC-3.0-MADORAN	available			Exact source inventory only; semantic, translation, GPT, and native review pending.
S6	MADOran_Sentences.tsv:Sentno=420	و من بعد عريس يحدد لادت تع عرس تاعه باسكو فاتحة عندنا تكون لشيرة و عاد ابري عرس .	19	CC-BY-NC-3.0-MADORAN	available			Exact source inventory only; semantic, translation, GPT, and native review pending.
S6	MADOran_Sentences.tsv:Sentno=421	و كيما يقولو عرس ليلة تدبيرته عام غير يصدق و لا كيما يقولو في الصيف قاطو والمشتة بوقاطو . و كيما يقولو عرس ساهل دبحلها جدي و عيطلها لتجي . صح فلعشرة لي مور عريس .	36	CC-BY-NC-3.0-MADORAN	available			Exact source inventory only; semantic, translation, GPT, and native review pending.
S6	MADOran_Sentences.tsv:Sentno=422	خطرة كنت مسافر و كي وليت من فوياج لقيت بنت جارتنا كنت نبغيها زوجها بوها تاع بسيف عليها و هي دست عليا باسكو خافت من بوها يا خوتي دخلت لدارنا شفت ما ماشي نورمال قتلها مالكي قاتلي يا ولدي حبيبتك زوجوها و نقيس كابة من سدي و نخرج نجري عند بوها	51	CC-BY-NC-3.0-MADORAN	available			Exact source inventory only; semantic, translation, GPT, and native review pending.
S6	MADOran_Sentences.tsv:Sentno=423	قالي مديتها و تبقا غير نتا ما تدهاش	8	CC-BY-NC-3.0-MADORAN	available			Exact source inventory only; semantic, translation, GPT, and native review pending.
S6	MADOran_Sentences.tsv:Sentno=424	و تخرج هي من صالون تبكي قاتلي نذير سلكني ونيكي و دم خارج من نيفها و لحمها زرقة بالضرب و نحكم بوها ردخته بالضرب و حكمتها من يدها و خرجتها ديتها لدارنا قتلها قعدي هنا مع ما دوك نولي حطي كيتمان في ودنيك و سمعي لغنا باش متسمعش الضرب	49	CC-BY-NC-3.0-MADORAN	available			Exact source inventory only; semantic, translation, GPT, and native review pending.
S6	MADOran_Sentences.tsv:Sentno=425	و قفلت الباب عليهم و خرجت لقيت خطيبها زدم هو وصحابو للحومة و نرفد بالا و ندخل بيناتهم طيحت منهم اتناعش نواحد تالي غدرني في ظهري تشجعت و نوضت ليهم ميزامي قتلهم لا لا مشي هكا ارواحو نديروحاجة شابة و نحكمهم بالضرب هربو قاع	44	CC-BY-NC-3.0-MADORAN	available			Exact source inventory only; semantic, translation, GPT, and native review pending.
S6	MADOran_Sentences.tsv:Sentno=426	حكمت لي خطبها قالي نتا رجلة عليا نتا لي تستاهلها تع صح انا قاع لاتاي تاعي و قوي بصح نتا حبك كبير و تستاهل حبها ربي يكملك و كي شغل فيلم هندي ضرا دروك ه و الي يعرف كاش مخرج هندي يجيبهلنا راه كاين فيلم واجد يضحكو عباد ربي ه .	51	CC-BY-NC-3.0-MADORAN	available			Exact source inventory only; semantic, translation, GPT, and native review pending.
S6	MADOran_Sentences.tsv:Sentno=427	كنت مريحة مع جماعة و جبدو على بولتيك مين جزايريين ناضو على قبايل و على علام بلي حنا منستعرفوش بهداك علام تاعهم ليبريسونتي زواوا	24	CC-BY-NC-3.0-MADORAN	available			Exact source inventory only; semantic, translation, GPT, and native review pending.
S6	MADOran_Sentences.tsv:Sentno=428	و مكانش هادي قبايلي و عربي قاع جزايريين و ترفدنا لرض واحد و ناضت قبايلية تهدر و تقول بركو من تكونو راسيست و جهالا 20 سنة راقدين و عاجبكم ذل و كي بداو يفتو خلاو فقر و ميزيرية و نيفو با في قاع مجالات متعليم لصحة لسياحة لتجارة كلشي مخرود و دروك جاو يفتو على علام و معلبليش شاه .	60	CC-BY-NC-3.0-MADORAN	available			Exact source inventory only; semantic, translation, GPT, and native review pending.
S6	MADOran_Sentences.tsv:Sentno=429	ابسط الامور جاهل ميهدرش و من مفروض يتقف روحه و يفرق بين علام و راية هوية و ابري يقد يهدر و يناقش صحا باغي نسقسيكم كي ترفدو علام فلسطين تابع لجزاير ! ! ! !	35	CC-BY-NC-3.0-MADORAN	available			Exact source inventory only; semantic, translation, GPT, and native review pending.
S6	MADOran_Sentences.tsv:Sentno=430	جهل هو الي خلانا توالا و لوكان يجيبو يجي واحد مخ باش يجي يحكم جزاير نبقاو هكا توالا و اخر عباد	21	CC-BY-NC-3.0-MADORAN	available			Exact source inventory only; semantic, translation, GPT, and native review pending.
S6	MADOran_Sentences.tsv:Sentno=431	و تلقى دكتور و فاهم يقولك علم فلسطين حاجة وخدوخرا و ليق يترفع و راية تع هوية أمازيغية لا ديجا هوما جزء لا يتجزأ من جزاير	26	CC-BY-NC-3.0-MADORAN	available			Exact source inventory only; semantic, translation, GPT, and native review pending.
S6	MADOran_Sentences.tsv:Sentno=432	انا قتلها بانتلي مكانش فرق قبالي و لا عربي و لا ترقي تع صحرا قاع كتلة وحدة قاع مكتوبين جزاييرين فلكواعط تواعك كاتبين جزايري مشي مفرقين أيا صايي هادو غير لي عقولهم خاوية يحوسو ينوضو تفرقة .	37	CC-BY-NC-3.0-MADORAN	available			Exact source inventory only; semantic, translation, GPT, and native review pending.
S6	MADOran_Sentences.tsv:Sentno=433	هدي غير جهوية و راسيست و قاع خاوة خاوة أيا نطقت و قاتلي واه عندك صح يحقو قبل مطالب لي ناض عليها شعب و منبعد يلهو بصوالح تفوت فهامتهم يا جاهلين لي ميفهمو حبة .	35	CC-BY-NC-3.0-MADORAN	available			Exact source inventory only; semantic, translation, GPT, and native review pending.
S6	MADOran_Sentences.tsv:Sentno=434	قالو ناس بكري مطرق ملفوف فوق ظهر حلوف واحد ياكل و لاخر يشوف زعما ناس ولات تاكل لحرام و قليل يشوف و ميلقاش شا ياكل .	26	CC-BY-NC-3.0-MADORAN	available			Exact source inventory only; semantic, translation, GPT, and native review pending.
S6	MADOran_Sentences.tsv:Sentno=435	واه يا وهران واه	4	CC-BY-NC-3.0-MADORAN	available			Exact source inventory only; semantic, translation, GPT, and native review pending.
S6	MADOran_Sentences.tsv:Sentno=436	كنتي الساقية وفيك الما وبين لجبال ويشربوا فيك الفرسان	9	CC-BY-NC-3.0-MADORAN	available			Exact source inventory only; semantic, translation, GPT, and native review pending.
S6	MADOran_Sentences.tsv:Sentno=437	وليتي قلتة فيك الحلحال وعايشين فيك الفيران	7	CC-BY-NC-3.0-MADORAN	available			Exact source inventory only; semantic, translation, GPT, and native review pending.
S6	MADOran_Sentences.tsv:Sentno=438	عيش يا براك في بلاد الحيوان	6	CC-BY-NC-3.0-MADORAN	available			Exact source inventory only; semantic, translation, GPT, and native review pending.
S6	MADOran_Sentences.tsv:Sentno=439	قندورة و شاش و تربيعة تع فراش و ندور بيه لعراش و نحفظوه 60 حزب بركعة و شمعة و اللي كيما انا ميقراش يقضب كيما انا يدور وليداته و جيران و يجيبلهم حكم .	34	CC-BY-NC-3.0-MADORAN	available			Exact source inventory only; semantic, translation, GPT, and native review pending.
S6	MADOran_Sentences.tsv:Sentno=440	اسمع وجهك نقيه ما دري واش تلاقي بيه الي فاتك بزين فوته بتبسيمة و اللي فاتك بلبسة فوته بنظافة و اللي فات بعلم فوته بظرافة و اللي فاتك بمال فوته بقناعة	31	CC-BY-NC-3.0-MADORAN	available			Exact source inventory only; semantic, translation, GPT, and native review pending.
S6	MADOran_Sentences.tsv:Sentno=441	هداك خلص مليون بات راقد و انا خالص ملايير ها بنات منزدوش ها ولاد مارحوش ها تريسنتي مخلصتوهش	18	CC-BY-NC-3.0-MADORAN	available			Exact source inventory only; semantic, translation, GPT, and native review pending.
S6	MADOran_Sentences.tsv:Sentno=442	سيدنا رمضان قرب ها مصروف قليل عليا ها كبش عيد لحق معنديش ضحية اي خلات عليا باسكو مكانش قناعة ولد اصلي ما يجي مشحاح و شجرة دفلة ما تجيبش تفاح .	31	CC-BY-NC-3.0-MADORAN	available			Exact source inventory only; semantic, translation, GPT, and native review pending.
S6	MADOran_Sentences.tsv:Sentno=443	دير روحك مهبول تشبع كسور	5	CC-BY-NC-3.0-MADORAN	available			Exact source inventory only; semantic, translation, GPT, and native review pending.
S6	MADOran_Sentences.tsv:Sentno=444	ماشي كل اللي يلمع ذهب و ماشي كل خضر حشيش	10	CC-BY-NC-3.0-MADORAN	available			Exact source inventory only; semantic, translation, GPT, and native review pending.
S6	MADOran_Sentences.tsv:Sentno=445	كبرت النمالة ولات تحوس في الزبالة ( حاشاكم )	9	CC-BY-NC-3.0-MADORAN	available			Exact source inventory only; semantic, translation, GPT, and native review pending.
S6	MADOran_Sentences.tsv:Sentno=446	الواد ماديه وهو يقول ماحلى البرودة	6	CC-BY-NC-3.0-MADORAN	available			Exact source inventory only; semantic, translation, GPT, and native review pending.
S6	MADOran_Sentences.tsv:Sentno=447	قهوة وقارو خير من السلطان في دارو	7	CC-BY-NC-3.0-MADORAN	available			Exact source inventory only; semantic, translation, GPT, and native review pending.
S6	MADOran_Sentences.tsv:Sentno=448	مهما كبرت العين الحاجب ديما فوقها	6	CC-BY-NC-3.0-MADORAN	available			Exact source inventory only; semantic, translation, GPT, and native review pending.
S6	MADOran_Sentences.tsv:Sentno=449	جيب ولدك مليح لي والا يبوسو	6	CC-BY-NC-3.0-MADORAN	available			Exact source inventory only; semantic, translation, GPT, and native review pending.
S6	MADOran_Sentences.tsv:Sentno=450	يتعلم الحجامة في راس اليتامة	5	CC-BY-NC-3.0-MADORAN	available			Exact source inventory only; semantic, translation, GPT, and native review pending.
S6	MADOran_Sentences.tsv:Sentno=451	القط يعلم بوه ينط	4	CC-BY-NC-3.0-MADORAN	available			Exact source inventory only; semantic, translation, GPT, and native review pending.
S6	MADOran_Sentences.tsv:Sentno=452	ولد الفار يطلع حفار	4	CC-BY-NC-3.0-MADORAN	available			Exact source inventory only; semantic, translation, GPT, and native review pending.
S6	MADOran_Sentences.tsv:Sentno=453	ادا شفت الطويل يجري اعرف او القصير ديما وراه	9	CC-BY-NC-3.0-MADORAN	available			Exact source inventory only; semantic, translation, GPT, and native review pending.
S6	MADOran_Sentences.tsv:Sentno=454	حشيشة طالبة المعيشة	3	CC-BY-NC-3.0-MADORAN	available			Exact source inventory only; semantic, translation, GPT, and native review pending.
S6	MADOran_Sentences.tsv:Sentno=455	سكران ويعرف باب دارو	4	CC-BY-NC-3.0-MADORAN	available			Exact source inventory only; semantic, translation, GPT, and native review pending.
S6	MADOran_Sentences.tsv:Sentno=456	كبرت القطة ولبست كرافاطا	4	CC-BY-NC-3.0-MADORAN	available			Exact source inventory only; semantic, translation, GPT, and native review pending.
S6	MADOran_Sentences.tsv:Sentno=457	ماخاص العمشة غير الكحل وماخاص القرد غير الورد	8	CC-BY-NC-3.0-MADORAN	available			Exact source inventory only; semantic, translation, GPT, and native review pending.
S6	MADOran_Sentences.tsv:Sentno=458	الحمار عطاوه القرنفل يشمو كلاه	5	CC-BY-NC-3.0-MADORAN	available			Exact source inventory only; semantic, translation, GPT, and native review pending.
S6	MADOran_Sentences.tsv:Sentno=459	ما خص الفرطاس غير حكان الراس	6	CC-BY-NC-3.0-MADORAN	available			Exact source inventory only; semantic, translation, GPT, and native review pending.
S6	MADOran_Sentences.tsv:Sentno=460	العود اللي تحقرو يعورك	4	CC-BY-NC-3.0-MADORAN	available			Exact source inventory only; semantic, translation, GPT, and native review pending.
S6	MADOran_Sentences.tsv:Sentno=461	كسكسلو يرجع لأصلو	3	CC-BY-NC-3.0-MADORAN	available			Exact source inventory only; semantic, translation, GPT, and native review pending.
S6	MADOran_Sentences.tsv:Sentno=462	اللي حي قسمو	3	CC-BY-NC-3.0-MADORAN	available			Exact source inventory only; semantic, translation, GPT, and native review pending.
S6	MADOran_Sentences.tsv:Sentno=463	الي فاتو الحديث يقول سمعت و الي فاتو الطعام يقول شبعت	11	CC-BY-NC-3.0-MADORAN	available			Exact source inventory only; semantic, translation, GPT, and native review pending.
S6	MADOran_Sentences.tsv:Sentno=464	الي دارها بيديه يحلها بسنيه	5	CC-BY-NC-3.0-MADORAN	available			Exact source inventory only; semantic, translation, GPT, and native review pending.
S6	MADOran_Sentences.tsv:Sentno=465	الحديث معايا و المعنى على جارتي ( ناس الوسط يقولوها بزاف )	12	CC-BY-NC-3.0-MADORAN	available			Exact source inventory only; semantic, translation, GPT, and native review pending.
S6	MADOran_Sentences.tsv:Sentno=466	البكى عند راس الميت ( هذي يقولوها سيرتو في الشرق )	11	CC-BY-NC-3.0-MADORAN	available			Exact source inventory only; semantic, translation, GPT, and native review pending.
S6	MADOran_Sentences.tsv:Sentno=467	الي يبغي الشباح ما يقول آح ( توجور ناس دزاير )	11	CC-BY-NC-3.0-MADORAN	available			Exact source inventory only; semantic, translation, GPT, and native review pending.
S6	MADOran_Sentences.tsv:Sentno=468	انا نحفرلو في قبر امو و هو هاربلي بالفاس ( في الشرق )	13	CC-BY-NC-3.0-MADORAN	available			Exact source inventory only; semantic, translation, GPT, and native review pending.
S6	MADOran_Sentences.tsv:Sentno=469	دير كيما جارك ولا حول باب دارك	7	CC-BY-NC-3.0-MADORAN	available			Exact source inventory only; semantic, translation, GPT, and native review pending.
S6	MADOran_Sentences.tsv:Sentno=470	كي كان حي مشتاق تمرو وكي مات جابولو عرجون	9	CC-BY-NC-3.0-MADORAN	available			Exact source inventory only; semantic, translation, GPT, and native review pending.
S6	MADOran_Sentences.tsv:Sentno=471	قلب البرمة على فمها تخرج الطفلة لأمها	7	CC-BY-NC-3.0-MADORAN	available			Exact source inventory only; semantic, translation, GPT, and native review pending.
S6	MADOran_Sentences.tsv:Sentno=472	حوحو يشكر روحو	3	CC-BY-NC-3.0-MADORAN	available			Exact source inventory only; semantic, translation, GPT, and native review pending.
S6	MADOran_Sentences.tsv:Sentno=473	الطريق بعينيها والغابة بوذنيها	4	CC-BY-NC-3.0-MADORAN	available			Exact source inventory only; semantic, translation, GPT, and native review pending.
S6	MADOran_Sentences.tsv:Sentno=474	قالو للعمية واش يخصك قالتلهم لكحل	6	CC-BY-NC-3.0-MADORAN	available			Exact source inventory only; semantic, translation, GPT, and native review pending.
S6	MADOran_Sentences.tsv:Sentno=475	زواج ليلة ودبارتو عام	4	CC-BY-NC-3.0-MADORAN	available			Exact source inventory only; semantic, translation, GPT, and native review pending.
S6	MADOran_Sentences.tsv:Sentno=476	زين زين لفعايل	3	CC-BY-NC-3.0-MADORAN	available			Exact source inventory only; semantic, translation, GPT, and native review pending.
S6	MADOran_Sentences.tsv:Sentno=477	ضربني و بكى وسبقني وشكى	5	CC-BY-NC-3.0-MADORAN	available			Exact source inventory only; semantic, translation, GPT, and native review pending.
S6	MADOran_Sentences.tsv:Sentno=478	اللي فاتك بليلة فاتك بحيلة	5	CC-BY-NC-3.0-MADORAN	available			Exact source inventory only; semantic, translation, GPT, and native review pending.
S6	MADOran_Sentences.tsv:Sentno=479	العروسة تشكرها امها ولا فمها	5	CC-BY-NC-3.0-MADORAN	available			Exact source inventory only; semantic, translation, GPT, and native review pending.
S6	MADOran_Sentences.tsv:Sentno=480	مال المشحاح ياكلوا مرتاح	4	CC-BY-NC-3.0-MADORAN	available			Exact source inventory only; semantic, translation, GPT, and native review pending.
S6	MADOran_Sentences.tsv:Sentno=481	لتكل على نسيبتو يبات بلا عشاء	6	CC-BY-NC-3.0-MADORAN	available			Exact source inventory only; semantic, translation, GPT, and native review pending.
S6	MADOran_Sentences.tsv:Sentno=482	راح الواد لقاه ناشف	4	CC-BY-NC-3.0-MADORAN	available			Exact source inventory only; semantic, translation, GPT, and native review pending.
S6	MADOran_Sentences.tsv:Sentno=483	قبل ما تشري دار أشري جار	6	CC-BY-NC-3.0-MADORAN	available			Exact source inventory only; semantic, translation, GPT, and native review pending.
S6	MADOran_Sentences.tsv:Sentno=484	فردة ولقات ختها	3	CC-BY-NC-3.0-MADORAN	available			Exact source inventory only; semantic, translation, GPT, and native review pending.
S6	MADOran_Sentences.tsv:Sentno=485	اللي حبني مابنالي قصر . . واللي كرهني مابنالي قبر @@Lاط@@ذ	11	CC-BY-NC-3.0-MADORAN	available			Exact source inventory only; semantic, translation, GPT, and native review pending.
S6	MADOran_Sentences.tsv:Sentno=486	اللي باعك بالفول بيعو بقشورو @@Lاط@@ذ	6	CC-BY-NC-3.0-MADORAN	available			Exact source inventory only; semantic, translation, GPT, and native review pending.
S6	MADOran_Sentences.tsv:Sentno=487	اللي يحبنا نحبوه . . ونحطوه فوق الراس عمامة	9	CC-BY-NC-3.0-MADORAN	available			Exact source inventory only; semantic, translation, GPT, and native review pending.
S6	MADOran_Sentences.tsv:Sentno=488	واللي يكرهنا نكرهوه . . . حتى ليوم القيامة @@Lاط@@ذ	10	CC-BY-NC-3.0-MADORAN	available			Exact source inventory only; semantic, translation, GPT, and native review pending.
S6	MADOran_Sentences.tsv:Sentno=489	لاعاد صاحبك عسل . . . ماتلحسوش الكل	8	CC-BY-NC-3.0-MADORAN	available			Exact source inventory only; semantic, translation, GPT, and native review pending.
S6	MADOran_Sentences.tsv:Sentno=490	الي ليك ليك والي خاطيك يعييك	6	CC-BY-NC-3.0-MADORAN	available			Exact source inventory only; semantic, translation, GPT, and native review pending.
S6	MADOran_Sentences.tsv:Sentno=491	@@Lاط@@ذ دير الخير وانساه	4	CC-BY-NC-3.0-MADORAN	available			Exact source inventory only; semantic, translation, GPT, and native review pending.
S6	MADOran_Sentences.tsv:Sentno=492	المندبة كبيرة و الميت فار تاني الدنيا بالوجوه ولاخرة بالفعايل .	11	CC-BY-NC-3.0-MADORAN	available			Exact source inventory only; semantic, translation, GPT, and native review pending.
S6	MADOran_Sentences.tsv:Sentno=493	أولاد الكلبة كلهم كلاب .	5	CC-BY-NC-3.0-MADORAN	available			Exact source inventory only; semantic, translation, GPT, and native review pending.
S6	MADOran_Sentences.tsv:Sentno=494	القط يعلم ابوه النط . بات مع الدجاج , أصبح ايقاقي	11	CC-BY-NC-3.0-MADORAN	available			Exact source inventory only; semantic, translation, GPT, and native review pending.
S6	MADOran_Sentences.tsv:Sentno=495	الجمل يضحك من حدبة خوه ونسى حدبته .	8	CC-BY-NC-3.0-MADORAN	available			Exact source inventory only; semantic, translation, GPT, and native review pending.
S6	MADOran_Sentences.tsv:Sentno=496	الخنفوس في عين أمه غزال	5	CC-BY-NC-3.0-MADORAN	available			Exact source inventory only; semantic, translation, GPT, and native review pending.
S6	MADOran_Sentences.tsv:Sentno=497	المندبة كبيرة والميت فار .	5	CC-BY-NC-3.0-MADORAN	available			Exact source inventory only; semantic, translation, GPT, and native review pending.
S6	MADOran_Sentences.tsv:Sentno=498	ولد الفار حفار	3	CC-BY-NC-3.0-MADORAN	available			Exact source inventory only; semantic, translation, GPT, and native review pending.
S6	MADOran_Sentences.tsv:Sentno=499	ما خص الذيب غير النديب وما خص الاعمى غير الكحل .	11	CC-BY-NC-3.0-MADORAN	available			Exact source inventory only; semantic, translation, GPT, and native review pending.
S6	MADOran_Sentences.tsv:Sentno=500	كالديك , يعرف كل الأوقات وما يصليش .	8	CC-BY-NC-3.0-MADORAN	available			Exact source inventory only; semantic, translation, GPT, and native review pending.
S6	MADOran_Sentences.tsv:Sentno=501	الذيب كي شاف العنقود بعيد قال حامض .	8	CC-BY-NC-3.0-MADORAN	available			Exact source inventory only; semantic, translation, GPT, and native review pending.
S6	MADOran_Sentences.tsv:Sentno=502	القط كي ما تطيرلوش الشحمة يقول مخنزة	7	CC-BY-NC-3.0-MADORAN	available			Exact source inventory only; semantic, translation, GPT, and native review pending.
S6	MADOran_Sentences.tsv:Sentno=503	راح البعير وما ترك غير بعره	6	CC-BY-NC-3.0-MADORAN	available			Exact source inventory only; semantic, translation, GPT, and native review pending.
S6	MADOran_Sentences.tsv:Sentno=504	حتى يشيب الغراب	3	CC-BY-NC-3.0-MADORAN	available			Exact source inventory only; semantic, translation, GPT, and native review pending.
S6	MADOran_Sentences.tsv:Sentno=505	عين تعس على القط والأخرى تقلي في السردين	8	CC-BY-NC-3.0-MADORAN	available			Exact source inventory only; semantic, translation, GPT, and native review pending.
S6	MADOran_Sentences.tsv:Sentno=506	الي قراه الديب حافظوا السلوقي .	6	CC-BY-NC-3.0-MADORAN	available			Exact source inventory only; semantic, translation, GPT, and native review pending.
S6	MADOran_Sentences.tsv:Sentno=507	الي قرساتو اللفعى من الحبل يخاف	6	CC-BY-NC-3.0-MADORAN	available			Exact source inventory only; semantic, translation, GPT, and native review pending.
S6	MADOran_Sentences.tsv:Sentno=508	لا يعجبك نوار الدفلة في الواد داير ضلاليل ولا يعجبك زين الطفلة حتى تشوف الفعايل .	16	CC-BY-NC-3.0-MADORAN	available			Exact source inventory only; semantic, translation, GPT, and native review pending.
S6	MADOran_Sentences.tsv:Sentno=509	الخدمة مع النصارى ولا القعاد فى الخسارة / المعاونة ولو مع النصارى ولا القعاد خسارة . ( تخدم و تجيب رزق حتى و مع النصارى خير من البطالة ز شومير .	31	CC-BY-NC-3.0-MADORAN	available			Exact source inventory only; semantic, translation, GPT, and native review pending.
S6	MADOran_Sentences.tsv:Sentno=510	جاء يسعى , ودر تسعة .	6	CC-BY-NC-3.0-MADORAN	available			Exact source inventory only; semantic, translation, GPT, and native review pending.
S6	MADOran_Sentences.tsv:Sentno=511	هرب من قاطعي اليدين , طاح في قاطعي الريسان .	10	CC-BY-NC-3.0-MADORAN	available			Exact source inventory only; semantic, translation, GPT, and native review pending.
S6	MADOran_Sentences.tsv:Sentno=512	جاء يكحلها اعماها . ( زعما جا يديرلها كحل في عينيها حتى عماها واحد يجي يسقم حاجة يهردلها والديها ه	20	CC-BY-NC-3.0-MADORAN	available			Exact source inventory only; semantic, translation, GPT, and native review pending.
S6	MADOran_Sentences.tsv:Sentno=513	من لحيته وبخر له .	5	CC-BY-NC-3.0-MADORAN	available			Exact source inventory only; semantic, translation, GPT, and native review pending.
S6	MADOran_Sentences.tsv:Sentno=514	دعوة بلا ذنوب في رأس مولاها تذوب .	8	CC-BY-NC-3.0-MADORAN	available			Exact source inventory only; semantic, translation, GPT, and native review pending.
S6	MADOran_Sentences.tsv:Sentno=515	شوي من الحنة وشوي من رطابة اليدين .	8	CC-BY-NC-3.0-MADORAN	available			Exact source inventory only; semantic, translation, GPT, and native review pending.
S6	MADOran_Sentences.tsv:Sentno=516	يد وحدة ما تصفق . بمعنى كي نساندو واحد و نتعاونو نديروا لامبوسيبل	13	CC-BY-NC-3.0-MADORAN	available			Exact source inventory only; semantic, translation, GPT, and native review pending.
S6	MADOran_Sentences.tsv:Sentno=517	تخطي راسي وتفوت .	4	CC-BY-NC-3.0-MADORAN	available			Exact source inventory only; semantic, translation, GPT, and native review pending.
S6	MADOran_Sentences.tsv:Sentno=518	غطى الشمس بالغربال .	4	CC-BY-NC-3.0-MADORAN	available			Exact source inventory only; semantic, translation, GPT, and native review pending.
S6	MADOran_Sentences.tsv:Sentno=519	دار النساء والقصعة يابسة .	5	CC-BY-NC-3.0-MADORAN	available			Exact source inventory only; semantic, translation, GPT, and native review pending.
S6	MADOran_Sentences.tsv:Sentno=520	ما يبقى في الواد غير حجاره . ( الدنيا فانية لا يبقى منها غير فعايل تكون كي الحجارة تلازمك مثلما تلازم الواد حتى والا نشف .	26	CC-BY-NC-3.0-MADORAN	available			Exact source inventory only; semantic, translation, GPT, and native review pending.
S6	MADOran_Sentences.tsv:Sentno=521	حكيلنا لقطة مقودة صراتلك في حياتك ركبت في بيس و شوفور كان طالق موسيقى راي و مزيدلها بزاف حرت و ناس قاع ما قاتله والو	25	CC-BY-NC-3.0-MADORAN	available			Exact source inventory only; semantic, translation, GPT, and native review pending.
S6	MADOran_Sentences.tsv:Sentno=523	صبرت و ماكين والو تقلقت نوضت نزقي عليه نقص شوية و الله عيب نخلع شوفور و الي راكبين قاع قعدو يخزروا فيا و ساكتين دارلي شوفور	26	CC-BY-NC-3.0-MADORAN	available			Exact source inventory only; semantic, translation, GPT, and native review pending.
S6	MADOran_Sentences.tsv:Sentno=526	ناس بكري كيفاش كانوي عايشين زين في زين و اخوك رزين قلوب بيضاء كي الحليب و احلامهم لومبا أحمر كي النوير و خيالهم واسع كالريام و مخهم طاير كالحمام .	30	CC-BY-NC-3.0-MADORAN	available			Exact source inventory only; semantic, translation, GPT, and native review pending.
S6	MADOran_Sentences.tsv:Sentno=527	سمحيلي ختي ! شاخصكم الله يخليك ختي لاطبل . فوالا . شا تشربوا ? لما الله يخليك نجيبلك ما جاغيف . و مينو تاني .	25	CC-BY-NC-3.0-MADORAN	available			Exact source inventory only; semantic, translation, GPT, and native review pending.
S6	MADOran_Sentences.tsv:Sentno=528	عجباتك كاين باش ملبا كاين باش بصح ماكنش ملبا صحا شزكولا ليجوا مكانش مم كرام بنان كراميل ? كاين غير لاكريم بنان و كراميل مكانش .	26	CC-BY-NC-3.0-MADORAN	available			Exact source inventory only; semantic, translation, GPT, and native review pending.
S6	MADOran_Sentences.tsv:Sentno=529	براوني كاليبسو تاني مكانش صحا بواسون ? واه عندنا قاع ليجيو . جيبيلي جي د بنان مبقاش جيو دورغونج مبقاش كوكتيل ? مبقاش عندنا غير حمود .	27	CC-BY-NC-3.0-MADORAN	available			Exact source inventory only; semantic, translation, GPT, and native review pending.
S6	MADOran_Sentences.tsv:Sentno=531	اه اني نهدر معاك . قارعي راني نحوسلك على حمود . هادا شاه شوالا هادا شاه فهميني يا هدا نيميروا تاعي .	22	CC-BY-NC-3.0-MADORAN	available			Exact source inventory only; semantic, translation, GPT, and native review pending.
S6	MADOran_Sentences.tsv:Sentno=532	و فليكسيلي اون بليس ! الله غالب راني اونميتون معنديش حمبوك بعديني . متحشميش تقابريلي صاحبي قدام عيني يا وحد قحبة حسبتينس منمرقلكش أيا طيري بعيد صاي خطيني حمبوك .	30	CC-BY-NC-3.0-MADORAN	available			Exact source inventory only; semantic, translation, GPT, and native review pending.
S6	MADOran_Sentences.tsv:Sentno=533	مكانش حاجا حلوة فدا دنيا كيما سبور نحي قاع ليسبورتيف بصح شوالا كاين ناس خسروها علينا نيشان واه .	19	CC-BY-NC-3.0-MADORAN	available			Exact source inventory only; semantic, translation, GPT, and native review pending.
S6	MADOran_Sentences.tsv:Sentno=534	تلقى عنده سيمانة ملي بدا يدير سبور مشي عيب نأكوراجوك خويا بصح شوالا مشي زعما تدخل لا صال دي سبور تضربلنا فيها 33 تصويرة كيما هاكا بألتار تع 2 كيلو	30	CC-BY-NC-3.0-MADORAN	available			Exact source inventory only; semantic, translation, GPT, and native review pending.
S6	MADOran_Sentences.tsv:Sentno=535	و أيا تقول سي دير دو دوفينيغ اسبورتيف لا دو دوفينيغ فوتوغراف	12	CC-BY-NC-3.0-MADORAN	available			Exact source inventory only; semantic, translation, GPT, and native review pending.
S6	MADOran_Sentences.tsv:Sentno=536	تصورتنا فقاع قنوتا تع صالا هداك التار تع 2 كيلو لوكان رحت عونت بيه	14	CC-BY-NC-3.0-MADORAN	available			Exact source inventory only; semantic, translation, GPT, and native review pending.
S6	MADOran_Sentences.tsv:Sentno=537	موك طلعت معاها قوضيان لوكان خدمت برا 2 كيلو بطاطا	10	CC-BY-NC-3.0-MADORAN	available			Exact source inventory only; semantic, translation, GPT, and native review pending.
S6	MADOran_Sentences.tsv:Sentno=538	بروبلام مشي هنا بروبلام كي يروح يقلي على مدامته شا يقولها عمري كانت في خاطري ديك لقطة تع مين نديرك في ظهري و ندير بيك لبومب كيكونغ نتا ايلك نتا حمبوك مين جاك جهد نتا باه ترفدها قولي !	39	CC-BY-NC-3.0-MADORAN	available			Exact source inventory only; semantic, translation, GPT, and native review pending.
S6	MADOran_Sentences.tsv:Sentno=539	شا يقولها عمري تمشي و عرضي راكي مع واحد حدايدي	10	CC-BY-NC-3.0-MADORAN	available			Exact source inventory only; semantic, translation, GPT, and native review pending.
S6	MADOran_Sentences.tsv:Sentno=540	اه حي راه مع واحد نحايسي بروتيني طالع غير بلميغاماس قولها كيما هاكا مشقاقش تقلي على شيرا	17	CC-BY-NC-3.0-MADORAN	available			Exact source inventory only; semantic, translation, GPT, and native review pending.
S6	MADOran_Sentences.tsv:Sentno=541	داخلها عليها غير عمري اليكي برا كيداير أليكي ميسكل عمري و مين يجو يتبلاوكم تشوف غير لافيتس و جبيد هه .	21	CC-BY-NC-3.0-MADORAN	available			Exact source inventory only; semantic, translation, GPT, and native review pending.
S6	MADOran_Sentences.tsv:Sentno=543	أيا تبغي تبدلي قشك باش تدخلي للبحر ممعانش داك مايو و 2 بياس حنا عندنا حرمة ختي نلبسو 33 بياس زيد فولارا زيد لوي روحك في سربيتا و تجي زادم .	31	CC-BY-NC-3.0-MADORAN	available			Exact source inventory only; semantic, translation, GPT, and native review pending.
S6	MADOran_Sentences.tsv:Sentno=544	معلي تجي داخلا غادي ديريلهم غير هاك تحسب كاترينا كيف بداك شعر أيا بوك يا هو راه يقسم فدلاع يا هو يولي غير يشوف فيك	25	CC-BY-NC-3.0-MADORAN	available			Exact source inventory only; semantic, translation, GPT, and native review pending.
S6	MADOran_Sentences.tsv:Sentno=545	خوك ملهيه يلعب بولا دايرك نتي بارا تي بوج تي موت براس ما تموت .	15	CC-BY-NC-3.0-MADORAN	available			Exact source inventory only; semantic, translation, GPT, and native review pending.
S6	MADOran_Sentences.tsv:Sentno=546	حوجيانا عومة و تلفتوهالي بنعمي ها خلوني نعوم قاع كيما هاكا ميكرهش قرش جزايري يخرجلك يقرسك ملكرع يقولك اوي عمري نعلمك تعومي نعلمك ?	24	CC-BY-NC-3.0-MADORAN	available			Exact source inventory only; semantic, translation, GPT, and native review pending.
S6	MADOran_Sentences.tsv:Sentno=547	راك منيتك خويا ها روح عله تعلمني نعوم حمبوك نتا متناجور نتا موجة راه كبيرة عليك اني خايفة عليك ديجا بويا راه غير يشوف فيك غير روح .	28	CC-BY-NC-3.0-MADORAN	available			Exact source inventory only; semantic, translation, GPT, and native review pending.
S6	MADOran_Sentences.tsv:Sentno=548	أيا بوك مين يشوفك كيمنهاك يقعد يصفر خوك يقلع تريكو و يجي داخل نتي قاع تبانيكي تلعبيها خترتي و صايي	20	CC-BY-NC-3.0-MADORAN	available			Exact source inventory only; semantic, translation, GPT, and native review pending.
S6	MADOran_Sentences.tsv:Sentno=549	قاع بكينا مع سندريلا واك مين كنا صغار بكينا دموع وخناين كانت شافتنا كانت كي حالتنا كنا نشبهولها و شا شانها سندريون حنا تاني نشبهولها شاولا كنا نشبهولها غير فلفروطوار و جفافة حنا قاع ملحقناش ديك ليتاب يجي يخطبك امير و يلقى فردة تع صباط	45	CC-BY-NC-3.0-MADORAN	available			Exact source inventory only; semantic, translation, GPT, and native review pending.
S6	MADOran_Sentences.tsv:Sentno=550	اي شيرات راكي تقارعي زعما ولد بلادك شاشراتاعنا يلقو صباطك لا غير قلعيها من راسك ختي يا شاشر اتعنا راحو للبحر يلقوه ناشف	23	CC-BY-NC-3.0-MADORAN	available			Exact source inventory only; semantic, translation, GPT, and native review pending.
S6	MADOran_Sentences.tsv:Sentno=551	اي انا نقولك ختي متقارعيش ليزيزتوار و تاريخ تاريخ كتبيه وحدك يا دروك غادي نولو نقايسو شاشرا غادي ندوروهالكم عقلية شيرات قضبي تالون كيما هاكا جاي كومبونسي دخليه فساك و خرجي لي تلقيه ارتيست قايسيه قايسيه نورمال ختي ربي ميسالك غير خير	42	CC-BY-NC-3.0-MADORAN	available			Exact source inventory only; semantic, translation, GPT, and native review pending.
S6	MADOran_Sentences.tsv:Sentno=552	شوالا زعما كتبي ليكوردوني من تحت نيميرو و قاع و شريه جديد ختي حمبوك مخصناش نرهجوه رانا باغيين غير نصيدوه شاشرا زعما ادا كنت تتمشى و لقيت روحم جات فيك غير فهم روحك .	34	CC-BY-NC-3.0-MADORAN	available			Exact source inventory only; semantic, translation, GPT, and native review pending.
S6	MADOran_Sentences.tsv:Sentno=553	سلام و عليكم كيراكم لاباس غايا حمد لله هادي حاجا باينة كي بديت نهدر بديتو تقولو هادي مالها شاراها تهدر شا هادي لغة لي راها تهدر بيها انايا .	29	CC-BY-NC-3.0-MADORAN	available			Exact source inventory only; semantic, translation, GPT, and native review pending.
S6	MADOran_Sentences.tsv:Sentno=554	ليوم غادي نديلكم ارجيرين تاغ و بزاف منكم قتولي هدري بجزايرية	11	CC-BY-NC-3.0-MADORAN	available			Exact source inventory only; semantic, translation, GPT, and native review pending.
S6	MADOran_Sentences.tsv:Sentno=555	تسما غادي نهدرلكم بجزايرية شويا بزاف غريبة عليا باسكو مشي مداري نهدر بجزايرية فدار اوفا مشي بزاف و صافي عامين مروحتش لجزاير تسما راحتلي شويا	25	CC-BY-NC-3.0-MADORAN	available			Exact source inventory only; semantic, translation, GPT, and native review pending.
S6	MADOran_Sentences.tsv:Sentno=556	راها شويا تقيلة عليا تسما الا شغل زلجت فكلمة فوالا .	11	CC-BY-NC-3.0-MADORAN	available			Exact source inventory only; semantic, translation, GPT, and native review pending.
S6	MADOran_Sentences.tsv:Sentno=557	عندي صوالح نقولهم لكم قبل ما نبدو هاد فيديو . لاولا هي كل يلاد عندها لغة تاعها و كل مدينة في كل بلاد عندها لغة و لا لهجة تاعها	29	CC-BY-NC-3.0-MADORAN	available			Exact source inventory only; semantic, translation, GPT, and native review pending.
S6	MADOran_Sentences.tsv:Sentno=558	نتوما عرب و متفهمونيش سي نورمال باسكو مشي جايين من وهران	11	CC-BY-NC-3.0-MADORAN	available			Exact source inventory only; semantic, translation, GPT, and native review pending.
S6	MADOran_Sentences.tsv:Sentno=559	دايوغ نبريزونتي وهران نبغيكم ناس وهران و تاني حنايا في جزاير نهدرو بزاف	13	CC-BY-NC-3.0-MADORAN	available			Exact source inventory only; semantic, translation, GPT, and native review pending.
S6	MADOran_Sentences.tsv:Sentno=560	نخلطو شويا بزاف فرونسي و عربيا كلشي نورمال عندنا كلش نورمال مهم سي بارتي .	15	CC-BY-NC-3.0-MADORAN	available			Exact source inventory only; semantic, translation, GPT, and native review pending.
S6	MADOran_Sentences.tsv:Sentno=561	سؤال لوال هو يكون ز شا هي احسن غنية جزايرية تعجبك ?	12	CC-BY-NC-3.0-MADORAN	available			Exact source inventory only; semantic, translation, GPT, and native review pending.
S6	MADOran_Sentences.tsv:Sentno=562	كيما قتلكم انا جاية منوهران و هادي حاجة باينة بلي في وهران نسمعو راي . . غضبتك بزاف اني زعفان ابار نتي منديرش لمان جرحتي قلبي كل يوم نبكي نبغيك بزاف مشي غرضي سمحيلي عمري .	36	CC-BY-NC-3.0-MADORAN	available			Exact source inventory only; semantic, translation, GPT, and native review pending.
S6	MADOran_Sentences.tsv:Sentno=564	عندي ليستا طويلا بزاف لولا شوربة و حريرة هادي حاجا باينة و مراقي منبغيش قاع مراقي تاع زيتون نموت على تع زيتون طاجين تع جلبان منبغيش بزاف تع حمص تاني طعام حاجا باينة بلمرقة و لا غير سفة و هدا مكان .	42	CC-BY-NC-3.0-MADORAN	available			Exact source inventory only; semantic, translation, GPT, and native review pending.
S6	MADOran_Sentences.tsv:Sentno=565	سؤال تالت اسكو تعرفي طيبي ?	6	CC-BY-NC-3.0-MADORAN	available			Exact source inventory only; semantic, translation, GPT, and native review pending.
S6	MADOran_Sentences.tsv:Sentno=566	نعرف نطيب قاع مراقي منعرفش نطيب غايا طعام اونفيت سييت نطيبه خطرة سيتي بون بزاف قاع ناس لي ندوقها حريرة تاعي ولا شوربة تاعي تموت عليها تسما نجم نقول بلي نعرف نطيب حريرة و شوربة وقيلا باغيين يزوجوني خصني غير عريس منهدروش على هادا موضوع	45	CC-BY-NC-3.0-MADORAN	available			Exact source inventory only; semantic, translation, GPT, and native review pending.
S6	MADOran_Sentences.tsv:Sentno=568	تشارك بقلاوة كنت نموت على بقلاوة كي كنت صغيرة بصح دروك لا تبانلي حلوة يزاف و غليضة بزاف و طويلة باش نديروها تسما اخ نو . اه قريوش مجهد .	30	CC-BY-NC-3.0-MADORAN	available			Exact source inventory only; semantic, translation, GPT, and native review pending.
S6	MADOran_Sentences.tsv:Sentno=569	سؤال خامس شا هو حلو لي درتيه ?	8	CC-BY-NC-3.0-MADORAN	available			Exact source inventory only; semantic, translation, GPT, and native review pending.
S6	MADOran_Sentences.tsv:Sentno=570	اونفت نعرف ندير غير صامصا حيا صاهلة قاع فعالم هي صامصا لخطارش جامي لسييت ندير حلوة تع جزاير نعرف ندير تع مريكان نعرف ندير تاع قور لي فرونسي مي منعرفش ندير تع عرب .	34	CC-BY-NC-3.0-MADORAN	available			Exact source inventory only; semantic, translation, GPT, and native review pending.
S6	MADOran_Sentences.tsv:Sentno=571	تعرفي تزغرتي ?	3	CC-BY-NC-3.0-MADORAN	available			Exact source inventory only; semantic, translation, GPT, and native review pending.
S6	MADOran_Sentences.tsv:Sentno=572	اه لا . اونفات مانيش عارفة جامي سييتها كي غادي نفهمكوم انا حشامة حشامة بلبزاف بصح ماغديش نسي قدامكم غير مكاله متسيوش مام با لا هه ما غديش نسيي قدامكم .	31	CC-BY-NC-3.0-MADORAN	available			Exact source inventory only; semantic, translation, GPT, and native review pending.
S6	MADOran_Sentences.tsv:Sentno=573	فعرس تلبسي غوب دو سواغي و لا دجين ?	9	CC-BY-NC-3.0-MADORAN	available			Exact source inventory only; semantic, translation, GPT, and native review pending.
S6	MADOran_Sentences.tsv:Sentno=574	لا جيست عرس تاع ناس لي منعرفهومش شتي عرس تاع لافامي تاع لافامي نلبس غي لباس واحد تع عرب نموت نبغي نلبس لباسات تع عرب منبغيش نلبس هاكا سفيليسي احم انا اميقرية بصح بصح عرس تاع فاميلتي ندير حالا .	40	CC-BY-NC-3.0-MADORAN	available			Exact source inventory only; semantic, translation, GPT, and native review pending.
S6	MADOran_Sentences.tsv:Sentno=575	لا نتوما قور و متعرفوش لي تخاديسيون تع عرب مداري لعروس تبدل خمسة سبعة حتى لتسعة تع خطرات تسعة بزاف .	21	CC-BY-NC-3.0-MADORAN	available			Exact source inventory only; semantic, translation, GPT, and native review pending.
S6	MADOran_Sentences.tsv:Sentno=576	نبدل هكا تلت خطرات فلعرس باسكو كاين سيستام قارعي نقولك فلكورتاج سيرتو نتيا لافامي تاع لافامي تاع لعروسة و لا تع عريس	22	CC-BY-NC-3.0-MADORAN	available			Exact source inventory only; semantic, translation, GPT, and native review pending.
S6	MADOran_Sentences.tsv:Sentno=577	مهم خص نشوفو بلي نتيا لافمي تاع عريس و لا تع عروسة تبريسونتي لافمي تاعك تسما نبغي نلبس حيا في مور دهب سمق حيا تبان و حيا شاية تع عرب تروبريزونتينا	31	CC-BY-NC-3.0-MADORAN	available			Exact source inventory only; semantic, translation, GPT, and native review pending.
S6	MADOran_Sentences.tsv:Sentno=578	من بعد كي نكملو كورتاج كي نكملو عشا نبغي نلبس حيا تع قور غادي نقولو غوب دي سواري	18	CC-BY-NC-3.0-MADORAN	available			Exact source inventory only; semantic, translation, GPT, and native review pending.
S6	MADOran_Sentences.tsv:Sentno=579	فريمو حاجا شابة حاية فريمو تكون مترتقة نكون فيها شويا اليز باسكو هما لي يبدا رقيص و نا يبدا أي و ديدجي و يكون ماكياج تاعك اوكوغ شباب اوكوغ راكي برسونتبل راكي غاية راكي شابة	35	CC-BY-NC-3.0-MADORAN	available			Exact source inventory only; semantic, translation, GPT, and native review pending.
S6	MADOran_Sentences.tsv:Sentno=581	متل شعبي دايمن تتمشي بيه ?	6	CC-BY-NC-3.0-MADORAN	available			Exact source inventory only; semantic, translation, GPT, and native review pending.
S6	MADOran_Sentences.tsv:Sentno=582	الوغ غادي نقولك حيا منعرفش بزاف متل اه مانيش عارفة كي يقولو هاد كلمة بصح هاد صبحية كي بغيت نفيلمي هاد فيديو طحت في هدا كي قريتاه قلت هادي حياتي كيما هكا .	33	CC-BY-NC-3.0-MADORAN	available			Exact source inventory only; semantic, translation, GPT, and native review pending.
S6	MADOran_Sentences.tsv:Sentno=584	حياتنا تنجم تحبس فكل وقت تسما خصنا نبروفيتو من دروك من حياتنا و نعيشوها سون بور سون و مشي نقعدو غير راقدين و مدمرين و نتفرجوا فتليفيزيون لا خص نعيشو حياتنا .	32	CC-BY-NC-3.0-MADORAN	available			Exact source inventory only; semantic, translation, GPT, and native review pending.
S6	MADOran_Sentences.tsv:Sentno=585	كاستيون تالية حاجا مشي كاينة فجزاير مدابيك تكون موجودة ?	10	CC-BY-NC-3.0-MADORAN	available			Exact source inventory only; semantic, translation, GPT, and native review pending.
S6	MADOran_Sentences.tsv:Sentno=586	ألوغ ليا غادي نهدر غير على وهران في هاد مدينة كاين بزاف صوالح نديروهم لولا نظام نظام فجزاير سيرتو فوهران مكانش راني حاسبة بلي وهارنة ميعرفوش شوالا نظام .	29	CC-BY-NC-3.0-MADORAN	available			Exact source inventory only; semantic, translation, GPT, and native review pending.
S6	MADOran_Sentences.tsv:Sentno=587	زنق مسخين ابري مشي جانقل بصح مسخين كومام اون فات غادي نقولك غادي نفهمكم حيا ادا نتوما مشي جايين من وهران حنا وهارنة معروفين بليناغ توعنا شيرات و شاشرا يهدروا بزور يبغوا يدابزوا يبغو يتعافرو و يبغو يدافعو على بعضهم بعض .	42	CC-BY-NC-3.0-MADORAN	available			Exact source inventory only; semantic, translation, GPT, and native review pending.
S6	MADOran_Sentences.tsv:Sentno=588	حنا مشي غير شيكي شيكي حنايا نبغو دبزا بصح حيا لي نموت عليها بصح مانيش باغيتها تتبدل فجزاير هي وهرانيات . قارعي نقولك وهرانيات كي تتمشى و كي تهدر .	30	CC-BY-NC-3.0-MADORAN	available			Exact source inventory only; semantic, translation, GPT, and native review pending.
S6	MADOran_Sentences.tsv:Sentno=589	وهرانية صحيحة ديجا لابستلك . كاين لي مود تع جلاليب جلابة كحلة جلابة غوز جلابة صفرا مهم دايرتلك عصابة عاقدتها و دايرتها بابيون و رافدتلك تزدام قارعو خاصني تزادم خليني نشوف و عاقدة جلابة كيما هكا شادتها	37	CC-BY-NC-3.0-MADORAN	available			Exact source inventory only; semantic, translation, GPT, and native review pending.
S6	MADOran_Sentences.tsv:Sentno=590	وهرانية جايا شويا معمرة شوية عندها منا و منا مهم معمرة تتمشى كيما هكا بصح ادا طحتي في وهرانية منارفية نهارك راح حياتك ضاعت .	25	CC-BY-NC-3.0-MADORAN	available			Exact source inventory only; semantic, translation, GPT, and native review pending.
S6	MADOran_Sentences.tsv:Sentno=591	خليني نفهمك علاه باسكو نتي تكوني هكا لابسا سفيليزي نورمال و واقفة ومعلبلكش بحياة و تشوفيها فايت عينك	18	CC-BY-NC-3.0-MADORAN	available			Exact source inventory only; semantic, translation, GPT, and native review pending.
S6	MADOran_Sentences.tsv:Sentno=592	ك طيح في عينها تشوفيها تفوت قدامك نورمال هنا في فرنسا تشوفي فواحد معلبلهش يفوت و نتي تفوتي منا تواحد ما يشوف فواحد	23	CC-BY-NC-3.0-MADORAN	available			Exact source inventory only; semantic, translation, GPT, and native review pending.
S6	MADOran_Sentences.tsv:Sentno=593	مهم تشوفك راكي تشوفي فيها بصح ماكيش تشوفي فيها وعما بعين مشي شابة و لا متديهاش ت	17	CC-BY-NC-3.0-MADORAN	available			Exact source inventory only; semantic, translation, GPT, and native review pending.
S6	MADOran_Sentences.tsv:Sentno=594	حبس تشدلك داك تزدام تحطلك دراعها كيمانهاك لتاي زعما و تقولك . . خصني ندير هاد وجه مالكي ختي قارعي قارعي خصني نديرها غايا	24	CC-BY-NC-3.0-MADORAN	available			Exact source inventory only; semantic, translation, GPT, and native review pending.
S6	MADOran_Sentences.tsv:Sentno=595	صاي تقول هاك مالكي ختي كي بنتلك معجبتكش مالكي و الله ماني نكدب عليكم بصح مام ناس اقريسيف و يعرفو غير يضربو و يعايرو بعضهم بعض و يدابزو كل يوم وهران تقعد حياتي	33	CC-BY-NC-3.0-MADORAN	available			Exact source inventory only; semantic, translation, GPT, and native review pending.
S6	MADOran_Sentences.tsv:Sentno=596	و وهران تقعد بلادي و تقعد مدينتي و ولاية تاعي نموت عليها كاين نسمة علامة فوهران	16	CC-BY-NC-3.0-MADORAN	available			Exact source inventory only; semantic, translation, GPT, and native review pending.
S6	MADOran_Sentences.tsv:Sentno=597	لنتيا جزايرية و راكي باغية ديري هاد لو تاق ديره هنايا فلي كومنتار و ديري فيديو فيوتيب و رسلهالي في انتسغرام و لا تويتر و لا فايس بوك	28	CC-BY-NC-3.0-MADORAN	available			Exact source inventory only; semantic, translation, GPT, and native review pending.
S6	MADOran_Sentences.tsv:Sentno=598	فولا هادي خطرة لولا تاعي جاسبيغ عجبتكم و الا عجبتكم و باغيين نكتر فيديو بالعربية قولولي تاني فكمونتار و هادي هيا كمل فيديو تري بزار رديت ما فوا اون فرونسي ميرسي .	32	CC-BY-NC-3.0-MADORAN	available			Exact source inventory only; semantic, translation, GPT, and native review pending.
S6	MADOran_Sentences.tsv:Sentno=599	ولي لعقلك يا نعيمة سو سطارة ماشي ميلانو . ماشي ميلانو نتي من بكري معندك قيمة ولادك حركى فالقصبة بانو . .	22	CC-BY-NC-3.0-MADORAN	available			Exact source inventory only; semantic, translation, GPT, and native review pending.
S6	MADOran_Sentences.tsv:Sentno=600	سقسي علينا فكوليج ما نشرو ما نبيعو يامت فريحة ديتي خمسة بنات بهجة وين كانو و مع حداد باينة ليستوار ألي روتور كلشي مخروج سمعي عمري ديفولي فنهار ديري رايك جا عليك بوديوم .	34	CC-BY-NC-3.0-MADORAN	available			Exact source inventory only; semantic, translation, GPT, and native review pending.
S6	MADOran_Sentences.tsv:Sentno=601	وهران دولة مستقلة خاطينا و خاطيكم هاربين عليكم و لي يخرب فينا يخلا رجال من بكري شواكركم خارجين فيكم . وهران قعدة فيها تحلى حنا كابيطال حلبناكم . . قريناكم قولي وين كنت وقت غفلة فوتناها و راها ليكم . . الله يهديكم .	44	CC-BY-NC-3.0-MADORAN	available			Exact source inventory only; semantic, translation, GPT, and native review pending.
S6	MADOran_Sentences.tsv:Sentno=602	وهران حضارة و تاريخها كبير جابت زوعاما فالبال توجور هاديك بلادي و عليها نغير هي ما ففيارتي عليها نكتب سطور .	21	CC-BY-NC-3.0-MADORAN	available			Exact source inventory only; semantic, translation, GPT, and native review pending.
S6	MADOran_Sentences.tsv:Sentno=603	إدارة مزطولة لا علاقة بالبولا معاكم رانا قطعنا لياس . ديرو مزيا و خطونا بغينا نجيبو شومبيونا . يزها حمري و نولو لباس . مولدية نبغوها واقفين جامي نخلوها . هدرة قليلة و لحديت قياس . و مسيرة نديروها كي بكري حنا نرودوها و لي خدعنا يلقى لخلاص .	49	CC-BY-NC-3.0-MADORAN	available			Exact source inventory only; semantic, translation, GPT, and native review pending.
S6	MADOran_Sentences.tsv:Sentno=604	روحي يا وهران بسلاما بسلاما قلب لي كان يبغيك انا نكويه .	12	CC-BY-NC-3.0-MADORAN	available			Exact source inventory only; semantic, translation, GPT, and native review pending.
S6	MADOran_Sentences.tsv:Sentno=605	دعوة لجدود انا راهي مبلية جميع اللي يتعدى انا راها تديه	11	CC-BY-NC-3.0-MADORAN	available			Exact source inventory only; semantic, translation, GPT, and native review pending.
S6	MADOran_Sentences.tsv:Sentno=606	ايه روحي يا وهران روحي بالسلامه بالسلامه بالسلامه القلب اللي كان يبغيك انا نكويه دعوتي للجدود انا راهي مبليه	19	CC-BY-NC-3.0-MADORAN	available			Exact source inventory only; semantic, translation, GPT, and native review pending.
S6	MADOran_Sentences.tsv:Sentno=607	جميع اللي يتعدى انا راها تديه	6	CC-BY-NC-3.0-MADORAN	available			Exact source inventory only; semantic, translation, GPT, and native review pending.
S6	MADOran_Sentences.tsv:Sentno=608	اييه في بلاد وهران كثروا الهزيه . . الهزيه . . الهزيه هالآخر منا واحد من لهيه يظلوا يطاوعوا يانا في البوليسيا و اذا طاح الليل انا نخاف عليه	29	CC-BY-NC-3.0-MADORAN	available			Exact source inventory only; semantic, translation, GPT, and native review pending.
S6	MADOran_Sentences.tsv:Sentno=609	يا ا . . . هاهاي . . . آهاي . . . يا اها آه	14	CC-BY-NC-3.0-MADORAN	available			Exact source inventory only; semantic, translation, GPT, and native review pending.
S6	MADOran_Sentences.tsv:Sentno=610	حتى الحمري ولا شيكاغو ايه الليل مع النهار الرصاص يعايط فيه يظلوا يطاوعوا في الكافيا و اذا طاح الليل انا نخاف عليه اييه حتى الكمين و لا شيكاغو ايه الليل مع النهار الرصاص يعايط فيه يظلوا يطاوعوا يانا في البوليسيا و اذا طاح الليل انا نخاف عليه	47	CC-BY-NC-3.0-MADORAN	available			Exact source inventory only; semantic, translation, GPT, and native review pending.
S6	MADOran_Sentences.tsv:Sentno=611	آه ها ها ها ها هاهاآ . . . آها . . . يا ا ليل . . . يا ا . . . يا ا . . . يا ا . يا ا ليل	30	CC-BY-NC-3.0-MADORAN	available			Exact source inventory only; semantic, translation, GPT, and native review pending.
S6	MADOran_Sentences.tsv:Sentno=612	شحال نحبك انتي يا بنيا ايه الجيبا و الصاك تتزعبل بيه . ذراعها جولي كيف البوبيا . و اذا طاح الليل انا نخاف عليه ايه شحال نحبك انتي يا بنيه يا بنيه يا بنيه الجيبه و الصاك تتزعبل بيه ذراعها جولي كيف البوبيه و اذا طاح الليل انا نخاف عليه	50	CC-BY-NC-3.0-MADORAN	available			Exact source inventory only; semantic, translation, GPT, and native review pending.
S6	MADOran_Sentences.tsv:Sentno=613	يايايايا هيهيهيهي يا لييليلي	4	CC-BY-NC-3.0-MADORAN	available			Exact source inventory only; semantic, translation, GPT, and native review pending.
S6	MADOran_Sentences.tsv:Sentno=614	آها . . . هاها . . . هاها	9	CC-BY-NC-3.0-MADORAN	available			Exact source inventory only; semantic, translation, GPT, and native review pending.
S6	MADOran_Sentences.tsv:Sentno=615	آهه . . . يا ا . . . يا ا . . . يا لييل	14	CC-BY-NC-3.0-MADORAN	available			Exact source inventory only; semantic, translation, GPT, and native review pending.
S6	MADOran_Sentences.tsv:Sentno=616	امان امان	2	CC-BY-NC-3.0-MADORAN	available			Exact source inventory only; semantic, translation, GPT, and native review pending.
S6	MADOran_Sentences.tsv:Sentno=617	أرواح نديرو دورة لوهران الباهية وردة و رموزها وهران يا بلاد همة و قمنة يا سعد لزارها و قصدها ليجان . يا خاطر يرتاح فيها يتهنا تمتع و شوف و نتا في امان . مين تبغي تدخل مرحبا يا خونا . وهران لقديمة فيها ربع بيبان . يا بلاد شهيد احمد زبانة .	53	CC-BY-NC-3.0-MADORAN	available			Exact source inventory only; semantic, translation, GPT, and native review pending.
S6	MADOran_Sentences.tsv:Sentno=618	عربي بن مهيدي لي قهر عدوان مننسوش لي رفدو رايتنا اخوان نياطي و تاني بن سليمان شهادى لحرار جابو حريتنا و بصمة تاريخ خلوها برهان .	26	CC-BY-NC-3.0-MADORAN	available			Exact source inventory only; semantic, translation, GPT, and native review pending.
S6	MADOran_Sentences.tsv:Sentno=619	ربي يرحمهم و مثواهم فالجنة انشاء الله يدخلو من باب ريان فيها شعال من شيوخ كلامهم ونسنا و تربى فيها شاعر ولهان شعال منهم من قصبة نغمتنا و قلال يقول حقه باوزان إبراهيم حمادة بونا خلى قصاى ءد كتبوها من زمان .	41	CC-BY-NC-3.0-MADORAN	available			Exact source inventory only; semantic, translation, GPT, and native review pending.
S6	MADOran_Sentences.tsv:Sentno=620	وهبي و بلاوي و شيوختنا احمد صابر تاني و بن زرقة فنان . يا صحاب بارود بطبل و زرنة شعلو موسيقى طرب و الحان فرقة قرقابة لفراح و حنة يديرلهم زهوة للفال للعرسان و حنا درنا حزب واحد يجمعنا .	40	CC-BY-NC-3.0-MADORAN	available			Exact source inventory only; semantic, translation, GPT, and native review pending.
S6	MADOran_Sentences.tsv:Sentno=621	جمع مشياخ شابات و شبان وهراني و راي بيه تمتعنا و موسيقة وهران على كل لوان . رجال صلاح ربي يحفظنا و الله زيدهم فحسبان .	26	CC-BY-NC-3.0-MADORAN	available			Exact source inventory only; semantic, translation, GPT, and native review pending.
S6	MADOran_Sentences.tsv:Sentno=622	سيدي هواري فمقامو زرنا شيدو بيه ندخلو حفيان في سيدي حسني نديرو وعدتنا يا قعدة اهل ليل بزرقة تزيان .	20	CC-BY-NC-3.0-MADORAN	available			Exact source inventory only; semantic, translation, GPT, and native review pending.
S6	MADOran_Sentences.tsv:Sentno=623	مولاي عبدق عجبنا و طلعنا و شعال من قبة فيك يا وهران .	13	CC-BY-NC-3.0-MADORAN	available			Exact source inventory only; semantic, translation, GPT, and native review pending.
S6	MADOran_Sentences.tsv:Sentno=624	نقولو لزوار و بيهم رحبنا ناس جزاير و جميع اوطان و الي ضيفناه يسعد بينا نكرمو بضيف ببر و احسان و اللي جا حواس يجي يعقبنا زاير وهران راك فيها سلطان .	32	CC-BY-NC-3.0-MADORAN	available			Exact source inventory only; semantic, translation, GPT, and native review pending.
S6	MADOran_Sentences.tsv:Sentno=625	يا الكرمة و جدود هادي عادتنا و جميع ما قصدنا يولي فرحان الله يرحم قاع مشيخة شيخ احمد قروابي و شيخ فتحي يرحمهم ربي في ديك رقدة و ربي يخلينا شيخ بلاوي و ربي يطول في عمره .	38	CC-BY-NC-3.0-MADORAN	available			Exact source inventory only; semantic, translation, GPT, and native review pending.
S6	MADOran_Sentences.tsv:Sentno=626	نديرو راحة و كملت دورتنا عزمت نخليكم هنايا نخوان . هادي غير ساعة و معاكم لمتنا قول ماشي كلمات بحلاوة لسان .	22	CC-BY-NC-3.0-MADORAN	available			Exact source inventory only; semantic, translation, GPT, and native review pending.
S6	MADOran_Sentences.tsv:Sentno=627	روبورتاج صغير على وهران بلاد قصيدة فاجينا محاين يعطيهم خير الي سمعونا و ربي يلقينا انشاء الله في امان .	20	CC-BY-NC-3.0-MADORAN	available			Exact source inventory only; semantic, translation, GPT, and native review pending.
S6	MADOran_Sentences.tsv:Sentno=628	صحا غير بلواحد هاديك كي تحكمو مجرمين هكا و كلشي بغيت نسقسيك حمبوك عندي ولدي اني دافعله دوصيي تاع لبوليس زعما الا تنجمو تشوفو كي ديرو باه تعونوني .	29	CC-BY-NC-3.0-MADORAN	available			Exact source inventory only; semantic, translation, GPT, and native review pending.
S6	MADOran_Sentences.tsv:Sentno=629	واه هاديك من بعد نهدرو عليها بس دروك ليق نصفقو انا و صاحبي رباعي خطير . حتا خويا نتا مخصكش واحدة فدار ديرلك مساج و لا هاكا لا ختي ماريي بصح معليش ارواحي .	34	CC-BY-NC-3.0-MADORAN	available			Exact source inventory only; semantic, translation, GPT, and native review pending.
S6	MADOran_Sentences.tsv:Sentno=630	صاحبي خاصني جيلية الا كاين باغي نخدم باركينق الا كاين فيف لالجيري . قعد تتبهلل . صاحبي قتلك غير جيلية تحسب قتلك جيلي بال صحا صايي صايي . متقلوليش راها تسهر غادي نسكر و نجي نخسر شعال تسوى عندي هادي هادي .	42	CC-BY-NC-3.0-MADORAN	available			Exact source inventory only; semantic, translation, GPT, and native review pending.
S6	MADOran_Sentences.tsv:Sentno=631	مشتوهاش اني ننضر حسنو عوني قلبي تعمر نصرف عليها عادي نقص موسيقى صايي نقص شوية يا ليوم صواري فمرجاجو غادي يكون معانا شاب رضوان شابة دليلة وي حسني صغيرحكماته لادياغي معليش يجي لابروشان فوا . تبع اه بغل .	39	CC-BY-NC-3.0-MADORAN	available			Exact source inventory only; semantic, translation, GPT, and native review pending.
S6	MADOran_Sentences.tsv:Sentno=632	مالك ? كاين واحد شونتور رانا جايبيناهلكم سيربريزتع قصبة اه سكت و غادي يغني شرع بقصيدة شكون كريمو ?	19	CC-BY-NC-3.0-MADORAN	available			Exact source inventory only; semantic, translation, GPT, and native review pending.
S6	MADOran_Sentences.tsv:Sentno=633	ها بلع فمك اه سيدي أيا هدر معاهم نتا دروك نتا أيا ليسونسايل ليوم غادي نحتافلو مع خونا بحبز و في نفس وقت ليوم علمي لتبعبيز و شوربوة بشوارب دجاج مع كرعين تاع بزلوف عدس ب سلوكا و روز مقلي بدلاعمهم غادي نشرفوكم .	44	CC-BY-NC-3.0-MADORAN	available			Exact source inventory only; semantic, translation, GPT, and native review pending.
S6	MADOran_Sentences.tsv:Sentno=634	باغي نروح لتواليت معليش ? نتايا بلع فمك شعال من خطرة نقولك مين نكونو نهدرو على ماكلة متجبدش على تواليت مالك زايد في كابيني و لا شاه . تزيرت . صايي روح وجه عود أيا ابري شومبوا .	38	CC-BY-NC-3.0-MADORAN	available			Exact source inventory only; semantic, translation, GPT, and native review pending.
S6	MADOran_Sentences.tsv:Sentno=635	سلام عليكم شبيبة مرحبا بيكم معاكم لمين ايميليو نورمالمون عرفتو وين راني دروك واه انها مدينة وهران رانا حلقة 2 من مطعم رحمة لي دايرته جمعية خيرية يسموها ناس خير في ووهران مع محمد جمال طلحة أيا نروحو نتلاقو فمطعم .	41	CC-BY-NC-3.0-MADORAN	available			Exact source inventory only; semantic, translation, GPT, and native review pending.
S6	MADOran_Sentences.tsv:Sentno=636	راني لابس يا خويا رانا هنا في اعرق حي في وهران رانا في حمري و من مورايا كيما راكم تشوفو جمعية ناس خير تع وهران رانا واجدين باش نديرو ليزاشا كيما عادة جمال ليزوم كيما عادة واح موتي متقدش تاماجينيه حاجا فور .	43	CC-BY-NC-3.0-MADORAN	available			Exact source inventory only; semantic, translation, GPT, and native review pending.
S6	MADOran_Sentences.tsv:Sentno=637	راني مع حبيبي سفيان من ناس خير يفهمناعقلية و شراه يكون و شا نديرو تفضل سفيان مرحبا بيكم خويا فوهران الله يسلمك وهران تاعكم . الله ينورك .	28	CC-BY-NC-3.0-MADORAN	available			Exact source inventory only; semantic, translation, GPT, and native review pending.
S6	MADOran_Sentences.tsv:Sentno=638	تقعدو عندنا معندم وين تروحو انشاء الله خويا عبى حساب مينو لي شفناه غادي نريحو ه .	17	CC-BY-NC-3.0-MADORAN	available			Exact source inventory only; semantic, translation, GPT, and native review pending.
S6	MADOran_Sentences.tsv:Sentno=639	كنا فلوكال تاعنا وين ديجا رانا دايريين كوزينة و قاع تماك نطيبو دروك	13	CC-BY-NC-3.0-MADORAN	available			Exact source inventory only; semantic, translation, GPT, and native review pending.
S6	MADOran_Sentences.tsv:Sentno=643	نشاطها كبير الله يبارك و اجرها كبير انشاء الله . أيا نطييو كلش هنا و من بعد يدو كيما لاكزورون تما يستفو طوابل اون بلانار كيما تع ترك هاديكيديروها برا و بلاصة بزاف شابة	34	CC-BY-NC-3.0-MADORAN	available			Exact source inventory only; semantic, translation, GPT, and native review pending.
S6	MADOran_Sentences.tsv:Sentno=644	مرحبا بيكم في عدد جديد من صريح جدا ليوم رانا فولاية وهران و غادي نهدرو على كرا تع ديار لي راه غالي بزاف للشبيبة لي غاديين يتزوجوا و نشوفو رايهم منولش عليكم تبعو معانا . كرا تع منازل فوهران كيفاش راك تشوفه ?	43	CC-BY-NC-3.0-MADORAN	available			Exact source inventory only; semantic, translation, GPT, and native review pending.
S6	MADOran_Sentences.tsv:Sentno=645	غالي غالي بزاف . متقدش تكري امبوسيبل ديجا زواج و متقدش تتزوج في وهران . متنجمش تتزوج . تخدم صباح و عشية و متلحقش .	25	CC-BY-NC-3.0-MADORAN	available			Exact source inventory only; semantic, translation, GPT, and native review pending.
S6	MADOran_Sentences.tsv:Sentno=646	يكدب عليك كادب يقولك انا في وهران كاري و عايش غايا و عندي 5 ولاد هادا غير يكدب . لو موا ديسمبر انشاء الله غادي نتزوج . انشاء الله . انشاء الله ربي يحفظك . كيفاش كرية ?	38	CC-BY-NC-3.0-MADORAN	available			Exact source inventory only; semantic, translation, GPT, and native review pending.
S6	MADOran_Sentences.tsv:Sentno=647	لا زعما نقولك صح متقدش تكري صاحبي تكري و لا تعيش لافامي تاعك و لا تعيش مرا تاعك امبوسيبل تكري . كي شغل هاد حاجة ليقلها حل . ادا راك باغي تكري حاجا موان شير ليق تبعد اوغ وهران قاع تخرج .	42	CC-BY-NC-3.0-MADORAN	available			Exact source inventory only; semantic, translation, GPT, and native review pending.
S6	MADOran_Sentences.tsv:Sentno=648	ستيديو نديك غير هنا فدورة يكروه بزوج ملايين . انا واحد مناس مابقيلي والو على عرسي بصح منكدبش عليك منقدش نكري . غادي نعيش مع دارنا .	27	CC-BY-NC-3.0-MADORAN	available			Exact source inventory only; semantic, translation, GPT, and native review pending.
S6	MADOran_Sentences.tsv:Sentno=649	مين يكري شا ياكل ? مكانش كيفاش . شوف كرية تالية هنا في وهران 3 ملايين .	17	CC-BY-NC-3.0-MADORAN	available			Exact source inventory only; semantic, translation, GPT, and native review pending.
S6	MADOran_Sentences.tsv:Sentno=650	و صاليغ دو باز راه مليون و تمنمية وين يقد يكري و وين يقد يتزوج !	16	CC-BY-NC-3.0-MADORAN	available			Exact source inventory only; semantic, translation, GPT, and native review pending.
S6	MADOran_Sentences.tsv:Sentno=651	كرية , باش تقولي نتزوج و نكري متزوجش خويا لازم تكون عندك دارك خويا سينو متقولش نكري باش نربح في لافير غادي تغبن روحك برك و تتميزر و ما تتمتع بزواج تاعك ما والو .	35	CC-BY-NC-3.0-MADORAN	available			Exact source inventory only; semantic, translation, GPT, and native review pending.
S6	MADOran_Sentences.tsv:Sentno=652	كرا في وهران كات مليون سانسون . تعطيه افونس تاع عام سينو ميقضبلكش . اف 3 و لا شاه ? واه اف 3 و مليحة زعما في باصة كيما حنا نقولو هنا في مرامار و لا تلقى حاجا شغل مليحة 45 .	42	CC-BY-NC-3.0-MADORAN	available			Exact source inventory only; semantic, translation, GPT, and native review pending.
S6	MADOran_Sentences.tsv:Sentno=653	تقد نتا تكري ب 45 و تتزوج ? هه 45 و نتزوج لا جو بونس با . كرا في وهران 4 ملايين حتى خمسة اف 3 واه ديجا معندهاش بزاف سقسيت واحد هنايا عنده اف 4 قالي 6 ميليون 800 فشهر	41	CC-BY-NC-3.0-MADORAN	available			Exact source inventory only; semantic, translation, GPT, and native review pending.
S6	MADOran_Sentences.tsv:Sentno=654	تسما واحد عنده صاليغ قليل يخلص 3 ملايين سانسو ماغديش ينجم يكريها قاع .	14	CC-BY-NC-3.0-MADORAN	available			Exact source inventory only; semantic, translation, GPT, and native review pending.
S6	MADOran_Sentences.tsv:Sentno=655	يخلص زوج ملايين يخلص كرية و زيد ولاده و صوالح دنيا متحصيش قاع مع لي دروك كلش راه غالي ميقدش يعيش صاحبي و الله غالب دي هي و علابيها ناس راها تحرق مشي باطل .	35	CC-BY-NC-3.0-MADORAN	available			Exact source inventory only; semantic, translation, GPT, and native review pending.
S6	MADOran_Sentences.tsv:Sentno=656	اف 3 متقدش قاع دخل راسك فيها من 4 ملايين عقبة يا ولد عمي . اف 3 و زيد كي تكريها ب 4 ملايين تزيد تدخل تزيد خدمة وخوخرة تع 50 مليون بيا 13 و ضالضوصول .	37	CC-BY-NC-3.0-MADORAN	available			Exact source inventory only; semantic, translation, GPT, and native review pending.
S6	MADOran_Sentences.tsv:Sentno=657	ىمنجمش نتزوج في وقت لي رانا فيه كلية غالية و كلش غالي مشي غير كرية قاع معيشة غالية في د البلاد .	22	CC-BY-NC-3.0-MADORAN	available			Exact source inventory only; semantic, translation, GPT, and native review pending.
S6	MADOran_Sentences.tsv:Sentno=658	3 ملايين و لا 2 ملايين و نص و متكونش بيان زعما مسقدة تكون فيها مهدمة يعاود قاع هو يسقدها من جديد عاد بش يكري	25	CC-BY-NC-3.0-MADORAN	available			Exact source inventory only; semantic, translation, GPT, and native review pending.
S6	MADOran_Sentences.tsv:Sentno=659	تسما دوك دراهم تع كرية تاوعه غادي يخلص 3 ملايين و يزيد يسقمها تسما شاه نورمالمون تنقامله واحد 5 ملايين و لا عقبة عاد باش يسكن داك شهر خص يمد افونس عام	32	CC-BY-NC-3.0-MADORAN	available			Exact source inventory only; semantic, translation, GPT, and native review pending.
S6	MADOran_Sentences.tsv:Sentno=660	تسما شعال غادي تنقام بقرة و بنتها بزاف .	9	CC-BY-NC-3.0-MADORAN	available			Exact source inventory only; semantic, translation, GPT, and native review pending.
S6	MADOran_Sentences.tsv:Sentno=661	اف 3 كاين حوست على اف 4 تلقيتها 7 ملايين شوف تامني تلاقيت كرية اف 4 ب 8 ملايين فشهر .	21	CC-BY-NC-3.0-MADORAN	available			Exact source inventory only; semantic, translation, GPT, and native review pending.
S6	MADOran_Sentences.tsv:Sentno=662	انا نقول ايلفو يسكن مع والديه . تقبلي نتيا يسكنك مع والديه ?	13	CC-BY-NC-3.0-MADORAN	available			Exact source inventory only; semantic, translation, GPT, and native review pending.
S6	MADOran_Sentences.tsv:Sentno=663	واه . بروحي انا رليحة نسكن مع والديه . اغلبية قاع راهم يروحو فوضوي و لا يكري في سيدي بشير , شطيبو هادو علاه تخلص غير باغ موا شغل معاونين قليل . اف 2 ب 25 ياك اف ب زوج ملايين و خمسمية .	44	CC-BY-NC-3.0-MADORAN	available			Exact source inventory only; semantic, translation, GPT, and native review pending.
S6	MADOran_Sentences.tsv:Sentno=664	شعال ليق تخلصي تكري هاكا با و تعيشي ولاد و قاع ? ليق خلصة 6 عقبة . وين باغي توصل بيها يا خويا شا تاكل شا تخلص امبوسيبل مكانش حنا نطلبو من دولة ديرلنا صوليصيون شابة خويا هدا مكان .	40	CC-BY-NC-3.0-MADORAN	available			Exact source inventory only; semantic, translation, GPT, and native review pending.
S6	MADOran_Sentences.tsv:Sentno=665	انا جيسك ماتنو مشي مرييليق سكنة ليق تكون عندك خدمة شابة باي تعيشك . واحد دروك ميخممش فزواج قبل ما يخمم يبني لافونير تاعه يدبر سكنته يدبر بلاصة لي يكون فيها ستابل عاد باش بنجم يخمم فزواج .	38	CC-BY-NC-3.0-MADORAN	available			Exact source inventory only; semantic, translation, GPT, and native review pending.
S6	MADOran_Sentences.tsv:Sentno=666	هنا باش تكري زعما و تتزوج و دير دار و مسؤولية ليق يكون عندك مدخول .	16	CC-BY-NC-3.0-MADORAN	available			Exact source inventory only; semantic, translation, GPT, and native review pending.
S6	MADOran_Sentences.tsv:Sentno=667	انا بالنسبة ليا مقبل على زواج ميقدش قاع يتقدم باش يتزوج باش يكري دار و باش يعيش مرته و شا ياكل و شا يشرب و ما و ضو بزاف صوالح .	31	CC-BY-NC-3.0-MADORAN	available			Exact source inventory only; semantic, translation, GPT, and native review pending.
S6	MADOran_Sentences.tsv:Sentno=668	مرحبا بيكم في عدد جيديد من صريح جدا ليوم رانا بر باش نسقسو شباب جزايري شا هي أسباب الي خلاتهم ميتزوجوش حتى دروك منطولش عليكم تبعو معانا شا كانت إجابات تاعهم .	32	CC-BY-NC-3.0-MADORAN	available			Exact source inventory only; semantic, translation, GPT, and native review pending.
S6	MADOran_Sentences.tsv:Sentno=669	متزوج خويا ? لا . علاه متزوجتش لحد الان ? باسكو كاين أمور ميخلوكش باش تتزوج باغيقزوبل خدمة شوف حياتك كومبلي و انت تقرى و منبعد تلحق 24 و لا 25 عام تنوي تخدم بصح خدمة اوبلي في بلادنا .	40	CC-BY-NC-3.0-MADORAN	available			Exact source inventory only; semantic, translation, GPT, and native review pending.
S6	MADOran_Sentences.tsv:Sentno=670	والو ليق دير بروجي و ادا صدق . يا خويا حاجا لولانية شبيبة قاع مارهاش خدامة معندناش خدمة لي نضمنو بها لافونير .	23	CC-BY-NC-3.0-MADORAN	available			Exact source inventory only; semantic, translation, GPT, and native review pending.
S6	MADOran_Sentences.tsv:Sentno=671	بلاك ملقيتش بنت لي تناسبني و لا مازال مكتبش ربي . حوست و ملقيتش و لا شاه ? لا راني مريبيري وحدة بنت حومة والله اعلم منعرف .	28	CC-BY-NC-3.0-MADORAN	available			Exact source inventory only; semantic, translation, GPT, and native review pending.
S6	MADOran_Sentences.tsv:Sentno=672	شوف ادا لقيت خدمة صليغ قليل 18 هاكا أيا تقد تتزوج بمليون و خمسمية تقد دير دار متقدش باش تشريها لرض متشريهالكش تخدم شهر باش تجيب مليون و تمنمية لا متعيشكش .	32	CC-BY-NC-3.0-MADORAN	available			Exact source inventory only; semantic, translation, GPT, and native review pending.
S6	MADOran_Sentences.tsv:Sentno=673	جا في بالي زواج شعال من خطرة يالعكس واحد راه يخمم باش يدير حياته بصح مازال مسيناش دومان مروحناش نخطبو ما تقد تقول والو .	25	CC-BY-NC-3.0-MADORAN	available			Exact source inventory only; semantic, translation, GPT, and native review pending.
S6	MADOran_Sentences.tsv:Sentno=674	حاجا لي مخلاتنيش نتزوج خدمة دار لوطو مكانش . فبلاد هادي لي موايا ناقصين بزاف و عيشة غالية . مكانشكيما لوروب باش فايتينا مي عايشين كلش بيان عندك حقوق تاعك هنايا لا .	33	CC-BY-NC-3.0-MADORAN	available			Exact source inventory only; semantic, translation, GPT, and native review pending.
S6	MADOran_Sentences.tsv:Sentno=675	سكنة لا مازال عندي خوتي لازم يتزوجو قبلي كبار بزاف واحد ترونت واحد فانتويت باش تلحق ليا انا . واه يعطيك صحا انشاء الله . راك شايف كل واحد و تروته .	32	CC-BY-NC-3.0-MADORAN	available			Exact source inventory only; semantic, translation, GPT, and native review pending.
S6	MADOran_Sentences.tsv:Sentno=676	عبدق ? . شوالا ? تبرادي سروال كي رديته انا بركاني بل بسينة نده نده . ختك وين راهي ?	20	CC-BY-NC-3.0-MADORAN	available			Exact source inventory only; semantic, translation, GPT, and native review pending.
S6	MADOran_Sentences.tsv:Sentno=677	راهي مع شاشرا و تبرادي شوف كون منزرقلهاش دوك فخاد انا مسمونيش روح لغالها . أيا ساردينا ساردينا تالية . ايا خويا جديدة فريتابل .	25	CC-BY-NC-3.0-MADORAN	available			Exact source inventory only; semantic, translation, GPT, and native review pending.
S6	MADOran_Sentences.tsv:Sentno=678	اه مول ساردينا عندك بوربو ? مراكيش تسمعي نقول ساردين انا بربو منخدمهش بوربو لي يمص بنيادم هجر ملبلاد و خلفوه ناس وخدوخرين يا وحد بولبة .	27	CC-BY-NC-3.0-MADORAN	available			Exact source inventory only; semantic, translation, GPT, and native review pending.
S6	MADOran_Sentences.tsv:Sentno=679	انا مقتلكش حكيلي حياتك فهمتني و لا انا قتلك على بولبو لكاين و لا مكانش جاوني ناس من فرنسا بغيت نديلهم بولبو شرمولا ما سردينا ديتها عليك بارح و درتها معقودة مازال راهي عندي فالفريجيدار .	36	CC-BY-NC-3.0-MADORAN	available			Exact source inventory only; semantic, translation, GPT, and native review pending.
S6	MADOran_Sentences.tsv:Sentno=680	نتيا وجه بولبو ادي روحي دخلي غاديكينا خيما دوك نخرطك . علاه حاسب روحك راكليطة باغي تكرطني ? مصطفى ? اه أرواح اه خويا هادا مول سردينا راه حاسب روحه ارلوند .	32	CC-BY-NC-3.0-MADORAN	available			Exact source inventory only; semantic, translation, GPT, and native review pending.
S6	MADOran_Sentences.tsv:Sentno=681	أي هاكا ياه ? غير هرب قلع يدك على سنسلة قلع يدك . وي تغاشيت شوف روحله قلعله ماه . فرحني فيه وياحي مصطفى فوق و تحت بونية كوتبي بندره .	31	CC-BY-NC-3.0-MADORAN	available			Exact source inventory only; semantic, translation, GPT, and native review pending.
S6	MADOran_Sentences.tsv:Sentno=682	مالك صاحبي متحشمش تعاير مرا ها قولي . يا حمبوك دير روحك بلي نغلبك الله يرحملك شوابين . اهه ستغلي ستغلي اه سمعي براس ما سردينا ياكلها حب حب ليوم .	31	CC-BY-NC-3.0-MADORAN	available			Exact source inventory only; semantic, translation, GPT, and native review pending.
S6	MADOran_Sentences.tsv:Sentno=683	براس ما مراها فارية لمك لمك دور مجيت حيط حمبوك ندي عليك قاع سردين متحشمنيش قدامها هادي دونجي هادي . ستغلي اه لمك ها شوفي قلتي مصطفى مكان والو ليوم نبينلك براس ما تعرفي شكون مصطفى هشه انفضه روليه اضربه دوره .	42	CC-BY-NC-3.0-MADORAN	available			Exact source inventory only; semantic, translation, GPT, and native review pending.
S6	MADOran_Sentences.tsv:Sentno=684	عطيها ماه عطيها و لا نجيك . مالك من صباح عطيها عطيها تاكل في روحك مالك ارنوبة مالك غير تزير في روحك هاكا شاولا غادي تخلعني ? دوخني ? مدوخنيش قاع عسلوش غابة أيا ريح .	36	CC-BY-NC-3.0-MADORAN	available			Exact source inventory only; semantic, translation, GPT, and native review pending.
S6	MADOran_Sentences.tsv:Sentno=686	مصطفى مقتلكش انا قبش حيط و لا ضرب ريدو فهمتني روحله هو خبطه بدماغ ديله كروش بي ديله هاك عطيه فلعين هاه يا ربي هاه .	26	CC-BY-NC-3.0-MADORAN	available			Exact source inventory only; semantic, translation, GPT, and native review pending.
S6	MADOran_Sentences.tsv:Sentno=687	اه ستغلي مبغيتش تروح وحدة زوج تلاتة اه لمك تلق تلق ها والديك تلقني . اليكي روحي يا وهران روحي بسلامة بسلامة أي أي تشقفت .	26	CC-BY-NC-3.0-MADORAN	available			Exact source inventory only; semantic, translation, GPT, and native review pending.
S6	MADOran_Sentences.tsv:Sentno=688	اه تبرادي على مصطفى حقرته شوف ليوم انا غادي نتفاهم معاك . هكدا ديله هكا تشقفه حقرته ? ادي روحي نتي حاجا نتيا ما عندي هدرة معاك روحي لياه ? درتني في قدرة و مطبتش .	36	CC-BY-NC-3.0-MADORAN	available			Exact source inventory only; semantic, translation, GPT, and native review pending.
S6	MADOran_Sentences.tsv:Sentno=689	اه تواحد ما يسلك غادي تعطيه فلعين واحد ميسلكش ليوم والو عطيه فلعين . عاوديها عاوديها اه فلعين في ليستوما ليستوما هاكك زيده ردحيه يستاهل مكان ني سلالكة ني والو .	31	CC-BY-NC-3.0-MADORAN	available			Exact source inventory only; semantic, translation, GPT, and native review pending.
S6	MADOran_Sentences.tsv:Sentno=690	هاي ! ني سلاكة ني والو ياه قزة لحم دار فيك حالة نص براد دار فيك حالة ياه ?	19	CC-BY-NC-3.0-MADORAN	available			Exact source inventory only; semantic, translation, GPT, and native review pending.
S6	MADOran_Sentences.tsv:Sentno=691	هادي هيا اه تبرادي ! خبرني كي نديلك دروك لراس راه بعيد عليا نقبضك قرسة من فخاد ماجياش نندبه نندبه ما لمك باغي تاكلينا	24	CC-BY-NC-3.0-MADORAN	available			Exact source inventory only; semantic, translation, GPT, and native review pending.
S6	MADOran_Sentences.tsv:Sentno=693	ها سردينا ها سردينا ميقاتش صايي . ها مول ساردينا و شح فمول بولبو جيب بولبو و لا متفراش .	20	CC-BY-NC-3.0-MADORAN	available			Exact source inventory only; semantic, translation, GPT, and native review pending.
S6	MADOran_Sentences.tsv:Sentno=694	و الله لغاية المنوض حتى 10 تع صباح مقابلتلي مرايا ماكياج ستيكاج ما قالت نجي نطل عليها نشوف شا راها ديرو لا شا خاصهاما والو حتى داك راجل منهدرو عليه .	31	CC-BY-NC-3.0-MADORAN	available			Exact source inventory only; semantic, translation, GPT, and native review pending.
S6	MADOran_Sentences.tsv:Sentno=695	يا ناضت تنقرش . ياه سعد ياه . علامن راكي كي نجي نتفاهم معاه برا و متلقتيهش باغيا تاكلي كل حد نتيا وين راكي رايحة بهاد عقلية ?	28	CC-BY-NC-3.0-MADORAN	available			Exact source inventory only; semantic, translation, GPT, and native review pending.
S6	MADOran_Sentences.tsv:Sentno=696	ارواحي نقولك اه لالا في عشنا و ينشنا داري و نزقي كيما نبغي ماعندك ما دخلك ختي راكي تتفاعلي نديري في بالك هنا راني في دار حمايا ما رانيش عندك كي تكون سكنة محطوطة على اسمك تما قوليلي في عشنا و ينشنا صحا .	44	CC-BY-NC-3.0-MADORAN	available			Exact source inventory only; semantic, translation, GPT, and native review pending.
S6	MADOran_Sentences.tsv:Sentno=697	اي ارواحي نقولك ديري حاجا في راسك بلي راكي عندي أيا بلعيه . بنعمي شولا هدا حس . تعلمتي تهدري . واه .	23	CC-BY-NC-3.0-MADORAN	available			Exact source inventory only; semantic, translation, GPT, and native review pending.
S6	MADOran_Sentences.tsv:Sentno=698	وليتي تهدري بمعاني توعنا ارواحي نقولك مارهش عندي هادو صوالح نرفدهم في راسي الي رافيا بزاف معندي حتى هدرة معاك .	21	CC-BY-NC-3.0-MADORAN	available			Exact source inventory only; semantic, translation, GPT, and native review pending.
S6	MADOran_Sentences.tsv:Sentno=699	شوفي عقرب درتي لسان مكنتيش كيما هاك نهار لول كي دخلتي كي نمس ارواحي نقولك اه مصيبة راني نهدر معاك لا ? و الله لغاية في داري و تعاير املي كي يجي حماك نتفاهم معاه .	36	CC-BY-NC-3.0-MADORAN	available			Exact source inventory only; semantic, translation, GPT, and native review pending.
S6	MADOran_Sentences.tsv:Sentno=700	صباح خير . والله ما تحشمو من خدمة لزقا راني من برا جاي نسمع فزقا بهدلتوني مع جوارين و كشفتوني شا عندكم ? شا كاين تاني ?	27	CC-BY-NC-3.0-MADORAN	available			Exact source inventory only; semantic, translation, GPT, and native review pending.
S6	MADOran_Sentences.tsv:Sentno=701	يا رجل خافي ربي راني نهدرمعاها نقولها نوضي قضي ولا ديري حاجا شت كي خرجت شتها ها منهدروش ?	19	CC-BY-NC-3.0-MADORAN	available			Exact source inventory only; semantic, translation, GPT, and native review pending.
S6	MADOran_Sentences.tsv:Sentno=702	. صحا شفت مرا كي كانت خارجة و انا راني داخل دروك غي فهميني مشكل اللي بينك و بينها شتاولا صارحيني نيشان شا كاين ?	25	CC-BY-NC-3.0-MADORAN	available			Exact source inventory only; semantic, translation, GPT, and native review pending.
S6	MADOran_Sentences.tsv:Sentno=703	مازال معرفتش شا هو مشكل خوك راه يخدم ولا و راه عندنا ضيق فسكنة خوك قاع ميفهمش روحه بنعمي ها فهميني قوليلي مجيت خويا	24	CC-BY-NC-3.0-MADORAN	available			Exact source inventory only; semantic, translation, GPT, and native review pending.
S6	MADOran_Sentences.tsv:Sentno=704	اسمعي تلاقيت مع واحد سيد مين جيت جاي بخير عليه و لاباس بيه و عنده وحد سكنة	17	CC-BY-NC-3.0-MADORAN	available			Exact source inventory only; semantic, translation, GPT, and native review pending.
S6	MADOran_Sentences.tsv:Sentno=705	و راه يحوس شكون يعسله فيها و او مام تون يريحله فيها ضربة وحدة ديركت بلاك نشوف و نحاول كي ندير باش نليكيده بيه بزوجة تاعه و نتي تريحي و انا نريح من هاد مشكل يا سيدي .	38	CC-BY-NC-3.0-MADORAN	available			Exact source inventory only; semantic, translation, GPT, and native review pending.
S6	MADOran_Sentences.tsv:Sentno=706	ادي ما دبيك شراك تقارع . شوف على هدا خبر شباب نديلك قهوك شابة أرواح معايا . أيا بسم الله خطاش عندي رونديفو معاه دروك .	26	CC-BY-NC-3.0-MADORAN	available			Exact source inventory only; semantic, translation, GPT, and native review pending.
S6	MADOran_Sentences.tsv:Sentno=707	سلام عليكم سلام خويا حمد لاباس ? سلام عليكم . تفضل . بلاهيم كيراك ? خويا حمد متشكرش . إبراهيم مراكش عاجبني ليوم مراكش غايا قاع سي باسا شا عندك ?	31	CC-BY-NC-3.0-MADORAN	available			Exact source inventory only; semantic, translation, GPT, and native review pending.
S6	MADOran_Sentences.tsv:Sentno=708	راك عارف مشكل تاعي حتا نقولك على مشكل تاعي فدار نقولك و نحكو .	14	CC-BY-NC-3.0-MADORAN	available			Exact source inventory only; semantic, translation, GPT, and native review pending.
S6	MADOran_Sentences.tsv:Sentno=709	براهيم خويا جيستمون جيتك على هاد مشكل نسيت مقدمتلكش اخ هواري . متشرفين سي هواري يزيد فضلك .	18	CC-BY-NC-3.0-MADORAN	available			Exact source inventory only; semantic, translation, GPT, and native review pending.
S6	MADOran_Sentences.tsv:Sentno=710	في امان الله مهود ملخدمة عيان نتلاقى سيد انا وياه فطريق حبا حبا جبهلي رب عالمين صدفة تلاقينا هدرة تجبد هدرة دخلنا فامر تاعك .	25	CC-BY-NC-3.0-MADORAN	available			Exact source inventory only; semantic, translation, GPT, and native review pending.
S6	MADOran_Sentences.tsv:Sentno=711	امر سكن ? نعم أيا هدرة تجيب هدرة و قتله عندي شير خويا مغبون في وحد غبينة كبيرة غبينة كحلة زعما زعما بمعنى كلمة .	25	CC-BY-NC-3.0-MADORAN	available			Exact source inventory only; semantic, translation, GPT, and native review pending.
S6	MADOran_Sentences.tsv:Sentno=712	كمل معايا طريق مسكين مهودين قالي مشكل كيفاش و قتله راه مردف معايا و راه في مشكل كبير بمعنى كلمة	20	CC-BY-NC-3.0-MADORAN	available			Exact source inventory only; semantic, translation, GPT, and native review pending.
S6	MADOran_Sentences.tsv:Sentno=713	أيا براهيم خويا وصل معايا حتى لدار معييت فيه على قهوة قالي وأبو وصل غير صوالحك و نطلعو ها طلعنا انا وياه و رنا جايين عندك ديركت باش تحكيله مشكل تاعك شا هو .	34	CC-BY-NC-3.0-MADORAN	available			Exact source inventory only; semantic, translation, GPT, and native review pending.
S6	MADOran_Sentences.tsv:Sentno=714	سي هواري انا مغبون في امر سكن ستاديغ سكنة كاين و كرية كاينة بصح خلصة تاعي ميسمحليش باش نكري . سي براهيم انا انسان مولا خير و نبغي ندير خير فناس .	32	CC-BY-NC-3.0-MADORAN	available			Exact source inventory only; semantic, translation, GPT, and native review pending.
S6	MADOran_Sentences.tsv:Sentno=715	درت خير في شي ناس من قبل و مين شفتك مغبون غادي ندير فيك خير سي براهيم . بارك الله فيك سي هواري . وينت نجم نجي نسكن ? بون من غدوة انشاء الله تنجم تسكن نتا و زوجة تاعك .	41	CC-BY-NC-3.0-MADORAN	available			Exact source inventory only; semantic, translation, GPT, and native review pending.
S6	MADOran_Sentences.tsv:Sentno=716	بارك الله فيك سي هواري . خويا حمد الله ينورك . مننساش قاع خير تاعك . أيا نكملوها فدار انشاء الله .	22	CC-BY-NC-3.0-MADORAN	available			Exact source inventory only; semantic, translation, GPT, and native review pending.
S6	MADOran_Sentences.tsv:Sentno=717	ايا خويا في لمان انشاء الله . الله يحفظكم . اييه كي يجي خير يجي بصح خويا حمد مننساش خير تاعه قاع . غبنته معايا حمد لله .	28	CC-BY-NC-3.0-MADORAN	available			Exact source inventory only; semantic, translation, GPT, and native review pending.
S6	MADOran_Sentences.tsv:Sentno=718	ناس بكري شا قالو ?	5	CC-BY-NC-3.0-MADORAN	available			Exact source inventory only; semantic, translation, GPT, and native review pending.
S6	MADOran_Sentences.tsv:Sentno=719	كي تبدا قول بسم الله و كي تكمل قول حمد الله	11	CC-BY-NC-3.0-MADORAN	available			Exact source inventory only; semantic, translation, GPT, and native review pending.
S6	MADOran_Sentences.tsv:Sentno=722	ولد سبع مايجي مشحاح و دفلة ما تجيب تفاح , دقيق البشنة ما يجي منه طعام و صوف الكلاب ما يجي منه البرنوس و كبير لعرش طيعو , و كبير الراس و الكرش بالرخس بيعو .	36	CC-BY-NC-3.0-MADORAN	available			Exact source inventory only; semantic, translation, GPT, and native review pending.
S6	MADOran_Sentences.tsv:Sentno=723	زين السوق قعاده , و زين فراش أولاده , و زينة الحديث كي يعود موش في الصواب سكاته .	19	CC-BY-NC-3.0-MADORAN	available			Exact source inventory only; semantic, translation, GPT, and native review pending.
S6	MADOran_Sentences.tsv:Sentno=724	عرة فاكية برقوق , و عرة نسا لي طيب و تدوق , و عرة رجال لي سوق بعد سوق .	20	CC-BY-NC-3.0-MADORAN	available			Exact source inventory only; semantic, translation, GPT, and native review pending.
S6	MADOran_Sentences.tsv:Sentno=725	ادا كنت شين استر فضايحك و ادا كنت زين استر روحك من العين .	14	CC-BY-NC-3.0-MADORAN	available			Exact source inventory only; semantic, translation, GPT, and native review pending.
S6	MADOran_Sentences.tsv:Sentno=726	ادا طاحو سنين تروح البنة و ادا راحو عينين تروح الدنيا و ادا راح النيف تروح الهمة . و ادا راحو رجال تروح حرمة و ادا راحو الوالدين تروح اللمة .	31	CC-BY-NC-3.0-MADORAN	available			Exact source inventory only; semantic, translation, GPT, and native review pending.
S6	MADOran_Sentences.tsv:Sentno=727	قالو ناس زمان .	4	CC-BY-NC-3.0-MADORAN	available			Exact source inventory only; semantic, translation, GPT, and native review pending.
S6	MADOran_Sentences.tsv:Sentno=728	الي ما يدبح شاته و ما يحكم في مرته و ما يقوم صلاته موته خير من حياته .	18	CC-BY-NC-3.0-MADORAN	available			Exact source inventory only; semantic, translation, GPT, and native review pending.
S6	MADOran_Sentences.tsv:Sentno=729	و الي ما يعرف لا دبيحة لا سليخة زواجه من بنت ناس فضيحة .	14	CC-BY-NC-3.0-MADORAN	available			Exact source inventory only; semantic, translation, GPT, and native review pending.
S6	MADOran_Sentences.tsv:Sentno=730	و الي ما تعرف تخدم لا بوزلوف لا دوارة زواجها من وليد الناس خسارة .	15	CC-BY-NC-3.0-MADORAN	available			Exact source inventory only; semantic, translation, GPT, and native review pending.
S6	MADOran_Sentences.tsv:Sentno=732	واحد تلقاه رافد قيتارة و قاعد مع بنات يغنيلهم دايمن تلقا شعره مكشرد و لبنات لي معاه كامل سيفيليزي هاد قروب دايمن مكروه فالجامعة .	25	CC-BY-NC-3.0-MADORAN	available			Exact source inventory only; semantic, translation, GPT, and native review pending.
S6	MADOran_Sentences.tsv:Sentno=733	نوع زاوج هو لي يبغو تعراض . تلقاهم يعرضو بلوطو تاع بوهم طالع هاود بيها و جيعانات يكحلو و هو حلاب يحلب فيهم .	24	CC-BY-NC-3.0-MADORAN	available			Exact source inventory only; semantic, translation, GPT, and native review pending.
S6	MADOran_Sentences.tsv:Sentno=734	تروازيام كاتقوري تلقاهم تلاتة تلاتة حاكمين قنت و يلعبو فكارطا و لا دومينو معلابلهمش بالدنيا و لبنات تلقاهم يحكو فقصص حياتهم مأسوية .	23	CC-BY-NC-3.0-MADORAN	available			Exact source inventory only; semantic, translation, GPT, and native review pending.
S6	MADOran_Sentences.tsv:Sentno=735	كاتيقوري 4 تلقاه يظل وحده ياكل وحده يقرى وحده يروح وحده دايمن وحده .	14	CC-BY-NC-3.0-MADORAN	available			Exact source inventory only; semantic, translation, GPT, and native review pending.
S6	MADOran_Sentences.tsv:Sentno=736	قروب 5 تلقاهم كوبل يضلو مع بعضهم صباح نص نهار عشية فالكور ميخطوش بعضهم قاع	15	CC-BY-NC-3.0-MADORAN	available			Exact source inventory only; semantic, translation, GPT, and native review pending.
S6	MADOran_Sentences.tsv:Sentno=737	لوخرين تلقاهم زوج صحاب يظلو يدورو الجامعة يعرفوها شبر شبر و عبد بعبد تقول عليهم بلدية عندهم ميزة يقدرو يعرفو عباد ربي لي ميقروش تم . وين تروح تلقاهم و هدا نوع تلقاهم يدوروغير مع بعضهم ما يحلبوش غاشي .	40	CC-BY-NC-3.0-MADORAN	available			Exact source inventory only; semantic, translation, GPT, and native review pending.
S6	MADOran_Sentences.tsv:Sentno=738	و قروب تالي تلقاهم تلاتة تلاتة و لا ربعة قاعدين و يعسو فالي رايح و جاي و يمنشرو على خلق ربي شكون فيهم نتا ه .	26	CC-BY-NC-3.0-MADORAN	available			Exact source inventory only; semantic, translation, GPT, and native review pending.
S6	MADOran_Sentences.tsv:Sentno=739	تصرالكم تع كي تتعرفي على بنادم سوا شير و لا شيرة مع لول يعجبك تضحكي و تقصري و تحلالك ابري تكرهيه بلا سبة و كلما تعرفي بنادم يصرالك معاه نفس سيناريو .	32	CC-BY-NC-3.0-MADORAN	available			Exact source inventory only; semantic, translation, GPT, and native review pending.
S6	MADOran_Sentences.tsv:Sentno=740	و ادا وليت اون كوبل جامي نعيطله و قاع دارولي هاد رومارك نتي متعيطي متحوسي .	16	CC-BY-NC-3.0-MADORAN	available			Exact source inventory only; semantic, translation, GPT, and native review pending.
S6	MADOran_Sentences.tsv:Sentno=741	و نكره نهدر فتليفون فليل و نكره يعيطلي كل دقيقة و ادا بدا يقولي عمري و بب نولي نشوفه كححل و ادا قالي نحبك و بدا فتحلاب الباسل .	29	CC-BY-NC-3.0-MADORAN	available			Exact source inventory only; semantic, translation, GPT, and native review pending.
S6	MADOran_Sentences.tsv:Sentno=742	هداك تاع تعلوب الألماني نحس من داخل وحد الإحساس تاع نبغي نتقيا على وجهه الماكلة تع 2015 و نبدا نحوس على مشاكل حتا نحبسو .	25	CC-BY-NC-3.0-MADORAN	available			Exact source inventory only; semantic, translation, GPT, and native review pending.
S6	MADOran_Sentences.tsv:Sentno=743	بديت نتوسوس لروحي و راني حايرة كيش تقو تكونو فغولاصيون بربعة سنين خمسة هل انا انسان طبيعي لا خويا غي روح جري على روحك مرضك صعيب و الله يجيب شيفة نشاء الله .	33	CC-BY-NC-3.0-MADORAN	available			Exact source inventory only; semantic, translation, GPT, and native review pending.
S6	MADOran_Sentences.tsv:Sentno=744	الرومنسية جزايرية	2	CC-BY-NC-3.0-MADORAN	available			Exact source inventory only; semantic, translation, GPT, and native review pending.
S6	MADOran_Sentences.tsv:Sentno=745	اون كوبل	2	CC-BY-NC-3.0-MADORAN	available			Exact source inventory only; semantic, translation, GPT, and native review pending.
S6	MADOran_Sentences.tsv:Sentno=746	علاه متشدليش يدي كي نتمشو برا	6	CC-BY-NC-3.0-MADORAN	available			Exact source inventory only; semantic, translation, GPT, and native review pending.
S6	MADOran_Sentences.tsv:Sentno=747	اواه نخاف عليك يشوفنا واحد يعرفك نولو في مشاكل كي نخطبك نشدلك يدك و واحد ما يسالنا .	18	CC-BY-NC-3.0-MADORAN	available			Exact source inventory only; semantic, translation, GPT, and native review pending.
S6	MADOran_Sentences.tsv:Sentno=748	كي ينخطبو تسقسيه نفس سؤال يقولها شا راكي باغية يقولو تخطبو يديرو رايهم كي نتزوجو نشدلك يدك كيما تبغي .	20	CC-BY-NC-3.0-MADORAN	available			Exact source inventory only; semantic, translation, GPT, and native review pending.
S6	MADOran_Sentences.tsv:Sentno=749	كي يتزوجو تعاود تسقسيه يقولها ياك عندنا دار و مستروين الحمد الله ديري فيها شا تبغي .	17	CC-BY-NC-3.0-MADORAN	available			Exact source inventory only; semantic, translation, GPT, and native review pending.
S6	MADOran_Sentences.tsv:Sentno=750	كي يولو متزوجين بولاد تسقسيه و دروك علاه متشدليش يدي	10	CC-BY-NC-3.0-MADORAN	available			Exact source inventory only; semantic, translation, GPT, and native review pending.
S6	MADOran_Sentences.tsv:Sentno=751	نشدك نتي و لانشد بنتك و لا نشد قضيان	9	CC-BY-NC-3.0-MADORAN	available			Exact source inventory only; semantic, translation, GPT, and native review pending.
S6	MADOran_Sentences.tsv:Sentno=752	ابري 25 عام تع زواج يقولها تاني شارك باغية راجل بنتك يقول علينا كبرو و خرفو	16	CC-BY-NC-3.0-MADORAN	available			Exact source inventory only; semantic, translation, GPT, and native review pending.
S6	MADOran_Sentences.tsv:Sentno=753	ابري 50 عام تع زواج مسكينة تقوله و دروك كيفاش متشدليش يدي	12	CC-BY-NC-3.0-MADORAN	available			Exact source inventory only; semantic, translation, GPT, and native review pending.
S6	MADOran_Sentences.tsv:Sentno=754	يعاود يقولها بغيتي نشدلك يدك و نخلي خزرانة تاعي باش نطيح و نموت و تورتيني علابالي باغية تتهني مني أيا أرواح نتا و فهم كيما دير ما تسلك حب فجزاير فقط تحير . . .	35	CC-BY-NC-3.0-MADORAN	available			Exact source inventory only; semantic, translation, GPT, and native review pending.
S6	MADOran_Sentences.tsv:Sentno=755	ارواحو نحكيلكم على خويا الصباح كي ناض نورمال في عشية جا لماما قالها باغي نتزوج اخطبيلي قاتله اوكي .	19	CC-BY-NC-3.0-MADORAN	available			Exact source inventory only; semantic, translation, GPT, and native review pending.
S6	MADOran_Sentences.tsv:Sentno=756	بصح قالها باغي تخطبيلي صحبتي فلانة و هادي شيرة موالف يجيباهلنا للدار مالا ماما قاتله كيفاه شيرة موالفة تجي معاك تحوس تزوج بيها .	24	CC-BY-NC-3.0-MADORAN	available			Exact source inventory only; semantic, translation, GPT, and native review pending.
S6	MADOran_Sentences.tsv:Sentno=757	قالها واه و بدا يزقي قاتله خليني انا نخير لك قالها باش تجبيلي وحدة عندها حبيبها نهار نخطبها تولي تبكي على حبيبها و تخدعني مالا خليني ندي حبيبتي لي نعرفها و ربيتها على يدي ه	35	CC-BY-NC-3.0-MADORAN	available			Exact source inventory only; semantic, translation, GPT, and native review pending.
S6	MADOran_Sentences.tsv:Sentno=758	المهم اليوم تشوكيت في خويا تع بصح هاو شيرات حشا لي ميستهلوش قحبات دايمن فلواطا كاش ما ينيطو واحد و تلزق فيها حتى تديه و شير تاني يلعب ينقز من شيرة لختها .	33	CC-BY-NC-3.0-MADORAN	available			Exact source inventory only; semantic, translation, GPT, and native review pending.
S6	MADOran_Sentences.tsv:Sentno=759	ابري يدي غير لي ماه شفتهاله كيما عادة و يهدرو على رجولة حاي الله يطيحنا في ولد حلال و صايي .	21	CC-BY-NC-3.0-MADORAN	available			Exact source inventory only; semantic, translation, GPT, and native review pending.
S6	MADOran_Sentences.tsv:Sentno=760	تزوجها وهرانية تلقاها حنينة و حساسة دارها دايمن نقية و تغرس ورد فالتاقة و طيبلك حريرة و بوراك و المعقودة .	21	CC-BY-NC-3.0-MADORAN	available			Exact source inventory only; semantic, translation, GPT, and native review pending.
S6	MADOran_Sentences.tsv:Sentno=761	الله الله ولي قغاتان و طاجين زيتون و ضولما و سوغتو مين تلبس طابلية تع كوزينة و تزير جبهتها بفونارة وديك بدعية قليع قلبي	24	CC-BY-NC-3.0-MADORAN	available			Exact source inventory only; semantic, translation, GPT, and native review pending.
S6	MADOran_Sentences.tsv:Sentno=762	و تخدملك لي سيقاغ تاع لوز تشرب بيهم لتاي و تزيد ديلك طعام بالزبيب سفة و لا مرقة فالصحور يكون هداك وين فوراته و تقولك كول راجلي راس مالي ,	30	CC-BY-NC-3.0-MADORAN	available			Exact source inventory only; semantic, translation, GPT, and native review pending.
S6	MADOran_Sentences.tsv:Sentno=763	هو انت قلبي و عملاي ربي يخليك ليا و تزيد طيبلك خبز دار لي ما يكلهش براني هه بسانوج و لمطلوع حامي هاداك وين طيباته كل صبع بصنعة .	29	CC-BY-NC-3.0-MADORAN	available			Exact source inventory only; semantic, translation, GPT, and native review pending.
S6	MADOran_Sentences.tsv:Sentno=764	الله الله و كي يلحق العيد تشبعك حلوى هادي بقلاوة هادا قريوش , المقروط , المسمن و طورنو , و عرايش قاع أنواع . . يرحم بوك شا يجيك من وحدة حلوة اونباغسون و لا شا قال وهرانية مولاة همة و شان .	43	CC-BY-NC-3.0-MADORAN	available			Exact source inventory only; semantic, translation, GPT, and native review pending.
S6	MADOran_Sentences.tsv:Sentno=765	مالكي يا وهران ?	4	CC-BY-NC-3.0-MADORAN	available			Exact source inventory only; semantic, translation, GPT, and native review pending.
S6	MADOran_Sentences.tsv:Sentno=766	حنا ولادك زايدين فالحواش كابرين في الحومات رحلونا و سكنونا في بطيمات .	13	CC-BY-NC-3.0-MADORAN	available			Exact source inventory only; semantic, translation, GPT, and native review pending.
S6	MADOran_Sentences.tsv:Sentno=767	وهران وساعت و على ولادها ضياقت بناو فيك حي شباب و جديد و سماوه العقيد .	16	CC-BY-NC-3.0-MADORAN	available			Exact source inventory only; semantic, translation, GPT, and native review pending.
S6	MADOran_Sentences.tsv:Sentno=768	سكنو لي جاي من بعيد و ولادك في براريك تع حديد مالكي يا وهران ? ! ! لي يزورك يتصور مع سبع و في زينك ينخلع . ترحبي بالضيف فالمشتة و الصيف ,	33	CC-BY-NC-3.0-MADORAN	available			Exact source inventory only; semantic, translation, GPT, and native review pending.
S6	MADOran_Sentences.tsv:Sentno=769	يجو يبحرو و يسهروا و ممبعد فيك يعايرو .	9	CC-BY-NC-3.0-MADORAN	available			Exact source inventory only; semantic, translation, GPT, and native review pending.
S6	MADOran_Sentences.tsv:Sentno=770	مالكي يا وهران ? ! ! حواشك هدموهم و ليسوفنير ضيعوهم . بنت وهران بنكوتها و غاشيها و كشفة خاطيها مسنة فالدار و حصلتو كلشي فيها	26	CC-BY-NC-3.0-MADORAN	available			Exact source inventory only; semantic, translation, GPT, and native review pending.
S6	MADOran_Sentences.tsv:Sentno=771	مرزاق راك جايبني هنا باش تهدلي هاد هدرة . زينو متكطعليش هدرة و خليني نفهمك . كي دايرة هادي تبيع لنا دارنا و تقولي متكطعليش هدرة خليتك تبيع لواطا دروك باغي تبيع لنا دارنا	34	CC-BY-NC-3.0-MADORAN	available			Exact source inventory only; semantic, translation, GPT, and native review pending.
S6	MADOran_Sentences.tsv:Sentno=772	صحا بركا ما دير فتبهديل ناس راها تسمع فينا . شا دخلني فناس راك عرف شا صرا في هاد شهر و لا ?	23	CC-BY-NC-3.0-MADORAN	available			Exact source inventory only; semantic, translation, GPT, and native review pending.
S6	MADOran_Sentences.tsv:Sentno=773	خسرنا بونا و بونك سيزتنا شركة و دروك باغي تبيع لنا دارنا نقعدو بلا دار و لا شاه .	19	CC-BY-NC-3.0-MADORAN	available			Exact source inventory only; semantic, translation, GPT, and native review pending.
S6	MADOran_Sentences.tsv:Sentno=774	عندك حل وخداخر مدهلي . مشي مشكلتي هادي نتا لقا حل باش تبيع دارنا غير قلعها من راسك .	19	CC-BY-NC-3.0-MADORAN	available			Exact source inventory only; semantic, translation, GPT, and native review pending.
S6	MADOran_Sentences.tsv:Sentno=775	يا زينو بشوية و خليني نفهمك مشقاقش تقعد تيبس في راسك فيلا كبيرة بزاف منقدوش على مصاريفها ما نقدوش مامبا نقوها .	22	CC-BY-NC-3.0-MADORAN	available			Exact source inventory only; semantic, translation, GPT, and native review pending.
S6	MADOran_Sentences.tsv:Sentno=776	انا قلت خلينا نبيعو فيلا و نشرو دار صغيرة انا وياك على حسابنا و دراهم الي بقاو نديرو بيهم كاش بروجي ندورو بيه شوية بيلاما وقفنا على كرعينا .	29	CC-BY-NC-3.0-MADORAN	available			Exact source inventory only; semantic, translation, GPT, and native review pending.
S6	MADOran_Sentences.tsv:Sentno=777	أيا نديرو بلي هدا هو حل تبيعها فزوج ملايير ? علاه لقيت شاري وخداخور و قلت لا . أي دارنا شابة و جاية في بلاصة شابة تحطها في واد كنيس تجيبلك 10 نورمال .	34	CC-BY-NC-3.0-MADORAN	available			Exact source inventory only; semantic, translation, GPT, and native review pending.
S6	MADOran_Sentences.tsv:Sentno=778	يا مكانش البيع مكانش الي عطانا رانا في خمس شهر و حنا نقارعو ماكنش رحت عند اجونس ايموبلياغ قالي مكانش مكانش الي بغى يشريها لقينا شاري ميليقش نبدلوه .	29	CC-BY-NC-3.0-MADORAN	available			Exact source inventory only; semantic, translation, GPT, and native review pending.
S6	MADOran_Sentences.tsv:Sentno=779	صباح الخير لي جون صافا ? واه صافا نجم نريح معاكم شوية ? لا راني نهدر مع خويا الله يفتح عليك . باغي نحكي معاكم شوية تفضل تفضل . ميرسي .	31	CC-BY-NC-3.0-MADORAN	available			Exact source inventory only; semantic, translation, GPT, and native review pending.
S6	MADOran_Sentences.tsv:Sentno=781	واه دوك ندخلو بص ندخلو مالباب . حمبوك قولي سي جمال هادي فيلا تع 3 مليار . ساهل حال نشوفو و منبعد نهدرو . ادي و الله ما تلقاها بهاد سومة قاع . تفضل . صحيت .	37	CC-BY-NC-3.0-MADORAN	available			Exact source inventory only; semantic, translation, GPT, and native review pending.
S6	MADOran_Sentences.tsv:Sentno=784	اني نقارع بطاو . الو نعم استاد ا سمع راني فهمتك حتى يوصلو و منبعد انا نهدر معاك باش توجد لي زاكت اوك . واه عيطت و مرادوش خايف الا لقاو كاش واحد و مدلهم كتر معليش معليش . اقطع اقطع راهم دخلو .	44	CC-BY-NC-3.0-MADORAN	available			Exact source inventory only; semantic, translation, GPT, and native review pending.
S6	MADOran_Sentences.tsv:Sentno=785	منبعد نهدرو اوك .	4	CC-BY-NC-3.0-MADORAN	available			Exact source inventory only; semantic, translation, GPT, and native review pending.
S6	MADOran_Sentences.tsv:Sentno=786	السلام عليكم سلام و رحمته الله . لاباس ? شا كاين قلقتوني يا جماعة ياك غير خير ? ادي غير خير اني حشمان نهدر معاك ملقيتش شا نقولك . ا بطيتو شويا و انا عندي طيارة نديها أ ميدي . و الله غير سمحلنا .	45	CC-BY-NC-3.0-MADORAN	available			Exact source inventory only; semantic, translation, GPT, and native review pending.
S6	MADOran_Sentences.tsv:Sentno=787	شا كاين ? هاولاهدر معاه .	6	CC-BY-NC-3.0-MADORAN	available			Exact source inventory only; semantic, translation, GPT, and native review pending.
S6	MADOran_Sentences.tsv:Sentno=788	سليم شا تشرب ? شوف سي جمال انا نجيك ملخر انا هاد لفير مدخلتش راسي و مانيش قابل بيها . درتو في رايكم ? مشي بارك اتفقنا نورمالمون نتلاقو اليوم باش نكملو شرية .	34	CC-BY-NC-3.0-MADORAN	available			Exact source inventory only; semantic, translation, GPT, and native review pending.
S6	MADOran_Sentences.tsv:Sentno=789	شوف انا ما درت في رايي ما والو ,	9	CC-BY-NC-3.0-MADORAN	available			Exact source inventory only; semantic, translation, GPT, and native review pending.
S6	MADOran_Sentences.tsv:Sentno=790	انا راني عارف كي داير بيع و شرا خويا صغير ما يعرفش هاد صوالح شغل راها باينتله بلي نتايا راك تبروفيتي م لاسيتياسيون تاعه . اه تسما درتو في رايكم .	31	CC-BY-NC-3.0-MADORAN	available			Exact source inventory only; semantic, translation, GPT, and native review pending.
S6	MADOran_Sentences.tsv:Sentno=791	هاولا قدامك و هدر معاه . سليم نورمالمون بارح كملنا هدرة و اتفقنا باش نكملو اليوم معليش نقدر ظروفكم عارف راكم دورو في ظروف حرجة شوية	26	CC-BY-NC-3.0-MADORAN	available			Exact source inventory only; semantic, translation, GPT, and native review pending.
S6	MADOran_Sentences.tsv:Sentno=792	انا نزيدكم 500 مليون و منزيدوش نهدرو .	8	CC-BY-NC-3.0-MADORAN	available			Exact source inventory only; semantic, translation, GPT, and native review pending.
S6	MADOran_Sentences.tsv:Sentno=793	هادي كلمتك تالية ? اخر كلمة . ادي غير خليها تلات ملايير و ستمية و لا 4 ملايير لا شد كلمة لولا تاعك 3 ملايير و 600 بون كو اوك ? أيا صايي ما عندك ما تهدر .	38	CC-BY-NC-3.0-MADORAN	available			Exact source inventory only; semantic, translation, GPT, and native review pending.
S6	MADOran_Sentences.tsv:Sentno=794	ادي تعرف دارنا شعال تجيب غادس غدوة يبيعها تجيبله عشر ملايير نورمال . مكانش بيع مالك راك تهبل فينا . نتكلو على الله . انا راني موافق نقول مبروك ادا بغيت .	32	CC-BY-NC-3.0-MADORAN	available			Exact source inventory only; semantic, translation, GPT, and native review pending.
S6	MADOran_Sentences.tsv:Sentno=795	لا انا ما نقول مبروك حتى نسني لاكت . اسمعو كاين مليار واجد هداك غادي نمدهلكم اكيفالون بالاورو . مكانش مشكل ندوه بالاورو مهم نتا كواعط تاع فيلا شفتهم و ليزوغجينو جبتوهم	32	CC-BY-NC-3.0-MADORAN	available			Exact source inventory only; semantic, translation, GPT, and native review pending.
S6	MADOran_Sentences.tsv:Sentno=796	? رانا جايبين ليزوغيجينو واه و نكوة عندكم ? عندنا لي كارت توعنا أيا تري بيان لي كلي ? راهم عندي تبغي قاع روح معاك لفيلا بلاك كاش ما تحتاج و لا متعرفش .	34	CC-BY-NC-3.0-MADORAN	available			Exact source inventory only; semantic, translation, GPT, and native review pending.
S6	MADOran_Sentences.tsv:Sentno=797	لا معنديش وقت عندي انافيون نخي ايرجون تلفون تاعك راه عندي نهدر معاك وقت لي نسحقك . مكانش مشكل وقت لي تبغي مانش مشكل في ليل عيطلي نجيك ما كانش مشكل .	32	CC-BY-NC-3.0-MADORAN	available			Exact source inventory only; semantic, translation, GPT, and native review pending.
S6	MADOran_Sentences.tsv:Sentno=798	أيا صحا دراهم وين راهم ? اه دراهم دراهم راهم عند نوتار تو سيني تدي دراهمك سي بون ? نروحو دروك لا بغيت . أيا نتكلو على الله .	29	CC-BY-NC-3.0-MADORAN	available			Exact source inventory only; semantic, translation, GPT, and native review pending.
S6	MADOran_Sentences.tsv:Sentno=799	سليمة تبغي نزيدلك شوية قهوة . لا صحيتي حقا حبيتي مقلتليش شا رايك فالديكور و فيلا ? عجبك قو تاعي ? أمم علامة .	24	CC-BY-NC-3.0-MADORAN	available			Exact source inventory only; semantic, translation, GPT, and native review pending.
S6	MADOran_Sentences.tsv:Sentno=801	صبيحة ? واه اروحو تشوفو عمتكم يا عمري على زينة تاعي يا عمري يا عمري على بنتي يا عمري أيا عندي . كي توحشتها بنتي .	26	CC-BY-NC-3.0-MADORAN	available			Exact source inventory only; semantic, translation, GPT, and native review pending.
S6	MADOran_Sentences.tsv:Sentno=802	كيراك راك غاية ? ما تحصو تزيدو تشفوها دوك تتوحشوها . نتي شكون قالك راني رايحة ليوم اه . لا يبغوك و يتوحشوك بصح . راني قاعدة على قلبك واقيلا .	31	CC-BY-NC-3.0-MADORAN	available			Exact source inventory only; semantic, translation, GPT, and native review pending.
S6	MADOran_Sentences.tsv:Sentno=803	حاشا سليمة هادي هدرة دار دار خوك و لي جوغ تقعدي فيها وقت ما تبغي . يلا دوك يفوتهم الحال روحو تقرو .	23	CC-BY-NC-3.0-MADORAN	available			Exact source inventory only; semantic, translation, GPT, and native review pending.
S6	MADOran_Sentences.tsv:Sentno=804	وليتي تعرفي تمتلي بسلامتك ملي جيتي هنا كلشي تبدل نسيتي نسيتي واقيل بلي كابرين مع بعض و لي قاريه ديب حافظه سلوقي .	23	CC-BY-NC-3.0-MADORAN	available			Exact source inventory only; semantic, translation, GPT, and native review pending.
S6	MADOran_Sentences.tsv:Sentno=805	بيضي قلبك يا سليمة نساي سنين باهية و ليام عوجة انا مدابيا ننسى جدها راجلك راجلك هو لي مخلانيش نخرج منها لا انا لا راجلي . ا	27	CC-BY-NC-3.0-MADORAN	available			Exact source inventory only; semantic, translation, GPT, and native review pending.
S6	MADOran_Sentences.tsv:Sentno=806	قالك ما عندهش اللي يقابله صوالحه في وهران صافي كاين غير علي الي سقابله صوالحه كاين مية و متين واحد الي يقابله .	23	CC-BY-NC-3.0-MADORAN	available			Exact source inventory only; semantic, translation, GPT, and native review pending.
S6	MADOran_Sentences.tsv:Sentno=807	يقابل صوالحه يا سيدي علاه شا معنتها نتوما جيتو هنا و خليتونا حنا تماك منستعلوش باش نكبرو و تسقم لنا ليام و لا متجيش علينا .	26	CC-BY-NC-3.0-MADORAN	available			Exact source inventory only; semantic, translation, GPT, and native review pending.
S6	MADOran_Sentences.tsv:Sentno=808	راكي في عقلك سليمة راكي عارفو مليح علاه خالد هرب من وهران لياه تحسبي في يوسف و جماعته يزعقو ?	20	CC-BY-NC-3.0-MADORAN	available			Exact source inventory only; semantic, translation, GPT, and native review pending.
S6	MADOran_Sentences.tsv:Sentno=809	متخافيش على خوك ? نخاف على خويا كتر منك و اني باغية نكون معاه علاه ?	16	CC-BY-NC-3.0-MADORAN	available			Exact source inventory only; semantic, translation, GPT, and native review pending.
S6	MADOran_Sentences.tsv:Sentno=810	نتي غادي تجي خير من ماه و خته و نتي راكي باغية خالد يخلي مرته و ولاده في وهران و يجي خالد ميقدش يعيش بعيد علينا و حنا كي جينا جينا على جال ولاد باش يدخلو ايكول بريفي باش يتربو مليح .	42	CC-BY-NC-3.0-MADORAN	available			Exact source inventory only; semantic, translation, GPT, and native review pending.
S6	MADOran_Sentences.tsv:Sentno=811	و دوك يجو علاه ? ما عندكم علاه هنا و لا لهيه كيف كيف . راكي تعايري فيا كي منولدش علاه انا بغيت على روحي هادي حاجة ربي .	29	CC-BY-NC-3.0-MADORAN	available			Exact source inventory only; semantic, translation, GPT, and native review pending.
S6	MADOran_Sentences.tsv:Sentno=812	الي يقول كلمة حق يعير . كاش وحدة تعاير مرت خوها نعلي بليس خلينا من هاد هدرة نولو في هدرة وخدوخرة .	22	CC-BY-NC-3.0-MADORAN	available			Exact source inventory only; semantic, translation, GPT, and native review pending.
S6	MADOran_Sentences.tsv:Sentno=813	روحي نوضيه . لا منقدش نوضه راكي تعرفيه بلي مقلق . شوفي لي يديني وهران راه قريب يجي و مانيش باغية نروح بلا ما نشوف خويا روحي نوضيه .	29	CC-BY-NC-3.0-MADORAN	available			Exact source inventory only; semantic, translation, GPT, and native review pending.
S6	MADOran_Sentences.tsv:Sentno=814	سليمة دار دار خوك راهي دارك تبغي طلعي نوضيه نوضيه تبغي تقرعي له روحي قرعي له فصالون .	18	CC-BY-NC-3.0-MADORAN	available			Exact source inventory only; semantic, translation, GPT, and native review pending.
S6	MADOran_Sentences.tsv:Sentno=816	اوغفوار سي جمال . اوغفوار مادموزال ميرسي تبقي على خير . مرحبا بيك . ا ماركش تشوف صاحبي ? سمحلي .	21	CC-BY-NC-3.0-MADORAN	available			Exact source inventory only; semantic, translation, GPT, and native review pending.
S6	MADOran_Sentences.tsv:Sentno=817	لا غير خلي صاحبي . باردون .	7	CC-BY-NC-3.0-MADORAN	available			Exact source inventory only; semantic, translation, GPT, and native review pending.
S6	MADOran_Sentences.tsv:Sentno=820	بغيت نقولك المرحوم جيست قبل ما يتوفى باع أملاك تاوعه . شا ولا ? نعم مادام . ما عندي حتى فكرة على هادا موضوع . مالوغزمون هادا لي صرا .	30	CC-BY-NC-3.0-MADORAN	available			Exact source inventory only; semantic, translation, GPT, and native review pending.
S6	MADOran_Sentences.tsv:Sentno=821	دوك نفهمك املاك تاوعه باعهم قاع بيع قانوني . كلش راه مسجل كريم ولاد خوه ناصر .	17	CC-BY-NC-3.0-MADORAN	available			Exact source inventory only; semantic, translation, GPT, and native review pending.
S6	MADOran_Sentences.tsv:Sentno=822	و ولده ? سي بوغ سا قتلك قبيلة ستدعيتك اوباغسون باش نقولهالك انا لول اوموان توجدي روحك مادم قبل ما يقولوها لك اهل تاعه و تتشوكي	26	CC-BY-NC-3.0-MADORAN	available			Exact source inventory only; semantic, translation, GPT, and native review pending.
S6	MADOran_Sentences.tsv:Sentno=823	و فيلا لي رانا ساكنين فيها ?	7	CC-BY-NC-3.0-MADORAN	available			Exact source inventory only; semantic, translation, GPT, and native review pending.
S6	MADOran_Sentences.tsv:Sentno=824	تاني باعها كلش مادم . وين غادي نروح انا و ولدي .	12	CC-BY-NC-3.0-MADORAN	available			Exact source inventory only; semantic, translation, GPT, and native review pending.
S6	MADOran_Sentences.tsv:Sentno=825	في هاد شي كونك مهنية هو دومندالي نزيد فعقد تع فيلا بلي تونك راكي فالحياة ما عندهم ما يدوها	19	CC-BY-NC-3.0-MADORAN	available			Exact source inventory only; semantic, translation, GPT, and native review pending.
S6	MADOran_Sentences.tsv:Sentno=826	و سمحيلي على هادي كلمة و الله ما عرفت كيفاش نجيبهالك مدام ربي يطول في عمرك انشا الله على كل الحال .	22	CC-BY-NC-3.0-MADORAN	available			Exact source inventory only; semantic, translation, GPT, and native review pending.
S6	MADOran_Sentences.tsv:Sentno=827	حتى بعد وفاة تاعك ابري اوتوماتيكمون تعاود تولي فيلا لولاد خوه ناصر و هوما لراهم مسنيين عليها هنا لزوج . مافيهش خير داري يدوها ولاد خوه و يقارعوني كي نموت باش يدوها .	33	CC-BY-NC-3.0-MADORAN	available			Exact source inventory only; semantic, translation, GPT, and native review pending.
S6	MADOran_Sentences.tsv:Sentno=828	جو سوي ديزولي مادم هدا لي صرا . و هاد مسكين شاهو دنب تاعه ?	15	CC-BY-NC-3.0-MADORAN	available			Exact source inventory only; semantic, translation, GPT, and native review pending.
S6	MADOran_Sentences.tsv:Sentno=829	على كل حال المرحوم كان كافل سي الياس بصح راكي على علم بلي كفالة متعطيش حق مكفول يورت مام لوكان يكون لو مام نوم .	25	CC-BY-NC-3.0-MADORAN	available			Exact source inventory only; semantic, translation, GPT, and native review pending.
S6	MADOran_Sentences.tsv:Sentno=830	اسمع روح ضربدورة سامينيت و رجع عندي . طولت عليك ليوم واقيلا . مشقاش تزقي .	16	CC-BY-NC-3.0-MADORAN	available			Exact source inventory only; semantic, translation, GPT, and native review pending.
S6	MADOran_Sentences.tsv:Sentno=831	شا جابك عندي حمبوك ? متخافش نتا خاتيك نتا غير زوالي . انا زواليا منقربش ليهم . قلي شكون نتا ? و شا جابك عندي ? متحوسش تفهم اسمع . و يديا هادو .	34	CC-BY-NC-3.0-MADORAN	available			Exact source inventory only; semantic, translation, GPT, and native review pending.
S6	MADOran_Sentences.tsv:Sentno=832	اسمعني متخلينيش ندير حاجا منبغيهاش انا غادي نحلك بصح بلاك تعيط و لا دير حس فهمت ? فهمتني ? اني نهدر معاك . تليفون تاعي مفاتيح لي عطيتهم لي تع فيلا .	32	CC-BY-NC-3.0-MADORAN	available			Exact source inventory only; semantic, translation, GPT, and native review pending.
S6	MADOran_Sentences.tsv:Sentno=833	هاولا تليفونك و مفاتيح تع فيلا طحولي . شوالا ? ودرتهم ? اسكت مشي قتلك متعيطش ?	17	CC-BY-NC-3.0-MADORAN	available			Exact source inventory only; semantic, translation, GPT, and native review pending.
S6	MADOran_Sentences.tsv:Sentno=834	اني نهدر معاك غير بالعقل . ريح و اسمعني مليح اقسم بالله و تبوجي و لا تلحقني كي نخرج اقسم بالله ندبحك فهمتني ? ايا رول صاحبي .	28	CC-BY-NC-3.0-MADORAN	available			Exact source inventory only; semantic, translation, GPT, and native review pending.
S6	MADOran_Sentences.tsv:Sentno=835	دليلة حمبوك عسيلي طابلة تاعي نروح نمشط شعري عند نريمان و نعاود نولي .	14	CC-BY-NC-3.0-MADORAN	available			Exact source inventory only; semantic, translation, GPT, and native review pending.
S6	MADOran_Sentences.tsv:Sentno=836	يا بنتي شايلا هادي نريمان رايحتلها صباح الله تمشطلك شعرك ممشطتيش ? ستفتحي قبل .	15	CC-BY-NC-3.0-MADORAN	available			Exact source inventory only; semantic, translation, GPT, and native review pending.
S6	MADOran_Sentences.tsv:Sentno=837	منبطاش ما قبل ما يجو لي كليون . دليلة احرزي كاش وحدة تخلطلي فسلعة تاعي ياه .	17	CC-BY-NC-3.0-MADORAN	available			Exact source inventory only; semantic, translation, GPT, and native review pending.
S6	MADOran_Sentences.tsv:Sentno=839	مالكي شا كي تشوفي . والو والو . كيفاه والو ? منبعد نفهمك ارواحي وقفي هنا درقيني غادي نفري وحد صوالح و نعاود نولي .	25	CC-BY-NC-3.0-MADORAN	available			Exact source inventory only; semantic, translation, GPT, and native review pending.
S6	MADOran_Sentences.tsv:Sentno=840	يا فتاح يا رزاق شوفي نتي كاش نهار غادي تباصيني بخدايمك هادو . حمبوك نريمان هاد خطرة و صايي . أيا صحا .	23	CC-BY-NC-3.0-MADORAN	available			Exact source inventory only; semantic, translation, GPT, and native review pending.
S6	MADOran_Sentences.tsv:Sentno=841	ليا روحي ربي يسهلك . ها بنات لي عندهم زهرتحسب انا .	12	CC-BY-NC-3.0-MADORAN	available			Exact source inventory only; semantic, translation, GPT, and native review pending.
S6	MADOran_Sentences.tsv:Sentno=842	لي راك تسالهم جابولك دراهم ?	6	CC-BY-NC-3.0-MADORAN	available			Exact source inventory only; semantic, translation, GPT, and native review pending.
S6	MADOran_Sentences.tsv:Sentno=843	مازال زوج خطرات و انا نروح عند حسين .	9	CC-BY-NC-3.0-MADORAN	available			Exact source inventory only; semantic, translation, GPT, and native review pending.
S6	MADOran_Sentences.tsv:Sentno=844	علاه راه عطيكم كونتونار ? ربع باليطات ما باعوهمش	9	CC-BY-NC-3.0-MADORAN	available			Exact source inventory only; semantic, translation, GPT, and native review pending.
S6	MADOran_Sentences.tsv:Sentno=845	باعهم و قالي صبر عليا شوية شيبانية كانت محتاجة	9	CC-BY-NC-3.0-MADORAN	available			Exact source inventory only; semantic, translation, GPT, and native review pending.
S6	MADOran_Sentences.tsv:Sentno=846	ايوا تسما انا عندي صوصيال و لا شوف مع توفيق يدبر راسه معاهم هو لي جابهم .	17	CC-BY-NC-3.0-MADORAN	available			Exact source inventory only; semantic, translation, GPT, and native review pending.
S6	MADOran_Sentences.tsv:Sentno=850	ميرة . شا راك باغي مني عمي علي ? اني باغيك نتي .	13	CC-BY-NC-3.0-MADORAN	available			Exact source inventory only; semantic, translation, GPT, and native review pending.
S6	MADOran_Sentences.tsv:Sentno=851	ها نقعدو غير نعاودو انا تاني بصح في حلال . أيا صحا نديرو عقد بيناتنا زواج عرفي .	18	CC-BY-NC-3.0-MADORAN	available			Exact source inventory only; semantic, translation, GPT, and native review pending.
S6	MADOran_Sentences.tsv:Sentno=852	منيتك ? لوكان جيت ملكطة و لا ما عنديش اصل بلاك نقبل بصح انا عندي ما و ختي كي غادي ندير معاهم . قلبي راه ينحرق و الحل ? قول لمرتك ادا قبلت أرواح تخطبني تما نشوفو .	38	CC-BY-NC-3.0-MADORAN	available			Exact source inventory only; semantic, translation, GPT, and native review pending.
S6	MADOran_Sentences.tsv:Sentno=853	ها راك باغيني نقيس روحي غير هاك انا مازلني صغيرة نتا كبرت اني باغية نضمن روحي و مرتك غادي نجملها انا راني جاية لدنيا و باغية نعيش و لوكان جابتلك بنت تقبل تقيس روحها مع لوالا . شا هو هدا ?	41	CC-BY-NC-3.0-MADORAN	available			Exact source inventory only; semantic, translation, GPT, and native review pending.
S6	MADOran_Sentences.tsv:Sentno=854	راكي تعايري فيا باسكوري متجيبش دراري . انا ? الله يقطعلي لساني انا قاع منخممش كيما هاك . نتا تاني حس بيا شويا .	24	CC-BY-NC-3.0-MADORAN	available			Exact source inventory only; semantic, translation, GPT, and native review pending.
S6	MADOran_Sentences.tsv:Sentno=855	بصح نتي معلبالك بوالو خليني نفهمك . واه علابالي غادي تقولي خوها دراعه طويل ها نتا تاني ماشي ساهل و لا مين خدمتك و صوالحك معاه ? مرتك ادا قبلت حاجا ما غادي تتبدل و الي راها واقفة قدامك تاني تسوى انا ما ني طالبة غير الهنا .	48	CC-BY-NC-3.0-MADORAN	available			Exact source inventory only; semantic, translation, GPT, and native review pending.
S6	MADOran_Sentences.tsv:Sentno=856	قعد . قتلي واحد سجنك تلات أيام في براكة تع فيلا . نعم حضارات خونلي مفاتيح تع فيلا و بولتابل . كيفاش هاي تلات أيام . كيفاش هادي 3 أيام حتى ليوم باش رجع تفكر و خلاك تخرج .	39	CC-BY-NC-3.0-MADORAN	available			Exact source inventory only; semantic, translation, GPT, and native review pending.
S6	MADOran_Sentences.tsv:Sentno=857	مفاتيح تاع فيلا تودروله بصح كان عندي دوبل و كنت داسه غير طلقني رحت ديركت للفيلا دخلت ضربت طلة ماكان والو كل حاجة في بلاصتها . بلاك كاش حاجا نخونت مي نتا ملاحظتش .	34	CC-BY-NC-3.0-MADORAN	available			Exact source inventory only; semantic, translation, GPT, and native review pending.
S6	MADOran_Sentences.tsv:Sentno=858	فيلا ما فيها والو اصلن حضارات فيها غير قش . و سي توفيق و مدام تاعه دايمن يسافرو لمريكان يروحو يشوفو ولادهم عايشين تما يطلو عليهم و انا معلم تاعي عمره ما خلا سوارد فالفيلا	35	CC-BY-NC-3.0-MADORAN	available			Exact source inventory only; semantic, translation, GPT, and native review pending.
S6	MADOran_Sentences.tsv:Sentno=859	حتى مدام صياغتها قاع فبونكا علاه خونلك مفاتيح و خلاهم عنده تلات أيام . معلبليش . صحا نتا شفت وجهه راك عاقل عليه .	24	CC-BY-NC-3.0-MADORAN	available			Exact source inventory only; semantic, translation, GPT, and native review pending.
S6	MADOran_Sentences.tsv:Sentno=860	لا عمري ما شفت وجهه خطاش كان مغطيه بصح يبان جون و ولد فاميليا .	15	CC-BY-NC-3.0-MADORAN	available			Exact source inventory only; semantic, translation, GPT, and native review pending.
S6	MADOran_Sentences.tsv:Sentno=861	سمحلي مفهمتكش عمره ما قربني و عمره ما ضربني كي كان يجي يطل عليا خطرة على خطرة كان يجيبلي ماكلة و كان يفكلي رباطي و حشاك كان يخليني حتى نروح نقضي حاجتي .	33	CC-BY-NC-3.0-MADORAN	available			Exact source inventory only; semantic, translation, GPT, and native review pending.
S6	MADOran_Sentences.tsv:Sentno=862	صحا و نتا مسيتش تهرب ? تعيط و لا تزقي .	11	CC-BY-NC-3.0-MADORAN	available			Exact source inventory only; semantic, translation, GPT, and native review pending.
S6	MADOran_Sentences.tsv:Sentno=863	هاد قلته فمحضر لول ما قديتش نزقي و لا نعيط خطاش كان رافد كابوس تحته بصح كلمة حق نقولها لك عمره ما ستعمله و موالين فيلا عيطت لهم ? نعم عيطتلهم و قالولي يدخلو فبرومي فول اه مليح .	39	CC-BY-NC-3.0-MADORAN	available			Exact source inventory only; semantic, translation, GPT, and native review pending.
S6	MADOran_Sentences.tsv:Sentno=864	أيا معايا لفيلا نروحو نشوفو حكاية كيدايرا هادي . صحا .	11	CC-BY-NC-3.0-MADORAN	available			Exact source inventory only; semantic, translation, GPT, and native review pending.
S6	MADOran_Sentences.tsv:Sentno=865	حسين صاحبي شا نديرو في افير تع دراهم . و الله ما علبالي ماني فاهم والو هواري خويا .	19	CC-BY-NC-3.0-MADORAN	available			Exact source inventory only; semantic, translation, GPT, and native review pending.
S6	MADOran_Sentences.tsv:Sentno=866	علي ميسمحش في حقه تني نقولك اني خايف ليقارع توفيق . أيا و عفسة كيفاه ? شوف نتا صاحبي .	20	CC-BY-NC-3.0-MADORAN	available			Exact source inventory only; semantic, translation, GPT, and native review pending.
S6	MADOran_Sentences.tsv:Sentno=867	نتا لامافيا نتا راجل و حنا قاع رخاس .	9	CC-BY-NC-3.0-MADORAN	available			Exact source inventory only; semantic, translation, GPT, and native review pending.
S6	MADOran_Sentences.tsv:Sentno=868	و الله والو توفيق خويا راك تعرفني مشي نتا لي نخسر معاك . باع فمك بلع نتا رخيس نتا زعما نتا مجملتش . توفيق يا اقسم بالله يوصلوك دراهم . شوف بلع فمك خيما نغرسه لك في راسك .	39	CC-BY-NC-3.0-MADORAN	available			Exact source inventory only; semantic, translation, GPT, and native review pending.
S6	MADOran_Sentences.tsv:Sentno=869	اسمع نتا عندك ساعة دراهم ميوصلوش لعلي براس ما نقطعلك راسك .	12	CC-BY-NC-3.0-MADORAN	available			Exact source inventory only; semantic, translation, GPT, and native review pending.
S6	MADOran_Sentences.tsv:Sentno=870	سلام خالتي زليخة . سلام ولدي لباس ? غايا حمد الله . أيا كيما قتلك متنسيش مين يكملك خبز باش نجيبهلك من كوشة . لا غير مكلاه رضا خطرة لي فاتت قعدت فيهم ريحة دجاج .	36	CC-BY-NC-3.0-MADORAN	available			Exact source inventory only; semantic, translation, GPT, and native review pending.
S6	MADOran_Sentences.tsv:Sentno=873	خالتي زوليخة ديري لنا واحد سبيسيال . اه مكانش ولدي كملت كفتة .	13	CC-BY-NC-3.0-MADORAN	available			Exact source inventory only; semantic, translation, GPT, and native review pending.
S6	MADOran_Sentences.tsv:Sentno=874	شاولا هادي كملت كفت غير عليا ? . هادو تع مولاهم كمونداهوم دوك يجي يديهم صحا غير واحد كي يجي انا ندبر راسي معاه . عطيه واحد .	28	CC-BY-NC-3.0-MADORAN	available			Exact source inventory only; semantic, translation, GPT, and native review pending.
S6	MADOran_Sentences.tsv:Sentno=875	اي مانيش نطلب عليكم كون مشي انا كون كلاوكم ليزاباج .	11	CC-BY-NC-3.0-MADORAN	available			Exact source inventory only; semantic, translation, GPT, and native review pending.
S6	MADOran_Sentences.tsv:Sentno=876	ديجا نورمالمون تعطوني بورسونتاج مالفايدة . روح خدم على روحك كي رجال اه مشي جاي هنا تترجل على نسا . بلعي فمك , خلاص ولدي تيتو ربي يهديك روح .	30	CC-BY-NC-3.0-MADORAN	available			Exact source inventory only; semantic, translation, GPT, and native review pending.
S6	MADOran_Sentences.tsv:Sentno=877	مالا مين كيما هاك غادي ندي زوج مليحة . حمبوك تيتو يس بون . أيا روح نتا مدخلش روحك . مالك مالك نتا هادا رزق بوك . بلعي فمك . نتا لي تبلع فمك .	35	CC-BY-NC-3.0-MADORAN	available			Exact source inventory only; semantic, translation, GPT, and native review pending.
S6	MADOran_Sentences.tsv:Sentno=878	مالك شا صرا ? . شد علينا كلب مكلوب تاعك . أيا صايي . في وجه رجال ما فمك نهرسه لك .	22	CC-BY-NC-3.0-MADORAN	available			Exact source inventory only; semantic, translation, GPT, and native review pending.
S6	MADOran_Sentences.tsv:Sentno=879	روح للقهوة اني جاي . قسمن بالله ما راهي خالصة معجبكش حال روحي شكي . قتلك روح صايي . سماح هيالا خلصي . لا مكاله هاكي و قاردي صرف .	30	CC-BY-NC-3.0-MADORAN	available			Exact source inventory only; semantic, translation, GPT, and native review pending.
S6	MADOran_Sentences.tsv:Sentno=881	الياس دروك نقعدو هاك ساكتين . شاركي باغيتني نقول . يا وليدي زعاف ما غادي يحل حتى مشكل وسع خاطرك .	21	CC-BY-NC-3.0-MADORAN	available			Exact source inventory only; semantic, translation, GPT, and native review pending.
S6	MADOran_Sentences.tsv:Sentno=882	علبالك اني زعفان عليك و اني زعفان على روحي انا بسبتي تحرمتي من كلش .	15	CC-BY-NC-3.0-MADORAN	available			Exact source inventory only; semantic, translation, GPT, and native review pending.
S6	MADOran_Sentences.tsv:Sentno=883	يا وليدي بك هادوك دراهم و هادك ملك بحر عليه . غدوة ولدي يتخرج من الجامعة يولي خدام و يعوضني على كل حاجة . عمره ما حسسني بلي هو بويا و عمري ما حسيت بحنان تاعه عايش معاه فوق قلبه سبحان الله .	43	CC-BY-NC-3.0-MADORAN	available			Exact source inventory only; semantic, translation, GPT, and native review pending.
S6	MADOran_Sentences.tsv:Sentno=884	مام نتي يما مكانش لازم تفرضي عليه باش يكفلني . انا عمري ما فرضتك عليه بوك كان فرحان بيك و مواقف امني و دليل انه عطاك اسمه بصح عايلته و الله يسمحله .	33	CC-BY-NC-3.0-MADORAN	available			Exact source inventory only; semantic, translation, GPT, and native review pending.
S6	MADOran_Sentences.tsv:Sentno=885	هداك عمك ناصردارو بيه و دوروله راسه حتى جنازة تاعه مقديناش نديروها فالدار .	14	CC-BY-NC-3.0-MADORAN	available			Exact source inventory only; semantic, translation, GPT, and native review pending.
S6	MADOran_Sentences.tsv:Sentno=886	علبالك شا راني باغي . اني باغي نغمض عيني و نعاود نحلهم نلقى روحي في بلاصة بعيدة واحد مايسقصيني مين جيت واحد مايسقسيني كون نتا هادا الياس عبضلة ننساه قاع . الياس ولدي حتى انا و تنساني .	38	CC-BY-NC-3.0-MADORAN	available			Exact source inventory only; semantic, translation, GPT, and native review pending.
S6	MADOran_Sentences.tsv:Sentno=887	دليلة عيطي لختك نسحقها . ليلة ? واه . تكلمي لماما . واه ما كل وحدة فيكم تعطيني تلت مية الف نشرو فريجيدارعلاه مشي قلتي نصنعوه خير .	28	CC-BY-NC-3.0-MADORAN	available			Exact source inventory only; semantic, translation, GPT, and native review pending.
S6	MADOran_Sentences.tsv:Sentno=888	ميتصنعش جا راجل قالك ميتصنعش و لازملي واحد ليوم جديد علاه سلعة لي متنتباعش اني نقيس فيها و انا شا دخلني ? شري فريجيدار و لا لي بغيتي . عاودي شا دخلك ?	33	CC-BY-NC-3.0-MADORAN	available			Exact source inventory only; semantic, translation, GPT, and native review pending.
S6	MADOran_Sentences.tsv:Sentno=889	يا لنل نسيت بلي شيرة راها ضيفة عندي اي راكي ساكنة معانا انا صوالحي ميخسروش . دبرو ريسانكم .	19	CC-BY-NC-3.0-MADORAN	available			Exact source inventory only; semantic, translation, GPT, and native review pending.
S6	MADOran_Sentences.tsv:Sentno=890	علاه ما راكي تحطي فيه ما يبرد ما راكي تاكلي حاجا باردة منه ما والو نتيا . تع ما وينتا حبست ما بارد يديلي ليزونجين .	26	CC-BY-NC-3.0-MADORAN	available			Exact source inventory only; semantic, translation, GPT, and native review pending.
S6	MADOran_Sentences.tsv:Sentno=891	اه حشمي غير دراهم لي تحطيهم . يا ودي منمدش دورو علبالكم منحطش يدي على دراهم لي نلايمهم .	19	CC-BY-NC-3.0-MADORAN	available			Exact source inventory only; semantic, translation, GPT, and native review pending.
S6	MADOran_Sentences.tsv:Sentno=892	وانا علاه نمد منها ? انا و نتي مشي كيف كيف نتي راكي تلايمي فيهم على جال زواجك و انا راني نلايم فيهم على جال كرية راني باغية نحل حانوت تع كوسمتيك هكدا نطلع شوية فنيفو و نخرج مالميزيرية لي راني فيها .	43	CC-BY-NC-3.0-MADORAN	available			Exact source inventory only; semantic, translation, GPT, and native review pending.
S6	MADOran_Sentences.tsv:Sentno=893	طلعي نيفو راكي تسمعي ما . منحوسش نفهم انا غير دراهم لي تحطوهم مالكم منغيضكومش ? كرية , ما حبوبة كلشي طايح على راسي .	25	CC-BY-NC-3.0-MADORAN	available			Exact source inventory only; semantic, translation, GPT, and native review pending.
S6	MADOran_Sentences.tsv:Sentno=894	ما نتي منا و هدا واجبك لا ? واجبي اه تشركي في فمك انا هداك لسان و الله نطيرهلك فهمتي ? روحي جيبي بليغة . و الله غاية هادي . زيقومار كي دايرة مليحة ? غاية سلام و عليكم .	40	CC-BY-NC-3.0-MADORAN	available			Exact source inventory only; semantic, translation, GPT, and native review pending.
S6	MADOran_Sentences.tsv:Sentno=895	واه لاجوناس وي علي كيراكم لاباس ? غاية حمد لله عندكم سيمانة مبنتوش غير خير ? في بالي رانا في اقامة جبرية و ما راناش عابيين . اه سكت .	30	CC-BY-NC-3.0-MADORAN	available			Exact source inventory only; semantic, translation, GPT, and native review pending.
S6	MADOran_Sentences.tsv:Sentno=896	علاه نسكت شا راك باغي كل صباح نجو عندك نبوانتو و لا شاه ? سامحني انا لي غلطت تحيرت عليكم . الله يكتر خيرك روح زينو لدار دوك نجي .	30	CC-BY-NC-3.0-MADORAN	available			Exact source inventory only; semantic, translation, GPT, and native review pending.
S6	MADOran_Sentences.tsv:Sentno=899	لا هاد امبريمونت خاسرة لقيناها بو اوكازيون و زينو يفهم في دو صوالح غادي يعاودها و نعاودولها البيع . اه حطها هنا نشريها عليك .	25	CC-BY-NC-3.0-MADORAN	available			Exact source inventory only; semantic, translation, GPT, and native review pending.
S6	MADOran_Sentences.tsv:Sentno=900	معلباليش ادا تتعاود ولا لا . خليني حتى نعاودها و نجيبهالك . باغي تبيعا لا ? .	17	CC-BY-NC-3.0-MADORAN	available			Exact source inventory only; semantic, translation, GPT, and native review pending.
S6	MADOran_Sentences.tsv:Sentno=901	اه باغي تهبلني عليه دروك , اني نقولك خليني نعاودها , غادي نقولك حاجا كي نعاودها نجي نمدها لك باطل مليحة هاكا ? ايا سلام عليكم . و عليكم سلام .	31	CC-BY-NC-3.0-MADORAN	available			Exact source inventory only; semantic, translation, GPT, and native review pending.
S6	MADOran_Sentences.tsv:Sentno=902	شفت مشينة اللي رافدها معاه ? زعما ميكونوش يدرحو فلي فو بيي و حنا راقدين على ودنينا . علاه زعما فوبيي مظنيتش مرزاق و زينو قلاليل و ولاد حلال خاطيهم فوبيي .	32	CC-BY-NC-3.0-MADORAN	available			Exact source inventory only; semantic, translation, GPT, and native review pending.
S6	MADOran_Sentences.tsv:Sentno=903	كيفاه هادي خاطيهم عندهم كتر من عام و هوما ساكنين هنا مخلصين كراهم اكلين و شاربين و عندهم لوطو هادي مشي فيها لوش ? املي نقولك حاجا ملغدوة نبعت من موراهم حسين يجيبلي عليهم داسة و مدسوسة .	38	CC-BY-NC-3.0-MADORAN	available			Exact source inventory only; semantic, translation, GPT, and native review pending.
S6	MADOran_Sentences.tsv:Sentno=904	لا متقرعش لغدوة دروك . صحا عم علي . كي يهودو روح فتش شومبرا تاعهم هاد ليلة ترقد هاني .	20	CC-BY-NC-3.0-MADORAN	available			Exact source inventory only; semantic, translation, GPT, and native review pending.
S6	MADOran_Sentences.tsv:Sentno=909	هداك علي ما به لا قهوة لا والو به يعرف غير شا كاين فلمابة و صايي فري صامط . واه هداك يقلب مخ . واه خلينا منه .	28	CC-BY-NC-3.0-MADORAN	available			Exact source inventory only; semantic, translation, GPT, and native review pending.
S6	MADOran_Sentences.tsv:Sentno=910	ارواح تشوف خوك ارواح , أرواح تستعرف بخوك و لا متستعرفش أرواح تشوف , واه بصح كون خليتني نيقوسيي مع هداك بهلول كنت غادي نحشيه للكرعين .	27	CC-BY-NC-3.0-MADORAN	available			Exact source inventory only; semantic, translation, GPT, and native review pending.
S6	MADOran_Sentences.tsv:Sentno=911	ماكان ني كرعين ني والو شوف دراهم . هوالا شا يجيب خوك و الله و ما راك متوشي ستعرف قبل .	21	CC-BY-NC-3.0-MADORAN	available			Exact source inventory only; semantic, translation, GPT, and native review pending.
S6	MADOran_Sentences.tsv:Sentno=912	صايي هاه جبناها غادي نخزنهم فلفريجدار . لا أرواح ريح شم ريحة دراهم كي ملاح شم . اني نتخيل فيه مسكين داخل فيلا تاعه . اي دروك ليلة غادي تسلملي على راسي غادي تقبل بيا فزواج .	37	CC-BY-NC-3.0-MADORAN	available			Exact source inventory only; semantic, translation, GPT, and native review pending.
S6	MADOran_Sentences.tsv:Sentno=913	أرواح قتلك حط دراهم شكون ميبغييش دراهم . واه نبغي عيشة و تفحشيش نبغي .	15	CC-BY-NC-3.0-MADORAN	available			Exact source inventory only; semantic, translation, GPT, and native review pending.
S6	MADOran_Sentences.tsv:Sentno=914	تفضل سي جمال , ريح و كالمي روحك . علابلك خسارة لي غادي نتكبدها لوكان منسافرش ليوم و هدا موتق وين راه ? علاه طول قاع هاكا علاه ? سي جمال حكاية هادي خطرة طولت بزاف و لافوكا ميقد يدير والو .	42	CC-BY-NC-3.0-MADORAN	available			Exact source inventory only; semantic, translation, GPT, and native review pending.
S6	MADOran_Sentences.tsv:Sentno=915	رجعنا لقضية لوزين , لوزين صايي قرار نهائي وبلعته و هوما رافعين قضية ضدي نقارعو محكمة تحكم و نشوفو	19	CC-BY-NC-3.0-MADORAN	available			Exact source inventory only; semantic, translation, GPT, and native review pending.
S6	MADOran_Sentences.tsv:Sentno=916	بصح بارح صدر قرار ضدك قضية مارهيش ساهلة سي جمال هدا طرد تعسفي تع خمسمية خدام و خدامة ضربة وحدة لقاو رواحهم اون شوماج .	25	CC-BY-NC-3.0-MADORAN	available			Exact source inventory only; semantic, translation, GPT, and native review pending.
S6	MADOran_Sentences.tsv:Sentno=917	ما عندي ما نديلهم , مصنع بلعته و غادي نعاوده من جديد عملية دوم على اقل عام . ادا تاخد برايي ردلهم حقهم قاع لتازم باش ترجعلهم باش ترجع خدامين يخدمو .	32	CC-BY-NC-3.0-MADORAN	available			Exact source inventory only; semantic, translation, GPT, and native review pending.
S6	MADOran_Sentences.tsv:Sentno=918	صحافة راها قالبة دنيا عليك . حضارات غادي نجيب دي ماشين يخدمو وحدهم منسحقش عمال و عمال لي عندي لوزين شا يديرو ينقولي صباطي ? !	26	CC-BY-NC-3.0-MADORAN	available			Exact source inventory only; semantic, translation, GPT, and native review pending.
S6	MADOran_Sentences.tsv:Sentno=919	سامحني سي جمال نتا قريب ليا في هاد قضية بصح منقد نعاونك بوالو هدا هو قانون و قانون في هاد حالة يكون مع عمال ادا تاخد برايي رجعلهم حقهم قاع تفاوض معاهم و لم باقي مع نقابة .	38	CC-BY-NC-3.0-MADORAN	available			Exact source inventory only; semantic, translation, GPT, and native review pending.
S6	MADOran_Sentences.tsv:Sentno=920	سمحلي منمدلهم والو راني رايح .	6	CC-BY-NC-3.0-MADORAN	available			Exact source inventory only; semantic, translation, GPT, and native review pending.
S6	MADOran_Sentences.tsv:Sentno=921	هاد وقت وقت حسني الله يرحمه و هادا جمال عواد حكايتك دروك راهي في لابوبال باش هاكا تتربى و متكلش حق مساكين . هو لي جابها لروحه .	28	CC-BY-NC-3.0-MADORAN	available			Exact source inventory only; semantic, translation, GPT, and native review pending.
S6	MADOran_Sentences.tsv:Sentno=922	راك تشوف في هدا انسان ملايري و ياكل حق مساكين لي يخلص زوج ملايين يديله حقه يستاهل باش يتربى و هادي كارطا تع سي شريف متشرفين بيك ه . هادي تاني بلسون في لابوبال .	35	CC-BY-NC-3.0-MADORAN	available			Exact source inventory only; semantic, translation, GPT, and native review pending.
S6	MADOran_Sentences.tsv:Sentno=923	علاه تحرقهم ? لوكان نسحقوهم في افار وخدوخرا . لا كل كارطا مدقوقة نخدمو بيها افار وحدة و نحرقوها مازال متعلمت والو .	23	CC-BY-NC-3.0-MADORAN	available			Exact source inventory only; semantic, translation, GPT, and native review pending.
S6	MADOran_Sentences.tsv:Sentno=926	لا هاد بلاصة يعرفها غاية مليك بلاك قاع راه داير كاميرا و لا هداك مريض .	16	CC-BY-NC-3.0-MADORAN	available			Exact source inventory only; semantic, translation, GPT, and native review pending.
S6	MADOran_Sentences.tsv:Sentno=927	مانيش باغي يعرف دراهم وين و مانيش باغي يعرف شعال نخلصو .	12	CC-BY-NC-3.0-MADORAN	available			Exact source inventory only; semantic, translation, GPT, and native review pending.
S6	MADOran_Sentences.tsv:Sentno=928	حسني حاجا كبيرة علبالك رب كريم هدا يكتلوه . ما نطلعلهم لي سوندويش . واه طلعيلهم و مطوليش و متنسايش دراهم مانيش نخدم باطل بنتي . صحا ماما متخميش . أيا كرانتيكا حامي قدمو .	35	CC-BY-NC-3.0-MADORAN	available			Exact source inventory only; semantic, translation, GPT, and native review pending.
S6	MADOran_Sentences.tsv:Sentno=929	ختي شعال قرعة تع ريحة ? متين الف . اه لا سمحيلي ختي ممنوع تسييها .	16	CC-BY-NC-3.0-MADORAN	available			Exact source inventory only; semantic, translation, GPT, and native review pending.
S6	MADOran_Sentences.tsv:Sentno=930	و انا كي غادي نعرف ادا ريحتها مليحة . ها شوفي قرعتها كي دايرة تعرفي . صحا غادي نديها هاكي . الله يعاونك . صحيتي .	26	CC-BY-NC-3.0-MADORAN	available			Exact source inventory only; semantic, translation, GPT, and native review pending.
S6	MADOran_Sentences.tsv:Sentno=931	هادو دراهم تع ماليك منبعد نعطوهم له ; هدا قاع حقه مشي عطيته من قبل ?	16	CC-BY-NC-3.0-MADORAN	available			Exact source inventory only; semantic, translation, GPT, and native review pending.
S6	MADOran_Sentences.tsv:Sentno=932	تفاهمنا معاه على سومة منقدش دقيقة تالية نبدل رايي . دارنا زوج طارطات و شهادة ملكية و منعرت كي سموها تعطيه قاع هاد دراهم , لا بزاف عليه .	29	CC-BY-NC-3.0-MADORAN	available			Exact source inventory only; semantic, translation, GPT, and native review pending.
S6	MADOran_Sentences.tsv:Sentno=933	وي مالك تاكل في روحك يا خيريكا نتا مدامة نتا داير كي زبي و نتا مك قحبة ظلي مع رجال يا عطاي زيد هدر نوريلك انا شكون اه نيك مك يا نقش	32	CC-BY-NC-3.0-MADORAN	available			Exact source inventory only; semantic, translation, GPT, and native review pending.
S6	MADOran_Sentences.tsv:Sentno=934	تنوض صباح على وجوه نم متخلوش واحد ترونكيل اخطيني مدورش بيا نيك سوة تع مك	15	CC-BY-NC-3.0-MADORAN	available			Exact source inventory only; semantic, translation, GPT, and native review pending.
S6	MADOran_Sentences.tsv:Sentno=935	يا زكي ما يعرف والو ربه صايي حط مشينة و روح عليا يا خرا رفد مساسيطكو روح عليا	18	CC-BY-NC-3.0-MADORAN	available			Exact source inventory only; semantic, translation, GPT, and native review pending.
S6	MADOran_Sentences.tsv:Sentno=936	بيشة ما ديرليش طبايع تاعش طبايع ? رانا جايين نخطبوز اودي بويا خطبة كي دايرة هادي .	17	CC-BY-NC-3.0-MADORAN	available			Exact source inventory only; semantic, translation, GPT, and native review pending.
S6	MADOran_Sentences.tsv:Sentno=937	هادوك اللي ياكلو بفرشيطة و الخدمي دارين كي زبي ماكنش اللي يبغيهم جايين كي خرا حتى حاجا ما تعجبهم ايا نيك مك نبغي نعيش نورمال كيما نبغي مشي كي خريكة .	31	CC-BY-NC-3.0-MADORAN	available			Exact source inventory only; semantic, translation, GPT, and native review pending.
S6	MADOran_Sentences.tsv:Sentno=939	دار قيمة الفحص   لافيزيت   ب 100 أورو	9	CC-BY-NC-3.0-MADORAN	available			Exact source inventory only; semantic, translation, GPT, and native review pending.
S6	MADOran_Sentences.tsv:Sentno=941	الغاشي ولا يطايح عليه	4	CC-BY-NC-3.0-MADORAN	available			Exact source inventory only; semantic, translation, GPT, and native review pending.
S6	MADOran_Sentences.tsv:Sentno=942	مرة جاء عندو فرنسي حاب يلعبهاله	6	CC-BY-NC-3.0-MADORAN	available			Exact source inventory only; semantic, translation, GPT, and native review pending.
S6	MADOran_Sentences.tsv:Sentno=943	قالو راحتلي حاسة دوق	4	CC-BY-NC-3.0-MADORAN	available			Exact source inventory only; semantic, translation, GPT, and native review pending.
S6	MADOran_Sentences.tsv:Sentno=945	دار شوية في قطن الفرنسي داق	6	CC-BY-NC-3.0-MADORAN	available			Exact source inventory only; semantic, translation, GPT, and native review pending.
S6	MADOran_Sentences.tsv:Sentno=946	قالو أو هدا زيقو	4	CC-BY-NC-3.0-MADORAN	available			Exact source inventory only; semantic, translation, GPT, and native review pending.
S6	MADOran_Sentences.tsv:Sentno=947	قالو مبروك عليك راه ولا عندك دوق	7	CC-BY-NC-3.0-MADORAN	available			Exact source inventory only; semantic, translation, GPT, and native review pending.
S6	MADOran_Sentences.tsv:Sentno=948	الفرنسي غاضه الحال و بغا يرجع دراهمه	7	CC-BY-NC-3.0-MADORAN	available			Exact source inventory only; semantic, translation, GPT, and native review pending.
S6	MADOran_Sentences.tsv:Sentno=949	عاود ولا له قاله راحتلي الداكرة	6	CC-BY-NC-3.0-MADORAN	available			Exact source inventory only; semantic, translation, GPT, and native review pending.
S6	MADOran_Sentences.tsv:Sentno=950	الطبيب قال للسكريتيرة جيبيلي قرعة رقم 22	7	CC-BY-NC-3.0-MADORAN	available			Exact source inventory only; semantic, translation, GPT, and native review pending.
S6	MADOran_Sentences.tsv:Sentno=951	قالو بصح هاديك راهي تع الزيقو	6	CC-BY-NC-3.0-MADORAN	available			Exact source inventory only; semantic, translation, GPT, and native review pending.
S6	MADOran_Sentences.tsv:Sentno=952	قالو ايا مليح راهي ولتلك الداكرة	6	CC-BY-NC-3.0-MADORAN	available			Exact source inventory only; semantic, translation, GPT, and native review pending.
S6	MADOran_Sentences.tsv:Sentno=953	قمة الخبت و زكارة ه	5	CC-BY-NC-3.0-MADORAN	available			Exact source inventory only; semantic, translation, GPT, and native review pending.
S6	MADOran_Sentences.tsv:Sentno=954	( 337 ) فيلم جزائري وهراني كوميدي	7	CC-BY-NC-3.0-MADORAN	available			Exact source inventory only; semantic, translation, GPT, and native review pending.
S6	MADOran_Sentences.tsv:Sentno=955	بركانا من تبهليل تاعك . فيها بزوز . تتزوج هنا و يعطوك 4 دراري تربيهم معاك من عندك ها بنعمي لاكريش و لا باغيين نخطبوا بويا . ايا تبعني تبعني .	31	CC-BY-NC-3.0-MADORAN	available			Exact source inventory only; semantic, translation, GPT, and native review pending.
S6	MADOran_Sentences.tsv:Sentno=956	وين نتبعك بويا . تبعني قتلك .	7	CC-BY-NC-3.0-MADORAN	available			Exact source inventory only; semantic, translation, GPT, and native review pending.
S6	MADOran_Sentences.tsv:Sentno=957	تفضلو . مرحبا بيكم . متقلقوش . راني رايح نخبر شيخ قبيلة و نجي .	15	CC-BY-NC-3.0-MADORAN	available			Exact source inventory only; semantic, translation, GPT, and native review pending.
S6	MADOran_Sentences.tsv:Sentno=958	بويا هادا ماله ياكل في روحه .	7	CC-BY-NC-3.0-MADORAN	available			Exact source inventory only; semantic, translation, GPT, and native review pending.
S6	MADOran_Sentences.tsv:Sentno=959	اسكت رانا في قبيلة تاعهم . علابالي بلي رانا في قبيلة تاعهم بصح رانا جايين نديروا خير باغيين ندوا بنتهم .	21	CC-BY-NC-3.0-MADORAN	available			Exact source inventory only; semantic, translation, GPT, and native review pending.
S6	MADOran_Sentences.tsv:Sentno=960	نعم رانا خطابة . ها ايوه بنتهم شكون غادي يدوها كون ما نديهاش أنا .	15	CC-BY-NC-3.0-MADORAN	available			Exact source inventory only; semantic, translation, GPT, and native review pending.
S6	MADOran_Sentences.tsv:Sentno=961	لا اله الله محمد رسول الله . صلى الله عليه و سلم .	13	CC-BY-NC-3.0-MADORAN	available			Exact source inventory only; semantic, translation, GPT, and native review pending.
S6	MADOran_Sentences.tsv:Sentno=962	من صبحة الله زوج مطلوعات و فتاتة طعام أنا مين كنت فاللاج تاعك انتي يا واه نشوط بوزالوف نقي هيضورة , نقي , نغسل قش , ندير حطب , شا كنتي ديري ? شا كنتي ديري ?	37	CC-BY-NC-3.0-MADORAN	available			Exact source inventory only; semantic, translation, GPT, and native review pending.
S6	MADOran_Sentences.tsv:Sentno=963	اي نتيا اي . اي بركاكم من هاد تنقريش قاع نهار و قاع عام و نتي غير مع بنتك . اي ها بنعمي و قاع عام و قاع قرن و نتيا غير مع بنتك تنقرشي .	36	CC-BY-NC-3.0-MADORAN	available			Exact source inventory only; semantic, translation, GPT, and native review pending.
S6	MADOran_Sentences.tsv:Sentno=964	راك تشوف يا بويا .	5	CC-BY-NC-3.0-MADORAN	available			Exact source inventory only; semantic, translation, GPT, and native review pending.
S6	MADOran_Sentences.tsv:Sentno=965	يا بنتي بنتي راني نربي فيها . مازال راهي . ها اسكتي علينا . خليني شوية نريح . باغي تردها غولة تاكلني ياك ?	24	CC-BY-NC-3.0-MADORAN	available			Exact source inventory only; semantic, translation, GPT, and native review pending.
S6	MADOran_Sentences.tsv:Sentno=966	كيفاش غولة تاكلك اه ! لياه نتيا بعدك شوطتي بوزلاليف و درتي عصبان و غسلتي بطاين و غسلتي كون منعرفكش انا حاي حاي واك نيا كنتي غير غوجيزوقل و تمقاص اظفار و تقوليلها هي . هي بعدا اوموان راهي تخدم .	41	CC-BY-NC-3.0-MADORAN	available			Exact source inventory only; semantic, translation, GPT, and native review pending.
S6	MADOran_Sentences.tsv:Sentno=967	باغي تاكلني نتايا .	4	CC-BY-NC-3.0-MADORAN	available			Exact source inventory only; semantic, translation, GPT, and native review pending.
S6	MADOran_Sentences.tsv:Sentno=968	شاف ! رانا هنا . شا كاين ? ضياف . شكون هادو ضياف ? جماعة من ولاد نهار . ها حاي و قلتلهم راه هنا هاه ! متعرفش ليوم جمعة مانيش خدام ليوم جو سوي روبو . هبلتوني كي نتا كي هي وين راهي جلابتي ? ها ري جلابتي هاري يا . . . و الله تخلصوها مام نتا . هات نديرها لك . أدي وخري . هات . وخري نتي بعدا راكي ديري . نسقد لك . تبعني . تبعه . باغي تاكل لرض .	86	CC-BY-NC-3.0-MADORAN	available			Exact source inventory only; semantic, translation, GPT, and native review pending.
S6	MADOran_Sentences.tsv:Sentno=969	ها هو شيخ قبيلة احضر .	6	CC-BY-NC-3.0-MADORAN	available			Exact source inventory only; semantic, translation, GPT, and native review pending.
S6	MADOran_Sentences.tsv:Sentno=970	مرحبا بيكم . الله يسلمك . خير انشاء الله . جيناكم بعسل و نسب و كونفيتير ه . اسكت . اسكت . صحا بويا .	25	CC-BY-NC-3.0-MADORAN	available			Exact source inventory only; semantic, translation, GPT, and native review pending.
S6	MADOran_Sentences.tsv:Sentno=971	طالبين يد بنتكم لولدنا . طالبها ماشي غير يدها بويا كومبلي . قلتلك اسكت عليا . اني ساكت بويا .	20	CC-BY-NC-3.0-MADORAN	available			Exact source inventory only; semantic, translation, GPT, and native review pending.
S6	MADOran_Sentences.tsv:Sentno=972	ا لمن لشاف سارفيس تاعكم و لا لشاف شونتيي ولا للديراكتور جنيرال و لا للسكريتير جنيرال . لمن ? لولدي بيشا .	22	CC-BY-NC-3.0-MADORAN	available			Exact source inventory only; semantic, translation, GPT, and native review pending.
S6	MADOran_Sentences.tsv:Sentno=973	اهاها شوف يا شيخ قبيلة تع ولاد نهار احنا رجال كي دايرين ما مديناهلهمش و تحارا نص راجل و علاه جيتك على عين عورة . على كل حال شوف أنا ما عندي حكم يعني زعما يليقلي نشاور امها . ريحو تفضلوا . دوك نشاور امها و نجي . الله يسلمك . تفضلوا .	53	CC-BY-NC-3.0-MADORAN	available			Exact source inventory only; semantic, translation, GPT, and native review pending.
S6	MADOran_Sentences.tsv:Sentno=974	الله يبشرنا ببشار الخير . مرحبا بيكم . يسلمك .	10	CC-BY-NC-3.0-MADORAN	available			Exact source inventory only; semantic, translation, GPT, and native review pending.
S6	MADOran_Sentences.tsv:Sentno=975	والو بويا نديها ليوم , دروك .	7	CC-BY-NC-3.0-MADORAN	available			Exact source inventory only; semantic, translation, GPT, and native review pending.
S6	MADOran_Sentences.tsv:Sentno=976	اححم خير انشاء الله شا كاين ? غير الخير .	10	CC-BY-NC-3.0-MADORAN	available			Exact source inventory only; semantic, translation, GPT, and native review pending.
S6	MADOran_Sentences.tsv:Sentno=977	واه . اسمعي نتيا . اه . اني نهدر معاك . واه انا ? من صباح راكي غير فهاد طعام تفتلي فيه مازال مكملتيش دوك نخبطه بكوتبي على راسك . هادو مالهم ليوم ? نوضي جبيلي بريكة من عند مرت عكاشة اجري . بويا اشعل ملهيه .	47	CC-BY-NC-3.0-MADORAN	available			Exact source inventory only; semantic, translation, GPT, and native review pending.
S6	MADOran_Sentences.tsv:Sentno=978	كون عيني نشعل ملهيه نشعل ملهيه قلتلك روحي جيبلي بريكة و صاي . بويا من عند مرت عكاشة و لا من عند عكاشة . اووه من عند مرت عكاشة راهي تكمي . اه صحا .	35	CC-BY-NC-3.0-MADORAN	available			Exact source inventory only; semantic, translation, GPT, and native review pending.
S6	MADOran_Sentences.tsv:Sentno=979	اسمعي نتي علابالك علاه جاوني و لا معلابلكش . خير انشاء الله . جاو يخطبوا البنت	16	CC-BY-NC-3.0-MADORAN	available			Exact source inventory only; semantic, translation, GPT, and native review pending.
S6	MADOran_Sentences.tsv:Sentno=980	مرحبا بيهم . بصح لمن .	6	CC-BY-NC-3.0-MADORAN	available			Exact source inventory only; semantic, translation, GPT, and native review pending.
S6	MADOran_Sentences.tsv:Sentno=981	لمن ? لبيشة ولدهم . شكون بيشة ? هادك . اههم اههم . غاية جابية تع حمام . سلام و عليكم . سلام . بويا . واه وين كنت نتا ? كنت نصيد . شا صيدت ليوم فهمني ? صيدت تعلب . تشاك يا حاي .	46	CC-BY-NC-3.0-MADORAN	available			Exact source inventory only; semantic, translation, GPT, and native review pending.
S6	MADOran_Sentences.tsv:Sentno=982	تعلب تع مك هادي . باش تصيد سبوعا و تصيد نمورا . و تصيد لورسو و تصيدلي . . . راطيتاه سبع هاديك خطرة في الواد . تفوا عليك و على حالتك .	33	CC-BY-NC-3.0-MADORAN	available			Exact source inventory only; semantic, translation, GPT, and native review pending.
S6	MADOran_Sentences.tsv:Sentno=983	المهم خبرني واه ايا شا قلتلهم ? ما قلتلهمش . أنا قلت نشاورك نتيا . لا نكدب عليك ما نمدش بنتي أنا . لا هادي قاع ما تكونش يحلم هاكا يحلم و منعطيهش أنا بنتي . صحا اسكتي . اه فهمونا . اسكتي عليا . شا كاين ? واه ادي جاويخطبوا أختك و امك راهي تنقرش . شكون هوما هادوا . أودي قبيلة ولاد نهار لولدهم بيشة . اللي كان يقرى معايا ? هاداك واه . مدهاله .	78	CC-BY-NC-3.0-MADORAN	available			Exact source inventory only; semantic, translation, GPT, and native review pending.
S6	MADOran_Sentences.tsv:Sentno=984	شا هو ? تزوج مع خته يكدب عليك كادب . خليتلي انا يجيها قلاديتور يجيها الروند . فكرون تع الماء قدلهاك . يكدب عليك هادي قاع ما تكونلهش والو غير روح و قوله ما نعطيهش بنتي . اسمعي اسكتي عليا بركي ما تنقرشي مدها لبريداتور و صايي . واه يستاهلها بيشة ناس ملاح . مدوها له ليكيديها بويا أنا بروحي اني كاره منها .	64	CC-BY-NC-3.0-MADORAN	available			Exact source inventory only; semantic, translation, GPT, and native review pending.
S6	MADOran_Sentences.tsv:Sentno=985	روح خرج عليا غادي نليكيدك نتا نعميلك عين روح اخرج . أنا علاه . أيا أرجي . . مشرك الفم روح قوله بلي لا .	25	CC-BY-NC-3.0-MADORAN	available			Exact source inventory only; semantic, translation, GPT, and native review pending.
S6	MADOran_Sentences.tsv:Sentno=986	معنديش الوجه اللي يقوله لا . روح قوله لا . يا تبرادي . يسالوني بنتي مانمدهالهش . تشيطة قاع نهار و هو فشجورا لياه مشروط عليا أنيا يحلم هاكا ما نعطيلهش بنتي .	33	CC-BY-NC-3.0-MADORAN	available			Exact source inventory only; semantic, translation, GPT, and native review pending.
S6	MADOran_Sentences.tsv:Sentno=987	مالكي تشالي مالكي . ما نعطيش بنتي . مالكي أنا بوها . والو . أنا نحكم . تبرادي ما نعطيش بنتي باغيني نتوغ ما تسالونيش رزقي غايا . صحا أيا منبعد .	32	CC-BY-NC-3.0-MADORAN	available			Exact source inventory only; semantic, translation, GPT, and native review pending.
S6	MADOran_Sentences.tsv:Sentno=988	مرسيدس مبلقة لوزة والو قاع جيبهوم لي و صالة تكون كبيرة باش نعرضوا قاع العائلة صايي بويا .	18	CC-BY-NC-3.0-MADORAN	available			Exact source inventory only; semantic, translation, GPT, and native review pending.
S6	MADOran_Sentences.tsv:Sentno=989	حتى يزيد و نسموه سعيد .	6	CC-BY-NC-3.0-MADORAN	available			Exact source inventory only; semantic, translation, GPT, and native review pending.
S6	MADOran_Sentences.tsv:Sentno=990	لا بويا زاد و سميناه غير معلابلكش نتيا . شوف شعال بويا راني فرحان . انت تحشم من بوك ما تكميش قدامه واطلب علالي .	25	CC-BY-NC-3.0-MADORAN	available			Exact source inventory only; semantic, translation, GPT, and native review pending.
S6	MADOran_Sentences.tsv:Sentno=991	ياضرا سي حزيم . شا غادي نقولكم درت معاها هاك مرا . خير انشاء الله . غير خير	18	CC-BY-NC-3.0-MADORAN	available			Exact source inventory only; semantic, translation, GPT, and native review pending.
S6	MADOran_Sentences.tsv:Sentno=992	الله يحفظك راك معمر ريش تقول داندوا .	8	CC-BY-NC-3.0-MADORAN	available			Exact source inventory only; semantic, translation, GPT, and native review pending.
S6	MADOran_Sentences.tsv:Sentno=993	احترم نفسك راك تهدر مع شيخ القبيلة .	8	CC-BY-NC-3.0-MADORAN	available			Exact source inventory only; semantic, translation, GPT, and native review pending.
S6	MADOran_Sentences.tsv:Sentno=994	بيشة ولي لبلاصتك . حمبوك بويا هدر معاه . قلتلك ولي لبلاصتك .	13	CC-BY-NC-3.0-MADORAN	available			Exact source inventory only; semantic, translation, GPT, and native review pending.
S6	MADOran_Sentences.tsv:Sentno=995	شا غادي نقولكم هي الخبر اللي غلدي نقوله لكم هي شيرة مازالت صغيرة على حساب هدرة أمها .	18	CC-BY-NC-3.0-MADORAN	available			Exact source inventory only; semantic, translation, GPT, and native review pending.
S6	MADOran_Sentences.tsv:Sentno=996	مازال راهي تقرى . معليش نقارعلها و راه عندها ليسانس اون دروا باغي تولي افوكا راهي تقرى على لافوكا انشاء الله و كي تكمل قرايتها راهي متمنية باش تروح لفرنسا تتزوج تما . ما بقى حالة هنا .	38	CC-BY-NC-3.0-MADORAN	available			Exact source inventory only; semantic, translation, GPT, and native review pending.
S6	MADOran_Sentences.tsv:Sentno=997	مام انيا زعما غير تروح بنتي نلحقها .	8	CC-BY-NC-3.0-MADORAN	available			Exact source inventory only; semantic, translation, GPT, and native review pending.
S6	MADOran_Sentences.tsv:Sentno=998	شوالا هاد الهدرة بوياز ديزولي	5	CC-BY-NC-3.0-MADORAN	available			Exact source inventory only; semantic, translation, GPT, and native review pending.
S6	MADOran_Sentences.tsv:Sentno=999	شا هادي ديزولي	3	CC-BY-NC-3.0-MADORAN	available			Exact source inventory only; semantic, translation, GPT, and native review pending.
S6	MADOran_Sentences.tsv:Sentno=1000	يعني صايي ما نمدوش بنتنا . أنا نديها و ربي كبير	11	CC-BY-NC-3.0-MADORAN	available			Exact source inventory only; semantic, translation, GPT, and native review pending.
S6	MADOran_Sentences.tsv:Sentno=1001	شت وين وصلتني . ما كان لوصلتها لوالو	8	CC-BY-NC-3.0-MADORAN	available			Exact source inventory only; semantic, translation, GPT, and native review pending.
S6	MADOran_Sentences.tsv:Sentno=1002	اسمعوا حنا بروحنا قبيلتنا عمرها ما تناسب قبيلتكم .	9	CC-BY-NC-3.0-MADORAN	available			Exact source inventory only; semantic, translation, GPT, and native review pending.
S6	MADOran_Sentences.tsv:Sentno=1003	نتا بروحك راك غاير مني تحوس نتا تديها .	9	CC-BY-NC-3.0-MADORAN	available			Exact source inventory only; semantic, translation, GPT, and native review pending.
S6	MADOran_Sentences.tsv:Sentno=1004	تفضلو بلا ما نطردكم	4	CC-BY-NC-3.0-MADORAN	available			Exact source inventory only; semantic, translation, GPT, and native review pending.
S6	MADOran_Sentences.tsv:Sentno=1005	شت وين وصلتني , لا بغيت ندير حلال .	9	CC-BY-NC-3.0-MADORAN	available			Exact source inventory only; semantic, translation, GPT, and native review pending.
S6	MADOran_Sentences.tsv:Sentno=1006	بنت خالك مالها ? بنت خالي قرعة .	8	CC-BY-NC-3.0-MADORAN	available			Exact source inventory only; semantic, translation, GPT, and native review pending.
S6	MADOran_Sentences.tsv:Sentno=1007	بنت عمك . فيها جرب .	6	CC-BY-NC-3.0-MADORAN	available			Exact source inventory only; semantic, translation, GPT, and native review pending.
S6	MADOran_Sentences.tsv:Sentno=1008	بحرام ما راك دايها	4	CC-BY-NC-3.0-MADORAN	available			Exact source inventory only; semantic, translation, GPT, and native review pending.
S6	MADOran_Sentences.tsv:Sentno=1009	مولخير راهي محطوطة باش هو يجي يديها لا مولخير ليا أنا .	12	CC-BY-NC-3.0-MADORAN	available			Exact source inventory only; semantic, translation, GPT, and native review pending.
S6	MADOran_Sentences.tsv:Sentno=1010	حسبتني مت يا وحد طنح .	6	CC-BY-NC-3.0-MADORAN	available			Exact source inventory only; semantic, translation, GPT, and native review pending.
S6	MADOran_Sentences.tsv:Sentno=1011	شاف رانا حكمناه	3	CC-BY-NC-3.0-MADORAN	available			Exact source inventory only; semantic, translation, GPT, and native review pending.
S6	MADOran_Sentences.tsv:Sentno=1012	جابك هو يا وحد خاين دور دور و طيح في مولا الفول . متحشموش حملة يا ولد عمي غير اللي ما بانش في الطريق ما طلقتو بقري ما طلقتو دجاج ما طلقنو خرفان . التبن , الحمير , الكلاب وين راكم غاديين وين .	44	CC-BY-NC-3.0-MADORAN	available			Exact source inventory only; semantic, translation, GPT, and native review pending.
S6	MADOran_Sentences.tsv:Sentno=1013	ما تحشموش حتى النسا راكم تخطفوهم في الفيلاجات و تعاودهم للبيع .	12	CC-BY-NC-3.0-MADORAN	available			Exact source inventory only; semantic, translation, GPT, and native review pending.
S6	MADOran_Sentences.tsv:Sentno=1014	وين راه المشكل ? 100 كمارته دورو . شا نديروا بيها ?	12	CC-BY-NC-3.0-MADORAN	available			Exact source inventory only; semantic, translation, GPT, and native review pending.
S6	MADOran_Sentences.tsv:Sentno=1015	راني نقول نعربن بيها فيرما تع كحايلية . علاه منديروش وزين تع الحليب . وزين تع امك ماشي خير .	20	CC-BY-NC-3.0-MADORAN	available			Exact source inventory only; semantic, translation, GPT, and native review pending.
S6	MADOran_Sentences.tsv:Sentno=1016	وزين تع ياووغت .	4	CC-BY-NC-3.0-MADORAN	available			Exact source inventory only; semantic, translation, GPT, and native review pending.
S6	MADOran_Sentences.tsv:Sentno=1017	ه يا صاحبي و نقضب لاخور . ديميل دورو تع شعال ندير بيها .	14	CC-BY-NC-3.0-MADORAN	available			Exact source inventory only; semantic, translation, GPT, and native review pending.
S6	MADOran_Sentences.tsv:Sentno=1018	شا دير بيها زعبطة ?	5	CC-BY-NC-3.0-MADORAN	available			Exact source inventory only; semantic, translation, GPT, and native review pending.
S6	MADOran_Sentences.tsv:Sentno=1019	مال حيا كيفاه ? غبت عليك دقيقة ياه داك نهار داولك حمار و ليوم داولك كابوسك .	17	CC-BY-NC-3.0-MADORAN	available			Exact source inventory only; semantic, translation, GPT, and native review pending.
S6	MADOran_Sentences.tsv:Sentno=1020	ياه متشبهش قاع جدك . شد .	7	CC-BY-NC-3.0-MADORAN	available			Exact source inventory only; semantic, translation, GPT, and native review pending.
S6	MADOran_Sentences.tsv:Sentno=1021	شاف ! شا كاين ? مالها توخدت خير انشاء الله .	11	CC-BY-NC-3.0-MADORAN	available			Exact source inventory only; semantic, translation, GPT, and native review pending.
S6	MADOran_Sentences.tsv:Sentno=1022	بيشة باغي يقيس روحه من تروازيم . كان علبالي باغي يقيس روحه على خاطرها . تبعوني .	17	CC-BY-NC-3.0-MADORAN	available			Exact source inventory only; semantic, translation, GPT, and native review pending.
S6	MADOran_Sentences.tsv:Sentno=1023	متجبدوليش على اللي نبغيها متشيطونيش . متزيدونيش دوك تروح انا مقديتش . اهه نبغيها بزاف .	16	CC-BY-NC-3.0-MADORAN	available			Exact source inventory only; semantic, translation, GPT, and native review pending.
S6	MADOran_Sentences.tsv:Sentno=1024	هاهو شاف ! راك هنا .	6	CC-BY-NC-3.0-MADORAN	available			Exact source inventory only; semantic, translation, GPT, and native review pending.
S6	MADOran_Sentences.tsv:Sentno=1025	بيشة هود . صايي جيت كي فاكتور راك هنا . راني هنا بويا علاه نتا وين راك .	18	CC-BY-NC-3.0-MADORAN	available			Exact source inventory only; semantic, translation, GPT, and native review pending.
S6	MADOran_Sentences.tsv:Sentno=1026	هود . ما نهودش . هود ولدي و انعل الشيطان .	11	CC-BY-NC-3.0-MADORAN	available			Exact source inventory only; semantic, translation, GPT, and native review pending.
S6	MADOran_Sentences.tsv:Sentno=1027	منهودش والو . أمك حلوة ركبتهاى عليها .	8	CC-BY-NC-3.0-MADORAN	available			Exact source inventory only; semantic, translation, GPT, and native review pending.
S6	MADOran_Sentences.tsv:Sentno=1028	لا بغى ركبتها مرة . جيبولي مولخير نهود . معليش نشوفولك وخدوخرة .	13	CC-BY-NC-3.0-MADORAN	available			Exact source inventory only; semantic, translation, GPT, and native review pending.
S6	MADOran_Sentences.tsv:Sentno=1029	لا راني باغي مولخير دروك اللي بوها حزيم رئيس قبيلة ما يخصنا والو عندك كيراك داير تقول راك هارب من غسال . معليش يا ولدي غير بشوية و نزايفطوها وحد من عندنا و يروح عندها و بلاك على ربي يجيب الخير	41	CC-BY-NC-3.0-MADORAN	available			Exact source inventory only; semantic, translation, GPT, and native review pending.
S6	MADOran_Sentences.tsv:Sentno=1030	باغي تبعت واحد أيا روح بويا و أنا نقعد هنا . ها ما طلعليش لينار للراس . بغاو يطلعوا بغاو يهودوا . انعل الشيطان . الله ينعله و يخزيه . ما راكش باغي تهود . مانيش باغي . لا لا . ها طلقني .	44	CC-BY-NC-3.0-MADORAN	available			Exact source inventory only; semantic, translation, GPT, and native review pending.
S6	MADOran_Sentences.tsv:Sentno=1031	سي ما في و ندير كيما نبغي أملي قطعو بيه شجرة و لا خاوه هنا انقعد هنا .	18	CC-BY-NC-3.0-MADORAN	available			Exact source inventory only; semantic, translation, GPT, and native review pending.
S6	MADOran_Sentences.tsv:Sentno=1032	مشينة تع عود متزيدش ترقد معايا هنا رقد عند واد . دبان من جهة و نتا من جهة خطرة جاية شوف الحرام فايدة ما عندي نهدر . وين راك رايح ? فالشخير ماتسقسيش و وين غادي تسقسي .	38	CC-BY-NC-3.0-MADORAN	available			Exact source inventory only; semantic, translation, GPT, and native review pending.
S6	MADOran_Sentences.tsv:Sentno=1033	رقد يا هاما تتبوف . حمامة اللي رسلتهالي غير الخير . غير الخير . شوف غادي نكلفك بمهمة . تفضل	20	CC-BY-NC-3.0-MADORAN	available			Exact source inventory only; semantic, translation, GPT, and native review pending.
S6	MADOran_Sentences.tsv:Sentno=1034	بنت شاف تاعكم . واه هداك بوفو عنده بنت . عنده غير وحدة و ريكومبونس قهوتك هي غادي نعطيك اربع بقرات	21	CC-BY-NC-3.0-MADORAN	available			Exact source inventory only; semantic, translation, GPT, and native review pending.
S6	MADOran_Sentences.tsv:Sentno=1035	و اربع دجاجات و خمس حمير باه تسقي فيهم ما و ربع بطاين الا تقد ترونديلي هاد لافير هادي شوف زيدني قلة عسل و قلة دهان و خطاك شي . كوراج خير من عسل و دهان . غير قضيلي لافير و خطاك الشي . ماكنش مشكل .	47	CC-BY-NC-3.0-MADORAN	available			Exact source inventory only; semantic, translation, GPT, and native review pending.
S6	MADOran_Sentences.tsv:Sentno=1036	أعطيني فليتشة . علاه ? باش نديها لها اشارة . نعم كلمة تع زعما . كلمة تع ليزانديان تع الجيش .	21	CC-BY-NC-3.0-MADORAN	available			Exact source inventory only; semantic, translation, GPT, and native review pending.
S6	MADOran_Sentences.tsv:Sentno=1037	هاك الى انسة بلغ الرسالة تفضل . على شي يامات يكون عندك الخبر فهمت .	15	CC-BY-NC-3.0-MADORAN	available			Exact source inventory only; semantic, translation, GPT, and native review pending.
S6	MADOran_Sentences.tsv:Sentno=1038	بويا باغي نسقسيك صيادة تع سبع و نمر كيفكيف ? علاه نتا شفت سبع و ضبع كيفكيف . لا ماشي كيفكيف .	22	CC-BY-NC-3.0-MADORAN	available			Exact source inventory only; semantic, translation, GPT, and native review pending.
S6	MADOran_Sentences.tsv:Sentno=1039	راني غير نسقسيك الا صيادة كيفكيف . ايوا شوف يا ولدي .	12	CC-BY-NC-3.0-MADORAN	available			Exact source inventory only; semantic, translation, GPT, and native review pending.
S6	MADOran_Sentences.tsv:Sentno=1040	صيادة تع سبع و تع نمر ماشي كيفكيف .	9	CC-BY-NC-3.0-MADORAN	available			Exact source inventory only; semantic, translation, GPT, and native review pending.
S6	MADOran_Sentences.tsv:Sentno=1041	السبع أنا بكري كنت نصيده بخاطري فهمتني ندير ليقونات نطيبهم وندير كولا فدوك الباقيطات سبع كي داير نصيده بحلفة و كولا واه . متأمنيش ياك ? نوضي ميما .	29	CC-BY-NC-3.0-MADORAN	available			Exact source inventory only; semantic, translation, GPT, and native review pending.
S6	MADOran_Sentences.tsv:Sentno=1043	هودي للاك روحي غسلي هادو خوط راه محتاجهم خوك غدوة لسبور هاكي و متبطيش .	15	CC-BY-NC-3.0-MADORAN	available			Exact source inventory only; semantic, translation, GPT, and native review pending.
S6	MADOran_Sentences.tsv:Sentno=1044	اسمعي اه مولخير اسمعي ماتنسيش جيبيلي معاك شمة من عند بارودي . هات دراهم . روحي قوليله منبعد بويا يخلصك . روحي غسلي قش ما كان لا بارودي لا محيرقة . ايا كملي بويا .	35	CC-BY-NC-3.0-MADORAN	available			Exact source inventory only; semantic, translation, GPT, and native review pending.
S6	MADOran_Sentences.tsv:Sentno=1046	ايا هات أمانة خويا هات يا خويا كلمة تع ليزانديان	10	CC-BY-NC-3.0-MADORAN	available			Exact source inventory only; semantic, translation, GPT, and native review pending.
S6	MADOran_Sentences.tsv:Sentno=1047	. ما بغاش يعطيهالي . نعرفك فحل دوها نتوما بصحتكم .	11	CC-BY-NC-3.0-MADORAN	available			Exact source inventory only; semantic, translation, GPT, and native review pending.
S6	MADOran_Sentences.tsv:Sentno=1048	وقتاش ? متنساش اليوم نهار غسيل روحلها للواد تلقاها تهلى في روحك . قضية مقضية . السلام عليكم . مانعطيهالكش اه يا حزيم .	24	CC-BY-NC-3.0-MADORAN	available			Exact source inventory only; semantic, translation, GPT, and native review pending.
S6	MADOran_Sentences.tsv:Sentno=1051	أيا خدام روحلي شوفلي و لا نروح أنا خيرنشوف بنتي . دوك نعميك تروحي للواد نتيا غاية .	18	CC-BY-NC-3.0-MADORAN	available			Exact source inventory only; semantic, translation, GPT, and native review pending.
S6	MADOran_Sentences.tsv:Sentno=1053	منعرت كي صرالها . وين كنت ? حاضر شيخ . روح شوف الشيرة راحت للواد منصباح ما بانتش . خف . راهي عند اللاك غير رح خف شوفها .	29	CC-BY-NC-3.0-MADORAN	available			Exact source inventory only; semantic, translation, GPT, and native review pending.
S6	MADOran_Sentences.tsv:Sentno=1054	غير متهوليش تكون غير عند مرت عكاشة مداري تعلم فيها خياطة لا .	13	CC-BY-NC-3.0-MADORAN	available			Exact source inventory only; semantic, translation, GPT, and native review pending.
S6	MADOran_Sentences.tsv:Sentno=1055	لا كاينة حاجة . راهي تعلمها مجبود و طريز . راحت تغسل راني فلمجبود أه حزيم تغم فيا . تدهمها جيبيلي مرايا .	23	CC-BY-NC-3.0-MADORAN	available			Exact source inventory only; semantic, translation, GPT, and native review pending.
S6	MADOran_Sentences.tsv:Sentno=1056	شكون . هدا غير أنا . شكون نتا بينو رواحكم . غادي نتيري وحدة , و الله نتيري زوج , أهدي هدا غير أنا قادة بيقوس .	27	CC-BY-NC-3.0-MADORAN	available			Exact source inventory only; semantic, translation, GPT, and native review pending.
S6	MADOran_Sentences.tsv:Sentno=1057	هدا غير نتا ميزيرية قعد تما قعد تم راني جاية . ويا شعال منارفية شا كاين ? راك مبكر عليا لا الخير اهدر .	24	CC-BY-NC-3.0-MADORAN	available			Exact source inventory only; semantic, translation, GPT, and native review pending.
S6	MADOran_Sentences.tsv:Sentno=1058	تعرفني أنا شر ها نجيبلك غير الخير . نهود يدي . هود مقاطيعك . الحقيقة جبتلك سلعة . سلعة من نوع رفيع و لا كيما مداري .	27	CC-BY-NC-3.0-MADORAN	available			Exact source inventory only; semantic, translation, GPT, and native review pending.
S6	MADOran_Sentences.tsv:Sentno=1059	راني نقولك ماشي طيوان سلعة راني نقولك فن . بيها بكواغطها بلكارت قريز تاعها مسورية بلاسيرونس تاعها كلشي خادمه .	20	CC-BY-NC-3.0-MADORAN	available			Exact source inventory only; semantic, translation, GPT, and native review pending.
S6	MADOran_Sentences.tsv:Sentno=1060	جيب نشوف سلعة كي دايرة . خويا هيا هيا . شوفي سلعة كي دايرة تبيع روحها . سلعة ماشي طايوان .	21	CC-BY-NC-3.0-MADORAN	available			Exact source inventory only; semantic, translation, GPT, and native review pending.
S6	MADOran_Sentences.tsv:Sentno=1061	هادي مالها تزعبط كي جدع مالكي . كي دايرة و الحنا . شعال طالب فيها ? شعال هادي . غير مين نتي نتي مرا	24	CC-BY-NC-3.0-MADORAN	available			Exact source inventory only; semantic, translation, GPT, and native review pending.
S6	MADOran_Sentences.tsv:Sentno=1062	مليحة و نبغيك . 400 دورو . هادي ما تصلحش حتى كياسة فلحمام تقبل 100 ? علاه رانا خاونينها و لا ملكطة هادي	23	CC-BY-NC-3.0-MADORAN	available			Exact source inventory only; semantic, translation, GPT, and native review pending.
S6	MADOran_Sentences.tsv:Sentno=1063	شا هدره هادا بلع فمك . شا هدرك نتايا خلينا نتفاهموا . شوفي 130 دورو . لا لا 105 اه 130 راه فيها ليزامبو و تيفيا و فيها نخلص خدام و انشاء الله فيها غادي ندخل خدام وخداخور . و عود ماكلة تاعه و كلشي . عللى شحمها و لحمها هادي راهي يابسة . اقبل ما تقبلش و لا دي عليا . و الله صعبتي علينا امور أيا صحا بصح شوفي خطرة جاية انشاء الله تهلي فينا	77	CC-BY-NC-3.0-MADORAN	available			Exact source inventory only; semantic, translation, GPT, and native review pending.
S6	MADOran_Sentences.tsv:Sentno=1064	. ايا تمشي يا معزة جربة تمشي . و الله مرا مليحة مسكينة و قلبها بيض دوك تتهلى فيها . باغي تاكليني باغي تاكلي لرض اه ليزانديان توغي و لا قعدي هنا نقلعلك بوك .	35	CC-BY-NC-3.0-MADORAN	available			Exact source inventory only; semantic, translation, GPT, and native review pending.
S6	MADOran_Sentences.tsv:Sentno=1065	مولخير داوها . قلتلك . شكون داها ? الله أعلم و بلا شك ولاد النهار . هاي فليتشة .	19	CC-BY-NC-3.0-MADORAN	available			Exact source inventory only; semantic, translation, GPT, and native review pending.
S6	MADOran_Sentences.tsv:Sentno=1066	كنت عارف يديروها ولاد نهار . ما يكون غير هو اللي خطفها هو و ابوه . روح جيبها . اسكتوا عليا . أري عمامتي . هاك غير خف خير ما نروح أنا .	33	CC-BY-NC-3.0-MADORAN	available			Exact source inventory only; semantic, translation, GPT, and native review pending.
S6	MADOran_Sentences.tsv:Sentno=1067	اتمشى قدامي . بنتي داوها شميتها . أقعدي في الدار راني قاعدة . شوفي حرام ديني و تبعيني راكي مطلقة . قلبي بروحه انحرق عليها وين راهي ?	28	CC-BY-NC-3.0-MADORAN	available			Exact source inventory only; semantic, translation, GPT, and native review pending.
S6	MADOran_Sentences.tsv:Sentno=1068	علابالي سي حزيم متبخلنيش و جيت تعطيني البنت . قلبه بيض . شوف انعلو الشيطان خيرلكم الله ينعله و يخزيه ردولي البنت شكون يردلك البنت . اخطفتولي البنت . راك في عقلك يا سي حزيم . شوف مها صباح قالتلها روحي تغسلي كيما مداري فلواد القش . البنت خطفوهالي .	50	CC-BY-NC-3.0-MADORAN	available			Exact source inventory only; semantic, translation, GPT, and native review pending.
S6	MADOran_Sentences.tsv:Sentno=1069	راك تاهمنا فلباطل سي حزيم . ماشي نتيا ولدك . ولدي كان معايا يصيد كيفاش خطافها لك . بلع ما درت والو . قلت البنت اعطوهالي . مين نعطوهالك . بلاك داها هو . نتا ديتها نعرف بلي نتيا . على خطبة اللي خطبتها و ما اعطيناهالكش حبس .	49	CC-BY-NC-3.0-MADORAN	available			Exact source inventory only; semantic, translation, GPT, and native review pending.
S6	MADOran_Sentences.tsv:Sentno=1070	رانا مكشوفين في كل رحبة . بيقوس ها دير موسطاش تاعك يا صاحبي باغي تنعرف . أيا زهو راه حيا راها زاهية .	23	CC-BY-NC-3.0-MADORAN	available			Exact source inventory only; semantic, translation, GPT, and native review pending.
S6	MADOran_Sentences.tsv:Sentno=1071	عومر ما رانيش راقد على ودنيا زوج خطرات تالتة ما تفوتكش . توجوغ باغاي شكون اللي كتله هدا . و الله ما علابالي . قاع معلبالكش شا راك ديرنتا هنا . رحت نشوف مطلوعي جيت لقيت دعوة هاك .	39	CC-BY-NC-3.0-MADORAN	available			Exact source inventory only; semantic, translation, GPT, and native review pending.
S6	MADOran_Sentences.tsv:Sentno=1072	ما تشوفش نتا بعينيك لا ماشفتاهش . توجوغ مشفتش , ما سمعتش , معرفتش محفظينك الميم نتيا لا النون .	20	CC-BY-NC-3.0-MADORAN	available			Exact source inventory only; semantic, translation, GPT, and native review pending.
S6	MADOran_Sentences.tsv:Sentno=1073	تحمل مسؤلية تاعك نتا . ماكنش اللي يتحرك فيكم نتوما حتى نجيب دكتور شرعي . ديسامبيسيل . كي نتا كي طبيب تحصلو فيا غير أنا .	26	CC-BY-NC-3.0-MADORAN	available			Exact source inventory only; semantic, translation, GPT, and native review pending.
S6	MADOran_Sentences.tsv:Sentno=1074	ما بغيتوش تعطوهالي حاجا تع قلوب ماشي تع دراع . بلاك داها واد تع موك . انعلوا الشيطان .	19	CC-BY-NC-3.0-MADORAN	available			Exact source inventory only; semantic, translation, GPT, and native review pending.
S6	MADOran_Sentences.tsv:Sentno=1075	نتا ديتها خاين . شوف قيس سلاح واه نقيس سلاح صايي . قيرا ناضت . طلقه .	17	CC-BY-NC-3.0-MADORAN	available			Exact source inventory only; semantic, translation, GPT, and native review pending.
S6	MADOran_Sentences.tsv:Sentno=1076	أرواح خليني نهدر معاه . أسكت نديكلاري قيرة . بسم الله .	12	CC-BY-NC-3.0-MADORAN	available			Exact source inventory only; semantic, translation, GPT, and native review pending.
S6	MADOran_Sentences.tsv:Sentno=1077	الحرب . ولاد نهار كونترا ولاد الليل نيشان . دوك نتفاهموا عليها احنا نوجدوا رواحنا و وجدوا رواحكم .	19	CC-BY-NC-3.0-MADORAN	available			Exact source inventory only; semantic, translation, GPT, and native review pending.
S6	MADOran_Sentences.tsv:Sentno=1078	لا للعنف الحرب و منبعد باغي تاكلونا . نتوما باغي تاكلونا تفوا عليكم . على حالتك بداو الحرب و الله غير تخلصوها غالية .	24	CC-BY-NC-3.0-MADORAN	available			Exact source inventory only; semantic, translation, GPT, and native review pending.
S6	MADOran_Sentences.tsv:Sentno=1079	قدامي أيا عيط ليكيب أيا علاه حرب لحقوهالنا رانا نقارعوكم خير بنتي قوتي لعمر نتي خيتي نتيا منين ? نتي زعما انديانيا حرة راني نشوف فيك مصفارة كولي بنتي كولي هاكي قوتي لعمر كولي و كولي رهج اللي ياكلك انشاء الله .	42	CC-BY-NC-3.0-MADORAN	available			Exact source inventory only; semantic, translation, GPT, and native review pending.
S6	MADOran_Sentences.tsv:Sentno=1080	مدام سوسن بويا ميكي ماشي هدا اللي نتبع فيه تع سوسن ياروحي زهرة مدام سوسن . شكون ? شاف تع قبيلة ولاد نهار .	24	CC-BY-NC-3.0-MADORAN	available			Exact source inventory only; semantic, translation, GPT, and native review pending.
S6	MADOran_Sentences.tsv:Sentno=1081	مرحبا و علاه تجوني دروك راني نريبيتي مرحبا شعال راكم ? رانا زوج و نص و لا واحد و نص مرحبا كترتو الحلا .	24	CC-BY-NC-3.0-MADORAN	available			Exact source inventory only; semantic, translation, GPT, and native review pending.
S6	MADOran_Sentences.tsv:Sentno=1082	كترنا كوتبيات اه الحلا . كاين حاجا جبتلك داندا . و أنا جبتلك كلب بيه بولاده ياكله انشاء الله هو ولاده . أنا و اياك .	26	CC-BY-NC-3.0-MADORAN	available			Exact source inventory only; semantic, translation, GPT, and native review pending.
S6	MADOran_Sentences.tsv:Sentno=1083	باغي تشوفوا ? نعم هاتولي عيدان . كبار و لا صغار . كبر . هاتولي صغار هاكي حاجا عيدان . هادوا عيدان طريين لا هادوا صباعي وين راهم كون جبتي لعمرك بعد مين تجيبي للناس كون جبتي لعمرك بلاك ضوي شوي .	42	CC-BY-NC-3.0-MADORAN	available			Exact source inventory only; semantic, translation, GPT, and native review pending.
S6	MADOran_Sentences.tsv:Sentno=1084	اسكت عليا متدخليش فالخيط تاعي . صحا دبري راسك أنا غير من عونك . راهي كحلة . خير انشاء الله .	21	CC-BY-NC-3.0-MADORAN	available			Exact source inventory only; semantic, translation, GPT, and native review pending.
S6	MADOran_Sentences.tsv:Sentno=1085	كتروا الحلا راها كحلة . يا حفيظ نتوما ولاد نهار نعم , يا بردي راهم جايينكم ولاد الليل على تلاتة ايام تدوا قرارات .	24	CC-BY-NC-3.0-MADORAN	available			Exact source inventory only; semantic, translation, GPT, and native review pending.
S6	MADOran_Sentences.tsv:Sentno=1086	قلتلك داروها . عولوا علينا . ما عولو والو . شوفيلنا بواش غادي يضربونا شوفي . راه كاين كلاب غير هدري . باش غادي يضربونا . باغي يضربوكم بفليتشات أرض أرض ها شوف عيدان قاع ما و قفوش و أرض جو كاين ? لا عيدان رقدوا تسما أرض أرض أيا حنا غادي نضربوهم بجمرة خبيتة . لا ضربوهم بخبيتة جمرة . تسمى غير هي و راكي قالبتها . لا قلبوا خير . يا ستوتة .	75	CC-BY-NC-3.0-MADORAN	available			Exact source inventory only; semantic, translation, GPT, and native review pending.
S6	MADOran_Sentences.tsv:Sentno=1087	تبعني نوجدوا رواحنا . شوفي حاجا أنا تساعفيني شوفي لعمرك باه تولي ضوي غاية نتي بروحك راكي طافية اسمعتي و كلاب أنا نجيبهم من برا كلب اللي ياكلك انشاء الله . ياكلك بلا ما يمضغك .	36	CC-BY-NC-3.0-MADORAN	available			Exact source inventory only; semantic, translation, GPT, and native review pending.
S6	MADOran_Sentences.tsv:Sentno=1088	شا كاين شكون نتوما ? يا ضياف ربي . أرواح أرواح صيادة مليحة تع ليوم نهار شباب . يا عنقي ارفد ارفد .	23	CC-BY-NC-3.0-MADORAN	available			Exact source inventory only; semantic, translation, GPT, and native review pending.
S6	MADOran_Sentences.tsv:Sentno=1089	تسكت و لا متسكتش باغي تخرجني من عقلي . باغي راسي تنوض فيه الشعر .	15	CC-BY-NC-3.0-MADORAN	available			Exact source inventory only; semantic, translation, GPT, and native review pending.
S6	MADOran_Sentences.tsv:Sentno=1090	نخبرك و نفهمك راني دايك عند غولا و حرز تهدر غادي نبيعك . تبيعني و ما نهدرش تخونوا ولاد ناس و تبيعوهم و ما نهدروش هارجا عند بويا ولاد نهار غادي تخلصوها غالية بوك و مازال نخونوه و نبيعوه حقك تفرح غادي نعيشك عند غولة فلنعيم كنت عايش غاية عند ولاد نهار أنا نتوما جبتوني هنا راني نقولك اسكت جره .	61	CC-BY-NC-3.0-MADORAN	available			Exact source inventory only; semantic, translation, GPT, and native review pending.
S6	MADOran_Sentences.tsv:Sentno=1091	أنا رانا جايبين لك سلعة مالك نتا يا شحمة لأرض رايح جاي عليا شاكاين ? راني جبتلك سلعة حياتي و أنا نجيبلك فلسلعات بصح هادي وحدها تنطق وحدها تهدر روحها سلعة مليحة سبحان الله .	35	CC-BY-NC-3.0-MADORAN	available			Exact source inventory only; semantic, translation, GPT, and native review pending.
S6	MADOran_Sentences.tsv:Sentno=1092	وري تشوف السلعة وريلها هادا سلعة حبة كراوسون هادا من جبتوه يا عود اللي تحقريه يعميك .	17	CC-BY-NC-3.0-MADORAN	available			Exact source inventory only; semantic, translation, GPT, and native review pending.
S6	MADOran_Sentences.tsv:Sentno=1093	يا لطيف تعرفوا تصيدوا غير ليزانديان ماكان ني بربار ما كان ني تارزو ما كان ني فوندامات جبتولي هادا شا ندير بيه .	23	CC-BY-NC-3.0-MADORAN	available			Exact source inventory only; semantic, translation, GPT, and native review pending.
S6	MADOran_Sentences.tsv:Sentno=1094	هاد نزقي بيه أنا ديه عليا ديه عليا أعطيني فيه غير 10 دوروا . ما نعطيك والو . ما بغاتش . ارواح صحا اعطينا فيه 8 دوروا .	28	CC-BY-NC-3.0-MADORAN	available			Exact source inventory only; semantic, translation, GPT, and native review pending.
S6	MADOran_Sentences.tsv:Sentno=1095	ما نعطيك فيه والوا . فيه 6 دوروا والو . يا 4 دوروا غير دراهم التبن ودراهم العلف نعلف العواد ة .	22	CC-BY-NC-3.0-MADORAN	available			Exact source inventory only; semantic, translation, GPT, and native review pending.
S6	MADOran_Sentences.tsv:Sentno=1096	نقولك حاجة غادي نبيته الا ما نباعش ارواح ديه أيا تمشى هادو غير تع زقا و تواغ واه عضني شوفي .	21	CC-BY-NC-3.0-MADORAN	available			Exact source inventory only; semantic, translation, GPT, and native review pending.
S6	MADOran_Sentences.tsv:Sentno=1097	هدا راه مكلوب ربي يديك لجهنم انشاء الله و كلاب ياكلوك و نريحو منك .	15	CC-BY-NC-3.0-MADORAN	available			Exact source inventory only; semantic, translation, GPT, and native review pending.
S6	MADOran_Sentences.tsv:Sentno=1098	ما طلقتوا بنيادم ما والو قاع نهار و نتوما تخونوا فلبز . علاه نتا بز . رزمة تع حمام بز بلع فمك .	23	CC-BY-NC-3.0-MADORAN	available			Exact source inventory only; semantic, translation, GPT, and native review pending.
S6	MADOran_Sentences.tsv:Sentno=1099	اقعد هنا شوف راني باغية نروح نرقد و الضرسة ضارتني و راني صايمة براس ما تهدر نعطيك للفم .	19	CC-BY-NC-3.0-MADORAN	available			Exact source inventory only; semantic, translation, GPT, and native review pending.
S6	MADOran_Sentences.tsv:Sentno=1100	ما اني فاهم والو شا ماراكش فاهم . دروك نقعدوا غير نصيدوا في ليزانديان . ما صورنا والو . التعب باطل . ما نصيدوا قلادياتور ولا فيكينق و لا طارطار و لا حاجة . هادي كل يوم تحشيهالنا و لا كيفاش دروك .	43	CC-BY-NC-3.0-MADORAN	available			Exact source inventory only; semantic, translation, GPT, and native review pending.
S6	MADOran_Sentences.tsv:Sentno=1101	نزيدك حاجة دراهم تع هندية معطيتهومليش يا صاحبي . يا لاسمع . واه ما اعطيتنيش حقي .	17	CC-BY-NC-3.0-MADORAN	available			Exact source inventory only; semantic, translation, GPT, and native review pending.
S6	MADOran_Sentences.tsv:Sentno=1102	ما تعاودش تهدرلي هاد لهدرة خطرة لخرة اعطاوني فيزا ما نقابلكش و نقابل هاد غولة و نقابل ليزانديان . شوف تبعني انعل بو خدمة هادي .	26	CC-BY-NC-3.0-MADORAN	available			Exact source inventory only; semantic, translation, GPT, and native review pending.
S6	MADOran_Sentences.tsv:Sentno=1103	يا جابوك كيما جابوك نتا أنا ما جابونيش هوما أنا قلتهم أرواحو دوني درت معاهم روندي فو و قلتهم أرواحوا دوني , اسمعتي خاطرش علاه صحاب فيلاج تاعكم راهم محصلين بلي أحنا ديناك احنا ما ديناكش أنا لي كوبوي نقد نهربلهم ما يغيبوهاليش أنا على خاطرك ريسكست و جيت بارح بيتوني في قادوس كتلني لبرد , الجوع , العطش تستاهل .	61	CC-BY-NC-3.0-MADORAN	available			Exact source inventory only; semantic, translation, GPT, and native review pending.
S6	MADOran_Sentences.tsv:Sentno=1104	اسمعت راكي هنا جابوني علاه نستاهل أنا نبيغيك و نتي ما تبغنيش . واه ما نبغيكش معليش .	18	CC-BY-NC-3.0-MADORAN	available			Exact source inventory only; semantic, translation, GPT, and native review pending.
S6	MADOran_Sentences.tsv:Sentno=1105	ربيت موسطاش يا خويا باش متنعقلش ياه ? يا ولدي ديرها مع بوجاديا كيما نتوما ماديروهاش معانا احنا .	19	CC-BY-NC-3.0-MADORAN	available			Exact source inventory only; semantic, translation, GPT, and native review pending.
S6	MADOran_Sentences.tsv:Sentno=1106	طلع يديك شوف فيا مليح صحح واه زعباطة وين راه صاحبك راه فلغابة قالي راني فلواد راه يصيد مانيش عارف شا راه يدير يخدم على روحه ياه ? أنا خاطيني مانيش خدام راني روبو ليوم . جيت نزهى شوية ليوم هنا . صباح الخير زعباطة قليع جدك تقول توحموا على قط سبع أرواح عندك .	55	CC-BY-NC-3.0-MADORAN	available			Exact source inventory only; semantic, translation, GPT, and native review pending.
S6	MADOran_Sentences.tsv:Sentno=1107	ها صحا ارجا 24 خطرة و أنا نكتل فيك و ما متش . ها صحا ما تقلقش نتفاهموا . ها ارجا وينتا شفتني مقلق . راس خبيت كرابيل هاد خطرة موت ما نظلش نلاغي معاك . ماكنش غير نتا في دنيا خلادار بوه قربعله باباه .	46	CC-BY-NC-3.0-MADORAN	available			Exact source inventory only; semantic, translation, GPT, and native review pending.
S6	MADOran_Sentences.tsv:Sentno=1108	اه بنعمي غفلت خمس دقايق كتلتوا واحد قلنالكم ممنوع رصاص هنا .	12	CC-BY-NC-3.0-MADORAN	available			Exact source inventory only; semantic, translation, GPT, and native review pending.
S6	MADOran_Sentences.tsv:Sentno=1109	ماكانش اللي شاف لعراس تشوفوهم , وعادي تشوفوهم , شهر تع رمضان تشوفوه . قاع معلابالكمش .	17	CC-BY-NC-3.0-MADORAN	available			Exact source inventory only; semantic, translation, GPT, and native review pending.
S6	MADOran_Sentences.tsv:Sentno=1110	هدا شكون بطحه و الله ما علابالي خويا كنت داخل لاهي . أنا كل 3 جوغ نشوف واحد مبطوح هنا . ما شفتش نظل لاهي داخل .	27	CC-BY-NC-3.0-MADORAN	available			Exact source inventory only; semantic, translation, GPT, and native review pending.
S6	MADOran_Sentences.tsv:Sentno=1112	ما راكش تخلص ليزامبوا . قعدوا كيما راكم نجيب طبيب شرعي .	12	CC-BY-NC-3.0-MADORAN	available			Exact source inventory only; semantic, translation, GPT, and native review pending.
S6	MADOran_Sentences.tsv:Sentno=1113	و الله ما علابالي بيكم قاع . غدوة نبدل خدمة . يا مولخير سلكتي روحك ايا سلكيني معاك . رانا نلعبوا . نسلكك ?	24	CC-BY-NC-3.0-MADORAN	available			Exact source inventory only; semantic, translation, GPT, and native review pending.
S6	MADOran_Sentences.tsv:Sentno=1114	واه ماشي نتا قافز أنا على خاطرك جيت . ماشي نتا باغي تغيبها للكوبويز . بغيت نغيباهلم بصح على خاطرك جيت .	22	CC-BY-NC-3.0-MADORAN	available			Exact source inventory only; semantic, translation, GPT, and native review pending.
S6	MADOran_Sentences.tsv:Sentno=1115	منسلكاكش سلك روحك . علاه حرام عليك يخليك قلبك فيك خير . غير بشوية تسمعنا عواواة .	17	CC-BY-NC-3.0-MADORAN	available			Exact source inventory only; semantic, translation, GPT, and native review pending.
S6	MADOran_Sentences.tsv:Sentno=1116	منا الطريق . ياضرا سيدي شا قررت ? قررنا الحرب , الشرف , الرجلة , روح منا . وين نروح منا ?	22	CC-BY-NC-3.0-MADORAN	available			Exact source inventory only; semantic, translation, GPT, and native review pending.
S6	MADOran_Sentences.tsv:Sentno=1117	وين لاصق فيا عند شجرة لاصق فيا روح ز حق اللي سلكتك وين سلكتني . روح صحا غير نيميرو تع تليفون . لا روح . روحي الله يجيبهالك .	29	CC-BY-NC-3.0-MADORAN	available			Exact source inventory only; semantic, translation, GPT, and native review pending.
S6	MADOran_Sentences.tsv:Sentno=1118	أرواح . متبركاش من زعاقة تاعك هادي . شا درت انا ? علاه ظلي تلاعيلي فلكلاب .	17	CC-BY-NC-3.0-MADORAN	available			Exact source inventory only; semantic, translation, GPT, and native review pending.
S6	MADOran_Sentences.tsv:Sentno=1119	ما لاعيت كلاب ما والو نتا ما راك تعطيهم ما ياكلوا لا يشربوا . بسبابك ضيعت الصيد . باغي نسقسيك أرواح . هادي تلات ايام وين كنت ? اه حتى لدروك وين علابلك بلي أنا ولدك . حتى لدروك تسقسي هادي تلات ايام وين كنت .	46	CC-BY-NC-3.0-MADORAN	available			Exact source inventory only; semantic, translation, GPT, and native review pending.
S6	MADOran_Sentences.tsv:Sentno=1120	قول خبرني وين كنت .	5	CC-BY-NC-3.0-MADORAN	available			Exact source inventory only; semantic, translation, GPT, and native review pending.
S6	MADOran_Sentences.tsv:Sentno=1121	داوني وحدين و كتفوني ما نعرفهم ما والو داوك . واه بيتوني في كادوس راني تلات ايام لا عشا لا فطور عندك كي دارولي نقصت .	26	CC-BY-NC-3.0-MADORAN	available			Exact source inventory only; semantic, translation, GPT, and native review pending.
S6	MADOran_Sentences.tsv:Sentno=1122	نتا ماشي بويا نتا باين بلي ماشي بويا . صحا ما تبكيش . دوك نتافهم معاهم .	17	CC-BY-NC-3.0-MADORAN	available			Exact source inventory only; semantic, translation, GPT, and native review pending.
S6	MADOran_Sentences.tsv:Sentno=1123	نتا باين بلي جابوني عندك برك . هاهي جات شاف . اسكت دخلي بنتك وديريلها شوية حلبة	17	CC-BY-NC-3.0-MADORAN	available			Exact source inventory only; semantic, translation, GPT, and native review pending.
S6	MADOran_Sentences.tsv:Sentno=1124	. حمد لله ما درناش قيرا . أيا نتوما . الحرب , ما كان ني حرب ني والو أيا جرو تلعبوا . جري تلعب نتا .	26	CC-BY-NC-3.0-MADORAN	available			Exact source inventory only; semantic, translation, GPT, and native review pending.
S6	MADOran_Sentences.tsv:Sentno=1125	راني نهدر معاكم أيا روحوا . أرواح نتا قدم هنا قول جيفانتيس شعال دارت بارح . داروا زيروا زيروا شاف .	21	CC-BY-NC-3.0-MADORAN	available			Exact source inventory only; semantic, translation, GPT, and native review pending.
S6	MADOran_Sentences.tsv:Sentno=1126	هاد خبر جبتهلي روح روح . بورتون أنا نبغي جيفانتيس جاي يهدرلي زيروا زيروا . ها رجا خويا . هادي 120 دوروا في خاطر شيخ زدقدق اللي غايب في هاد ليلة . و هادي 120 دورو في خاطر جماعة كيما درتوا سوا في خاطر كوبوي كبار و صغار و في خاطر كوبوي تحات و فواقة . و في خاطر لاس فيقاس , كاركاس و تكساس .	66	CC-BY-NC-3.0-MADORAN	available			Exact source inventory only; semantic, translation, GPT, and native review pending.
S6	MADOran_Sentences.tsv:Sentno=1127	و في خاطر جماعة ملمومة اللي راهي الليلة و في خاطر حباب ما تنساش تبرح على صاحبك . اوه و نسيت في خاطر دراعي لايمن اللي ما ينسى ما يغدى من بالي و في خاطر جده عرق صحيح , عرق لحمر و كونترا على شينين و ليزاباج الله يخلف و يبارك فصحة .	53	CC-BY-NC-3.0-MADORAN	available			Exact source inventory only; semantic, translation, GPT, and native review pending.
S6	MADOran_Sentences.tsv:Sentno=1128	غادي نعطيك وحد قصيدة في خاطرك و في خاطر حباب اللي فاتك بليلة فاتك بحيلة و اسمع شاعر شا يقول في كلامه . حايحاية تعيا ما ما هي حيحاية غير ينوضوا صيد و ما يكتلوهش .	36	CC-BY-NC-3.0-MADORAN	available			Exact source inventory only; semantic, translation, GPT, and native review pending.
S6	MADOran_Sentences.tsv:Sentno=1129	و اللي مولعين بصيد يجوه قبالة . فايقين من حموم ما يصبروش . و في خاطر زغراتات .	18	CC-BY-NC-3.0-MADORAN	available			Exact source inventory only; semantic, translation, GPT, and native review pending.
S6	MADOran_Sentences.tsv:Sentno=1131	دورتوها على فنانين . شكون اللي كتل هادا . ما شتاهش . ما شت والو نتا . راني فلكوزينة ما شفتش .	22	CC-BY-NC-3.0-MADORAN	available			Exact source inventory only; semantic, translation, GPT, and native review pending.
S6	MADOran_Sentences.tsv:Sentno=1132	الحيا ما راهيش تعجب لوكي تع الباب . راني نشوف يا قادة . نقولك وحد حاجة كي تشوف مدام مادابيك طلب عليها وحد تحت 10 ميل دوروا قاع ما تطلبش . راك تسمع فيا ولا لا .	37	CC-BY-NC-3.0-MADORAN	available			Exact source inventory only; semantic, translation, GPT, and native review pending.
S6	MADOran_Sentences.tsv:Sentno=1133	زير روحك معاها . نخبرك و نفهمك . راني نقولك حيا ما رهيش تعجب روح ربطها و متنها و خليني نروح نستخبر روح .	24	CC-BY-NC-3.0-MADORAN	available			Exact source inventory only; semantic, translation, GPT, and native review pending.
S6	MADOran_Sentences.tsv:Sentno=1134	راني جاي . راهي خاوية بلاصة اسمع تلهى بلاخر و أنا غادي نتلهى بداك مول شابو لكحل . خلادر ما الغالية .	22	CC-BY-NC-3.0-MADORAN	available			Exact source inventory only; semantic, translation, GPT, and native review pending.
S6	MADOran_Sentences.tsv:Sentno=1135	خلادر الشر شا داك نتي للخيام . قاع نهار و نتي فلخيام و نتيا فلحمام و نتيا منا . بلعي فمك . بلعي .	24	CC-BY-NC-3.0-MADORAN	available			Exact source inventory only; semantic, translation, GPT, and native review pending.
S6	MADOran_Sentences.tsv:Sentno=1136	مزيا راني هنا تمشي قدامي مازال سوطة نعطيهالك فلدار تمشي .	11	CC-BY-NC-3.0-MADORAN	available			Exact source inventory only; semantic, translation, GPT, and native review pending.
S6	MADOran_Sentences.tsv:Sentno=1137	وقيلا كرات لكم السكنة مدام . جبتلها غير شوية شربات مع علابالي راهي تصوم هادوا ليامات قلت زعما نجي نطل عليها مسكينة ما عندها حد علابالي تسما غير أنا اللي نجي نطل عليها كيراكم دايرين يا سيدي .	38	CC-BY-NC-3.0-MADORAN	available			Exact source inventory only; semantic, translation, GPT, and native review pending.
S6	MADOran_Sentences.tsv:Sentno=1138	اسمحلي يا شيخ قبيلة تع ولاد النهار أنا ظلمتك و لافوت تاعي بصح لاسيما ماشي أنا فليتشة هي اللي غرت بيا خاطرش قلت تاعكم داروها بنا عديان و بغاو يشعلو بيناتنا النار الفتنة .	34	CC-BY-NC-3.0-MADORAN	available			Exact source inventory only; semantic, translation, GPT, and native review pending.
S6	MADOran_Sentences.tsv:Sentno=1139	ما يشعلوا ني نار فتنة بيناتنا ني والو أنا نقولها لك . احنا عمومية , أحنا نسوبية ناس زينين . بويا أحنا ولاد عم حنايا .	26	CC-BY-NC-3.0-MADORAN	available			Exact source inventory only; semantic, translation, GPT, and native review pending.
S6	MADOran_Sentences.tsv:Sentno=1140	بلعه نتا كي يهدروا كبار يسكتوا صغار . سي دي قوس , سي دي زونفون ايل ساف با سو كي ديز . بصح اللي دارها بينا راك تشوف فيه ليوم ناكلوله لحم . تخلصها غالية . روح تبعني و خاطيك .	41	CC-BY-NC-3.0-MADORAN	available			Exact source inventory only; semantic, translation, GPT, and native review pending.
S6	MADOran_Sentences.tsv:Sentno=1141	قول كوبوي تاغ تاخر الزمان ياه تخطفوا غير النسا و غراوين صغار . ما جبرتوا ما ديروا .	18	CC-BY-NC-3.0-MADORAN	available			Exact source inventory only; semantic, translation, GPT, and native review pending.
S6	MADOran_Sentences.tsv:Sentno=1142	أخوني أنا أرواح خطفني و لا خطف هادا . شوف كي راه يتمسكن .	14	CC-BY-NC-3.0-MADORAN	available			Exact source inventory only; semantic, translation, GPT, and native review pending.
S6	MADOran_Sentences.tsv:Sentno=1143	راني نقولكم اسمحولي . حزيم نطلب منك حاجة باغي نولي أندياني كيفكم . ما نسمعشي أنيا . اسمعتني نقولك حاجة كنت وحدك و لا مع جماعة . اتكلم . كانوا وحدين معايا . وحدين معاك . باغي نولي كيفم اندياني غير اسمحولي . ما توليش أندياني أحنايا كيفنا . عكاشة أيا ارواحوا دوه . ربي جابه تعقل نهار اللي ديتني . وين ديتك أنا . نتا و صاحبك كتفتوني و جبتوني هنايا عند مدام راك عاقل عليها . صايي عقلت . تعرف شا غادي نديروك طاجين , ليوم نشووك نشعلوا عليك النار .	93	CC-BY-NC-3.0-MADORAN	available			Exact source inventory only; semantic, translation, GPT, and native review pending.
S6	MADOran_Sentences.tsv:Sentno=1144	شوف غادي نديروه ملفوف مرورية تجي بنينة , يا حزيم لا اسمحلي .	13	CC-BY-NC-3.0-MADORAN	available			Exact source inventory only; semantic, translation, GPT, and native review pending.
S6	MADOran_Sentences.tsv:Sentno=1145	أنا غير ولية طلقوني . ما درت والو . علاه باغي تكتلوني . شا درتلكم يا بويا خي .	19	CC-BY-NC-3.0-MADORAN	available			Exact source inventory only; semantic, translation, GPT, and native review pending.
S6	MADOran_Sentences.tsv:Sentno=1146	سي حزيم باغي نسقسيك عرفت جاسوس اللي كان داير الخلاط . واه عرفته بصح غادي نخليه مفاجاءة . يعني اين سيربريز . أه بويا حمار خويا كون ماتبوجيش و الله نعطيك كل يوم بيدو ما و كيلو زرع أه حمار خويا ماتبوجيش .	43	CC-BY-NC-3.0-MADORAN	available			Exact source inventory only; semantic, translation, GPT, and native review pending.
S6	MADOran_Sentences.tsv:Sentno=1147	الا حمار ياكل التبن , نشريلك قوفريط أيا مشي حمار .	11	CC-BY-NC-3.0-MADORAN	available			Exact source inventory only; semantic, translation, GPT, and native review pending.
S6	MADOran_Sentences.tsv:Sentno=1148	صباح الخير . ما تنخلعي ما والو غير أنا .	10	CC-BY-NC-3.0-MADORAN	available			Exact source inventory only; semantic, translation, GPT, and native review pending.
S6	MADOran_Sentences.tsv:Sentno=1150	هواري : غايا , الحمد لله , ونتا	8	CC-BY-NC-3.0-MADORAN	available			Exact source inventory only; semantic, translation, GPT, and native review pending.
S6	MADOran_Sentences.tsv:Sentno=1152	هواري : كاش جديد ?	5	CC-BY-NC-3.0-MADORAN	available			Exact source inventory only; semantic, translation, GPT, and native review pending.
S6	MADOran_Sentences.tsv:Sentno=1153	عبد القادر : والو , من عندك	7	CC-BY-NC-3.0-MADORAN	available			Exact source inventory only; semantic, translation, GPT, and native review pending.
S6	MADOran_Sentences.tsv:Sentno=1154	هواري : كيف كيف , مكانش	6	CC-BY-NC-3.0-MADORAN	available			Exact source inventory only; semantic, translation, GPT, and native review pending.
S6	MADOran_Sentences.tsv:Sentno=1155	عبدا القادر : ( شا راك تدير	7	CC-BY-NC-3.0-MADORAN	available			Exact source inventory only; semantic, translation, GPT, and native review pending.
S6	MADOran_Sentences.tsv:Sentno=1156	هواري : والو	3	CC-BY-NC-3.0-MADORAN	available			Exact source inventory only; semantic, translation, GPT, and native review pending.
S6	MADOran_Sentences.tsv:Sentno=1157	تبغي تلعب معايا ماتش دروك	5	CC-BY-NC-3.0-MADORAN	available			Exact source inventory only; semantic, translation, GPT, and native review pending.
S6	MADOran_Sentences.tsv:Sentno=1158	هواري : واه , نلعب	5	CC-BY-NC-3.0-MADORAN	available			Exact source inventory only; semantic, translation, GPT, and native review pending.
S6	MADOran_Sentences.tsv:Sentno=1160	هواري : صحا	3	CC-BY-NC-3.0-MADORAN	available			Exact source inventory only; semantic, translation, GPT, and native review pending.
S6	MADOran_Sentences.tsv:Sentno=1162	هواري : صحيت , راني نقارعلك	6	CC-BY-NC-3.0-MADORAN	available			Exact source inventory only; semantic, translation, GPT, and native review pending.
S6	MADOran_Sentences.tsv:Sentno=1163	@@Lاط@@Rَcهِد @@Lاط@@Oر اللهجة الوهرانية @@Lاط@@دَِلecتe @@Lاط@@ْرَنَِس @@Lاط@@آ @@Lاط@@P1 ج 1 - @@Lاط@@ىُْطُبe	12	CC-BY-NC-3.0-MADORAN	available			Exact source inventory only; semantic, translation, GPT, and native review pending.
S6	MADOran_Sentences.tsv:Sentno=1164	كيما كنت وعدتكم قتلكم بلي غادي نهدر لكم على اللهجة الوهرانية عندك شوالا بروبلام لقيت سي با بوسيبل باسكو لوكان نقعد نهدر 6 سنين و غادي منحبسش و علابالي بلي غاشي ما يبغوش الفيديو اللي يكونوا طوال عليها غادي نسايي باش نختاصر قدر المستطاع . غادي ندخل ديراكت باش منطولش عليكم . علاه بغيت نهدر هدرة تع وهران , الوهرانية باسكو ليقلكم تعرفوا هدرة تع وهرانية حقانية دروك ما راهيش كاينة , راهي قليلة باسكو مع دخول بزاف تع الناس سي نورمال ما فيها والو عادي دخلوا معاهم لهجات و لغات تاعهم و طغاو شوية على الهدرة تع وهارنة تع الحقانية اللي كانت بكري كيما بكري كي تدخل للحانوت ما تلقاش وحدة شيرة تدخل عنده تقوله اعطيني لجافيل تقوله اعطيني ليخية حنا واحد بكري مين كان يلبس شدة تكون شابة كيما يقولو بتزيرية لابس حطة . حنا نقولو راني ضارب فيها تراخية واحد مين يبغي يطيح واحد ميقولهش غادي ندريلك كروش بي لا يقوله غادي نضربك نغاشيك .	158	CC-BY-NC-3.0-MADORAN	available			Exact source inventory only; semantic, translation, GPT, and native review pending.
S6	MADOran_Sentences.tsv:Sentno=1165	حنا واحد طويل نعيطوله لارقو و طويلة لارقة و بوردو دونك هدرة كانت بزاف فيها الامور تع سبنيول هادي هي هدرة حقانية اللي كانت في وهران نتفاهموا زين زين باسكو علاه في وهران سي تاديغ في لالجيري كي كانت جزاير تحت حماية تع الدولة عتمانية في القرون الوسطى وهران كانت مستعمرتها اسبانيا سيتي ايسبانيول ما عندك ما تهدر .	59	CC-BY-NC-3.0-MADORAN	available			Exact source inventory only; semantic, translation, GPT, and native review pending.
S6	MADOran_Sentences.tsv:Sentno=1166	و هاد تواجد تع سبانيول اللي كانو في وهران فورت بوبيلاسيون في ليجو اوربيان .	15	CC-BY-NC-3.0-MADORAN	available			Exact source inventory only; semantic, translation, GPT, and native review pending.
S6	MADOran_Sentences.tsv:Sentno=1167	و ممبعد كي خرجو ليزيزبانيول الاتراكا دخلوا وحد غير 40 عام هدا ماكان الباي محمد الكبير يسموه الباي لكحل منبعد ولاو يعيطوله الكبير . حتى 1831 كي دخلو لفرونسي و 1834 داروا ستاتستيك في لافيل دورون شعال كان ساكنها الناس يافي 5000 دابيتون هادا ماكان باسكو اهالي بقوة تاعهم خرجوا لمعسكر باش يلتاحقوا بجيش تع الأمير عبد القادر و خايفين من ليسوغتي تع قور .	65	CC-BY-NC-3.0-MADORAN	available			Exact source inventory only; semantic, translation, GPT, and native review pending.
S6	MADOran_Sentences.tsv:Sentno=1168	يافي قور بزاف فوهران نجم نعطيك بقاع كاتيقوري شعال كانو . باغيقزومبل ف 1834 كانت 5000 دابيتون .1042 أوروبيان و 3958 أونتر عرب و قبايل و ليهود ليزوروبيان كانو ديباغتي , 340 فرونسي , 316 ايطاليان ,	37	CC-BY-NC-3.0-MADORAN	available			Exact source inventory only; semantic, translation, GPT, and native review pending.
S6	MADOran_Sentences.tsv:Sentno=1169	266 اسبانيول , 69 أونقلي , 35 ألمون , 16 برتوقي و هاد الأجناس اللي كانوا صارت وهران عندها ولى عندها سكو اونابل باتوا سيتاديغ ولى عندها وحد لهجة سبيسيال باغلي لوكال كانوا يحكوه .	35	CC-BY-NC-3.0-MADORAN	available			Exact source inventory only; semantic, translation, GPT, and native review pending.
S6	MADOran_Sentences.tsv:Sentno=1170	و من قاع هادوا الأجناس يافي كل وحدين عندهم كلام ناعه يقولوه و غير سبانيولية اللي كانت بزاف كتر من 60 % طاغية على لهجة تع وهارنة يافي برسيانو و كاستيانو باش تعرف هادي كانت كيما هاك في وهران .	40	CC-BY-NC-3.0-MADORAN	available			Exact source inventory only; semantic, translation, GPT, and native review pending.
S6	MADOran_Sentences.tsv:Sentno=1171	و زيد كاين باش نحكي لكم عللى هدرة تع كي وهارنة كي كانو يهدروا , في لهجة تع وهارنة .	20	CC-BY-NC-3.0-MADORAN	available			Exact source inventory only; semantic, translation, GPT, and native review pending.
S6	MADOran_Sentences.tsv:Sentno=1172	تلقى اسبانيول بوكو بليس , تلقى فرونسي , تلقى أونقلي , تلقى ألمون . تلقى برتيقاي , تلقاهم قاع .	20	CC-BY-NC-3.0-MADORAN	available			Exact source inventory only; semantic, translation, GPT, and native review pending.
S6	MADOran_Sentences.tsv:Sentno=1173	باغي نحكي لكم على ليتارم اللي اون أونقلي اللي كاينين فوهرانية باسكو كون نحكوا على لي تارم اسبانيول ما غاديش نحبس .	22	CC-BY-NC-3.0-MADORAN	available			Exact source inventory only; semantic, translation, GPT, and native review pending.
S6	MADOran_Sentences.tsv:Sentno=1174	لوكان نحكيلكم عللى فرونسي ما غاديش نحبس عندك شوالا غادي نحكيلكم على أونقلي باسكو يا بوكو دو جوون معلبالهمش باللي في الهدرة تع وهارنة يا بوكو أونقلي و غادي نعطيكم دروك باش منطولش توجوغ .	35	CC-BY-NC-3.0-MADORAN	available			Exact source inventory only; semantic, translation, GPT, and native review pending.
S6	MADOran_Sentences.tsv:Sentno=1175	غادي نعطيكم أمتلة , ديزيقزومبل على هدرة تع أونقلي اللي كاينة في وهران .	14	CC-BY-NC-3.0-MADORAN	available			Exact source inventory only; semantic, translation, GPT, and native review pending.
S6	MADOran_Sentences.tsv:Sentno=1176	كاين وحد دوزيام فاكتور ميليقش ننسوه , علابالك وهران , جزاير دخلوها الأتراك فمواياناج و منبعد دخلوها ليفغونسي فان .	20	CC-BY-NC-3.0-MADORAN	available			Exact source inventory only; semantic, translation, GPT, and native review pending.
S6	MADOran_Sentences.tsv:Sentno=1177	وهران لا , ألي ديفيرونت , وهران دخلوها ليزيزبانيول وحد 40 عام اتراكا , 133 كوم توت لالجيري ليفغونسي و دخلوها ليزامريكان في 1942 , 10 نوفمبر و ديجا في وهران , يا بوكو وقع موتى بزاف من ليزامريكان .	40	CC-BY-NC-3.0-MADORAN	available			Exact source inventory only; semantic, translation, GPT, and native review pending.
S6	MADOran_Sentences.tsv:Sentno=1178	على بيها كاين مقبرة تع ماريكان . مقبرة مقبرة كيما تشوفها في فيلمات , هداك قازون , لاكروا خارجة و هاد مقيرة كاينة لحد الان فيها دي سونتان موغ .	30	CC-BY-NC-3.0-MADORAN	available			Exact source inventory only; semantic, translation, GPT, and native review pending.
S6	MADOran_Sentences.tsv:Sentno=1180	هادو ليزونقلي اللي كانوا بكري وقت 1808 كانوا 69 أونقلي في وهران و دخلوا كلام تاعهم هداك لو باتوا اوراني .	21	CC-BY-NC-3.0-MADORAN	available			Exact source inventory only; semantic, translation, GPT, and native review pending.
S6	MADOran_Sentences.tsv:Sentno=1181	ديك لهجة وهرانية اللي كانت تنهدر .	7	CC-BY-NC-3.0-MADORAN	available			Exact source inventory only; semantic, translation, GPT, and native review pending.
S6	MADOran_Sentences.tsv:Sentno=1182	زيد ليزامريكان مين دخلو في 1942 لوهران , كانو يحنوا في لابوبيلاسيون ألجيريان باسكو ليزامريكان كانو يكرهو ليفغونسي علاه .	20	CC-BY-NC-3.0-MADORAN	available			Exact source inventory only; semantic, translation, GPT, and native review pending.
S6	MADOran_Sentences.tsv:Sentno=1183	دخول تع مريكان في هادي مانيش باغي نحكيها . بصح ليق نحكيها , دخول تع مريكان مين دخلوا وهران دخلوا غير وهران في لالجيري غير وهران و دخلو لألجي سي با باغاي . ليفرونسي اللي كانوا عايشين في ألجي . كانوا تابعين لغيزيستونس , جماعة ديغول باغكونتر ليفرونسي اللي كانو في وهران في ليزاني 40 كانو جماعة فيشي اللي كانوا سي دي كولابوغاتور تابعين لماري شال بيتان علابيها ليزامريكان مين دخلوا وهران وقعت قروند باتاي ايغان .	77	CC-BY-NC-3.0-MADORAN	available			Exact source inventory only; semantic, translation, GPT, and native review pending.
S6	MADOran_Sentences.tsv:Sentno=1185	غادي نعطيكم وحد أمتلة على ليمو أونقلي اللي كاينين في وهران . غادي نحكوا غير على أونقلي .	18	CC-BY-NC-3.0-MADORAN	available			Exact source inventory only; semantic, translation, GPT, and native review pending.
S6	MADOran_Sentences.tsv:Sentno=1186	كي تروح للشرق جزايري صغار ليزوفون يعطولهم الدر . في لاريجيون تع سونتر ألجي و سي أوفيغون يعيطولهم دراري . وفي لواست معسكر و أوفيغون يعيطولهم غراوين .	28	CC-BY-NC-3.0-MADORAN	available			Exact source inventory only; semantic, translation, GPT, and native review pending.
S6	MADOran_Sentences.tsv:Sentno=1187	هنا في وهران يعيطولهم بزوز علاه نعيطولهم بزوز سي أونقلي . دو بويز سي ليقاسون ولات يعيطو بزوز وين ما يشوفوا هاكا شاشرا صغار يقولو لهم بزوز ولات بزوز و مفرد تاعها ولات بز .	35	CC-BY-NC-3.0-MADORAN	available			Exact source inventory only; semantic, translation, GPT, and native review pending.
S6	MADOran_Sentences.tsv:Sentno=1188	متال وخداخور , لاسريرور باش تبلع الباب , اللي يبلعوا بيها الباب ألجيري براسك قاع يقولوها قفل .	18	CC-BY-NC-3.0-MADORAN	available			Exact source inventory only; semantic, translation, GPT, and native review pending.
S6	MADOran_Sentences.tsv:Sentno=1189	احنا في وهران منقولوش قفل , نقولو زكروم و أنا نقولك من وين جات هاد الكلمة سيتان مو أونقلي معناه كلوزروم , بلع شومبرا اون أونقلي تاوعنا غير سمعوا كلوز روم أيا هاداك قفل ولاو يعطولها زكروم .	38	CC-BY-NC-3.0-MADORAN	available			Exact source inventory only; semantic, translation, GPT, and native review pending.
S6	MADOran_Sentences.tsv:Sentno=1190	نعطيكم متال وخداخور , كاين وحدة كلمة , كاين وحدين بلا ما علابالهم مساكين يسموا عكلي , هاد عكلي مين جات .	22	CC-BY-NC-3.0-MADORAN	available			Exact source inventory only; semantic, translation, GPT, and native review pending.
S6	MADOran_Sentences.tsv:Sentno=1191	في لواست يسموا كتر .	5	CC-BY-NC-3.0-MADORAN	available			Exact source inventory only; semantic, translation, GPT, and native review pending.
S6	MADOran_Sentences.tsv:Sentno=1192	عكلي سيتان مو أنقلي اللي هو يوقلي كيما دو قود اند دو باد أند يوقللي معناتها كي يكون ميشون يقولوله يوقلي تاوعنا مساكين نقلوها يوقلي راحت للعكلي حتى ولاو يسموا ولادهم عكلي .	33	CC-BY-NC-3.0-MADORAN	available			Exact source inventory only; semantic, translation, GPT, and native review pending.
S6	MADOran_Sentences.tsv:Sentno=1193	هادوا صوالج ليق تعرفهم ليقلك تقرى . راك حاسب ساهلة ولد بلاد .	13	CC-BY-NC-3.0-MADORAN	available			Exact source inventory only; semantic, translation, GPT, and native review pending.
S6	MADOran_Sentences.tsv:Sentno=1194	غادي نعطيكم دروك متال شباب على تارم أونقلي مستعمل بزاف في منطقة تع لواست .	15	CC-BY-NC-3.0-MADORAN	available			Exact source inventory only; semantic, translation, GPT, and native review pending.
S6	MADOran_Sentences.tsv:Sentno=1198	و العرب مساكيين كانوا الله غالب كانوا عندهم غير كوارا .	11	CC-BY-NC-3.0-MADORAN	available			Exact source inventory only; semantic, translation, GPT, and native review pending.
S6	MADOran_Sentences.tsv:Sentno=1199	شريطة بحمار يحمل خضرا , يبيع فيها , يديروا فيها كلشي و فالطرقان ضيقين كانوا مين يكونوا كوارا بزاف يبلعوا طريق و كانوا ليزاميركان كي يجوا فايتيين بليجيب و ليكاميون تاعهم . كانوا كي يدخلوا في طريق يلقوا قدامهم كاين كوارا مبلعين طريق . هوما كانوا يبانيكوا , يخافوا باسكو علاه راهم في تريتوار ايمبوا أوستيل , باسكو راهم في جهة العرب يخافوا كاش ما يضربوهم كاش ما يقايسوهم . كانوا يبانيكو , يخوفوا . ألوغ شا والاو يقولوا لهادوك صحاب كوارا و هوما يهدروا لونقلي كانوا يقولولهم هاريوب ارييوب مان معنتها ديبيشي فو , خفوا . تاوعنا ولاو يسمعوا غير اريي اريي اب ما . ولاو يقولو للعود اريي ماه باش يحلوا طريق . بمطول حتى ولات هادي من كلمة أونقلي أريي أب معنتها خفوا ولات هي أرا تع كوارا ولاو يقولوا أرا شا غادي نقولك خاطيني هادا طناز يبغي يقصر بزاف .	144	CC-BY-NC-3.0-MADORAN	available			Exact source inventory only; semantic, translation, GPT, and native review pending.
S6	MADOran_Sentences.tsv:Sentno=1200	زيد غادي نقولكم وحد حاجة قليل اللي يعرفها . دوك تفهم علاه قليلة .	14	CC-BY-NC-3.0-MADORAN	available			Exact source inventory only; semantic, translation, GPT, and native review pending.
S6	MADOran_Sentences.tsv:Sentno=1201	كاينة في وهران وحد برسوناج كان عايش بكري في ليزاني 30 و 40 سموه هراندوا .	16	CC-BY-NC-3.0-MADORAN	available			Exact source inventory only; semantic, translation, GPT, and native review pending.
S6	MADOran_Sentences.tsv:Sentno=1202	هادا هارندوا الله يرحمه و يوسع عليه . هادا وهراني كان عايش في وهران . كان عنده صاحبه يسموه بن يمينة .	22	CC-BY-NC-3.0-MADORAN	available			Exact source inventory only; semantic, translation, GPT, and native review pending.
S6	MADOran_Sentences.tsv:Sentno=1203	يضرب قمبري و كانوا يدوروا في لسواق . كانو مساكين كسوتهم مقطعة . جايين براقدة بهدرة تاعنا نقولوا كافي .	20	CC-BY-NC-3.0-MADORAN	available			Exact source inventory only; semantic, translation, GPT, and native review pending.
S6	MADOran_Sentences.tsv:Sentno=1204	كانوا يظلوا يطلبوا في المدينة الجديدة , يظلوا يغنوا تع زوج حويتات من المرشي جايبتهم , شوية ما غاسلتهم , فوق مقلة بالزيت قاليتهم . هاد الأغنية يعرفوها ولاد البلاد . كون نجي نحكيلكم عليها ما غاديش نحبس تاني .	40	CC-BY-NC-3.0-MADORAN	available			Exact source inventory only; semantic, translation, GPT, and native review pending.
S6	MADOran_Sentences.tsv:Sentno=1205	أنا المشكلة علاه سموه و لا مين جات كلمة هارندوا , ما معنى هارندوا . بزاف يسقسي شوالا هارندوا .	20	CC-BY-NC-3.0-MADORAN	available			Exact source inventory only; semantic, translation, GPT, and native review pending.
S6	MADOran_Sentences.tsv:Sentno=1206	أنا غادي نقول لخويا شوالا هادي .	7	CC-BY-NC-3.0-MADORAN	available			Exact source inventory only; semantic, translation, GPT, and native review pending.
S6	MADOran_Sentences.tsv:Sentno=1207	هارندوا تنقسم الى عدة كلمات . أولا , باش تفهم . بكري مين كانت كاينة في بروميار قير مونديال 14 - 18	22	CC-BY-NC-3.0-MADORAN	available			Exact source inventory only; semantic, translation, GPT, and native review pending.
S6	MADOran_Sentences.tsv:Sentno=1208	و منبعد جات دوزيام قير مونديال 39 - 45 , كانوا لفرونسي بن كلبون كانوا يحقرو أهالي , كانوا يريكريتو و يدخلوا ولاد شعب , مسكين , المستعمر دراع , يدخلوهم باش يحاربوا معاهم في قيرات في حرب العالمية لولى .	41	CC-BY-NC-3.0-MADORAN	available			Exact source inventory only; semantic, translation, GPT, and native review pending.
S6	MADOran_Sentences.tsv:Sentno=1209	و كانوا لعرب يخزنوا ولادهم عليها تلقى بزاف اللي زايدين في ديك لابريود تلقاه في ليفري دو فامي مسكين دايريناه بريزيمي 1940 باسكو كانوا وحدين ساكنين في بلايص اللي ما فيهمش لاميري ما يسجلوش ولادهم . بصح كاين بوكو بليس في مدينة كبيرة وهران و لا معسكر و لا تلمسان تلقاه بريزيمي . تعرف علاه .	56	CC-BY-NC-3.0-MADORAN	available			Exact source inventory only; semantic, translation, GPT, and native review pending.
S6	MADOran_Sentences.tsv:Sentno=1210	باسكو والديه ما يروحوش يمركوه . ما يماركوهش باش يبقى اينيوري باغ أوتريتي فرونساز باش ما يدولاهش ولده .	19	CC-BY-NC-3.0-MADORAN	available			Exact source inventory only; semantic, translation, GPT, and native review pending.
S6	MADOran_Sentences.tsv:Sentno=1211	كانوا يدخلوهم عندهم باش يروحوا يديروا بيهم قيرا في أوروب . باش دخلهم للعسكر ليقلك ديرله فترة تع سسمانة و لا شهر و لا 6 أشهر تعلمه أمور العسكر كيما لوغدسيري و واحد انتين . ليق تعلمهم له	38	CC-BY-NC-3.0-MADORAN	available			Exact source inventory only; semantic, translation, GPT, and native review pending.
S6	MADOran_Sentences.tsv:Sentno=1212	كانوا يجيبوا وحدين مساكين من البادية عايش فدوار صغير في غابة ما يعرف والو , عنده شوية غنم يصرح ما يعرف والو .	23	CC-BY-NC-3.0-MADORAN	available			Exact source inventory only; semantic, translation, GPT, and native review pending.
S6	MADOran_Sentences.tsv:Sentno=1213	يجوا لفرونسي يدوه دراع و يدخلوه و كانوا جايبين لهم واحد بياع , واحد خردة , ما يسواش , دلاق تع فرونسا مانيش باغي نقول كلمة وخدوخرا , يعرفوهم بلي ما يعرفوش يهدروا فرونسي يجيبوه يقولوله نتا دربهم هادوا بن عمك نتا تعرف تهدر معاهم . هو تالمون كلب باسكو ديجا جايح , لاش . شا كان يدير كان يطنز عليهم . كان كي يدخلهم للكزيرنة , كي يدربهم كان يقولهم . اسمحولي على عبارة باسكو صرات . هو هادا كلب , أهالي مساكين , قلاليل باسكو كلاش راه فوق راسه . كان يعاملهم كي حمير . مين كان يقولهم افونسي , زعما تمشى كي يعلمهم لوغدسيري يعده كي حمارهارر زعما نتا دابة . منبعد كي يتمشى يقوله , 1 , 2 هارر هي هارندوا . منبعد علاه ولاو تاوعنا يقصروا بها على الناس باسكو تبان ماشي غاية ماشي قافز كون جيت قافز كون راك هربت لهم . كانوا كي يشوفوا واحد كافي فايت للمدينة . كانوا يقولوا هادا مسكين غير هارندوا زعما هادا من جماعة هارر 1 , 2 . هادي بغيت نعرفكم شا هادي كلمة و أعطيتكم هاد ليزيقزومبل .	182	CC-BY-NC-3.0-MADORAN	available			Exact source inventory only; semantic, translation, GPT, and native review pending.
S6	MADOran_Sentences.tsv:Sentno=1214	باش تعرفوا بخيزونس تع ليزاميركان و عندها ايستوار كبيرة و أنا تعرف علاه درتها . اللي غايدتني ماشي قضية تع اللهجة الوهرانية بدات تروح ماشي على هادي كترة . بصح كترة على جال و الله العظيم اللي تغيد فتاريخ يوقع كدب بزاف و كاين وحدين حكاو على وهران بوحد لافاسون و الله الا تعيف . وهران فيل كبيرة , قروفيل يا جماعة . احكوا عليها بطريقة تكون شابة . بركونا من تخاريف تع بكري اللي تكتبوها في ليفريات و تشوفوها في تليفزيونات و بروبلام هو ناس تأمن , راهي حاسبة كيما يقولوا ألوغ سي فو , كدب فلكدب .	99	CC-BY-NC-3.0-MADORAN	available			Exact source inventory only; semantic, translation, GPT, and native review pending.
S6	MADOran_Sentences.tsv:Sentno=1216	فرودومير .	2	CC-BY-NC-3.0-MADORAN	available			Exact source inventory only; semantic, translation, GPT, and native review pending.
S6	MADOran_Sentences.tsv:Sentno=1218	مام كي نسمع على هاديك ليستواغ تع كرانتيكا , هي الخرطي فالخرطي . حكاية فوتها ماشي قاع كيما هاك .	20	CC-BY-NC-3.0-MADORAN	available			Exact source inventory only; semantic, translation, GPT, and native review pending.
S6	MADOran_Sentences.tsv:Sentno=1219	ما تحكيها غاية غاية . سبنيول كانوا محاصرينهم العرب في سانتا كروز ملقاوش ماكلة لقاو الحمص .	17	CC-BY-NC-3.0-MADORAN	available			Exact source inventory only; semantic, translation, GPT, and native review pending.
S6	MADOran_Sentences.tsv:Sentno=1220	هاديك فوتها . سبنيول ماكنوش محاصرين في وهران . كي دخلوا سبنيول استعمروها عندك شوالا ما نجموش يزيدوا يستعمروا مدن وخدوخرا ما نجموش يقدموا هادا حصار . قعدوا 3 قرون و نتا محاصره و زيد يا سيدي راك محاصره . في ديك لابريود كان أسطول العتماني كان من أقوى أساطيل في العالم . دروك نتا في لأرض راك تقول راك محاصره و عندك أكبر أسطول تع دولة العتمانية . علاه محررتوش وهران .	73	CC-BY-NC-3.0-MADORAN	available			Exact source inventory only; semantic, translation, GPT, and native review pending.
S6	MADOran_Sentences.tsv:Sentno=1221	بوغ تو ديغ بالي ايستواغ ماشي كيما راهم حاكيينها لكم . ايتواغ بزاف ناس تكدب و تألف و ماشي هديك هي الحقيقة .	23	CC-BY-NC-3.0-MADORAN	available			Exact source inventory only; semantic, translation, GPT, and native review pending.
S6	MADOran_Sentences.tsv:Sentno=1222	وهران كاين هدرة كبيرة و كاين هدرة بزاف و شابة اللي كي تحكي عليها تحس بلي راك تحكي على حضارة و فيل كبيرة ما ركش تحكي على دوار و سي مالوغوا . و كي راني نقول هاك ما راني قاصد والو . راني قاصد بلي قاع اللي ساكن في وهران , وهراني و يستاهل باش يسكن في وهران و ما عندناش براني . و مرحبا بتولموند و مرحبا بلي جانا و جاب معاه و مام ما جابش معاه يابا دو بروبلام . فيف أورون و اسمحولي أنا ما غاديش نهدر هدرة اللي ماكنش . أنا نهدر لك شا صرا , مانيش نقولك غاية و لا ماشي غاية بكري غاية و لا ماشي غاية . و أنا نقولك شا كان كاين و أنت الله يسهل عليك .	126	CC-BY-NC-3.0-MADORAN	available			Exact source inventory only; semantic, translation, GPT, and native review pending.
S6	MADOran_Sentences.tsv:Sentno=1223	خطرة جاية غادي نحكيلكم على كلام فرونسي غادي تهبل بالضحك .	11	CC-BY-NC-3.0-MADORAN	available			Exact source inventory only; semantic, translation, GPT, and native review pending.
S6	MADOran_Sentences.tsv:Sentno=1224	ما تداصرنيش مانيش قدك . الدصارة توصل للخسارة .	9	CC-BY-NC-3.0-MADORAN	available			Exact source inventory only; semantic, translation, GPT, and native review pending.
S6	MADOran_Sentences.tsv:Sentno=1226	تجميع فديوهات المضحكة ل @@Lاط@@تِكتْك @@Lاط@@كَمeل @@Lاط@@فِت @@Lاط@@دز @@Lاط@@ةَرت 2 - @@Lاط@@ىُْطُبe	12	CC-BY-NC-3.0-MADORAN	available			Exact source inventory only; semantic, translation, GPT, and native review pending.
S6	MADOran_Sentences.tsv:Sentno=1227	و أنا هادا زهر عندي أنا , ناس يخونوها المافيا الله الله و أنا طحت فيك نتا . تخوف خويا شوالا هادا .	23	CC-BY-NC-3.0-MADORAN	available			Exact source inventory only; semantic, translation, GPT, and native review pending.
S6	MADOran_Sentences.tsv:Sentno=1228	شوالا جيب خدمي عابدين . خدمي شا باغي دير بيه خويا . دوك تشوفي شا باغي ندير بيه .	19	CC-BY-NC-3.0-MADORAN	available			Exact source inventory only; semantic, translation, GPT, and native review pending.
S6	MADOran_Sentences.tsv:Sentno=1229	يا منزعقوش ما تعرفش زعاقة . صحا خويا أنا علاه خونتوني . باش نطلبوا دراهم عليك . اه صحا هادا ماكان .	22	CC-BY-NC-3.0-MADORAN	available			Exact source inventory only; semantic, translation, GPT, and native review pending.
S6	MADOran_Sentences.tsv:Sentno=1230	نتا خويا و نقولك غير قطع لياس , سيغتوا ادا عيطت لبابا راه يبني ألف ما تشوفهاش منه .	19	CC-BY-NC-3.0-MADORAN	available			Exact source inventory only; semantic, translation, GPT, and native review pending.
S6	MADOran_Sentences.tsv:Sentno=1231	و ختي شهيناز بالك أنا ما فالحة في والو لا طياب لا تسياق . هاداك نهار ما لقاتني نسيق دار بسربيتا تع الوجه كلاتني تعرف . شا نزيدك ناكل بزاف , نضرب غير ميمة , نهرس شا نقولك .	39	CC-BY-NC-3.0-MADORAN	available			Exact source inventory only; semantic, translation, GPT, and native review pending.
S6	MADOran_Sentences.tsv:Sentno=1232	راكم دايرين فطور . راكي حاسبة روحك في ريستورون . يا هاو تخونوا عباد ربي في وقت فطور .	19	CC-BY-NC-3.0-MADORAN	available			Exact source inventory only; semantic, translation, GPT, and native review pending.
S6	MADOran_Sentences.tsv:Sentno=1233	صحا اعطوني شوية خبز بطوماطيس خيما نموتلكم هنا . صحا خويا أنا مسلسل تاعي يبدا على 2 مداري نتفرجه و نقيل , معندكمش ديمو هنا . لا مكانش . صحا اعطيني تليفونك نكونيكتي شوية حمبوك .	36	CC-BY-NC-3.0-MADORAN	available			Exact source inventory only; semantic, translation, GPT, and native review pending.
S6	MADOran_Sentences.tsv:Sentno=1234	تسما أنا خاونك نكدلك تليفون تكونيكتي .	7	CC-BY-NC-3.0-MADORAN	available			Exact source inventory only; semantic, translation, GPT, and native review pending.
S6	MADOran_Sentences.tsv:Sentno=1235	يا شا عندي حق ندير . جبتوني تكتلوني بالقنطة , دارنا و لا نتوما . صحا خويا تالية و الله . شا خصك تاني باغي تهبلينا .	27	CC-BY-NC-3.0-MADORAN	available			Exact source inventory only; semantic, translation, GPT, and native review pending.
S6	MADOran_Sentences.tsv:Sentno=1236	ما تقدوش تخونوا صحبتي تجي ترافقني شوية حمبوك و الله ما ننسالك خيرك .	14	CC-BY-NC-3.0-MADORAN	available			Exact source inventory only; semantic, translation, GPT, and native review pending.
S6	MADOran_Sentences.tsv:Sentno=1237	اي وين راكي رايحة نتيا كل يوم تخرجي مشعطة , أرواحي طلي عليا شوفي فيا . ماشي مرايا أنا . ديري أوموان شوية حمير راه قدامك . باغي ديري فيا هدرة يقولوا ما عندهاش مرايا فلدار .	37	CC-BY-NC-3.0-MADORAN	available			Exact source inventory only; semantic, translation, GPT, and native review pending.
S6	MADOran_Sentences.tsv:Sentno=1238	صايي جات عايشة لارقة تتكسل عليا . صايي حوك راح للعسكر لبستي مزير . شوالا هادا سروال نسرين و متلبساهش . يا حمير فلخدود , بيكاتشو . عليك الحمد عريس , ختك وجدت قبلك . رجال تع أخر زمان .	40	CC-BY-NC-3.0-MADORAN	available			Exact source inventory only; semantic, translation, GPT, and native review pending.
S6	MADOran_Sentences.tsv:Sentno=1239	ريحة دوشتلي بيها خويا شوالا هادا ? هادوا زوج شعيرات راهم عندك راك تمشطلي فيهم .	16	CC-BY-NC-3.0-MADORAN	available			Exact source inventory only; semantic, translation, GPT, and native review pending.
S6	MADOran_Sentences.tsv:Sentno=1241	أعود بالله من شيطان الرجيم فقعتيني . هادا شا راكي مطلسة في وجهك . قهوة و كركم تع دار قاع كملتيهم .	22	CC-BY-NC-3.0-MADORAN	available			Exact source inventory only; semantic, translation, GPT, and native review pending.
S6	MADOran_Sentences.tsv:Sentno=1242	كاش نهار يطردوك من دار نتيا . نخيتك , كاتلة عمرها و تزيد طلس في لعسل . حمبوك هادا وجه يخسروا عليه ناس .	24	CC-BY-NC-3.0-MADORAN	available			Exact source inventory only; semantic, translation, GPT, and native review pending.
S6	MADOran_Sentences.tsv:Sentno=1243	ما تحشمش على روحك راني غير ساكتة لك من صباح و نتا دير حس كي تاكل . شوالا هادا ما تعرفش تاكل سيلونسيون .	24	CC-BY-NC-3.0-MADORAN	available			Exact source inventory only; semantic, translation, GPT, and native review pending.
S6	MADOran_Sentences.tsv:Sentno=1244	هاد مرقة مالحة اللي درتوها هنا , ما درتوش حمص فيها . صايي ناضت تلقملي عجوز , ولدي جيب لي مرا عمرلها فريجيدارو طيبلك شا راك باغي . ماما تقصف و لا تبالي . اضرب مرقة و لا تساعفني روح جيب ناكوس من عند قديروا و نتقاسموه أنا و اياك .	51	CC-BY-NC-3.0-MADORAN	available			Exact source inventory only; semantic, translation, GPT, and native review pending.
S6	MADOran_Sentences.tsv:Sentno=1247	كون غير ما رانيش داير رجيم , جوعتوني ولا جيبوا نغمس معاكم شوية الموت راها غير ارفد ارفد . مزية جمعتوني معاكم في هاد طابلة ما نبغيش نجمع مع بز في طابلة صغيرة . يهبلوني يهدروا غير على ليجوي .	40	CC-BY-NC-3.0-MADORAN	available			Exact source inventory only; semantic, translation, GPT, and native review pending.
S6	MADOran_Sentences.tsv:Sentno=1248	أنا نبغي أتويات و جديد .	6	CC-BY-NC-3.0-MADORAN	available			Exact source inventory only; semantic, translation, GPT, and native review pending.
S6	MADOran_Sentences.tsv:Sentno=1249	نتيا تلقيت محمد تحت قالي قولي لأختك ترفد عليا , تصالحتوا و لا مازال .	15	CC-BY-NC-3.0-MADORAN	available			Exact source inventory only; semantic, translation, GPT, and native review pending.
S6	MADOran_Sentences.tsv:Sentno=1250	كون جاو نسا يخطبوا .	5	CC-BY-NC-3.0-MADORAN	available			Exact source inventory only; semantic, translation, GPT, and native review pending.
S6	MADOran_Sentences.tsv:Sentno=1251	زارتنا باركة , يسلمك خالتي علابالي علاه جينا . واه حكالي أنيس ولدي .	14	CC-BY-NC-3.0-MADORAN	available			Exact source inventory only; semantic, translation, GPT, and native review pending.
S6	MADOran_Sentences.tsv:Sentno=1252	واه هي زعما ما كنتش ناوية على زواج قلت حتى نكمل قرايتي , شوالا راكي عارفة مكتوب و ما بغيتش نفرط فيه . أودي غير اسكتي بنتي من اللي اسمع بيكم بلي راكم جايين و هو يقارع كلشي رده يبقص , حيطان حكهم . و طابيات داهم عند ختي رغواهم , بقاله غير جهاز ما وجدهش .	57	CC-BY-NC-3.0-MADORAN	available			Exact source inventory only; semantic, translation, GPT, and native review pending.
S6	MADOran_Sentences.tsv:Sentno=1253	ماشاء الله حكاتلي بنتي بلي ساجي الله يبارك . وين راه طاووس تاعنا جيبوه لنا نشوفوه . واه الهدرة و المغزل خالتي .	23	CC-BY-NC-3.0-MADORAN	available			Exact source inventory only; semantic, translation, GPT, and native review pending.
S6	MADOran_Sentences.tsv:Sentno=1254	عيطي له يجي يشوفنا و لا راه حشمان . سلام عليكم , كيراك ولدي ? أني غاية خالتي يسلمك . يا عمري ما زينه ! تعرفي تخيري جنية .	29	CC-BY-NC-3.0-MADORAN	available			Exact source inventory only; semantic, translation, GPT, and native review pending.
S6	MADOran_Sentences.tsv:Sentno=1255	ياضرا حبة قليلة . صايي شافوك , روحي لشومبرتك . حلاتلك قعدة خليه ما تقزيهش راه مجمع معانا مسكين .	20	CC-BY-NC-3.0-MADORAN	available			Exact source inventory only; semantic, translation, GPT, and native review pending.
S6	MADOran_Sentences.tsv:Sentno=1256	المهم الفايدة و الحاصول . الولد راه قابل .	9	CC-BY-NC-3.0-MADORAN	available			Exact source inventory only; semantic, translation, GPT, and native review pending.
S6	MADOran_Sentences.tsv:Sentno=1257	هي زعما جينا غير نحطوا يد عليه و غدوة انشاء الله ربي يكتب لهم و يبدوا يخدموا , نجيبوله خاتم كلمة . راك فرحان ولدي واه . عندي غير هاد عوينة غادي تدوهالي , تهلولي فيه .	37	CC-BY-NC-3.0-MADORAN	available			Exact source inventory only; semantic, translation, GPT, and native review pending.
S6	MADOran_Sentences.tsv:Sentno=1258	كون دارنا يلعبوا ماتش مع بعض .	7	CC-BY-NC-3.0-MADORAN	available			Exact source inventory only; semantic, translation, GPT, and native review pending.
S6	MADOran_Sentences.tsv:Sentno=1259	يباسيلنا قاع , ما يباسيش غير لمرته . تبعوني غاية رانا 5 في ليكيب تاعنا , ما تحوسوش تفهموا خصكم تمركوا في هادا قول بصح بابا هادا قول تاعنا غادي نمركوا على رواحنا . نتا بويا و لا أنا بوك .	41	CC-BY-NC-3.0-MADORAN	available			Exact source inventory only; semantic, translation, GPT, and native review pending.
S6	MADOran_Sentences.tsv:Sentno=1260	أرواح علمني , راني عارف شا راني نهدر . غادي كي يشوفوا مركينا للقول تاعنا يقولو ما يعرفوش يلعبوا .	20	CC-BY-NC-3.0-MADORAN	available			Exact source inventory only; semantic, translation, GPT, and native review pending.
S6	MADOran_Sentences.tsv:Sentno=1261	ماشي لا . مزية ما داروكش في بلاصة بلماضي ما تزاقات .	12	CC-BY-NC-3.0-MADORAN	available			Exact source inventory only; semantic, translation, GPT, and native review pending.
S6	MADOran_Sentences.tsv:Sentno=1262	راك باغي تخسرنا و تربح خواتتك عرفتها لولا و تالية تقولي أرواحي تلعبي معايا ماتش .	16	CC-BY-NC-3.0-MADORAN	available			Exact source inventory only; semantic, translation, GPT, and native review pending.
S6	MADOran_Sentences.tsv:Sentno=1263	ما عمتي غادي تجيب ميلود ولدها يلبس 47 هاداك الا هو يلعب أنا نخرج . باغي الا ضربني غاشاني .	20	CC-BY-NC-3.0-MADORAN	available			Exact source inventory only; semantic, translation, GPT, and native review pending.
S6	MADOran_Sentences.tsv:Sentno=1264	و الله يجيبك دودة هاداك .	6	CC-BY-NC-3.0-MADORAN	available			Exact source inventory only; semantic, translation, GPT, and native review pending.
S6	MADOran_Sentences.tsv:Sentno=1265	أنا درني قارديان بابا بنات عمتي يخافوا مني , نحمر فيهم , تشوف الا قربوا و زيد نبلاصي ولادي فلقنت كاش حاجا تجي فيهم بوليتا .	26	CC-BY-NC-3.0-MADORAN	available			Exact source inventory only; semantic, translation, GPT, and native review pending.
S6	MADOran_Sentences.tsv:Sentno=1266	تلعبي قارديان بجلابة نتبا . لا نلعب بشورت باغي راجلي يطلقني . بويا شا بغيت نقولك تقسموا علينا شاربات فلماتش أنا ندير هاك نكلح . لا يقسموا عليك ياووغرت ممزوج بفواكه . أجري تشوفي .	35	CC-BY-NC-3.0-MADORAN	available			Exact source inventory only; semantic, translation, GPT, and native review pending.
S6	MADOran_Sentences.tsv:Sentno=1267	اسم الله خلعتني , مهبول نتا , اعطيني شوية الشمة , روح بعدني مالك . صحا ديريلي محة , يا روح عند مك ديرلك محة .	26	CC-BY-NC-3.0-MADORAN	available			Exact source inventory only; semantic, translation, GPT, and native review pending.
S6	MADOran_Sentences.tsv:Sentno=1268	يا ربي زهري غير فلماهبيل أنا روح . خويا راني في دار مهابيل و لا راني غالطة .	18	CC-BY-NC-3.0-MADORAN	available			Exact source inventory only; semantic, translation, GPT, and native review pending.
S6	MADOran_Sentences.tsv:Sentno=1269	راكي فلأوبيتال بسيكياتخيك مدام جمعي و فهمينا علاه راكي هنا .	11	CC-BY-NC-3.0-MADORAN	available			Exact source inventory only; semantic, translation, GPT, and native review pending.
S6	MADOran_Sentences.tsv:Sentno=1270	شا نفهمك خويا , كنت نتمشى في أمان ربي جات عندي طلابة دارتلي تشو دراهم . لا سلام لا كلام . أيا قلت معليش صدقة عليا . اعطيتها 10 ألاف . و نشوفها دارت تفوا , دفلت عليا تعرف فلوجه قاتلي 10 ألاف راني نطلب عليك . و نطير عليها ملشعر دكتور الا هي مريضة أنا اكتر منها .	59	CC-BY-NC-3.0-MADORAN	available			Exact source inventory only; semantic, translation, GPT, and native review pending.
S6	MADOran_Sentences.tsv:Sentno=1271	حمبوك دكتور هادا وجه يدفلوا عليه ناس . حتى جاو فايتين علينا في زوج , طلعونا في زوج رحت معاها في جرة . ما أنا ما جايش مهبولة , جاية خفيفة بصح ماشي مهبولة تع دار مهابيل .	38	CC-BY-NC-3.0-MADORAN	available			Exact source inventory only; semantic, translation, GPT, and native review pending.
S6	MADOran_Sentences.tsv:Sentno=1272	بصح مدام مرا هدرت معاها راها في كامل قواها العقلية . أاه لا لحقنا للمسقي . قلتوا مهبولة قلنا معليش , كدابة ! شا راك تشوفني خويا ? نبيكي عليك نتا تاني نديرلك كيفها .	35	CC-BY-NC-3.0-MADORAN	available			Exact source inventory only; semantic, translation, GPT, and native review pending.
S6	MADOran_Sentences.tsv:Sentno=1273	مدام كالمي روحك شوية و غادي تقعدي عندنا يامات .	10	CC-BY-NC-3.0-MADORAN	available			Exact source inventory only; semantic, translation, GPT, and native review pending.
S6	MADOran_Sentences.tsv:Sentno=1274	أستغفر الله , يوكلوا غاية هنا , الا يوكلوا غاية نقعد زعما بروحي ما خرجتش من دارنا هاد عام , بحر و مبحرتهش . شوالا فاستراحة ما ديرونيش مع مهبول تع قبيلة يعشي صافعني .	35	CC-BY-NC-3.0-MADORAN	available			Exact source inventory only; semantic, translation, GPT, and native review pending.
S6	MADOran_Sentences.tsv:Sentno=1275	العائلة الكريمة كي تكون ماشية تبحر .	7	CC-BY-NC-3.0-MADORAN	available			Exact source inventory only; semantic, translation, GPT, and native review pending.
S6	MADOran_Sentences.tsv:Sentno=1276	غادي تعومي نتيا ? لا ما غاديش نعوم , غادي نوجد كورنيات تع كوكاو و نديهم ندورهم فشط . ماشي بنادم أنا جدرة ما نعومش .	26	CC-BY-NC-3.0-MADORAN	available			Exact source inventory only; semantic, translation, GPT, and native review pending.
S6	MADOran_Sentences.tsv:Sentno=1277	شتي كيراها تهدر معايا ما نتي حالتلها عينين خاطرش .	10	CC-BY-NC-3.0-MADORAN	available			Exact source inventory only; semantic, translation, GPT, and native review pending.
S6	MADOran_Sentences.tsv:Sentno=1278	أاه صايي قلعوا و باش غادي تعومي , غادي نتلوى في بورابح و نبيكي هاك تساعدك . بويا نتا ! .	21	CC-BY-NC-3.0-MADORAN	available			Exact source inventory only; semantic, translation, GPT, and native review pending.
S6	MADOran_Sentences.tsv:Sentno=1279	شوفوا عهد و ما تسكتوا نقلع خيماري و نجمع قاضي فاس ما ينوضنيش . روحو له وحدكم البحر تاعكم . ما تنسوليش درا و مساسيك باش نقيل . شرولي سد تاع الراي 2021 باغي نزهى فالطريق أنا يكون فيه شاب ماميدوا حمبوكم .	43	CC-BY-NC-3.0-MADORAN	available			Exact source inventory only; semantic, translation, GPT, and native review pending.
S6	MADOran_Sentences.tsv:Sentno=1280	وصلنالها ديرولي ماميدوا فلوطوا أنيا . و نتا وين تعرف ماميدوا بابا .	13	CC-BY-NC-3.0-MADORAN	available			Exact source inventory only; semantic, translation, GPT, and native review pending.
S6	MADOran_Sentences.tsv:Sentno=1281	هودولي بارصول . ناس تدهم ريستورون يفطروا قبل ما يروحوا يبحروا و أنا نقي بطاطا , شوي فلفلة . فلقي دلاع . هادي معيشة حسبي الله و نعم الوكيل فيكم .	31	CC-BY-NC-3.0-MADORAN	available			Exact source inventory only; semantic, translation, GPT, and native review pending.
S6	MADOran_Sentences.tsv:Sentno=1282	كيفاه هادي منروحش للبحر راك عاقد عليا أنا رايحة رايحة كتلني حمان و ضرب راسك مع الحيط .	18	CC-BY-NC-3.0-MADORAN	available			Exact source inventory only; semantic, translation, GPT, and native review pending.
S6	MADOran_Sentences.tsv:Sentno=1284	أنا كون ساعفتني كون زدت بعدت رانا نلعبوا حويزة .	10	CC-BY-NC-3.0-MADORAN	available			Exact source inventory only; semantic, translation, GPT, and native review pending.
S6	MADOran_Sentences.tsv:Sentno=1286	لا كولني خويا . راه يزقي عليا راجلي هادا .	10	CC-BY-NC-3.0-MADORAN	available			Exact source inventory only; semantic, translation, GPT, and native review pending.
S6	MADOran_Sentences.tsv:Sentno=1288	أستغر الله . علاه راك تخشش بيا خويا ? فوت على طريق كبيرة كيما غاشي . يعشي شالق بيا واك نتوما ما فيكومش لأمان بندام ولا يخاف على روحه . وين راكي رايحة ختي ? لا خويا ما طلع معايا حتى وحدة المرض راه ما خصناش تقرقيش . ديري بافت تاعك و ساهل .	54	CC-BY-NC-3.0-MADORAN	available			Exact source inventory only; semantic, translation, GPT, and native review pending.
S6	MADOran_Sentences.tsv:Sentno=1289	راها فوق راسك ختي . ماكنش اللي ينسى معاكم صايي حطني غير هنا . هاك . الله يخلف و ألف كي صرالها . اله يحفظ و يستر تعلمتوا تصقروا على الصرف . تديها الخلا و الدرا .	37	CC-BY-NC-3.0-MADORAN	available			Exact source inventory only; semantic, translation, GPT, and native review pending.
S6	MADOran_Sentences.tsv:Sentno=1290	كي تدخلي للحبس مع صحبتك .	6	CC-BY-NC-3.0-MADORAN	available			Exact source inventory only; semantic, translation, GPT, and native review pending.
S6	MADOran_Sentences.tsv:Sentno=1291	ما نسمعش حسكم . جعت كون غير ما تجيبلي مبسس فلقفة . تفوا مرهوجة على جالك باسيت من نهار اللي عرفتك ما شت خير . ياك يا دحس جبدتلك بوسبعة و قلتلك قيسيه معايا فلواد بسيف نتي بروحك كنتي غير على سبا غي عيطتلك جيتي تجري .	47	CC-BY-NC-3.0-MADORAN	available			Exact source inventory only; semantic, translation, GPT, and native review pending.
S6	MADOran_Sentences.tsv:Sentno=1292	بلعي بلعي فمك نتي بروحك حركية كون ما زفيتينيش عند جيج كون ما رانيش هنا . نتي كتلتيه و أنا رحت في جرة و ماشي أنا اللي كتلته أنا كي عاونتك تقيسيه فلواد كان مقندل .	36	CC-BY-NC-3.0-MADORAN	available			Exact source inventory only; semantic, translation, GPT, and native review pending.
S6	MADOran_Sentences.tsv:Sentno=1293	باغي ندخل وحدي أوموان نترافقوا و تونسيني شوية . يا حتي تونسي وحدك حاسبتني مطلوقة كيفك واقيل أنا ادا ما كتلونيش فلحبس يكتلني خويا نهار اللي يخرج .	28	CC-BY-NC-3.0-MADORAN	available			Exact source inventory only; semantic, translation, GPT, and native review pending.
S6	MADOran_Sentences.tsv:Sentno=1294	أأي نتوما بلعوه راكم هنا في زوج دقايق دججتونا . أأي أختي و الله الا غاية أرواحي خيطيلي فمي ما ندابزش مع صحبتي .	24	CC-BY-NC-3.0-MADORAN	available			Exact source inventory only; semantic, translation, GPT, and native review pending.
S6	MADOran_Sentences.tsv:Sentno=1295	أأي علابالك وين راكي هنايا . طيري عليها موجيلالي . أرواحي طيري عليا مولجيلالي . اللي بغا دم , يقدم مزيا جيت , أومبيوس شابة راهي هنا من الشعر .	30	CC-BY-NC-3.0-MADORAN	available			Exact source inventory only; semantic, translation, GPT, and native review pending.
S6	MADOran_Sentences.tsv:Sentno=1296	هاديك لي تخدم في لاميري كي تدخل لدارها .	9	CC-BY-NC-3.0-MADORAN	available			Exact source inventory only; semantic, translation, GPT, and native review pending.
S6	MADOran_Sentences.tsv:Sentno=1297	ماما عندكي . ما طيحليش و حمار . أأي اسمعوا راسي راه باغي يطرطق . ولوا منبعد خيما نصرع واحد فيكم .	22	CC-BY-NC-3.0-MADORAN	available			Exact source inventory only; semantic, translation, GPT, and native review pending.
S6	MADOran_Sentences.tsv:Sentno=1298	ماما نقد نروح مع أيمن لستاد . معلبليش , شوف مع شاف سرفيس راني نتقهوى . مع من ? مع بوك .	22	CC-BY-NC-3.0-MADORAN	available			Exact source inventory only; semantic, translation, GPT, and native review pending.
S6	MADOran_Sentences.tsv:Sentno=1299	ما نتي قاع عام مشنفة , مت أيمن عندها الحق قالتلي مك من عام داقيوس ما ضحكتش .	18	CC-BY-NC-3.0-MADORAN	available			Exact source inventory only; semantic, translation, GPT, and native review pending.
S6	MADOran_Sentences.tsv:Sentno=1300	قولها روحي عسي راجلك اللي جا عقد على زاوجة ليوم يا شطبة . جاية تعسني أنايا .	17	CC-BY-NC-3.0-MADORAN	available			Exact source inventory only; semantic, translation, GPT, and native review pending.
S6	MADOran_Sentences.tsv:Sentno=1301	تحزن عليا ما تزيد تهدر نوريلها .	7	CC-BY-NC-3.0-MADORAN	available			Exact source inventory only; semantic, translation, GPT, and native review pending.
S6	MADOran_Sentences.tsv:Sentno=1302	ما ديريناش عشا نتيا . كيكوطة ما راهش تخدم خويا , ما نديرش , راني كونجي , ولا روح عند صباح الخير جارتي كي صبحتي ? ديرلك عشا , ولي غدوة .	32	CC-BY-NC-3.0-MADORAN	available			Exact source inventory only; semantic, translation, GPT, and native review pending.
S6	MADOran_Sentences.tsv:Sentno=1303	أنواع الشيرات في لافاك هاديك اللي جاية دبر راجل باش تتزوج .	12	CC-BY-NC-3.0-MADORAN	available			Exact source inventory only; semantic, translation, GPT, and native review pending.
S6	MADOran_Sentences.tsv:Sentno=1304	سلام خويا . وين يدسروا ليزاسكربسيون حمبوك ? أوفاس . صحا .	12	CC-BY-NC-3.0-MADORAN	available			Exact source inventory only; semantic, translation, GPT, and native review pending.
S6	MADOran_Sentences.tsv:Sentno=1305	باغي نسقسيك رجال وين يجمعوا ? سلعة جهد بصح ماشي بطي . وين يجمعوا ?	15	CC-BY-NC-3.0-MADORAN	available			Exact source inventory only; semantic, translation, GPT, and native review pending.
S6	MADOran_Sentences.tsv:Sentno=1308	لي على عام و هي مدابزة مع صاحبها , يا معاد طلقني حمبوك و الله هو هدر معايا أنا شا دخلني , عندك غادي تزرقني . طلقني حمبوك . كي داير غيار .	33	CC-BY-NC-3.0-MADORAN	available			Exact source inventory only; semantic, translation, GPT, and native review pending.
S6	MADOran_Sentences.tsv:Sentno=1309	لي تقرا غير الكور لول و تخرج . أستاد . وي فم كلب هدري بركي ما تعوجي في روحك . نقد نروح ليسانيتر ?	24	CC-BY-NC-3.0-MADORAN	available			Exact source inventory only; semantic, translation, GPT, and native review pending.
S6	MADOran_Sentences.tsv:Sentno=1310	لي تقرا لي لونق . فوزية شا راكي دايرة ليوم . معلاباليش , راهم دايرين لوبيا . شا راكي لاعبتها لنا فوزية .	23	CC-BY-NC-3.0-MADORAN	available			Exact source inventory only; semantic, translation, GPT, and native review pending.
S6	MADOran_Sentences.tsv:Sentno=1311	كون جاو الشيرات في بلاصة ما يكدبوا يقولوا الصح . شريت هادي تاني ياضرا .	15	CC-BY-NC-3.0-MADORAN	available			Exact source inventory only; semantic, translation, GPT, and native review pending.
S6	MADOran_Sentences.tsv:Sentno=1312	شعال شريتيها ? شريتها مليون و ما قاشحتهاش . هاد شرميطة و راكي تهدري عليها . شا هادي ما نشروش , ما نلبسوش , ما نستاهلوش , ما شي بنيادم حنا . باغي ندير صاحب غير بدعوة الخير .	39	CC-BY-NC-3.0-MADORAN	available			Exact source inventory only; semantic, translation, GPT, and native review pending.
S6	MADOran_Sentences.tsv:Sentno=1313	بابا بصح تينيسة راك ضاربها كيما تع لي كنت نخرج معاه . شوالا ? مالك تاكل في روحك كملنا . زعما قعد يعيطلي باش نولوا بصح صايي سي فيني ما نخدمش قليط . دروك غير ايبيزا و طلع .	39	CC-BY-NC-3.0-MADORAN	available			Exact source inventory only; semantic, translation, GPT, and native review pending.
S6	MADOran_Sentences.tsv:Sentno=1314	جيناكم بحسب و نسب . الحسب و النسب جيبوه معاه اوموا بوكي تع ورد . ديجا مبكرين لي أنا , ناس تجي تخطب لي على 10 تع الصباح غادي نهرب . و نتا ماشي قتلك لبس قمجة نهار اللي تجي تخطبني .	42	CC-BY-NC-3.0-MADORAN	available			Exact source inventory only; semantic, translation, GPT, and native review pending.
S6	MADOran_Sentences.tsv:Sentno=1315	شا راكي تهدري تعرفيه ? نعرفه واه , 5 سنسن و أنا طايبة معاه وجه الميزيرية هادا .	18	CC-BY-NC-3.0-MADORAN	available			Exact source inventory only; semantic, translation, GPT, and native review pending.
S6	MADOran_Sentences.tsv:Sentno=1316	ديجا هادي هي مك تبان مصفارة ما نسكنش معاها هادي , ديري داري وحدي نقولها لك قدامها .	18	CC-BY-NC-3.0-MADORAN	available			Exact source inventory only; semantic, translation, GPT, and native review pending.
S6	MADOran_Sentences.tsv:Sentno=1317	صحبتك كون جات كياسة تع الحمام . علاه راكي تصوري فيا ختي ? على من راكي يا فكرونة . شتي كمارتك . هايلا مراية ادا ما زال ما شفتيش روحك نخلي قاع عباد ربي و نجي نصورك نتيا . شا ندير بيك حمبوك .	44	CC-BY-NC-3.0-MADORAN	available			Exact source inventory only; semantic, translation, GPT, and native review pending.
S6	MADOran_Sentences.tsv:Sentno=1318	عنددها علاه تخاف ختي مرت خويا داروها في قروب تع المعلمات المطلقات في الحمام .	15	CC-BY-NC-3.0-MADORAN	available			Exact source inventory only; semantic, translation, GPT, and native review pending.
S6	MADOran_Sentences.tsv:Sentno=1319	و نتي شا نطقك ? لا أرواحوا تحاموا فيا أيا ختي اللي ما عجبهاش الحال تروح دوش في دارها .	20	CC-BY-NC-3.0-MADORAN	available			Exact source inventory only; semantic, translation, GPT, and native review pending.
S6	MADOran_Sentences.tsv:Sentno=1320	ختي هادا غير ظهر ساعة و أنا نحك فيك فركتك نتي نخلص عليك بالمتر المربع . لا ختي كياسة لخرا تخلص عليا غير خمسلاف . وي طلقوني غادي نطرطق فوطة و نطير عليها .	34	CC-BY-NC-3.0-MADORAN	available			Exact source inventory only; semantic, translation, GPT, and native review pending.
S6	MADOran_Sentences.tsv:Sentno=1321	خمسلاف راني نطلب عليك ختي . غادي الدود اللي خرجته لك نوكله لك . راني نقولك . ختي هادا راكي مدخلاته معاه . واه مسكين ولدي صغير هادا . شا صغره ختي هادا راه عرعور شلاغمه تكتفي بيهم جمل .	40	CC-BY-NC-3.0-MADORAN	available			Exact source inventory only; semantic, translation, GPT, and native review pending.
S6	MADOran_Sentences.tsv:Sentno=1322	غير يقرعلك هنا ختي هادا غتدي دخليه لي يهربلي قاع نسا تع الحمام .	14	CC-BY-NC-3.0-MADORAN	available			Exact source inventory only; semantic, translation, GPT, and native review pending.
S6	MADOran_Sentences.tsv:Sentno=1323	صحبتك كون جات أوتاس دو لاغ : بونجوغ . ينوضوني دروك . هادوا يروحوا لفرنسا على 5 تع صباح غادي تهرب . كي صبحتي زهرة . كي راك باغيني نصبح حمبوك . لحقني كلب برهوش صباح كي خرجت أنا نجري و هو ينبح . خويا هادا عراجين تع التمر قاع راك مطلعهم معاك . كون قلعت النخل تع أوتوروت و جلتهم معاك و صايي الا ما راهمش يوكلوك في فرونسا قعدوا في بلادكم .	74	CC-BY-NC-3.0-MADORAN	available			Exact source inventory only; semantic, translation, GPT, and native review pending.
S6	MADOran_Sentences.tsv:Sentno=1324	يا عندكي هادي كيراها مشاؤجيا بالدهب حتى ظهرها عواج . كريم أرواح هنا . خويا راها 6 تع صباح شد كريم تاعك , خيما ندليه لك من التاقة . وي الزين لاكوب كاري و نخمم فيك سونزاري .	38	CC-BY-NC-3.0-MADORAN	available			Exact source inventory only; semantic, translation, GPT, and native review pending.
S6	MADOran_Sentences.tsv:Sentno=1325	في سما و ما سلكناش معاكم . الله يحفظ و يستر . ختي باغي نسقسيك معليش . شا هو ? طيارة هادي مطيحش . شفت روبورطاج في ناسيونال جيوقراف توسوست . وين تحصي . علمي علمك خويا معلاباليش حتى بيلوت و راه مطلمس . بلعوا بيبان روح جمع خويا روح و ما تنساش شهادة ه .	56	CC-BY-NC-3.0-MADORAN	available			Exact source inventory only; semantic, translation, GPT, and native review pending.
S6	MADOran_Sentences.tsv:Sentno=1326	العايلة الجزايرية العظيمة كي تكون تتفرج الماتش هديك لي حاسبة روحها ف 2010 .	14	CC-BY-NC-3.0-MADORAN	available			Exact source inventory only; semantic, translation, GPT, and native review pending.
S6	MADOran_Sentences.tsv:Sentno=1327	زياني سقينوح وين راه ?	5	CC-BY-NC-3.0-MADORAN	available			Exact source inventory only; semantic, translation, GPT, and native review pending.
S6	MADOran_Sentences.tsv:Sentno=1328	راكي حاسبة روحك ف 2010 ما بقاش زياني يا عمري ما يقدوش يجيبوه يلعب غير ماتش هاكا . توحشته .	20	CC-BY-NC-3.0-MADORAN	available			Exact source inventory only; semantic, translation, GPT, and native review pending.
S6	MADOran_Sentences.tsv:Sentno=1329	كرعين معيز دير له تيبو كيما هاكا مركي كون راني أنا كون راني مركيت 7 .	16	CC-BY-NC-3.0-MADORAN	available			Exact source inventory only; semantic, translation, GPT, and native review pending.
S6	MADOran_Sentences.tsv:Sentno=1330	هاديك اللي جاية تكحل , يا كي شاب واحد كيفاه و منزيدش . راه داير تاتوواج , طبعه .	19	CC-BY-NC-3.0-MADORAN	available			Exact source inventory only; semantic, translation, GPT, and native review pending.
S6	MADOran_Sentences.tsv:Sentno=1331	لي يتفرج قلب و رب . روح يا يونجاح روح . علاه ديرولي كيما هاك . علاه راهم يلعبوا زعما كوب أفريك دي موند . بلعي فمك الله يحفظك كون غير هدرتك فيها فايدة حمارة .	36	CC-BY-NC-3.0-MADORAN	available			Exact source inventory only; semantic, translation, GPT, and native review pending.
S6	MADOran_Sentences.tsv:Sentno=1332	واه هوما يربحوا فدراهم و نتوما قعدوا مادبزين لي عليهم هنا . نوضي نتي نقيلي بطاطا , قاعدتلي مجمعة لي مع تراريس .	23	CC-BY-NC-3.0-MADORAN	available			Exact source inventory only; semantic, translation, GPT, and native review pending.
S6	MADOran_Sentences.tsv:Sentno=1333	نبع الحنان كي تخرج تشري مع بنتها : عام باش تخرجي لي عروسة نتي . أنا نلبس صباطي و نخرج ما نقارعش . خاطش ندير عليك نتيا حتى العشاء ندخل لداري . باغي حتى يقولوا مانيش عارفة وين كانت هايمة هي و بنتها في نص ليالي . ماما ندي هادي و لا هادي .	54	CC-BY-NC-3.0-MADORAN	available			Exact source inventory only; semantic, translation, GPT, and native review pending.
S6	MADOran_Sentences.tsv:Sentno=1334	جاية تبغي الحرير و لي يبقص	6	CC-BY-NC-3.0-MADORAN	available			Exact source inventory only; semantic, translation, GPT, and native review pending.
S6	MADOran_Sentences.tsv:Sentno=1335	كون نقولك تدي هادي تديها ما نعرفكش راسك خشين . دبر راسك . أنا عجبتني هادي . و علاه ما تديش لخرا مستورة باغي تروحي تعري لي في الجامعة هاك ربيتك أنا .	33	CC-BY-NC-3.0-MADORAN	available			Exact source inventory only; semantic, translation, GPT, and native review pending.
S6	MADOran_Sentences.tsv:Sentno=1336	عليك الحمد . أنا حسبتك تغاشيتي داخل . صايي ماما غادي ندي هادي . شعال دير هادي ولدي ? خمسية ألف حاجا . عند جارك دير غير 200 ألف بلا معاوضة . يا ولدي دير معاها مسكينة معندهاش عندك عندها 50 ألف فتزدام . لا ماما عندي بلعي فمك .	50	CC-BY-NC-3.0-MADORAN	available			Exact source inventory only; semantic, translation, GPT, and native review pending.
S6	MADOran_Sentences.tsv:Sentno=1337	أيا ولدي نتكلوا على الله 50 ألف ربي ينجحك . لا ميمتي مافيهاش . هاهو وجهي ادا ربحت نوضي خرجي قدامي خيان .	23	CC-BY-NC-3.0-MADORAN	available			Exact source inventory only; semantic, translation, GPT, and native review pending.
S6	MADOran_Sentences.tsv:Sentno=1338	شوفي ادا عاودت خرجت معاك ما نتسماش من صباح و نتي دوري لي عجب و معجب ما يعجبكش بصح أنا فيا لافوت معليش نستاهل .	25	CC-BY-NC-3.0-MADORAN	available			Exact source inventory only; semantic, translation, GPT, and native review pending.
S6	MADOran_Sentences.tsv:Sentno=1339	دارنا في العرضات . أيا خفوا جيبونا زوج غرايف حريرة شا راكم ديروا من صباح شاشرا راهم يقارعوا . شا راكي دايرة نتي لبسي خمار ستري روحك جايتني كيما هاك قدام رجال .	33	CC-BY-NC-3.0-MADORAN	available			Exact source inventory only; semantic, translation, GPT, and native review pending.
S6	MADOran_Sentences.tsv:Sentno=1340	يا ختي شير أمن راهي يزقي عليا . خويا نتا غير ولد جوارين قاعد تاكل في روحك . دخل حريرة ة بلع .	23	CC-BY-NC-3.0-MADORAN	available			Exact source inventory only; semantic, translation, GPT, and native review pending.
S6	MADOran_Sentences.tsv:Sentno=1342	غادي ندخل نستنجا حمبوك جبدلي سربيتا تع كرعين باش نشف كرعيا و نتوضا و جيبلي مفتاح تع هاديك البيت اللي راكم داسين فيها قاتو نبغي نصلي فسكات .	28	CC-BY-NC-3.0-MADORAN	available			Exact source inventory only; semantic, translation, GPT, and native review pending.
S6	MADOran_Sentences.tsv:Sentno=1343	راكم تشوفوا في هديك شيبانية اللي راها ليها . هاديك شريرة . واه كل 15 دقيقة تقلع فمها تنفخه بما . خص كي تقلعه هاد خطرة نروحوا نجروا نديرو لها هاك ندولها فمها نردمة ه فتراب . ياضرا خطة شفتها في مبس 2 .	43	CC-BY-NC-3.0-MADORAN	available			Exact source inventory only; semantic, translation, GPT, and native review pending.
S6	MADOran_Sentences.tsv:Sentno=1344	ماما بابا جا يديك قالك أرواحي نوصلك قبل ما نوصلك لستاد هود قله يولي منبعد جايني دروك هاد وين حلات الجماعة . يا راجلك ما يقولك والو . شا راه مدخلك نتيا راكي تمعنيلي باش نروح زعما . هنا نقعد فرشولي راني بايتة .	44	CC-BY-NC-3.0-MADORAN	available			Exact source inventory only; semantic, translation, GPT, and native review pending.
S6	MADOran_Sentences.tsv:Sentno=1346	ختي لحم قاع كليتيه لنا باغي تزيدي . يا يشيشة لحم حسدتوني فيها .	14	CC-BY-NC-3.0-MADORAN	available			Exact source inventory only; semantic, translation, GPT, and native review pending.
S6	MADOran_Sentences.tsv:Sentno=1347	كون جات مرتك سكرتير تاعك .	6	CC-BY-NC-3.0-MADORAN	available			Exact source inventory only; semantic, translation, GPT, and native review pending.
S6	MADOran_Sentences.tsv:Sentno=1350	سلام عليكم و عليكم السلام دكتور . موالف وين ما تدخل تغمزلي ما راكش تبغيني صايي علاه مرديتليش غمزة راك تناقرفيا .	22	CC-BY-NC-3.0-MADORAN	available			Exact source inventory only; semantic, translation, GPT, and native review pending.
S6	MADOran_Sentences.tsv:Sentno=1353	ليق نديره .	3	CC-BY-NC-3.0-MADORAN	available			Exact source inventory only; semantic, translation, GPT, and native review pending.
S6	MADOran_Sentences.tsv:Sentno=1355	حرزوا تأمنوا هادي تدي راجل من كرش ماه بغات تفوت عند راجلي أنايا .	14	CC-BY-NC-3.0-MADORAN	available			Exact source inventory only; semantic, translation, GPT, and native review pending.
S6	MADOran_Sentences.tsv:Sentno=1356	يديو بالهبرة و يقيسو العظم للشباب .	7	CC-BY-NC-3.0-MADORAN	available			Exact source inventory only; semantic, translation, GPT, and native review pending.
