"frequency"	"source_form"	"diac"	"msa"	"stem"	"proclitic"	"enclitic"	"num"	"gen"	"en_gloss"	"fr_gloss"	"token_id"	"sentence_id"
"119"	"أنا"	"أنا"	"أَنَا"	"أنا/PRON_1S"	""	""	"s"	"m"	""	"I"	"139"	"10"
"68"	"اه"	"اه"	"يَا"	"اه/VOC_PART"	""	""	"na"	"na"	"oh"	"Ah"	"452"	"28"
"68"	"فيها"	"فيها"	"فِي"	"في/PREP"	""	"ها/PRON_3FS"	"na"	"na"	"in"	"dans"	"410"	"25"
"59"	"ايا"	"ايا"	"ثُمَّ"	"ايا/CONJ"	""	""	"na"	"na"	""	"then,afterwards,next,moreover"	"54"	"4"
"41"	"هدا"	"هدا"	"هَذا"	"هدا/DEM_PRON"	""	""	"s"	"m"	"this"	"ce"	"763"	"42"
"39"	"قاله"	"قاله"	"قالَ"	"قال/PV"	""	"(null)/PVSUFF_SUBJ:3MS+ه/PVSUFF_DO:3MS"	"na"	"na"	"said"	"dis"	"74"	"6"
"38"	"حاجا"	"حاجة"	"شَيّء"	"حاج/NOUN_ABSTRACT"	""	"ة/NSUFF_FEM_SG"	"s"	"f"	"thing"	"chose"	"2860"	"154"
"36"	"الي"	"الي"	"الَذي"	"الي/REL_PRON"	""	""	"na"	"na"	"which,_who,_whom"	"qui"	"2426"	"117"
"34"	"روحي"	"روحي"	"رُوح"	"روح/NOUN_ABSTRACT"	""	"ي/POSS_PRON"	"na"	"na"	"spirit,_soul"	"esprit"	"1907"	"90"
"33"	"وحد"	"وحد"	"واحِد"	"وحد/NOUN"	""	""	"s"	"m"	"about"	"environ"	"5318"	"274"
"33"	"روحك"	"روحك"	"رُوح"	"روح/NOUN_ABSTRACT"	""	"ك/POSS_PRON"	"s"	"m"	"spirit,soul"	"esprit"	"1913"	"90"
"31"	"الا"	"الا"	"إِذا"	"الا/CONDITION_PART"	""	""	"na"	"na"	"if"	"si"	"393"	"24"
"31"	"نتيا"	"نتيا"	"أَنْتِ"	"نتيا/PRON"	""	""	"na"	"na"	""	"you_[fem.sg.]"	"2862"	"154"
"30"	"انشاء"	"انشاء"	"إنشَاءَ"	"شاء/PV"	"An/OTHER"	"(null)/PVSUFF_SUBJ:3MS"	"na"	"na"	"want"	"vouloir"	"3161"	"185"
"24"	"حمد"	"حمد"	"حَمْد"	"حمد/NOUN"	""	""	"s"	"m"	"praise"	"merci"	"437"	"26"
"22"	"عمري"	"عمري"	"نَفْسِي"	"عمر/ADJ_QUALIT"	""	"ي/POSS_PRON"	"s"	"m"	"myself"	"moi_même"	"4696"	"250"
"21"	"هكا"	"هكا"	"هَكَذَا"	"هكا/NOUN_ABSTRACT"	""	""	"na"	"na"	"like_this"	"comme_ça"	"2823"	"152"
"20"	"قاتلي"	"قاتلي"	"قالَ"	"قات/PV"	""	"ت/PVSUFF_SUBJ:3FS+ل/PREP+ي/POSS_PRON_1S"	"na"	"na"	"said"	"dire"	"219"	"14"
"19"	"فيا"	"فيا"	"فِي"	"في/PREP"	""	"ا/POSS_PRON"	"na"	"na"	""	"in_me"	"2406"	"116"
"18"	"ني"	"ني"	"لاهذاولاذاك"	"ني/FOREIGN"	""	""	"na"	"na"	"neither_nor"	"ni"	"2674"	"146"
"18"	"قاتله"	"قاتله"	"قالت"	"قا/PV"	""	"ت/PVSUFF_SUBJ:3FS+ل/PREP+ه/POSS_PRON_3MS"	"na"	"na"	""	"said"	"155"	"11"
"18"	"قالها"	"قالها"	"قالَ"	"قال/PV"	""	"(null)/PVSUFF_SUBJ:3MS+ها/PVSUFF_DO:3FS"	"na"	"na"	"said"	"dire"	"152"	"11"
"17"	"ابري"	"ابري"	"بعد,بعدما"	"ابري/FOREIGN"	""	""	"na"	"na"	""	"after"	"1187"	"61"
"17"	"ليق"	"ليق"	"لازِم"	"ليق/NOUN"	""	""	"na"	"na"	"required"	"obliger"	"176"	"12"
"17"	"فيلا"	"فيلا"	"فِيلّا"	"فيلا/FOREIGN"	""	""	"s"	"m"	"villa"	"villa"	"16636"	"775"
"16"	"ملايين"	"ملايين"	"مَلَايِين"	"ملايين/NOUN_NUM"	""	""	"bp"	"m"	"millions"	"millions"	"6373"	"331"
"16"	"حيا"	"حيا"	"الشَيّء"	"حيا/NOUN_ABSTRACT"	""	"(null)/CASE_INDEF_(ACC_GEN)"	"s"	"m"	"thing"	"l'_affaire,_chose"	"1464"	"72"
"16"	"دو"	"دو"	"مِن"	"دو/FOREIGN"	""	""	"na"	"na"	""	"of"	"4778"	"253"
"15"	"كانو"	"كانو"	"كانو"	"كان/PV"	""	"و/PVSUFF_SUBJ:3MP"	"na"	"na"	"was,were"	"était.étaient"	"901"	"47"
"15"	"عندنا"	"عند"	"عِنْد"	"عند/ADV"	""	""	"na"	"na"	"with_us,_at"	"chez_nous"	"4056"	"222"
"15"	"الخير"	"الخير"	"خَيْر"	"خير/NOUN_ABSTRACT"	"Al/DET"	"(null)/CASE_DEF_GEN"	"s"	"m"	""	"good"	"2701"	"147"
"14"	"شويا"	"شويا"	"قَلِيل"	"شويا/NOUN_QUANT"	""	""	"na"	"na"	""	"some,_a_little_bit"	"1405"	"70"
"14"	"شاف"	"شاف"	"رئيس"	"شاف/FOREIGN"	""	""	"s"	"m"	"chief"	"chef"	"629"	"36"
"14"	"مدام"	"مدام"	"مدام"	"مدام/FOREIGN"	""	""	"s"	"f"	"madam"	"madame"	"17890"	"826"
"14"	"أونقلي"	"أونقلي"	"إنْجْليزي"	"أونقلي/FOREIGN"	""	""	"na"	"na"	""	"english"	"25792"	"1169"
"14"	"قتلك"	"قتلك"	"قالَ"	"قت/PV"	""	"ت/PV SUFF_SUBJ :1S+ل/PREP+ك/POSS_PRON"	"na"	"na"	"said"	"dire"	"3283"	"192"
"14"	"ياه"	"ياه"	"مَعَه"	"يا/PREP"	""	"ه/PRON_3MS"	"na"	"na"	""	"with_him"	"49"	"4"
"13"	"اي"	"ايا"	"ثُمَّ"	"ايا/CONJ"	""	""	"na"	"na"	"then,afterwards,next,moreover"	"puis,_après,_ensuite"	"9637"	"442"
"13"	"اون"	"اون"	"فِي"	"اون/FOREIGN"	""	""	"na"	"na"	"in"	"en"	"3484"	"199"
"13"	"منا"	"منا"	"مِنَا"	"من/PREP"	""	"نا/PRON_1P"	"sp"	"m"	"from"	"à_partir_de"	"1391"	"70"
"13"	"دي"	"دي"	"آداةالجَمْع"	"دي/FOREIGN"	""	""	"na"	"na"	""	"des_;x;-s"	"5140"	"268"
"13"	"مام"	"مام"	"لَمَا"	"مام/FOREIGN"	""	""	"na"	"na"	"even"	"même"	"881"	"46"
"13"	"داير"	"داير"	"هَكَذا"	"داير/NOUN_ACTIVE_PART"	""	""	"s"	"m"	"look_like"	"ressembler"	"6418"	"333"
"13"	"لدار"	"لدار"	"دَار"	"دار/NOUN_CONCRETE"	"l/PREP"	"(null)/CASE_INDEF_(ACC_GEN)"	"s"	"m"	""	"house;home"	"157"	"11"
"13"	"دايرة"	"دايرة"	"هَكَذا"	"داير/NOUN_ACTIVE_PART"	""	"ة/NSUFF_FEM_SG"	"s"	"f"	"how_is_it"	"comment__elle_est"	"1072"	"56"
"12"	"مالكي"	"مالكي"	"مابِك"	"ما/INTERROG_PART"	""	"ل/PREP+كي/POSS_PRON"	"s"	"f"	"What's_your_problem"	"qu'est_ce_que_ta"	"9083"	"422"
"12"	"يقولها"	"يقولها"	"يَقُول"	"قول/IV"	"y/IV3MS"	"(null)/IVSUFF_SUBJ: 3MS +ها/IVSUFF_DO:3FS"	"na"	"na"	""	"said"	"1198"	"61"
"12"	"دعوة"	"دعوة"	"دَعْوَة"	"دعو/NOUN"	""	"ة/NSUFF_FEM_SG"	"s"	"f"	""	"(Islamic)_missionary_work;Da'wah;propaganda"	"227"	"14"
"11"	"قبيلة"	"قبيلة"	"قَبِيلَة"	"قبيل/NOUN_ABSTRACT"	""	"ة/NSUFF_FEM_SG"	"s"	"f"	"tribe"	"tribu"	"17822"	"822"
"11"	"دوصيي"	"دوصيي"	"مِلَف"	"دوصيي/FOREIGN"	""	""	"na"	"na"	"file"	"dossier"	"4018"	"221"
"11"	"ورقة"	"ورقة"	"وَرَقة"	"ورق/NOUN"	""	"ة/NSUFF_FEM_SG"	"s"	"f"	""	"paper;sheet"	"390"	"24"
"11"	"نشوفو"	"نشوفو"	"نَرَى"	"شوف/IV"	"n/IV1P"	"و/IVSUFF_SUBJ:MP_MOOD:SJ"	"na"	"na"	""	"see,watch"	"1078"	"57"
"11"	"تاكل"	"تأكل"	"أَكَلُ"	"أكل/IV"	"t/IV3FS"	"(null)/IVSUFF_MOOD:S"	"na"	"na"	"eat,consume"	"manger,consommer"	"429"	"26"
"11"	"رحت"	"رحت"	"راحَ"	"رح/PV"	""	"ت/PVSUFF_SUBJ:1S"	"na"	"na"	"went"	"allé"	"368"	"23"
"11"	"با"	"با"	"لَيْسَ"	"با/FOREIGN"	""	""	"na"	"na"	"not"	"pas"	"5368"	"276"
"11"	"ريحة"	"ريحة"	"رائحة"	"ريح/NOUN_ABSTRACT"	""	"ة/NSUFF_FEM_SG"	"s"	"f"	"smell"	"odeur"	"1127"	"58"
"11"	"شيخ"	"شيخ"	"شَيْخ"	"شيخ/NOUN_CONCRETE"	""	""	"s"	"m"	"sheikh;chieftain"	"sheikh,_chef_de_clan"	"2528"	"127"
"10"	"الليل"	"الليل"	"لَيْل"	"ليل/NOUN_ABSTRACT"	"Al/DET"	""	"s"	"m"	"night"	"la_nuit"	"1082"	"57"
"10"	"نسقسيك"	"نسقسيك"	"سَأَلَ"	"سقسي/IV"	"n/IV1S"	"(null)/IVSUFF_SUBJ:1S+ك/IVSUFF_DO:2MS"	"na"	"na"	""	"se_renseigner;x;_ask,inquire"	"2798"	"151"
"10"	"بوك"	"بوك"	"أَبُوك"	"بو/NOUN_FIVE"	""	"ك/POSS_PRON"	"s"	"m"	"abu"	"Abu"	"10756"	"544"
"10"	"بيكم"	"بيكم"	"بِكم"	"بي/PREP"	""	"كم/POSS_PRON"	"na"	"na"	"with_you"	"avec_vous"	"7344"	"363"
"10"	"نعطيك"	"نعطيك"	"أَعْطَى"	"عطي/IV"	"n/IV1S"	"(null)/IVSUFF_SUBJ:1S+ك/IVSUFF_DO:2MS"	"na"	"na"	"give,provide"	"donner,fournir"	"3437"	"198"
"10"	"تاعها"	"تاعها"	"لِ"	"تاع/PREP"	""	"ها/POSS_PRON"	"na"	"na"	""	"of"	"4482"	"241"
"10"	"نعم"	"نعم"	"نَعَم"	"نعم/YES_NO_RESP_PART"	""	""	"na"	"na"	"yes"	"oui"	"15253"	"711"
"10"	"نتزوج"	"نتزوج"	"تَزَوَّج"	"تزوج/IV"	"n/IV1S"	"(null)/IVSUFF_SUBJ:1S"	"na"	"na"	""	"get_married"	"533"	"31"
"10"	"نقول"	"نقول"	"قَال"	"قول/IV"	"n/IV1S"	"(null)/IVSUFF_SUBJ:1S"	"na"	"na"	"say"	"dire"	"11278"	"566"
"10"	"براس"	"براس"	"رَأْس"	"راس/NOUN_CONCRETE"	"b/PREP"	""	"s"	"m"	""	"tête;x;_head"	"3072"	"175"
"10"	"تلقاهم"	"تلقاهم"	"تَجِد"	"لقا/IV"	"t/IV2MS"	"(null)/IVSUFF_SUBJ : 2MS+هم/PVSUFF_DO:3MP"	"na"	"na"	"find"	"trouver"	"6566"	"339"
"10"	"قليل"	"قَليل"	"فَقِير"	"قَليل/ADJ_QUALIT"	""	"(null)/CASE_INDEF_(ACC_GEN)"	"s"	"m"	"poor,destitute"	"pauvre"	"2043"	"95"
"10"	"هادوا"	"هادو"	"أولئك"	"هاد/DEM_PRON"	""	"و/POSS_PRON"	"sp"	"m"	"those"	"ceux"	"21448"	"983"
"10"	"ياك"	"ياك"	"حَقَّا"	"ياك/YES_NO_RESP_PART"	""	""	"s"	"m"	""	"right_?"	"11"	"1"
"10"	"وهرانية"	"وهرانية"	"وَهرَانِيّة"	"وهران/NOUN_RELATIVE"	""	"ي/RELATIVE_YA+ة/NSUFF_FEM_SG"	"s"	"f"	"Oranian"	"oranaise"	"2299"	"107"
"10"	"لقيت"	"لقيت"	"لَقِيَ"	"لقي/PV"	""	"ت/SUFF_FEM_TA"	"na"	"na"	"find"	"trouver"	"3938"	"218"
"10"	"لاباس"	"لاباس"	"لابَأْس"	"لاباس/NOUN_ABSTRACT"	""	""	"na"	"na"	"I'm_okay"	"Je_vais_bien"	"820"	"44"
"10"	"قتله"	"قتله"	"قال"	"قت/PV"	""	"(null)/PVSUFF_SUBJ:1S+ل/PREP+ه/POSS_PRON_3MS"	"na"	"na"	""	"said"	"339"	"22"
"10"	"قتلها"	"قتلها"	"قالَ"	"قت/PV"	""	"ت/PV SUFF_SUBJ :1S+ل/PREP+ها/POSS_PRON"	"na"	"na"	""	"said"	"2085"	"96"
"10"	"كرية"	"كرية"	"الكِرَاء"	"كري/NOUN_ABSTRACT"	""	"ة/NSUFF_FEM_SG"	"s"	"f"	"rent"	"location"	"13456"	"646"
"10"	"وحدها"	"وحدها"	"وَحْد"	"وحد/NOUN"	""	"(null)/CASE_DEF_NOM+ها/POSS_PRON_3FS"	"s"	"f"	"alone,only"	"seul,seulement"	"207"	"13"
"10"	"نموت"	"نموت"	"أموت"	"موت/IV"	"n/IV1S"	"(null)/IVSUFF_SUBJ:1S"	"na"	"na"	""	"die"	"883"	"46"
"10"	"فاتك"	"فاتك"	"فاتَ"	"فات/PV"	""	"(null)/PVSUFF_SUBJ:3MS+ك/PVSUFF_DO:2MS"	"na"	"na"	"surpass"	"dépasser"	"9584"	"440"
"10"	"قناة"	"قناة"	"قَناة"	"قنا/NOUN_ABSTRACT"	""	"ة/NSUFF_FEM_SG"	"s"	"f"	"channel"	"canal"	"5075"	"266"
"10"	"يدير"	"يدير"	"فَعَل"	"دير/IV"	"y/IV3MS"	"(null)/IVSUFF_SUBJ: 3MS"	"na"	"na"	""	"do,conduct"	"1689"	"82"
"10"	"صغيرة"	"صغيرة"	"صَغِيرة"	"صغير/ADJ_QUALIT"	""	"ة/NSUFF_FEM_SG"	"s"	"f"	"small_young"	"petit__jeune"	"3304"	"193"
"10"	"فات"	"فات"	"فاتَ"	"فات/PV"	""	"(null)/PVSUFF_SUBJ:3MS"	"na"	"na"	""	"expire;go_by;pass_by"	"2144"	"99"
"10"	"عايش"	"عايش"	"عائِش"	"عايش/NOUN_ACTIVE_PART"	""	""	"s"	"m"	"living"	"vivant"	"1387"	"70"
"10"	"صغار"	"صغار"	"صِغَار"	"صغار/ADJ_QUALIT"	""	"(null)/CASE_DEF_GEN"	"bp"	"m"	"children"	"enfants"	"1076"	"57"
"10"	"راسي"	"راسي"	"رَأْس"	"راس/NOUN_CONCRETE"	""	"ي/POSS_PRON"	"s"	"m"	"head"	"tête"	"3138"	"181"
"9"	"عرس"	"عرس"	"عُرْس"	"عرس/NOUN_ABSTRACT"	""	"(null)/CASE_INDEF_(ACC_GEN)"	"s"	"m"	"wedding"	"marriage"	"3192"	"187"
"9"	"ولات"	"ولات"	"صَار"	"ولا/PV"	""	"ت/PV SUFF_SUBJ :3FS"	"na"	"na"	""	"become;begin_to"	"491"	"30"
"9"	"كلش"	"كلش"	"كُلّشَيْء"	"كلش/NOUN_ABSTRACT"	""	"(null)/CASE_INDEF_(ACC_GEN)"	"s"	"m"	""	"everything,"	"535"	"31"
"9"	"طلع"	"طلع"	"طَلَعَ"	"طلع/PV"	""	"(null)/PV SUFF_SUBJ :3MS"	"na"	"na"	"go_up"	"monter"	"1915"	"90"
"9"	"مك"	"مك"	"أُمّك"	"م/NOUN_CONCRETE"	""	"ك/POSS_PRON"	"s"	"f"	"mother"	"mère"	"20509"	"933"
"9"	"ماكنش"	"ما_كنش"	"ماكان"	"كن/PV"	"mA/NEG_PART"	"ش/NEG_PART"	"na"	"na"	"was,were"	"était,_étaient"	"866"	"46"
"9"	"قالولي"	"قالولي"	"قَال"	"قال/PV"	""	"و/PVSUFF_SUBJ:3MP+ل/PREP+ي/POSS_PRON"	"na"	"na"	"said"	"dire"	"3984"	"220"
"9"	"تلقى"	"تلقى"	"تَجِد"	"تلقى/IV"	""	"(null)/IVSUFF_SUBJ : 2MS"	"na"	"na"	"find"	"trouver"	"9392"	"431"
"9"	"خرجت"	"خرجت"	"خَرَج"	"خرج/PV"	""	"ت/PV SUFF_SUBJ :1S"	"na"	"na"	"go_out"	"sortir"	"719"	"39"
"9"	"شيرات"	"شيرات"	"البَنَات"	"شير/NOUN_ABSTRACT"	""	"ات/NSUFF_FEM_PL"	"s"	"m"	""	"girls"	"2830"	"152"
"9"	"دونك"	"دونك"	"إذن"	"دونك/FOREIGN"	""	""	"na"	"na"	"so"	"donc"	"5295"	"273"
"9"	"وحدين"	"وحدين"	"أَشْخَاص"	"وحد/NOUN"	""	"ين/NSUFF_MASC_PL_GEN"	"sp"	"m"	"some_people"	"certaines_personnes"	"5266"	"273"
"9"	"تفضل"	"تفضل"	"تَفَضَّل"	"تفضل/CV"	""	"(null)/CVSUFF_SUBJ :2MS"	"na"	"na"	"come_in"	"entrez"	"13172"	"637"
"9"	"كيراك"	"كيراك"	"كِيفحَالَك"	"را/PRESENT_PART"	"ky/INTERROG"	"ك/POSS_PRON"	"na"	"na"	"how_are_you-doing?"	"Comment_allez_vous?"	"1482"	"73"
"9"	"منها"	"منها"	"مِن"	"من/PREP"	""	"ها/PRON_3FS"	"na"	"na"	"from"	"de"	"265"	"17"
"9"	"لكم"	"لكم"	"لَكُم"	"ل/PREP"	""	"كم/PRON_2MP"	"na"	"na"	""	"to;for_+_you_[masc.pl.]_(you_have)"	"11078"	"557"
"9"	"نفهمك"	"نفهمك"	"فَهَّمَ"	"فهم/IV"	"n/IV1S"	"(null)/IVSUFF_SUBJ:1S+ك/IVSUFF_DO:2MS"	"na"	"na"	"understand"	"comprendre"	"11891"	"591"
"9"	"مول"	"مول"	"صاحِب"	"مول/NOUN_ABSTRACT"	""	""	"s"	"m"	"owner"	"propriétaire"	"1547"	"75"
"9"	"نزيد"	"نزيد"	"أَضَافَ"	"زيد/IV"	"n/IV1S"	"(null)/IVSUFF_SUBJ:1S"	"na"	"na"	"add"	"ajouter"	"2580"	"135"
"9"	"نخدم"	"نخدم"	"أَعْمَل"	"خدم/IV"	"n/IV1S"	"(null)/IVSUFF_SUBJ:1S"	"na"	"na"	"work"	"travail"	"3010"	"168"
"9"	"بلع"	"بلع"	"اصمت"	"بلع/CV"	""	"(null)/CVSUFF_SUBJ :2MS"	"na"	"na"	"shut_your_mouth"	"ferme_ta_bouche"	"12993"	"633"
"9"	"فرونسي"	"فرونسي"	"فَرِنْسِي"	"فرونسي/FOREIGN"	""	""	"s"	"m"	"French"	"Français"	"1849"	"88"
"9"	"شاه"	"شاه"	"مَاذاهو"	"شا/INTERROG_PART"	""	"ه/POSS_PRON"	"na"	"na"	"what"	"quoi"	"9333"	"428"
"9"	"شعب"	"شعب"	"الشَعْب"	"شعب/NOUN_ABSTRACT"	""	"(null)/CASE_INDEF_(ACC_GEN)"	"cp"	"m"	"people,nation"	"peuple"	"1979"	"93"
"9"	"تالية"	"تالية"	"الأخيرة"	"تالي/NOUN_ACTIVE_PART"	""	"ة/NSUFF_FEM_SG+(null)/CASE_INDEF_(ACC_GEN)"	"s"	"f"	"last"	"le_dernier"	"3438"	"198"
"9"	"بيان"	"بيان"	"جَيِّد"	"بيان/FOREIGN"	""	""	"na"	"na"	"good"	"bien"	"3529"	"202"
"9"	"بلاصة"	"بلاصة"	"مَكَان"	"بلاص/FOREIGN"	""	"ة/NSUFF_FEM_SG"	"s"	"f"	"place"	"place"	"6958"	"351"
"8"	"بيا"	"بيا"	"بِي"	"بي/PREP"	""	"ا/POSS_PRON"	"na"	"na"	"with"	"avec"	"13759"	"656"
"8"	"جزايري"	"جزايري"	"جَزائِرِيّ"	"جزاير/NOUN_RELATIVE"	""	"ي/RELATIVE_YA"	"s"	"m"	"Algerian"	"Algérien"	"2474"	"122"
"8"	"بروبلام"	"بروبلام"	"مُشْكِل"	"بروبلام/FOREIGN"	""	""	"na"	"na"	"problem"	"problème"	"3108"	"179"
"8"	"كيف"	"كيف"	"مِثْل"	"كيف/NOUN_ABSTRACT"	""	""	"na"	"na"	"as"	"comme"	"12433"	"612"
"8"	"حال"	"حال"	"حَال"	"حال/NOUN_ABSTRACT"	""	"(null)/CASE_INDEF_(ACC_GEN)"	"na"	"na"	""	"day"	"90"	"7"
"8"	"يسلمك"	"يسلمك"	"يُسَلِم"	"سلم/IV"	"y/IV3MS"	"(null)/IVSUFF_SUBJ: 3MS +ك/IVSUFF_DO:2MS"	"na"	"na"	"thank_you"	"remercie"	"2946"	"161"
"8"	"بلعي"	"بلع"	"اصمت"	"بلع/CV"	""	"(null)/CVSUFF_SUBJ :2MS"	"na"	"na"	"shut_your_mouth"	"ferme_ta_bouche"	"19007"	"876"
"8"	"بون"	"بون"	"حسنا"	"بون/FOREIGN"	""	""	"na"	"na"	"well"	"bon"	"993"	"51"
"8"	"كاينة"	"كاينة"	"هُناكَ"	"كاين/NOUN_ACTIVE_PART"	""	"ة/NSUFF_FEM_SG"	"s"	"f"	"There_is"	"il_y_a"	"11721"	"585"
"8"	"عريس"	"عريس"	"العَرِيس"	"عريس/NOUN_CONCRETE"	""	""	"s"	"m"	"the_groom"	"le_marié"	"8774"	"414"
"8"	"هيا"	"هيا"	"هِيَ"	"هيا/PRON_3FS"	""	""	"s"	"f"	"it,she"	"il,elle"	"5017"	"263"
"8"	"للبحر"	"للبحر"	"البَحر"	"بحر/NOUN_CONCRETE"	"l/PREP+l/DET"	"(null)/CASE_DEF_GEN"	"s"	"m"	"sea"	"mer"	"1436"	"71"
"8"	"يهدروا"	"يهدروا"	"يَتَكَلَّم"	"هدر/IV"	"y/IV3MP"	"وا/IVSUFF_SUBJ:MP_MOOD:SJ"	"na"	"na"	"speak"	"parler"	"5414"	"279"
"8"	"نعرف"	"نعرف"	"عَرَفَ"	"عرف/IV"	"n/IV1S"	"(null)/IVSUFF_SUBJ:1S"	"sp"	"m"	"know"	"connais"	"11250"	"566"
"8"	"تشوفي"	"تشوفي"	"شَافَ"	"شوف/IV"	"t/IV2FS"	"ي/IVSUFF_SUBJ:2FS"	"na"	"na"	"see"	"voir"	"7785"	"378"
"8"	"سبع"	"سبع"	"الأَسَد"	"سبع/NOUN_CONCRETE"	""	""	"s"	"m"	"lion"	"lion"	"15522"	"722"
"8"	"مكان"	"مكان"	"كَان"	"كان/PV"	"m/NEG_PART"	"(null)/PV SUFF_SUBJ :3MS"	"na"	"na"	""	"be,was,were"	"799"	"43"
"8"	"بزوز"	"بزوز"	"بَزْر(أطْفَالالصِغَار)"	"بزوز/NOUN_CONCRETE"	""	""	"sp"	"m"	"kids"	"les_enfants"	"7125"	"355"
"8"	"يقولوا"	"يقولوا"	"قالَ"	"قول/IV"	"y/IV3MP"	"وا/IVSUFF_SUBJ:3MP"	"na"	"na"	"say,_tell"	"dire"	"355"	"22"
"8"	"مساكين"	"مساكين"	"مِسْكِين"	"مساك/ADJ_INTENS"	""	"ين/NSUFF_MASC_PL_GEN"	"bp"	"m"	"poor,_miserable"	"pauvre,_misérable"	"8442"	"402"
"8"	"جايين"	"جايين"	"قَادِمِين"	"جاي/NOUN_ACTIVE_PART"	""	"ين/NSUFF_MASC_PL_GEN"	"sp"	"m"	"come"	"venir"	"11112"	"558"
"8"	"باينة"	"باينة"	"وَاضِحَة"	"باين/NOUN_ACTIVE_PART"	""	"ة/NSUFF_FEM_SG"	"s"	"f"	"obvious,_clear"	"évidente,_claire"	"2857"	"154"
"8"	"تقولي"	"تقول"	"تَقُول"	"قول/IV"	"t/IV2MS"	"(null)/IVSUFF_SUBJ : 2MS"	"na"	"na"	"say"	"dire"	"3721"	"209"
"8"	"باغيين"	"باغيين"	"رَاغِب"	"باغي/NOUN_ACTIVE_PART"	""	"ين/NSUFF_MASC_PL_ACC"	"sp"	"m"	"want,desire"	"vouloir"	"4411"	"238"
"8"	"يقولك"	"يقولك"	"يَقُوللك"	"قول/IV"	"y/IV3MS"	"(null)/IVSUFF_SUBJ: 3MS +ل/PREP+ك/POSS_PRON"	"na"	"na"	"say,_tell"	"dire"	"1107"	"57"
"8"	"نخاف"	"نخاف"	"أخَاف"	"خاف/IV"	"n/IV1S"	"(null)/IVSUFF_SUBJ:1S"	"na"	"na"	"be_scared,be_worried_(of)"	"avoir_peur,_s'inquiéter_(de)"	"2838"	"152"
"8"	"نخرج"	"نخرج"	"خَرَجَ"	"خرج/IV"	"n/IV1S"	"(null)/IVSUFF_SUBJ:1S"	"na"	"na"	"go_out,_leave"	"sortir,_partir"	"4490"	"242"
"8"	"لنا"	"لنا"	"لِ"	"ل/PREP"	""	"نا/PRON_1P"	"na"	"na"	"to,_for_+_us"	"à,_pour_nous"	"16550"	"771"
"8"	"نقعد"	"نقعد"	"أقعَدُ"	"قعد/IV"	"n/IV1S"	"(null)/IVSUFF_SUBJ:1S"	"na"	"na"	"stay"	"rester"	"707"	"39"
"8"	"بنعمي"	"بنعمي"	"ياإلهي"	"بنعمي/INTERJ"	""	""	"na"	"na"	"god!"	"mon_dieu"	"75"	"6"
"8"	"سنين"	"سنين"	"سِنّ"	"سن/ADJ_QUALIT"	""	"ين/NSUFF_MASC_PL_ACC"	"sp"	"m"	"teeth"	"les_dents"	"1826"	"87"
"8"	"اسكت"	"اسكت"	"اُسْكُت"	"اسكت/CV"	""	"(null)/CVSUFF_SUBJ :2MS"	"na"	"na"	"Shut_up"	"Fermez-la"	"18068"	"833"
"8"	"يا ا"	"يا"	"يَا"	"يا/VOC_PART"	""	""	"na"	"na"	"oh,you"	"Oh,_vous"	"12328"	"609"
"8"	"قالوله"	"قالوله"	"قَالَ"	"قال/PV"	""	"و/PVSUFF_SUBJ:3MP+ل/PREP+ه/PVSUFF_DO:3MS"	"na"	"na"	"said"	"dire"	"172"	"12"
"8"	"خالتي"	"خالتي"	"خَاَلة"	"خال/NOUN_ACTIVE_PART"	""	"ت/NSUFF_FEM_SG+ي/POSS_PRON"	"s"	"f"	"maternal_aunt"	"tante_maternelle"	"5998"	"315"
"8"	"عشية"	"عشية"	"العَشِيَّة"	"عشي/NOUN_ABSTRACT"	""	"ة/NSUFF_FEM_SG"	"s"	"f"	"evening"	"Soir"	"3610"	"205"
"8"	"ولي"	"ولي"	"اِرْجَع"	"ولي/CV"	""	"(null)/CVSUFF_SUBJ :2MS"	"na"	"na"	"return"	"retourner"	"4900"	"258"
"8"	"خص"	"خص"	"يَحْتَاج"	"خص/PV"	""	"(null)/PV SUFF_SUBJ :3MS"	"na"	"na"	"need"	"avoir_besoin"	"9751"	"459"
"8"	"قضية"	"قضية"	"قَضِيَّة"	"قضي/NOUN_ABSTRACT"	""	"ة/NSUFF_FEM_SG+(null)/CASE_DEF_GEN"	"s"	"f"	"problem"	"problème"	"3265"	"191"
"8"	"عندهم"	"عندهم"	"عِنْد"	"عند/ADV"	""	"هم/POSS_PRON"	"sp"	"m"	"have"	"ont"	"15818"	"737"
"8"	"عليهم"	"عليهم"	"عَلَى"	"علي/PREP"	""	"هم/PRON_3MP"	"na"	"na"	"on_them"	"sur_eux"	"5257"	"272"
"8"	"داها"	"داها"	"أَخَدَ"	"دا/PV"	""	"(null)/PVSUFF_SUBJ:3MS+ها/PVSUFF_DO:3FS"	"na"	"na"	"take"	"prendre"	"163"	"12"
"8"	"دكتور"	"دكتور"	"دُكْتُور"	"دكتور/FOREIGN"	""	"(null)/CASE_DEF_NOM"	"s"	"m"	"doctor"	"docteur"	"9393"	"431"
"8"	"الحمد"	"الحمد"	"حَمْد"	"حمد/GERUND"	"Al/DET"	""	"s"	"m"	"commendation,_praise"	"éloge,_louange"	"6742"	"344"
"8"	"دخلوا"	"دخلو"	"دَمَجَ"	"دخل/PV"	""	"و/PVSUFF_SUBJ:3MP"	"na"	"na"	"to_integrate"	"intégrer"	"25540"	"1164"
"8"	"ادي"	"ادي"	"أَدَّى"	"ادي/CV"	""	"(null)/CVSUFF_SUBJ :2MS"	"na"	"na"	"do"	"faire"	"14411"	"680"
"8"	"غاشي"	"غاشي"	"ناس"	"غاشي/NOUN"	""	""	"sp"	"m"	"people"	"gens"	"98"	"8"
"8"	"حمار"	"حمار"	"حِمَار"	"حمار/NOUN_CONCRETE"	""	"(null)/CASE_DEF_GEN"	"s"	"m"	"donkey"	"âne"	"22000"	"1019"
"8"	"ارواح"	"ارواح"	"تَعَال"	"ارواح/CV"	""	"(null)/CVSUFF_SUBJ :2MS"	"na"	"na"	""	"come,_let's"	"1456"	"72"
"7"	"تبعني"	"تبعني"	"اِتَبَعَ"	"تبع/CV"	""	"(null)/CVSUFF_SUBJ :2MS +ني/CVSUFF_DO :1S"	"na"	"na"	"follow"	"suivre"	"20739"	"955"
"7"	"تقوله"	"تقوله"	"قَال"	"قول/IV"	"t/IV3FS"	"(null)/IVSUFF_SUBJ: 3FS +ه/IVSUFF_DO:3MS"	"na"	"na"	"said"	"dire"	"1204"	"61"
"7"	"نسا"	"نساء"	"نِسَاء"	"نساء/NOUN_CONCRETE"	""	"(null)/CASE_DEF_GEN"	"cp"	"f"	"women"	"femmes"	"8652"	"409"
"7"	"مداري"	"مداري"	"بِالعَادة"	"داري/NOUN_ACTIVE_PART"	"m/PREP"	""	"s"	"m"	"usually"	"d'habitude"	"3094"	"177"
"7"	"بن"	"بن"	"ابْن"	"بن/NOUN_CONCRETE"	""	""	"s"	"m"	"son"	"fils"	"3409"	"197"
"7"	"تلات"	"تلات"	"ثلاث"	"تلات/NOUN_NUM"	""	""	"s"	"f"	"three"	"trois"	"17084"	"793"
"7"	"ماه"	"ماه"	"أُمّ"	"ما/NOUN_CONCRETE"	""	"ه/POSS_PRON"	"s"	"f"	"mother"	"mère"	"450"	"28"
"7"	"سيرتو"	"سيرتو"	"بالأَخَص"	"سيرتو/FOREIGN"	""	""	"na"	"na"	"especially"	"surtout"	"2829"	"152"
"7"	"ديتها"	"ديتها"	"أَخَدَ"	"دي/PV"	""	"ت/PVSUFF_SUBJ:1S+ها/PVSUFF_DO:3FS"	"na"	"na"	"take"	"prendre"	"165"	"12"
"7"	"نشاء"	"نشاء"	"إنشَاء"	"شاء/PV"	"n/OTHER"	"(null)/PVSUFF_SUBJ:3MS"	"na"	"na"	"god_willing"	"Si_Dieu_le_veut"	"3156"	"184"
"7"	"البنت"	"البنت"	"البِنت"	"بنت/NOUN_ABSTRACT"	"Al/DET"	""	"s"	"f"	"daughter"	"fille"	"21303"	"979"
"7"	"صح"	"صح"	"الأهم"	"صح/NOUN_ABSTRACT"	""	""	"s"	"m"	"most_important"	"le_plus_important"	"7587"	"371"
"7"	"صحاب"	"صحاب"	"أَصْحَاب"	"صحاب/GERUND"	""	"(null)/CASE_DEF_GEN"	"sp"	"m"	"friends"	"amis"	"1281"	"64"
"7"	"تليفون"	"تليفون"	"تِليِفُون"	"تليفون/NOUN_INSTRUMENT"	""	"(null)/CASE_INDEF_(ACC_GEN)"	"s"	"m"	"telephone"	"telephone"	"713"	"39"
"7"	"ارواحي"	"ارواحي"	"تَعَالِي"	"ارواح/CV"	""	"ي/CVSUFF_SUBJ : 2FS"	"na"	"na"	"come"	"venir"	"3943"	"218"
"7"	"ماكان"	"ما_كان"	"كَانَ"	"كان/PV"	"mA/NEG_PART"	"(null)/PVSUFF_SUBJ:3MS"	"na"	"na"	"was_not_were-not"	"n'était_pas"	"2699"	"147"
"7"	"ألف"	"ألف"	"اَلْف"	"ألف/NOUN_NUM"	""	""	"cp"	"m"	""	"thousand"	"2008"	"94"
"7"	"تاعكم"	"تاعكم"	"لَكُم"	"تاع/PREP"	""	"كم/POSS_PRON"	"na"	"na"	"to_you"	"à_toi"	"5581"	"284"
"7"	"سمحيلي"	"سمحيلي"	"اعْذُرني"	"سمح/CV"	""	"ي/CVSUFF_SUBJ : 2FS+ل/PREP+ي/POSS_PRON"	"na"	"na"	"excuse_me"	"Excuse_moi"	"2795"	"151"
"7"	"نهدرو"	"نهدرو"	"أَتَكَلَم"	"هدر/IV"	"n/IV1P"	"و/IVSUFF_SUBJ:MP_MOOD:SJ"	"na"	"na"	"speak,talk"	"parler"	"11126"	"559"
"7"	"نقارع"	"نقارع"	"أنْتَظِر"	"قارع/IV"	"n/IV1S"	"(null)/IVSUFF_SUBJ:1S"	"na"	"na"	"wait"	"attendre"	"3065"	"174"
"7"	"تبيع"	"تبيع"	"باعَ"	"بيع/IV"	"t/IV2MS"	"(null)/IVSUFF_SUBJ : 2MS"	"na"	"na"	"sell"	"vendre"	"16618"	"774"
"7"	"يجو"	"يجو"	"يجيئون"	"ج/IV"	"y/IV3MP"	"و/IVSUFF_SUBJ:MP_MOOD:SJ"	"na"	"na"	"come"	"viens"	"675"	"37"
"7"	"فوته"	"فوته"	"تَجَاوَز"	"فوت/CV"	""	"(null)/IVSUFF_SUBJ : 2MS+ه/CVSUFF_DO :3MS"	"na"	"na"	"pass"	"dépasser"	"9586"	"440"
"7"	"تدي"	"تدي"	"تَاْخُد"	"دي/IV"	"t/IV3FS"	"(null)/IVSUFF_SUBJ: 3FS"	"na"	"na"	"take"	"prendre"	"8889"	"417"
"7"	"نار"	"نار"	"نَار"	"نار/NOUN_ABSTRACT"	""	"(null)/CASE_INDEF_(ACC_GEN)"	"s"	"m"	"fire"	"Feu"	"1162"	"59"
"7"	"نقولها"	"نقولها"	"قَالَ"	"قول/IV"	"n/IV1S"	"(null)/IVSUFF_SUBJ:1S+ها/PVSUFF_DO:3FS"	"s"	"m"	"say,tell"	"dire"	"2832"	"152"
"7"	"دوار"	"دوار"	"دُوَّار"	"دوار/NOUN_CONCRETE"	""	""	"s"	"m"	"circular"	"rond"	"8065"	"388"
"7"	"غاديش"	"غاديش"	"سَوفَ"	"غادي/FUT_PART"	""	"ش/NEG_PART"	"na"	"na"	"will"	"sera"	"7023"	"352"
"7"	"ملهيه"	"ملهيه"	"هٌنَاك"	"هيه/ADV"	"ml/PREP"	""	"s"	"m"	"from_there"	"de_là_bas"	"6771"	"344"
"7"	"دورو"	"دورو"	"دَارَ"	"دور/PV"	""	"و/PVSUFF_SUBJ:2MP"	"na"	"na"	"passing"	"passer"	"17061"	"791"
"7"	"نلبس"	"نلبس"	"لَبِس"	"لبس/IV"	"n/IV1S"	"(null)/IVSUFF_SUBJ:1S"	"na"	"na"	"wear"	"porter"	"11430"	"574"
"7"	"بوه"	"بوه"	"أَبُوه"	"بو/NOUN_FIVE"	""	"ه/POSS_PRON"	"s"	"m"	""	"father"	"448"	"28"
"7"	"مسلسل"	"مسلسل"	"مُسَلْسَل"	"مسلسل/NOUN_ABSTRACT"	""	""	"s"	"m"	"serial"	"serie"	"5038"	"264"
"7"	"بيك"	"بيك"	"بِكِي"	"بي/PREP"	""	"ك/POSS_PRON"	"na"	"na"	"with_you"	"avec_toi"	"765"	"42"
"7"	"قالتلها"	"قالتلها"	"قَالَ"	"قال/PV"	""	"ت/PV SUFF_SUBJ :3FS+ل/PREP+ها/POSS_PRON"	"na"	"na"	"said"	"dire"	"2206"	"101"
"7"	"ندخل"	"ندخل"	"دَخَل"	"دخل/IV"	"n/IV1S"	"(null)/IVSUFF_SUBJ:1S"	"na"	"na"	"enter"	"entrer"	"9172"	"425"
"7"	"وخداخور"	"وخداخور"	"وخُدآخَر"	"وخداخور/ADJ_QUALIT"	""	""	"s"	"m"	"other"	"autre"	"1640"	"79"
"7"	"عاد"	"عاد"	"حينَها"	"عاد/CONDITION_PART"	""	""	"na"	"na"	"then,_at_that_time"	"à_ce_moment-là"	"399"	"24"
"7"	"هود"	"هود"	"نَزَلَ"	"هود/PV"	""	"(null)/PV SUFF_SUBJ :3MS"	"na"	"na"	"descend,go"	"descendre,_aller"	"1612"	"78"
"7"	"لرض"	"لرض"	"أرْضٌ"	"لرض/NOUN_CONCRETE"	""	"(null)/CASE_INDEF_(ACC_GEN)"	"s"	"m"	"earth"	"terre"	"1451"	"72"
"7"	"جزايرية"	"جزايرية"	"جَزَائِرِي"	"جزاير/NOUN_RELATIVE"	""	"ي/RELATIVE_YA+ة/NSUFF_FEM_SG"	"s"	"f"	""	"algerian"	"2027"	"95"
"7"	"عايشة"	"عايشة"	"عائِش"	"عايش/NOUN"	""	"ة/NSUFF_FEM_SG"	"s"	"f"	"living;reside"	"vivre;_résider"	"209"	"13"
"7"	"قعدوا"	"قعدوا"	"قَعَدَ"	"قعد/PV"	""	"وا/PVSUFF_DO:3MP"	"na"	"na"	"keep"	"continuer"	"759"	"41"
"7"	"عارفة"	"عارفة"	"عَارِف"	"عارف/NOUN_ACTIVE_PART"	""	"ة/NSUFF_FEM_SG"	"s"	"f"	"knowing"	"connaître"	"2696"	"147"
"7"	"حساب"	"حساب"	"ظَنَّ"	"حساب/PV"	""	"(null)/PV SUFF_SUBJ :3MS"	"na"	"na"	"think"	"penser"	"1474"	"72"
"7"	"عبدقا"	"عبدقا"	"عبدالقادر"	"عبدقا/COMP_NOUN"	""	""	"s"	"m"	"abdelkader"	"Abdelkader"	"6269"	"328"
"7"	"كلب"	"كلب"	"كَلْب"	"كلب/NOUN_CONCRETE"	""	""	"s"	"m"	"dog"	"chien"	"19059"	"878"
"7"	"هديك"	"هديك"	"تِلكَ"	"هديك/DEM_PRON"	""	""	"s"	"f"	"that"	"celui"	"3313"	"194"
"7"	"لازم"	"لازم"	"لازِم"	"لازم/NOUN"	""	""	"s"	"m"	"necessary"	"nécessaire"	"362"	"22"
"7"	"عرب"	"عرب"	"عَرَب"	"عرب/NOUN_RELATIVE"	""	"(null)/CASE_INDEF_GEN"	"sp"	"m"	"Arabs"	"Arabes"	"11105"	"558"
"7"	"يروحوا"	"يروحوا"	"رَاحَ"	"روح/IV"	"y/IV3MP"	"وا/IVSUFF_SUBJ:MP_MOOD:SJ"	"na"	"na"	"go"	"va"	"8744"	"412"
"7"	"راجلي"	"راجلي"	"زَوْجِي"	"راجل/NOUN_ACTIVE_PART"	""	"ي/POSS_PRON"	"s"	"m"	"husband"	"mari"	"6146"	"322"
"7"	"قولي"	"قولي"	"قُولِي"	"قول/CV"	""	"ي/CVSUFF_SUBJ : 2FS"	"na"	"na"	"say;tell"	"dire"	"3145"	"182"
"7"	"المهم"	"المهم"	"الْمُهِمّ"	"مهم/NOUN_ABSTRACT"	"Al/DET"	""	"s"	"m"	"important"	"important"	"1159"	"59"
"7"	"ليا"	"ليا"	"لِي"	"ل/PREP"	""	"يا/POSS_PRON"	"na"	"na"	"to,_for_me"	"pour_moi"	"11728"	"586"
"7"	"طاح"	"طاح"	"وَقَعَ"	"طاح/PV"	""	"(null)/PV SUFF_SUBJ :3MS"	"na"	"na"	"fall_down,_take_place"	"tomber,_avoir_lieu"	"3836"	"213"
"7"	"ولاو"	"ولاو"	"اَصْبَحَ"	"ولا/PV"	""	"و/PVSUFF_SUBJ:3MP"	"na"	"na"	"become"	"devenir"	"25706"	"1167"
"7"	"جينا"	"جينا"	"جَاء"	"جي/PV"	""	"نا/PV SUFF_SUBJ :1P"	"na"	"na"	"come"	"venir"	"4278"	"233"
"7"	"وحده"	"وحده"	"وَحْدَه"	"وحد/NOUN_ABSTRACT"	""	"ه/POSS_PRON"	"s"	"m"	"alone"	"seul"	"10693"	"542"
"6"	"حالة"	"حالة"	"حَالَة"	"حال/NOUN_ABSTRACT"	""	"ة/NSUFF_FEM_SG+(null)/CASE_DEF_GEN"	"s"	"f"	"case"	"cas"	"5907"	"311"
"6"	"شاشرا"	"شاشرا"	"الأَوْلَاد"	"شاشرا/NOUN_ABSTRACT"	""	"(null)/CASE_INDEF_(ACC_GEN)"	"sp"	"m"	"boys"	"garçons"	"10939"	"551"
"6"	"شبانية"	"شبانية"	"عَجوزَة"	"شباني/NOUN"	""	"ة/NSUFF_FEM_SG"	"s"	"f"	"old_lady"	"vieille_dame"	"146"	"10"
"6"	"فليل"	"فليل"	"لَيْل"	"ليل/ADV"	"f/PREP"	""	"s"	"m"	"night;nighttime"	"la_nuit"	"5159"	"269"
"6"	"قلتلك"	"قلتلك"	"قالَ"	"قل/PV"	""	"ت/PVSUFF_SUBJ:1S+ل/PREP+ك/POSS_PRON"	"na"	"na"	"said"	"dis"	"21096"	"971"
"6"	"داري"	"داري"	"دَار"	"دار/NOUN_CONCRETE"	""	"ي/POSS_PRON"	"s"	"f"	"house,home"	"maison"	"2408"	"116"
"6"	"نحكيلكم"	"نحكيلكم"	"حَكَىِ"	"حكي/IV"	"n/IV1S"	"(null)/IVSUFF_SUBJ:1S+ل/PREP+كم/POSS_PRON"	"na"	"na"	"report,tell"	"rapporter,dire"	"3865"	"214"
"6"	"حاي"	"حاي"	"ياالَهِي"	"حاي/INTERJ"	""	""	"na"	"na"	"oh_my_god"	"oh_mon_dieu"	"3407"	"197"
"6"	"تبرادي"	"تبرادي"	"ياويلي"	"تبرادي/INTERJ"	""	""	"s"	"m"	"oh_my_god_!"	"oh_mon_dieu"	"14305"	"676"
"6"	"تو"	"تو"	"كُل"	"تو/FOREIGN"	""	""	"na"	"na"	"all"	"tous"	"5942"	"312"
"6"	"حس"	"حس"	"الصَوت"	"حس/GERUND"	""	"(null)/CASE_INDEF_(ACC_GEN)"	"s"	"m"	"sound,voice"	"son,_voix"	"2885"	"155"
"6"	"سمحلي"	"سمحلي"	"سَمَحَ"	"سمح/CV"	""	"(null)/CVSUFF_SUBJ :2MS +ل/PREP+ي/POSS_PRON"	"na"	"na"	"forgive"	"pardonner"	"5744"	"292"
"6"	"حلوة"	"حلوة"	"مَرَضالسُكَرِي"	"حلو/ADJ_QUALIT"	""	"ة/NSUFF_FEM_SG+(null)/CASE_INDEF_(ACC_GEN)"	"s"	"f"	"diabetics"	"diabétique"	"22096"	"1027"
"6"	"غالية"	"غالية"	"غَالِي"	"غالي/NOUN_ACTIVE_PART"	""	"ة/NSUFF_FEM_SG"	"s"	"m"	"expensive"	"coûteux"	"13772"	"657"
"6"	"عطيها"	"عطيها"	"اُهْرُب"	"عطي/CV"	""	"(null)/CVSUFF_SUBJ :2MS +ها/CVSUFF_DO:3FS"	"na"	"na"	"run"	"courir"	"14544"	"684"
"6"	"نديها"	"نديها"	"أخَدَ"	"دي/IV"	"n/IV1S"	"(null)/IVSUFF_SUBJ:1S+ها/IVSUFF_DO:3FS"	"na"	"na"	"take"	"prendre"	"377"	"23"
"6"	"دخلو"	"دخلو"	"دَخَّل"	"دخل/PV"	""	"و/PVSUFF_SUBJ:2MP"	"na"	"na"	"enter"	"entrer"	"1857"	"88"
"6"	"راس"	"راس"	"رَأْس"	"راس/NOUN_CONCRETE"	""	""	"s"	"m"	"head"	"tête"	"7487"	"368"
"6"	"فرحان"	"فرحان"	"فَرْحَان"	"فرحان/ADJ_QUALIT"	""	"(null)/CASE_INDEF_(ACC_GEN)"	"s"	"m"	""	"cheerful,_delighted"	"586"	"34"
"6"	"كبار"	"كبار"	"كَبِير"	"كبار/ADJ_QUALIT"	""	"(null)/CASE_DEF_NOM"	"bp"	"m"	"big"	"grand"	"3343"	"194"
"6"	"بوها"	"بوها"	"أَبُوها"	"بو/NOUN_FIVE"	""	"ها/POSS_PRON"	"s"	"m"	"father"	"père"	"9062"	"422"
"6"	"دخلت"	"دخلت"	"دَخَلَ"	"دخل/PV"	""	"ت/PVSUFF_SUBJ:1S"	"na"	"na"	"enter"	"entrer"	"235"	"15"
"6"	"فتيتة"	"فتيتة"	"قليلجدا"	"فتيت/NOUN_QUANT"	""	"ة/NSUFF_FEM_SG"	"na"	"na"	"very_little"	"très_peu"	"8189"	"393"
"6"	"فدار"	"فدار"	"الدَّارُ"	"دار/NOUN_CONCRETE"	"f/PREP"	"(null)/CASE_INDEF_(ACC_GEN)"	"s"	"f"	"house,home"	"maison"	"8333"	"399"
"6"	"قلتلها"	"قلت_لها"	"قَالَ"	"قل/PV"	""	"ت/PVSUFF_SUBJ:1S+ل/PREP+ها/PRON_3FS"	"na"	"na"	"said"	"dire"	"215"	"14"
"6"	"بيهم"	"بيهم"	"بِهُم"	"هم/PRON"	"by/PREP"	""	"na"	"na"	"with_them_[masc.pl.]"	"avec_eux_[masc.pl.]"	"12720"	"624"
"6"	"فاهم"	"فاهم"	"فَاهم"	"فاهم/NOUN_ACTIVE_PART"	""	""	"s"	"m"	"understandable"	"compréhensible"	"1394"	"70"
"6"	"نجيبلك"	"نجيبلك"	"أحضر"	"جيب/IV"	"n/IV1S"	"(null)/IVSUFF_SUBJ:1S+ل/PREP+ك/POSS_PRON"	"na"	"na"	"bring"	"apporter"	"3077"	"175"
"6"	"شغل"	"شغل"	"مثلا"	"شغل/CONJ"	""	""	"s"	"m"	""	"like_,_such_as"	"9229"	"426"
"6"	"سردينا"	"سردينا"	"سردين"	"سردينا/FOREIGN"	""	""	"na"	"na"	"sardine"	"sardine"	"6970"	"351"
"6"	"تقد"	"تقد"	"اِسْتَطَاعَ"	"قد/IV"	"t/IV2MS"	"(null)/IVSUFF_SUBJ : 2MS"	"na"	"na"	"can"	"peut"	"5574"	"284"
"6"	"عارف"	"عارف"	"عَارِف"	"عارف/NOUN_ACTIVE_PART"	""	""	"na"	"na"	"know"	"savoir"	"15194"	"708"
"6"	"قرعة"	"قرعة"	"قَارُورَة"	"قرع/NOUN_CONCRETE"	""	"ة/NSUFF_FEM_SG"	"s"	"f"	"bottle"	"bouteille"	"1768"	"85"
"6"	"للجامعة"	"للجامعة"	"الجَامِعَة"	"جامع/NOUN_ACTIVE_PART"	"l/PREP+l/DET"	"ة/NSUFF_FEM_SG+(null)/CASE_DEF_GEN"	"s"	"f"	""	"Université;x;_university"	"3935"	"217"
"6"	"تلاقيت"	"تلاقيت"	"إِلتَقى"	"تلاقي/PV"	""	"ت/PVSUFF_SUBJ:1S"	"na"	"na"	"meet"	"rencontrer"	"112"	"8"
"6"	"طيب"	"طيب"	"تُطبَخعلىالنار"	"طيب/PV"	""	"(null)/PV SUFF_SUBJ :3FS"	"na"	"na"	"cook_on_fire"	"cuire_au_feu"	"7701"	"374"
"6"	"قراية"	"قراية"	"دِراسَة"	"قراي/NOUN_ABSTRACT"	""	"ة/NSUFF_FEM_SG"	"s"	"f"	"studies"	"études"	"3052"	"173"
"6"	"جامي"	"جامي"	"اَبَدًا"	"جامي/FOREIGN"	""	""	"na"	"na"	"never"	"jamais"	"3034"	"171"
"6"	"ديرها"	"ديرها"	"عَمِل"	"دير/CV"	""	"(null)/CVSUFF_SUBJ:2MS+ها/CVSUFF_DO:3FS"	"na"	"na"	""	"do"	"133"	"9"
"6"	"جابك"	"جابك"	"جَلَبَ"	"جاب/PV"	""	"(null)/PV SUFF_SUBJ :3MS+ك/PVSUFF_DO:2MS"	"na"	"na"	"bring"	"amener"	"767"	"42"
"6"	"عمره"	"عمره"	"عُمْر"	"عمر/NOUN_ABSTRACT"	""	"(null)/CASE_DEF_GEN+ه/POSS_PRON_3MS"	"s"	"m"	"life"	"vie"	"12785"	"625"
"6"	"لهم"	"لهم"	"لَ"	"هم/PRON"	"l/PREP"	""	"na"	"na"	"to,_for_+_them"	"à,_pour_eux"	"2326"	"109"
"6"	"لول"	"لول"	"أَوَّل"	"لول/NOUN_NUM"	""	""	"s"	"m"	"first"	"premier"	"6430"	"334"
"6"	"ماغديش"	"ماغديش"	"سَوفَ"	"غدي/FUTUR_PART"	"mA/NEG_PART"	"ش/NEG_PART"	"na"	"na"	"will"	"sera"	"4258"	"231"
"6"	"ليلة"	"ليلة"	"لَيْلَة"	"ليل/ADV"	""	"ة/NSUFF_FEM_SG+(null)/CASE_INDEF_GEN"	"s"	"f"	"night,_evening"	"nuit,_soirée"	"9016"	"421"
"6"	"مرت"	"مرت"	"{ِمْرَأَة"	"مر/NOUN_CONCRETE"	""	"ت/NSUFF_FEM_SG"	"s"	"f"	"wife"	"épouse"	"17617"	"812"
"6"	"كيراكي"	"كيراكي"	"كِيفحَالَكِي"	"را/PRESENT_PART"	"ky/INTERROG"	"كي/POSS_PRON"	"na"	"na"	"how_are_you_doing?"	"Comment_allez_vous?"	"2496"	"123"
"6"	"مرته"	"مرته"	"زَوْجَة"	"مر/NOUN_CONCRETE"	""	"ت/NSUFF_FEM_SG+ه/POSS_PRON"	"s"	"m"	"wife"	"épouse"	"1556"	"76"
"6"	"قارعي"	"قارعي"	"أنْتَظِر"	"قارع/CV"	""	"ي/CVSUFF_SUBJ : 2FS"	"na"	"na"	"wait"	"attendre"	"4340"	"236"
"6"	"علبالك"	"علبالك"	"تَعْرَف"	"بال/NOUN_ABSTRACT"	"El/PREP"	"ك/POSS_PRON"	"na"	"na"	"know"	"connaître"	"2975"	"164"
"6"	"حاسبة"	"حاسبة"	"ظَنَّ"	"حاسب/NOUN_ACTIVE_PART"	""	"ة/NSUFF_FEM_SG"	"s"	"f"	"think"	"penser"	"2094"	"96"
"6"	"خمس"	"خمس"	"خَمْس"	"خمس/NOUN_NUM"	""	"(null)/CASE_DEF_NOM"	"s"	"f"	"five"	"cinq"	"2132"	"98"
"6"	"تحوس"	"تحوس"	"تَبْحَث"	"حوس/IV"	"t/IV3FS"	"(null)/IVSUFF_SUBJ: 3FS"	"na"	"na"	"look_for"	"chercher"	"3928"	"217"
"6"	"روحت"	"روحت"	"ذَهَبَ"	"روح/PV"	""	"ت/PVSUFF_SUBJ:1S"	"na"	"na"	"go"	"partir"	"269"	"18"
"6"	"دنيا"	"دنيا"	"الدُّنْيَا]"	"دنيا/NOUN_ABSTRACT"	""	""	"s"	"f"	"world"	"monde"	"1413"	"70"
"6"	"فيكم"	"فيكم"	"فِيكْم"	"في/PREP"	""	"كم/POSS_PRON"	"na"	"na"	"in_you"	"en_vous"	"5733"	"291"
"6"	"منه"	"منه"	"مِن"	"من/PREP"	""	"ه/POSS_PRON"	"na"	"na"	"of"	"de"	"6436"	"334"
"6"	"دور"	"دور"	"تَمُر"	"دور/IV"	""	"(null)/IVSUFF_SUBJ: 3FS"	"s"	"m"	"pass"	"passer"	"650"	"37"
"6"	"سبحان"	"سبحان"	"سُبْحان"	"سبحان/NOUN_ABSTRACT"	""	""	"s"	"m"	""	"praise"	"579"	"33"
"6"	"ملايير"	"ملايير"	"مَلَايير"	"ملايير/NOUN_ABSTRACT"	""	""	"cp"	"m"	"billion"	"milliard"	"9614"	"441"
"6"	"حياتك"	"حياتك"	"حَيَاة"	"حيا/GERUND"	""	"ت/NSUFF_FEM_SG+ك/POSS_PRON"	"s"	"f"	"life"	"la_vie"	"6999"	"352"
"6"	"زينة"	"زينة"	"حَلاوة"	"زين/ADJ"	""	"ة/NSUFF_FEM_SG"	"s"	"f"	"sweetness"	"douceur"	"15567"	"723"
"6"	"دوروا"	"دورو"	"قِطْعَةنَقْدِية"	"دورو/FOREIGN"	""	""	"s"	"m"	"coin"	"pièce_de_monnaie"	"23881"	"1094"
"6"	"خاطرش"	"خاطرش"	"لأَنَّ"	"خاطرش/SUBJUNC_PART"	""	""	"na"	"na"	"because"	"parce_que"	"6714"	"343"
"6"	"لقا"	"لقا"	"لَقِيَ"	"لقا/PV"	""	"(null)/PV SUFF_SUBJ :3MS"	"na"	"na"	"find"	"trouve"	"1754"	"84"
"6"	"فاتت"	"فاتت"	"فات"	"فات/PV"	""	"ت/SUFF_FEM_TA"	"na"	"na"	"pass_by;go_by"	"passer"	"1148"	"59"
"6"	"متقدش"	"متقدش"	"اِسْتَطَاعَ"	"قد/IV"	"m/NEG_PART+t/IV2MS"	"(null)/IVSUFF_SUBJ : 2MS+ش/NEG_PART"	"na"	"na"	"can"	"peut"	"13153"	"636"
"6"	"النهار"	"النهار"	"النَهَار"	"نهار/NOUN_ABSTRACT"	"Al/DET"	""	"s"	"m"	"daytime_,during_the_day"	"un_jour,_pendant_la_journée"	"1607"	"78"
"6"	"أي"	"أي"	"يَا"	"أي/VOC_PART"	""	""	"na"	"na"	""	"O,_oh"	"11568"	"579"
"6"	"نعاود"	"نعاود"	"عَاوَدَ"	"عاود/IV"	"n/IV1S"	"(null)/IVSUFF_SUBJ:1S"	"na"	"na"	"repeat"	"répéter"	"2478"	"122"
"6"	"يشوف"	"يشوف"	"شاف"	"شوف/IV"	"y/IV3MS"	"(null)/IVSUFF_SUBJ: 3MS"	"na"	"na"	"look"	"voir"	"2491"	"122"
"6"	"الهدرة"	"الهدرة"	"الكَلام"	"هدر/NOUN_ABSTRACT"	"Al/DET"	"ة/NSUFF_FEM_SG"	"s"	"f"	"speech,_talking"	"discours,_parler"	"721"	"39"
"6"	"اسمعي"	"اسمعي"	"إسْمَعي"	"اسمع/CV"	""	"ي/CVSUFF_SUBJ : 2FS"	"na"	"na"	"listen"	"ecoute"	"15081"	"704"
"6"	"الحرب"	"الحرب"	"حَرْب"	"حرب/GERUND"	"Al/DET"	"(null)/CASE_DEF_GEN"	"s"	"m"	"war"	"guerre"	"6751"	"344"
"6"	"نوضي"	"نوضي"	"نَهَضَ"	"نوض/CV"	""	"ي/CVSUFF_SUBJ : 2FS"	"na"	"na"	"get_up"	"levé"	"15020"	"701"
"6"	"الجامعة"	"الجامعة"	"جَامِعَة"	"جامع/NOUN_CONCRETE"	"Al/DET"	"ة/NSUFF_FEM_SG"	"s"	"f"	"university"	"Université"	"6523"	"337"
"6"	"الواد"	"الواد"	"وَادِي"	"واد/NOUN_CONCRETE"	"Al/DET"	""	"s"	"m"	"valley"	"vallée"	"9679"	"446"
"6"	"ايه"	"ايه"	"نَعَم"	"ايه/YES_NO_RESP_PART"	""	""	"na"	"na"	"yes"	"oui"	"3947"	"218"
"6"	"نكملو"	"نكملو"	"أَكْمَل"	"كمل/IV"	"n/IV1P"	"و/IVSUFF_SUBJ:MP_MOOD:SJ"	"na"	"na"	"finish"	"finir"	"7874"	"382"
"6"	"هادوك"	"هادوك"	"أولئك"	"هاد/DEM_PRON"	""	"وك/POSS_PRON"	"sp"	"m"	"those"	"ceux"	"4927"	"260"
"6"	"احنا"	"احنا"	"نَحْنُ"	"احنا/PRON"	""	""	"sp"	"m"	""	"we;us"	"21134"	"973"
"6"	"اوك"	"اوك"	"حسنًا"	"اوك/INTERJ"	""	""	"na"	"na"	"okey"	"ok"	"5857"	"307"
"6"	"بنتك"	"بنتك"	"بَنتك"	"بنت/NOUN_ABSTRACT"	""	"ك/POSS_PRON"	"s"	"f"	"daughter"	"fille"	"7224"	"360"
"6"	"هاداك"	"هاداك"	"ذَلِك"	"هاداك/DEM_PRON"	""	""	"s"	"m"	"that_[masc.sg.]"	"ce"	"16379"	"763"
"6"	"بارك"	"بارك"	"مَصَفسيارات"	"بارك/FOREIGN"	""	""	"na"	"na"	"parking"	"parking"	"8493"	"404"
"6"	"اسكتي"	"اسكتي"	"اُسْكُتِي"	"اسكت/CV"	""	"ي/CVSUFF_SUBJ : 2FS"	"na"	"na"	"shut_up"	"tais-toi"	"6299"	"329"
"6"	"ياضرا"	"ياضرا"	"ياترى"	"ياضرا/INTERJ"	""	""	"na"	"na"	"I_wonder_if"	"je_me_demande_si"	"275"	"18"
"6"	"وصلنا"	"وصلنا"	"وَصَلَ"	"وصل/PV"	""	"نا/PVSUFF_SUBJ:1P"	"sp"	"m"	""	"arrivé_à_;reach_at"	"70"	"6"
"6"	"نكونو"	"نكونو"	"كَان"	"كون/IV"	"n/IV1P"	"و/IVSUFF_SUBJ:1P"	"sp"	"m"	"be"	"être"	"5495"	"282"
"6"	"بعض"	"بعض"	"بَعْض"	"بعض/NOUN_ABSTRACT"	""	"(null)/CASE_DEF_GEN"	"s"	"m"	"together"	"ensemble"	"8203"	"393"
"6"	"يقوله"	"يقوله"	"قَال"	"قول/IV"	"y/IV3MS"	"(null)/IVSUFF_SUBJ: 3MS +ه/IVSUFF_DO:3MS"	"na"	"na"	"say,tell"	"dire"	"4880"	"258"
"5"	"حياتي"	"حياتي"	"حَيَاتِي"	"حيا/GERUND"	""	"ت/NSUFF_FEM_SG+ي/POSS_PRON"	"s"	"f"	"my_life"	"ma_vie"	"5873"	"309"
"5"	"مفاتيح"	"مفاتيح"	"مَفَاتِيح"	"مفاتيح/NOUN_INSTRUMENT"	""	""	"bp"	"m"	"keys"	"clés"	"18049"	"832"
"5"	"لمك"	"لمك"	"أُمّ"	"م/NOUN_CONCRETE"	"l/PREP"	"ك/POSS_PRON"	"s"	"f"	"mother"	"mère"	"14506"	"683"
"5"	"درتها"	"درتها"	"فَعَلَها"	"در/PV"	""	"ت/PV SUFF_SUBJ :2MS+ها/PVSUFF_DO:3FS"	"na"	"na"	"did"	"fait"	"4305"	"235"
"5"	"ممثلين"	"ممثلين"	"مُمَثِّلين"	"ممثل/NOUN_ACTIVE_PART"	""	"ين/NSUFF_MASC_PL_GEN"	"sp"	"m"	"actors"	"acteurs"	"5241"	"272"
"5"	"ملاح"	"ملاح"	"لَطِيف"	"ملاح/NOUN"	""	""	"sp"	"m"	"kind"	"sympa"	"129"	"9"
"5"	"حي"	"حي"	"حَيّ"	"حي/ADJ_QUALIT"	""	""	"s"	"m"	"alive"	"vivant"	"9764"	"462"
"5"	"نقيس"	"نقيس"	"يَرْمِي"	"قيس/IV"	"n/IV1S"	"(null)/IVSUFF_SUBJ: 3MS"	"na"	"na"	"throw"	"jeter"	"1906"	"90"
"5"	"فالدار"	"فالدار"	"دَار"	"دار/NOUN_CONCRETE"	"f/PREP+Al/DET"	"(null)/CASE_DEF_NOM"	"s"	"f"	"house"	"maison"	"6443"	"334"
"5"	"نكمل"	"نكمل"	"أَكْمَل"	"كمل/IV"	"n/IV1S"	"(null)/IVSUFF_SUBJ:1S"	"na"	"na"	"finish"	"terminer"	"1740"	"83"
"5"	"جبت"	"جبت"	"جَلبَ"	"جب/PV"	""	"ت/SUFF_FEM_TA"	"na"	"na"	"bring"	"apporter"	"475"	"30"
"5"	"دقايق"	"دقايق"	"دَقِيقَة"	"دقايق/NOUN_ABSTRACT"	""	"(null)/CASE_DEF_GEN"	"bp"	"f"	"minutes"	"minutes"	"2133"	"98"
"5"	"تروحي"	"تروحي"	"رَاحَ"	"روح/IV"	"t/IV2FS"	"ي/IVSUFF_SUBJ:2FS"	"na"	"na"	"go"	"partir"	"4873"	"257"
"5"	"بروحك"	"بروحك"	"نَفْسَك"	"روح/NOUN_ABSTRACT"	"b/PREP"	"ك/POSS_PRON"	"s"	"m"	"toi-même"	"yourself"	"21818"	"1003"
"5"	"هدي"	"هدي"	"هَذِه"	"هدي/DEM_PRON"	""	""	"s"	"f"	"this"	"cette"	"2505"	"124"
"5"	"مور"	"مور"	"وَرَاء"	"ور/ADV"	"m/PREP"	""	"s"	"m"	"after"	"après"	"5654"	"288"
"5"	"دومينو"	"دومينو"	"دومينو"	"دومينو/FOREIGN"	""	""	"na"	"na"	"domino"	"domino"	"2119"	"97"
"5"	"عمي"	"عمي"	"عَمّ"	"عم/GERUND"	""	"ي/POSS_PRON"	"s"	"m"	"paternal_uncle"	"oncle_paternel"	"4747"	"252"
"5"	"يدخل"	"يدخل"	"دَخَل"	"دخل/IV"	"y/IV3MS"	"(null)/IVSUFF_SUBJ: 3MS"	"na"	"na"	"enter"	"entrer"	"1994"	"94"
"5"	"هايا"	"هايا"	"يَا"	"هايا/VOC_PART"	""	""	"na"	"na"	"oh"	"oh"	"2550"	"130"
"5"	"يدوها"	"يدوها"	"أخَدَ"	"د/IV"	"y/IV3MP"	"و/IVSUFF_SUBJ:MP_MOOD:SJ+ها/IVSUFF_DO:3FS"	"na"	"na"	"take"	"prendre"	"6206"	"325"
"5"	"عيدان"	"عيدان"	"عِيدان"	"عيدان/NOUN_INSTRUMENT"	""	""	"sp"	"m"	"chopsticks"	"baguettes"	"23502"	"1083"
"5"	"نقولو"	"نقولو"	"قَال"	"قول/IV"	"n/IV1P"	"و/IVSUFF_SUBJ:1P"	"na"	"na"	"say"	"dire"	"11545"	"578"
"5"	"يدك"	"يدك"	"يَدك"	"يد/NOUN_CONCRETE"	""	"ك/POSS_PRON+(null)/CASE_DEF_GEN"	"s"	"f"	"hand"	"main"	"14447"	"681"
"5"	"يدخلو"	"يدخلو"	"دَخَل"	"دخل/IV"	"y/IV3MP"	"و/IVSUFF_SUBJ:MP_MOOD:SJ"	"na"	"na"	"enter"	"entrer"	"6590"	"339"
"5"	"حنايا"	"حنايا"	"نَحن"	"حنايا/PRON"	""	""	"na"	"na"	"we,us"	"nous"	"2538"	"128"
"5"	"مهبول"	"مهبول"	"مجنون"	"مهبول/ADJ_QUALIT"	""	""	"s"	"m"	"insane"	"fou"	"2071"	"95"
"5"	"لهجة"	"لهجة"	"لَهْجَة"	"لهج/NOUN_ABSTRACT"	""	"ة/NSUFF_FEM_SG"	"s"	"f"	"dialect"	"dialect"	"11102"	"557"
"5"	"معسكري"	"معسكري"	"معسكري"	"معسكر/NOUN_RELATIVE"	""	"ي/RELATIVE_YA"	"s"	"m"	""	"people_of_mascara"	"1675"	"81"
"5"	"خاطرك"	"خاطرك"	"خَاطِر(نَفس)"	"خاطر/NOUN_ACTIVE_PART"	""	"ك/POSS_PRON"	"s"	"m"	"mind,_feeling,_wish"	"esprit,_sentiment,_souhait"	"19140"	"881"
"5"	"وما"	"وما"	"مَا"	"ما/NEG_PART"	"w/CONJ"	""	"na"	"na"	""	"not"	"1296"	"65"
"5"	"فور"	"فور"	"رائعة"	"فور/FOREIGN"	""	""	"na"	"na"	"great"	"génial"	"1139"	"59"
"5"	"فيديو"	"فيديو"	"فِيدْيُو"	"فيديو/FOREIGN"	""	""	"s"	"m"	""	"video"	"11083"	"557"
"5"	"خلينا"	"خلينا"	"خَلَّى"	"خلي/CV"	""	"(null)/CVSUFF_SUBJ :2MS +نا/CVSUFF_DO:1P"	"na"	"na"	"let"	"laisser"	"16649"	"776"
"5"	"تكوني"	"تكوني"	"كان"	"كون/IV"	"t/IV2FS"	"ي/IVSUFF_SUBJ:2FS"	"na"	"na"	"is,_are"	"est,sont"	"4300"	"234"
"5"	"فينا"	"فينا"	"فِي"	"في/PREP"	""	"نا/PRON_1P"	"na"	"na"	"in"	"chez"	"2527"	"127"
"5"	"نولو"	"نولو"	"رَجَعَ"	"ول/IV"	"n/IV1P"	"و/IVSUFF_SUBJ:MP_MOOD:SJ"	"na"	"na"	"go_back"	"retourner"	"7558"	"369"
"5"	"نورمالمون"	"نورمالمون"	"منالمَفْرُوض"	"نورمالمون/FOREIGN"	""	""	"na"	"na"	"normally"	"normalment"	"13082"	"635"
"5"	"باغيني"	"باغيني"	"رَاغِب"	"باغي/NOUN_ACTIVE_PART"	""	"ني/POSS_PRON"	"s"	"m"	"want,desire"	"vouloir"	"1923"	"90"
"5"	"خطاش"	"خطاش"	"لأَنَّ"	"خطاش/SUBJUNC_PART"	""	""	"na"	"na"	"because"	"car"	"5476"	"282"
"5"	"تلقاه"	"تلقاه"	"تَجِد"	"لقا/IV"	"t/IV2MS"	"(null)/IVSUFF_SUBJ : 2MS+ه/IVSUFF_DO:3MS"	"na"	"na"	"find"	"trouver"	"6518"	"337"
"5"	"تلقاها"	"تلقاها"	"لَقِيَ"	"لقا/IV"	"t/IV2MS"	"(null)/IVSUFF_SUBJ : 2MS+ها/IVSUFF_DO:3FS"	"na"	"na"	"find"	"trouver"	"135"	"9"
"5"	"يبارك"	"يبارك"	"بَارَك"	"بارك/IV"	"y/IV3MS"	"(null)/IVSUFF_SUBJ: 3MS"	"na"	"na"	"bless;congratulate"	"bénir;_féliciter"	"13228"	"640"
"5"	"ماتش"	"ماتش"	"مباراة"	"ماتش/FOREIGN"	""	""	"s"	"m"	"match"	"match"	"1090"	"57"
"5"	"هات"	"هات"	"أعطني"	"هات/CV"	""	"(null)/CVSUFF_SUBJ :2MS"	"na"	"na"	"bring,give"	"apporter,_donner"	"21027"	"968"
"5"	"تمشي"	"تمشي"	"مَشَى"	"مش/IV"	"t/IV2FS"	"ي/IVSUFF_SUBJ:2FS"	"na"	"na"	"walk"	"marcher"	"10644"	"539"
"5"	"مالها"	"مالها"	"مابِهَا"	"ما/INTERROG_PART"	""	"ل/PREP+ها/POSS_PRON"	"s"	"f"	""	"qu'est-ce_qui_ne_va_pas_avec_elle_?_x;_what's_wrong_with_her?"	"10459"	"530"
"5"	"قتلهم"	"قتلهم"	"قَالَ"	"قت/PV"	""	"(null)/PVSUFF_SUBJ:1S+ل/PREP+هم/POSS_PRON_3MP"	"na"	"na"	"said"	"dire"	"414"	"25"
"5"	"ليام"	"ليام"	"أيْام"	"يام/NOUN_ABSTRACT"	"l/DET"	"(null)/CASE_DEF_GEN"	"sp"	"m"	"days"	"jours"	"653"	"37"
"5"	"فهمتني"	"فهمتني"	"فَهِم"	"فهم/PV"	""	"ت/PVSUFF_SUBJ:2FS +ني/PVSUFF_DO:1S"	"na"	"na"	"understand"	"compris"	"14376"	"679"
"5"	"معنتها"	"معنتها"	"معناتها"	"معن/NOUN_ABSTRACT"	""	"ت/NSUFF_FEM_SG+ها/POSS_PRON"	"na"	"na"	"means"	"veut_dire"	"1169"	"59"
"5"	"خاطش"	"خاطش"	"لِأَنَّ"	"خاطش/SUBJUNC_PART"	""	""	"na"	"na"	"because"	"parce_que"	"896"	"47"
"5"	"لو"	"لو"	"ال"	"لو/FOREIGN"	""	""	"na"	"na"	"the"	"le"	"3650"	"206"
"5"	"ميرسي"	"ميرسي"	"شُكْرَا"	"ميرسي/FOREIGN"	""	""	"na"	"na"	"thank_you"	"merci"	"5485"	"282"
"5"	"الطريق"	"الطريق"	"طَرِيق"	"طريق/NOUN"	"Al/DET"	"(null)/CASE_DEF_GEN"	"s"	"m"	"road,_way"	"route"	"51"	"4"
"5"	"يحوس"	"يحوس"	"يُرِيد"	"حوس/IV"	"y/IV3MS"	"(null)/IVSUFF_SUBJ: 3MS"	"na"	"na"	""	"search,want"	"779"	"42"
"5"	"دايرين"	"دايرين"	"فَاعِل"	"داير/NOUN_ACTIVE_PART"	""	"ين/NSUFF_MASC_PL_ACC"	"na"	"na"	"do"	"faire"	"2892"	"155"
"5"	"يحفظك"	"يحفظك"	"حَفِظَ"	"حفظ/IV"	"y/IV3MS"	"(null)/IVSUFF_SUBJ: 3MS +ك/IVSUFF_DO:2MS"	"na"	"na"	"protect"	"proteger"	"13453"	"646"
"5"	"مزية"	"مزية"	"لِحسنالحظ"	"مزي/NOUN_ABSTRACT"	""	"ة/NSUFF_FEM_SG"	"s"	"f"	"Fortunately"	"Heureusement"	"892"	"47"
"5"	"يحفظ"	"يحفظ"	"حَفِظَ"	"حفظ/IV"	"y/IV3MS"	"(null)/IVSUFF_SUBJ: 3MS"	"na"	"na"	"protect"	"proteger"	"29176"	"1289"
"5"	"مرقة"	"مرقة"	"مَرَق"	"مرق/NOUN_CONCRETE"	""	"ة/NSUFF_FEM_SG"	"s"	"f"	"broth,_gravy"	"bouillon,_sauce"	"7752"	"376"
"5"	"الحال"	"الحال"	"حال"	"حال/NOUN_ABSTRACT"	"Al/DET"	"(null)/CASE_DEF_GEN"	"s"	"m"	"situation;condition"	"situation;état"	"17899"	"826"
"5"	"مرتك"	"مرتك"	"زَوْجَة"	"مر/NOUN_ABSTRACT"	""	"ت/NSUFF_FEM_SG+ك/POSS_PRON"	"s"	"f"	"wife"	"epouse"	"2021"	"95"
"5"	"تقبل"	"تقبل"	"قَبِلَ"	"قبل/IV"	"t/IV3FS"	"(null)/IVSUFF_MOOD:S"	"na"	"na"	"accept"	"accepter"	"392"	"24"
"5"	"قدام"	"قدام"	"قُدّام"	"قدام/GERUND"	""	""	"na"	"na"	"in_front_of"	"devant"	"3715"	"209"
"5"	"خيما"	"خيما"	"خَيرما(إِلّا)"	"خيما/EXCEPT_PART"	""	""	"na"	"na"	"or_else"	"sinon"	"14415"	"680"
"5"	"هاكي"	"هاكي"	"خُذ"	"هاك/ADV"	""	"ي/POSS_PRON"	"na"	"na"	"take"	"prendre"	"19099"	"879"
"5"	"يخرج"	"يخرج"	"يَخْرًج"	"خرج/IV"	"y/IV3MS"	"(null)/IVSUFF_SUBJ: 3MS"	"na"	"na"	"leave"	"partir"	"1016"	"52"
"5"	"ودي"	"ودي"	"يا"	"ودي/INTERJ"	""	"(null)/CASE_INDEF_GEN"	"na"	"na"	"oh"	"oh"	"2713"	"148"
"5"	"مادم"	"مادم"	"سَيِدَتِي"	"مادم/FOREIGN"	""	""	"s"	"f"	"madam"	"madame"	"10463"	"530"
"5"	"تالي"	"تالي"	"الأخير"	"تالي/NOUN_ACTIVE_PART"	""	"(null)/CASE_INDEF_(ACC_GEN)"	"s"	"m"	"last"	"le_dernier"	"2526"	"127"
"5"	"أرواحي"	"أرواحي"	"تَعَال"	"أرواح/CV"	""	"ي/CVSUFF_SUBJ : 2FS"	"na"	"na"	""	"come"	"27916"	"1237"
"5"	"بغا"	"بغا"	"بغَى"	"بغا/PV"	""	"(null)/PV SUFF_SUBJ :3MS"	"na"	"na"	"want,_love"	"vouloir"	"1888"	"90"
"5"	"بعضهم"	"بعضهم"	"بَعْض"	"بعض/NOUN_ABSTRACT"	""	"(null)/CASE_DEF_ACC+هم/POSS_PRON_3MP"	"sp"	"m"	"some,_several"	"certains,_plusieurs"	"11795"	"587"
"5"	"نقولكم"	"نقولكم"	"قَال"	"قول/IV"	"n/IV1S"	"(null)/IVSUFF_SUBJ:1S+كم/IVSUFF_DO :2MP"	"na"	"na"	"say"	"dire"	"21676"	"991"
"5"	"روحها"	"روحها"	"رُوح"	"روح/NOUN_ABSTRACT"	""	"ها/POSS_PRON"	"s"	"f"	"self"	"soi"	"4294"	"233"
"5"	"كلام"	"كلام"	"كَلام"	"كلام/NOUN_ABSTRACT"	""	"(null)/CASE_DEF_NOM"	"s"	"m"	"speech,_talk"	"discours,_parler"	"709"	"39"
"5"	"تاعش"	"تاعش"	"أَيّ"	"تاعش/INTERROG_PRON"	""	""	"na"	"na"	"which"	"quel"	"3267"	"191"
"5"	"نعطيكم"	"نعطيكم"	"أَعْطَى"	"عطي/IV"	"n/IV1P"	"(null)/IVSUFF_SUBJ:1S+كم/IVSUFF_DO :2MP"	"na"	"na"	"give"	"donner"	"25954"	"1174"
"5"	"جو"	"جو"	"أنا"	"جو/FOREIGN"	""	""	"na"	"na"	"I"	"je"	"6220"	"325"
"5"	"كوارا"	"كوارا"	"عربة"	"كوارا/FOREIGN"	""	""	"s"	"m"	"carts"	"chariots"	"26563"	"1198"
"5"	"نعيش"	"نعيش"	"عَاش"	"عيش/IV"	"n/IV1S"	"(null)/IVSUFF_SUBJ:1S"	"na"	"na"	"live"	"vivre"	"528"	"31"
"5"	"نحكي"	"نحكي"	"حَكَى"	"حكي/IV"	"n/IV1S"	"(null)/IVSUFF_SUBJ:1S"	"na"	"na"	"tell,_talk"	"discuter,_parler"	"16762"	"779"
"5"	"يظلوا"	"يظلوا"	"ظَلَّ"	"ظل/IV"	"y/IV3MP"	"وا/IVSUFF_SUBJ:MP_MOOD:SJ"	"na"	"na"	"Still,Stay"	"Encore,_reste"	"12316"	"608"
"5"	"بو"	"بو"	"نَ"	"بو/FOREIGN"	""	""	"na"	"na"	"Well"	"bon"	"5705"	"290"
"5"	"شحال"	"شحال"	"شيءعالٍ(كَم)"	"شحال/INTERROG_PART"	""	""	"na"	"na"	"how_much"	"combien"	"1620"	"78"
"5"	"نخلطو"	"نخلطو"	"خَلَطَ"	"خلط/IV"	"n/IV1P"	"و/IVSUFF_SUBJ:MP_MOOD:SJ"	"na"	"na"	"mélange"	"mixer"	"7656"	"373"
"5"	"حتا"	"حتى"	"حَتَّى"	"حتى/PREP"	""	""	"na"	"na"	"until,up_to"	"jusqu'à"	"8399"	"401"
"5"	"بنات"	"بنات"	"بِنْت"	"بن/NOUN_CONCRETE"	""	"ات/NSUFF_FEM_PL+(null)/CASE_INDEF_GEN"	"sp"	"f"	"daughters,_girls"	"fille"	"9616"	"441"
"5"	"صاي"	"صاي"	"يَكْفِي!"	"صاي/INTERJ"	""	""	"na"	"na"	"that's_enough"	"Ça_suffit!"	"2082"	"96"
"5"	"كيلو"	"كيلو"	"كِيلُو"	"كيلو/FOREIGN"	""	""	"s"	"m"	"kilo,_kilogram"	"kilo,_kilogramme"	"8148"	"392"
"5"	"نزيدو"	"نزيدو"	"أَضَافَ"	"زيد/IV"	"n/IV1P"	"و/IVSUFF_SUBJ:MP_MOOD:SJ"	"na"	"na"	"add"	"ajouter"	"7545"	"369"
"5"	"بوكو"	"بوكو"	"كَثِيرًا"	"بوكو/FOREIGN"	""	""	"na"	"na"	"a_lot"	"beaucoup"	"25885"	"1172"
"5"	"يكري"	"يكري"	"يَسْتَأجر"	"كري/IV"	"y/IV3MS"	"(null)/IVSUFF_SUBJ: 3MS"	"na"	"na"	"rent_out"	"louer"	"13528"	"649"
"5"	"بولبو"	"بولبو"	"أخطبوط"	"بولبو/FOREIGN"	""	""	"s"	"m"	"octopus"	"poulpe"	"14382"	"679"
"5"	"حتي"	"حتى"	"حَتَّى"	"حتى/PREP"	""	""	"na"	"na"	"until,up_to"	"jusqu'à"	"6446"	"334"
"5"	"شفتني"	"شفتني"	"شَفِقَ"	"شف/PV"	""	"ت/PV SUFF_SUBJ :3FS+ني/PVSUFF_DO:1S"	"na"	"na"	"pity"	"fais_pitier"	"149"	"10"
"5"	"واحدة"	"واحدة"	"وَاحدة"	"واحد/NOUN_NUM"	""	"ة/NSUFF_FEM_SG+(null)/CASE_INDEF_(ACC_GEN)"	"s"	"f"	"one,_someone"	"un,_quelqu'un"	"1150"	"59"
"5"	"حد"	"حد"	"أَحَد"	"حد/NOUN_CONCRETE"	""	"(null)/CASE_INDEF_(ACC_GEN)"	"s"	"u"	""	"no_one,_nobody"	"381"	"23"
"5"	"نديروا"	"نديروا"	"تَفعَل"	"دير/CV"	"n/IV1P"	"وا/IVSUFF_SUBJ:MP_MOOD:SJ"	"na"	"na"	"do"	"faire"	"4031"	"221"
"5"	"جيبيلي"	"جيبيلي"	"جَلبَ"	"جيب/CV"	""	"ي/CVSUFF_SUBJ : 2FS+ل/PREP+ي/POSS_PRON"	"na"	"na"	"bring"	"amener"	"10438"	"529"
"5"	"كيفكيف"	"كيفكيف"	"مِثْلالبَعْض"	"كيفكيف/NOUN_ABSTRACT"	""	""	"s"	"m"	"the_same"	"pareil"	"22386"	"1038"
"5"	"لافامي"	"لافامي"	"عائلة"	"لافامي/FOREIGN"	""	""	"sp"	"m"	"family"	"famille"	"11427"	"574"
"5"	"كنتي"	"كنتي"	"كُنْتِ"	"كن/PV"	""	"تي/PVSUFF_SUBJ:2FS"	"na"	"na"	"was,_were"	"était,_étaient"	"9519"	"436"
"5"	"صاحبه"	"صاحبه"	"صاحبه"	"صاحب/NOUN_ACTIVE_PART"	""	"(null)/CASE_DEF_GEN+ه/POSS_PRON"	"s"	"m"	"friend"	"ami"	"1232"	"62"
"5"	"زمان"	"زمان"	"زَمان"	"زمان/NOUN_ABSTRACT"	""	""	"s"	"m"	"past,time"	"passé;temps"	"2415"	"116"
"5"	"جهة"	"جهة"	"جِهَة"	"جه/NOUN_ABSTRACT"	""	"ة/NSUFF_FEM_SG+(null)/CASE_INDEF_GEN"	"s"	"f"	"side,_part"	"côté,_partie"	"7791"	"378"
"5"	"نطلع"	"نطلع"	"طَلَعَ"	"طلع/IV"	"n/IV1S"	"(null)/IVSUFF_SUBJ:1S"	"na"	"na"	"improve"	"améliorer"	"19443"	"892"
"5"	"راسه"	"راسه"	"رَأْس"	"راس/NOUN_CONCRETE"	""	"ه/POSS_PRON"	"s"	"m"	"head"	"tête"	"18266"	"846"
"5"	"وخدوخرا"	"وخدوخرا"	"وَخُدآخَرى"	"وخدوخرا/ADJ_QUALIT"	""	""	"s"	"m"	"another"	"autre"	"5928"	"312"
"5"	"هه"	"هه"	"ههههههه"	"هه/INTERJ"	""	""	"na"	"na"	"hahah"	"hahaha"	"10343"	"525"
"5"	"نقعدو"	"نقعدو"	"اِستَمَرَ"	"قعد/IV"	"n/IV1P"	"و/IVSUFF_SUBJ:MP_MOOD:SJ"	"na"	"na"	"keep"	"rester"	"7678"	"374"
"5"	"علام"	"علام"	"عَلَم"	"علام/NOUN_CONCRETE"	""	""	"s"	"m"	"flag"	"drapeau"	"9266"	"427"
"5"	"حقه"	"حقه"	"حَقّ"	"حق/GERUND"	""	"ه/POSS_PRON"	"s"	"m"	"right"	"droit"	"4706"	"250"
"5"	"راحت"	"راحت"	"رَاحَ"	"راح/PV"	""	"ت/SUFF_FEM_TA"	"na"	"na"	"go"	"partir"	"1827"	"87"
"5"	"وحدي"	"وحدي"	"وَحْدٍي"	"وحد/ADJ_QUALIT"	""	"ي/POSS_PRON"	"s"	"m"	"alone"	"seul"	"3096"	"177"
"5"	"جلابة"	"جلابة"	"عَبَاءَة"	"جلاب/NOUN_CONCRETE"	""	"ة/NSUFF_FEM_SG"	"s"	"f"	"cloak"	"manchon"	"8818"	"414"
"5"	"اليوم"	"اليوم"	"اليَوْم"	"يوم/NOUN_ABSTRACT"	"Al/DET"	"(null)/CASE_INDEF_(ACC_GEN)"	"s"	"m"	"today"	"aujourd'hui"	"16229"	"758"
"5"	"امان"	"أمان"	"أَمَان"	"أمان/NOUN_ABSTRACT"	""	""	"s"	"m"	"safety"	"sécurité"	"12496"	"616"
"5"	"شت"	"شت"	"شَافَ"	"شت/PV"	""	"(null)/PV SUFF_SUBJ :3MS"	"na"	"na"	"look,see"	"voir"	"15025"	"701"
"5"	"قليلة"	"قليلة"	"قَلِيل"	"قليل/ADJ_QUALIT"	""	"ة/NSUFF_FEM_SG+(null)/CASE_INDEF_GEN"	"s"	"f"	"little,_few"	"petit,_peu"	"3585"	"204"
"5"	"نقرا"	"نقرا"	"المافيا"	"نقرا/ADJ_QUALIT"	""	""	"s"	"m"	""	"mafia"	"1720"	"83"
"5"	"يهدر"	"يهدر"	"يَتَكَلَم"	"هدر/IV"	"y/IV3MS"	"(null)/IVSUFF_SUBJ: 3MS"	"na"	"na"	"talk"	"parler"	"5893"	"311"
"5"	"قور"	"قور"	"أوروبي"	"قور/FOREIGN"	""	""	"sp"	"m"	"European"	"Européen"	"11365"	"570"
"5"	"الناس"	"الناس"	"ناس"	"ناس/NOUN_CONCRETE"	"Al/DET"	""	"cp"	"na"	"people"	"gens"	"15689"	"730"
"5"	"أرض"	"أرض"	"أَرْض"	"أرض/NOUN_CONCRETE"	""	"(null)/CASE_INDEF_GEN"	"s"	"f"	""	"earth;territory"	"23613"	"1086"
"5"	"ناضت"	"ناضت"	"{ِنْدَلَع"	"ناض/PV"	""	"ت/PV SUFF_SUBJ :3FS"	"na"	"na"	"break_out"	"éclater"	"6750"	"344"
"5"	"رخس"	"رخس"	"رَخّيص"	"رخس/ADJ_QUALIT"	""	""	"s"	"m"	"scoundrel"	"lâche"	"5099"	"266"
"5"	"شاولا"	"شوالا"	"مَاذأ"	"شوالا/INTERROG_PART"	""	""	"na"	"na"	"what"	"quoi"	"2785"	"150"
"5"	"كتر"	"كتر"	"أكثَر"	"كتر/ADJ_COMP"	""	""	"na"	"na"	"more"	"de_plus"	"16902"	"784"
"5"	"لتاي"	"لتاي"	"شَايّ"	"تاي/NOUN_CONCRETE"	"l/DET"	""	"na"	"na"	""	"tea"	"2339"	"109"
"5"	"نحبس"	"نحبس"	"تَوَقَف"	"حبس/IV"	"n/IV1S"	"(null)/IVSUFF_SUBJ:1S"	"na"	"na"	""	"arrêter_;x;stop"	"2578"	"135"
"5"	"جمعية"	"جمعية"	"جَمْعِيَّة"	"جمع/GERUND_PROFESSION"	""	"ي/RELATIVE_YA+ة/NSUFF_FEM_SG"	"s"	"f"	"association"	"association"	"3895"	"216"
"5"	"حكاية"	"حكاية"	"حِكايَة"	"حكاي/NOUN"	""	"ة/NSUFF_FEM_SG"	"s"	"f"	"story,account"	"histoire"	"19"	"2"
"5"	"عايشين"	"عايشين"	"عائِش"	"عايش/NOUN_ACTIVE_PART"	""	"ين/NSUFF_MASC_PL_ACC"	"sp"	"m"	"living"	"vivant"	"2061"	"95"
"5"	"عباد"	"عباد"	"عِبَاد"	"عباد/NOUN_CONCRETE"	""	"(null)/CASE_INDEF_(ACC_GEN)"	"sp"	"m"	""	"Humain;x;_mankind"	"9247"	"426"
"5"	"أيام"	"أيام"	"يَوْم"	"أيام/NOUN_CONCRETE"	""	""	"bp"	"m"	""	"days"	"3413"	"197"
"5"	"نجيب"	"نجيب"	"أحضر"	"جيب/IV"	"n/IV1S"	"(null)/IVSUFF_SUBJ:1S"	"na"	"na"	"bring,_get"	"apporter"	"6086"	"320"
"5"	"بز"	"بز"	"طِفْل"	"بز/NOUN_CONCRETE"	""	""	"s"	"m"	"kid"	"enfant"	"7130"	"355"
"5"	"كبرت"	"كبرت"	"كَبَرَ"	"كبر/PV"	""	"ت/PV SUFF_SUBJ :1S"	"na"	"na"	"grow"	"grandir"	"6827"	"347"
"5"	"رانيش"	"رانيش"	"إِنّني"	"را/PRESENT_PART"	""	"ني/POSS_PRON+ش/NEG_PART"	"s"	"m"	"am"	"suis"	"14890"	"696"
"5"	"علبالي"	"علبالي"	"أَعْرِف"	"بال/NOUN_ABSTRACT"	"El/PREP"	"ي/POSS_PRON"	"s"	"m"	"know"	"connaître"	"3692"	"207"
"4"	"كوبوي"	"كوبوي"	"رَاعِيالبَقَر"	"كوبوي/FOREIGN"	""	""	"s"	"m"	"cowboy"	"cow-boy"	"24121"	"1103"
"4"	"كوبل"	"كوبل"	"زوج"	"كوبل/NON_ARABIC"	""	""	"na"	"na"	"couple"	"couple"	"1113"	"58"
"4"	"قتلكم"	"قلتلكم"	"قالَ"	"قل/PV"	""	"ت/PVSUFF_SUBJ:1S+ل/PREP+كم/POSS_PRON"	"na"	"na"	"said"	"dire"	"5217"	"271"
"4"	"خته"	"خته"	"أخْتَه"	"خت/NOUN_ABSTRACT"	""	"ه/POSS_PRON"	"s"	"f"	"sister"	"soeur"	"2084"	"96"
"4"	"الشيطان"	"الشيطان"	"شَيْطان"	"شيطان/NOUN_CONCRETE"	"Al/DET"	""	"s"	"m"	"devil"	"diable"	"22090"	"1026"
"4"	"قالولها"	"قالو_لها"	"قَالوالها"	"قال/PV"	""	"و/PVSUFF_SUBJ:3MP+ل/PREP+ها/POSS_PRON"	"na"	"na"	""	"said,told"	"690"	"38"
"4"	"قبلت"	"قبلت"	"قَبِلَ"	"قبل/PV"	""	"ت/PVSUFF_SUBJ:3FS"	"na"	"na"	"accept"	"accepter"	"398"	"24"
"4"	"وهراني"	"وهراني"	"وَهرَانِي"	"وهران/NOUN_RELATIVE"	""	"ي/RELATIVE_YA"	"s"	"m"	""	"Oranais;x;_Oranian"	"12663"	"621"
"4"	"خبز"	"خبز"	"خُبْز"	"خبز/NOUN_CONCRETE"	""	"(null)/CASE_INDEF_NOM"	"s"	"m"	""	"bread"	"2396"	"115"
"4"	"حل"	"حل"	"حَلّ"	"حل/GERUND"	""	"(null)/CASE_INDEF_GEN"	"s"	"m"	"solution"	"solution"	"13484"	"647"
"4"	"وجهي"	"وجهي"	"وَجْه"	"وجه/NOUN_CONCRETE"	""	"ي/POSS_PRON"	"s"	"m"	"face"	"visage"	"7086"	"354"
"4"	"حرام"	"حرام"	"حَرام"	"حرام/NOUN_ABSTRACT"	""	"(null)/CASE_INDEF_NOM"	"s"	"m"	"forbidden"	"interdit"	"6183"	"324"
"4"	"قلتي"	"قلتي"	"قُلْتِي"	"قل/PV"	""	"تي/PVSUFF_SUBJ:2FS"	"na"	"na"	"said"	"dit"	"277"	"18"
"4"	"القط"	"القط"	"قِطّ"	"قط/NOUN_CONCRETE"	"Al/DET"	""	"s"	"m"	"cat"	"chat"	"9709"	"451"
"4"	"ولادك"	"ولادك"	"أَوْلَادك"	"ولاد/NOUN_CONCRETE"	""	"ك/POSS_PRON"	"bp"	"m"	"children"	"enfants"	"12097"	"599"
"4"	"الف"	"ألف"	"أَلْف"	"ألف/NOUN_NUM"	""	""	"cp"	"m"	""	"thousand"	"2014"	"94"
"4"	"بنتكم"	"بنتكم"	"بَنت"	"بنت/NOUN_ABSTRACT"	""	"كم/POSS_PRON"	"s"	"f"	"daughter"	"fille"	"6034"	"318"
"4"	"حمير"	"حمير"	"الحَمِير"	"حمير/NOUN_CONCRETE"	""	""	"s"	"m"	"donkeys"	"ânes"	"22300"	"1035"
"4"	"ولادهم"	"ولادهم"	"أَوْلَادهم"	"ولاد/NOUN_CONCRETE"	""	"هم/POSS_PRON"	"bp"	"m"	"children"	"enfants"	"18624"	"858"
"4"	"العرب"	"العرب"	"العَرَب"	"عرب/NOUN_RELATIVE"	"Al/DET"	""	"bp"	"m"	"Arabs"	"Arabes"	"26527"	"1197"
"4"	"كرا"	"كرا"	"الكٍرَاء"	"كرا/NOUN_ABSTRACT"	""	"(null)/CASE_INDEF_(ACC_GEN)"	"s"	"m"	"rentals"	"location"	"13368"	"644"
"4"	"حياتنا"	"حياتنا"	"حَيَاتِنَا"	"حيات/GERUND"	""	"نا/POSS_PRON"	"sp"	"f"	"our_life"	"notre_vie"	"11682"	"583"
"4"	"كرعين"	"كرعين"	"الكرَاع"	"كرع/NOUN_CONCRETE"	""	"ين/NSUFF_MASC_PL_NOM"	"sp"	"m"	"legs"	"jambes"	"13023"	"633"
"4"	"قعدنا"	"قعدنا"	"قَعَدَ"	"قعد/PV"	""	"نا/PVSUFF_SUBJ:1P"	"na"	"na"	""	"remain"	"87"	"7"
"4"	"خارج"	"خارج"	"خارَج"	"خارج/NOUN_ACTIVE_PART"	""	""	"s"	"m"	"get_out"	"sortir"	"1041"	"55"
"4"	"قروب"	"قروب"	"مَجْمُوعَة"	"قروب/FOREIGN"	""	""	"s"	"m"	"group"	"groupe"	"15721"	"732"
"4"	"كلمار"	"كلمار"	"حَبَار"	"كلمار/FOREIGN"	""	""	"na"	"na"	"squid"	"calamar"	"8130"	"391"
"4"	"كملت"	"كملت"	"أَنْهَى"	"كمل/PV"	""	"ت/SUFF_FEM_TA"	"na"	"na"	"finish"	"finir"	"3873"	"215"
"4"	"وليت"	"وليت"	"رَجَعَ"	"ولي/PV"	""	"ت/PVSUFF_SUBJ:1S"	"na"	"na"	"come_back"	"revenir"	"229"	"15"
"4"	"وليتي"	"وليتي"	"اَصْبَحَت"	"ولي/PV"	""	"تي/PVSUFF_SUBJ:2FS"	"na"	"na"	"become"	"devenir"	"6137"	"322"
"4"	"قدرة"	"قدرة"	"قُدْرَة"	"قدر/GERUND"	""	"ة/NSUFF_FEM_SG"	"s"	"f"	"capacity"	"capacité"	"4360"	"237"
"4"	"قدامي"	"قدامي"	"قُدّام"	"قدام/GERUND"	""	"ي/POSS_PRON"	"na"	"na"	"in_front_of"	"devant"	"23056"	"1067"
"4"	"كملنا"	"كملنا"	"أَنْهَى"	"كمل/PV"	""	"نا/PV SUFF_SUBJ :1P"	"na"	"na"	"finish"	"terminer"	"5389"	"277"
"4"	"وليدي"	"وليدي"	"وَلَد"	"وليد/NOUN_ABSTRACT"	""	"ي/POSS_PRON"	"s"	"m"	""	"child,_son"	"598"	"35"
"4"	"قلتلهم"	"قلتلهم"	"قال"	"قل/PV"	""	"ت/PV SUFF_SUBJ :1S+ل/PREP+هم/POSS_PRON"	"na"	"na"	"said"	"dis"	"372"	"23"
"4"	"الباب"	"الباب"	"بَاب"	"باب/NOUN_CONCRETE"	"Al/DET"	"(null)/CASE_DEF_GEN"	"s"	"m"	"door"	"porte"	"9158"	"425"
"4"	"خرجي"	"خرجي"	"خَرَج"	"خرج/CV"	""	"ي/CVSUFF_SUBJ : 2FS"	"na"	"na"	"get_out"	"sors"	"6193"	"324"
"4"	"طالع"	"طالع"	"مغادرة"	"طالع/NOUN_ACTIVE_PART"	""	""	"s"	"m"	""	"leaving"	"2115"	"97"
"4"	"أنيا"	"أنيا"	"أنا"	"أنيا/PRON"	""	""	"s"	"m"	""	"I;me"	"879"	"46"
"4"	"طلقني"	"طلقني"	"طَلَقَ"	"طلق/CV"	""	"(null)/CVSUFF_SUBJ :2MS +ني/CVSUFF_DO :1S"	"na"	"na"	"release"	"libérer"	"18581"	"857"
"4"	"رجع"	"رجع"	"رَجَعَ"	"رجع/PV"	""	"(null)/PV SUFF_SUBJ :3MS"	"na"	"na"	""	"return"	"2241"	"103"
"4"	"عادي"	"عادي"	"عَادِيّ"	"عاد/NOUN_RELATIVE"	""	"ي/RELATIVE_YA"	"s"	"m"	"ordinary,_normal"	"ordinaire,_normal"	"2039"	"95"
"4"	"يشوفنا"	"يشوفونا"	"شاف"	"شوف/IV"	"y/IV3MP"	"و/IVSUFF_SUBJ:MP_MOOD:SJ+نا/IVSUFF_DO:1P"	"na"	"na"	"look"	"voir"	"5666"	"288"
"4"	"راهش"	"راهش"	"إِنّه"	"را/PRESENT_PART"	""	"ه/IVSUFF_SUBJ: 3MS +ش/NEG_PART"	"na"	"na"	"is_not"	"n'est_pas_"	"4333"	"236"
"4"	"عرفت"	"عرفت"	"عرفَ"	"عرف/PV"	""	"ت/PV SUFF_SUBJ :1S"	"na"	"na"	"know"	"connaître"	"5882"	"311"
"4"	"طاجين"	"طاجين"	"طاجين(طبقجَزَائِري)"	"طاجين/NOUN_CONCRETE"	""	""	"s"	"m"	"Tajine(Algerien_dish)"	"Tajine_(plat_Algerien)"	"8047"	"387"
"4"	"رافد"	"رافد"	"حَامِل"	"رافد/NOUN_ACTIVE_PART"	""	"(null)/CASE_DEF_NOM"	"s"	"m"	"carrying"	"portant"	"1767"	"85"
"4"	"راحتلي"	"راحتلي"	"رَاحَ"	"راح/PV"	""	"ت/PV SUFF_SUBJ :3FS+ل/PREP+ي/POSS_PRON"	"na"	"na"	"go"	"partir"	"7080"	"354"
"4"	"راجلك"	"راجلك"	"زَوْجُك"	"راجل/NOUN_ACTIVE_PART"	""	"ك/POSS_PRON"	"s"	"m"	"husband"	"mari"	"17439"	"805"
"4"	"يزيد"	"يزيد"	"زَاد"	"زيد/IV"	"y/IV3MS"	"(null)/IVSUFF_SUBJ: 3MS"	"na"	"na"	"is_born"	"est_né"	"2293"	"107"
"4"	"عطاوك"	"عطاوك"	"أعطى"	"عطا/PV"	""	"و/PVSUFF_SUBJ:3MP+ك/PVSUFF_DO:2MS"	"na"	"na"	""	"give"	"102"	"8"
"4"	"عطاوها"	"نَ"	"نَ"	"نْ"	"no"	"نْ"	"na"	"na"	""	"na"	"577"	"33"
"4"	"علابالك"	"علبالك"	"تَعْرَف"	"بال/NOUN_ABSTRACT"	"El/PREP"	"ك/POSS_PRON"	"na"	"na"	"know"	"connaître"	"21290"	"979"
"4"	"يرحمه"	"يرحمه"	"يَرْحَم"	"رحم/IV"	"y/IV3MS"	"(null)/IVSUFF_SUBJ: 3MS +ه/IVSUFF_DO:3MS"	"na"	"na"	"have_mercy_with"	"aie_pitié_de"	"6776"	"345"
"4"	"ارفد"	"ارفد"	"حَمَلَ"	"ارفد/CV"	""	"(null)/CVSUFF_SUBJ :2MS"	"na"	"na"	"carry"	"porter"	"23715"	"1088"
"4"	"راحو"	"راحو"	"ذَهبَ"	"راح/PV"	""	"و/PVSUFF_SUBJ:3MP"	"na"	"na"	"go"	"partir"	"10919"	"550"
"4"	"يعاود"	"يعاود"	"عاوَد"	"عاود/IV"	"y/IV3MS"	"(null)/IVSUFF_SUBJ: 3MS"	"na"	"na"	"redo,retry"	"refaire,réessayer"	"3854"	"213"
"4"	"يعجبك"	"يعجبك"	"يُعْجِب"	"عجب/IV"	"y/IV3MS"	"(null)/IVSUFF_SUBJ: 3MS +ك/IVSUFF_DO:2MS"	"na"	"na"	"like"	"aimer"	"10076"	"508"
"4"	"صيادة"	"صيادة"	"صَيَدَ"	"صياد/NOUN_ABSTRACT"	""	"ة/NSUFF_FEM_SG"	"na"	"na"	"hunt"	"chasser"	"22381"	"1038"
"4"	"شاب"	"شاب"	"شَابّ"	"شاب/NOUN_ACTIVE_PART"	""	"(null)/CASE_INDEF_GEN"	"s"	"m"	""	"un_jeune_homme;_x;_young_man"	"2485"	"122"
"4"	"سمع"	"سمع"	"سَمِع"	"سمع/PV"	""	"(null)/PV SUFF_SUBJ :3MS"	"na"	"na"	"listen"	"ecoutez"	"1721"	"83"
"4"	"أأي"	"أأي"	"أأْه"	"أأي/VOC_PART"	""	""	"na"	"na"	""	"ahh"	"29306"	"1294"
"4"	"يمد"	"يمد"	"مَدّ"	"مد/IV"	"y/IV3MS"	"(null)/IVSUFF_SUBJ: 3MS"	"na"	"na"	""	"give"	"2356"	"110"
"4"	"شد"	"شد"	"شَدَّ"	"شد/CV"	""	"(null)/IVSUFF_SUBJ : 2MS"	"na"	"na"	"take,hold"	"prendre,_tenir"	"17093"	"793"
"4"	"شروط"	"شروط"	"شَرْط"	"شروط/NOUN_ABSTRACT"	""	""	"bp"	"m"	"conditions"	"conditions"	"6037"	"318"
"4"	"ستغلي"	"ستغلي"	"اِسْتَغَل"	"ستغل/CV"	""	"ي/CVSUFF_SUBJ : 2FS"	"na"	"na"	"watch"	"regarder"	"14490"	"682"
"4"	"يلعبو"	"يلعبو"	"يَلْعَبُوا"	"لعب/IV"	"y/IV3MP"	"و/IVSUFF_SUBJ:MP_MOOD:SJ"	"na"	"na"	""	"play"	"2149"	"99"
"4"	"سبنيول"	"سبنيول"	"الإسبان"	"سبنيول/FOREIGN"	""	""	"sp"	"m"	"Spanish"	"Espagnol"	"25629"	"1165"
"4"	"يكدب"	"يكدب"	"كَذِبَ"	"كدب/IV"	"y/IV3MS"	"(null)/IVSUFF_SUBJ: 3MS"	"s"	"m"	"lie"	"mentir"	"13420"	"646"
"4"	"شكارة"	"شكارة"	"كِيس"	"شكار/NOUN_CONCRETE"	""	"ة/NSUFF_FEM_SG"	"s"	"f"	""	"bag"	"1417"	"71"
"4"	"شوفلي"	"شوفلي"	"شاف"	"شوف/CV"	""	"(null)/CVSUFF_SUBJ:2MS+ل/PREP+ي/POSS_PRON"	"na"	"na"	"chercher"	"look_for"	"4746"	"252"
"4"	"ساردينا"	"ساردينا"	"سَرْدين"	"ساردينا/FOREIGN"	""	""	"na"	"na"	"sardine"	"sardine"	"14336"	"677"
"4"	"شيباني"	"شيباني"	"عَجُوز"	"شيباني/NOUN_CONCRETE"	""	""	"s"	"m"	""	"elderly"	"1507"	"74"
"4"	"يقولوها"	"يقولوها"	"قَال"	"قول/IV"	"y/IV3MP"	"و/IVSUFF_SUBJ:MP_MOOD:SJ+ها/IVSUFF_DO:3FS"	"na"	"na"	"say"	"disent"	"9791"	"465"
"4"	"صاحبك"	"صاحبك"	"صَاحِبك"	"صاحب/NOUN_ACTIVE_PART"	""	"ك/POSS_PRON"	"s"	"m"	"friend"	"ami"	"9947"	"489"
"4"	"صحيتي"	"صحيتي"	"شُكْرًا"	"صحي/NOUN_ABSTRACT"	""	"ت/NSUFF_FEM_SG+ي/POSS_PRON"	"s"	"m"	"thank_you"	"merci"	"8343"	"399"
"4"	"صرالها"	"صرالها"	"يَحْدُثُ"	"صرا/PV"	""	"(null)/PV SUFF_SUBJ :3MS+ل/PREP+ها/POSS_PRON"	"na"	"na"	"happen"	"se_passer"	"4785"	"253"
"4"	"روطار"	"روطار"	"مُتأخِر"	"روطار/FOREIGN"	""	""	"na"	"na"	"late"	"retard"	"4579"	"245"
"4"	"ديركت"	"ديركت"	"مُبَاشَرة"	"ديركت/FOREIGN"	""	""	"na"	"na"	"direct"	"direct"	"7401"	"365"
"4"	"يافي"	"يافي"	"كَان"	"يافي/FOREIGN"	""	""	"na"	"na"	"there_was"	"il_y'avait"	"25726"	"1167"
"4"	"يديك"	"يديك"	"يَد"	"يد/NOUN_CONCRETE"	""	"يك/POSS_PRON"	"s"	"f"	"hand"	"main"	"22524"	"1045"
"4"	"عمك"	"عمه"	"عَمّ"	"عم/NOUN_CONCRETE"	""	"(null)/CASE_DEF_GEN+ه/POSS_PRON_3MS"	"s"	"m"	"uncle"	"oncle"	"3510"	"201"
"4"	"داورو"	"داورو"	"دَوَّر"	"داور/CV"	""	"و/CVSUFF_SUBJ:2MP"	"s"	"m"	"turn"	"tourner"	"2510"	"125"
"4"	"داروها"	"داروها"	"فَعَل"	"دار/PV"	""	"و/PVSUFF_SUBJ:3MP+ها/PVSUFF_DO:3FS"	"na"	"na"	"did"	"a_fait"	"635"	"36"
"4"	"فلعين"	"فلعين"	"فِيالعَيْن"	"عين/NOUN_CONCRETE"	"f/PREP+l/DET"	""	"s"	"f"	""	"œil_;x;eye"	"14631"	"686"
"4"	"دارها"	"دارها"	"فَعَل"	"دار/PV"	""	"(null)/PV SUFF_SUBJ :3MS+ها/PVSUFF_DO:3FS"	"na"	"na"	"do"	"faire"	"9778"	"464"
"4"	"فلواد"	"فلواد"	"وَادِي"	"واد/NOUN_CONCRETE"	"f/PREP+l/DET"	""	"s"	"m"	"valley"	"vallée"	"23127"	"1068"
"4"	"فلي"	"فلي"	"ال"	"فلي/FOREIGN"	""	""	"na"	"na"	"the"	"les"	"3923"	"217"
"4"	"فمها"	"فمها"	"فَم"	"فم/NOUN_CONCRETE"	""	"ها/POSS_PRON"	"s"	"m"	"mouth"	"bouche"	"9848"	"471"
"4"	"فو"	"فو"	"خاطئ"	"فو/FOREIGN"	""	""	"na"	"na"	"wrong,fake"	"faux"	"19732"	"902"
"4"	"دبر"	"دبر"	"دَبَّر"	"دبر/CV"	""	"(null)/CVSUFF_SUBJ :2MS"	"na"	"na"	"handle"	"gérer"	"3228"	"188"
"4"	"خوه"	"خوه"	"أَخُوه"	"خو/NOUN_ABSTRACT"	""	"ه/POSS_PRON"	"s"	"m"	"brother"	"frère"	"9995"	"495"
"4"	"خمسمية"	"خمسمية"	"خمسمائة"	"خمسمية/NOUN_NUM"	""	""	"cp"	"m"	""	"five_hundred"	"2016"	"94"
"4"	"فيل"	"فيل"	"مَدِينَة"	"فيل/FOREIGN"	""	""	"s"	"m"	"city"	"ville"	"27285"	"1214"
"4"	"يبيع"	"يبيع"	"باعَ"	"بيع/IV"	"y/IV3MS"	"(null)/PVSUFF_SUBJ:3MS"	"na"	"na"	"sell"	"vendre"	"120"	"8"
"4"	"يبدا"	"يبدا"	"بَدَأَ"	"بدا/IV"	"y/IV3MS"	"(null)/IVSUFF_SUBJ: 3MS"	"na"	"na"	"start_,begin"	"commencer"	"8953"	"418"
"4"	"خطرات"	"خطرات"	"مَرَّات"	"خطر/NOUN"	""	"ات/NSUFF_FEM_PL"	"sp"	"f"	"times"	"fois"	"11474"	"575"
"4"	"قاعد"	"قاعد"	"قاعِد"	"قاعد/NOUN_ACTIVE_PART"	""	""	"s"	"m"	"lazy,inactive"	"fainéant,inactif"	"4839"	"256"
"4"	"قاعدة"	"قاعدة"	"قاعِدة"	"قاعد/NOUN_ABSTRACT"	""	"ة/NSUFF_FEM_SG"	"s"	"f"	"seated"	"assis"	"1453"	"72"
"4"	"خضرا"	"خضرا"	"خُضَار"	"خضر/NOUN_CONCRETE"	""	"ا/NSUFF_FEM_SG"	"s"	"f"	"vegetables"	"des_légumes"	"7703"	"374"
"4"	"فوتها"	"فوتها"	"أَدْخَل"	"فوت/PV"	""	"(null)/PV SUFF_SUBJ :3MS+ها/PVSUFF_DO:3FS"	"na"	"na"	"enter"	"entrer"	"3399"	"197"
"4"	"كولي"	"كولي"	"يَأكُل"	"كول/CV"	""	"ي/CVSUFF_SUBJ : 2FS"	"na"	"na"	"eat"	"manger"	"23408"	"1079"
"4"	"فتليفون"	"فتليفون"	"هَاتِفالنقال"	"تليفون/NON_ARABIC"	"f/PREP"	""	"na"	"na"	"phone"	"telephone"	"5837"	"306"
"4"	"فايدة"	"فايدة"	"فَائِدَة"	"فايد/NOUN_ABSTRACT"	""	"ة/NSUFF_FEM_SG"	"s"	"f"	"benefit"	"bénéfice"	"7483"	"367"
"4"	"يديرو"	"يديرو"	"تَفعَل"	"دير/IV"	"y/IV3MP"	"و/IVSUFF_SUBJ:MP_MOOD:SJ"	"na"	"na"	"do"	"faire"	"4757"	"252"
"4"	"عندكم"	"عندكم"	"عِنْدكم"	"عند/ADV"	""	"كم/PRON_2MP"	"na"	"na"	"have"	"avez"	"15007"	"700"
"4"	"اسمحولي"	"اسمحولي"	"سَمَحَلي"	"اسمح/CV"	""	"و/CVSUFF_SUBJ:2MP+ل/PREP+ي/POSS_PRON"	"na"	"na"	"forgive"	"pardon"	"25170"	"1143"
"4"	"عيطت"	"عيطت"	"نَادى"	"عيط/PV"	""	"ت/PV SUFF_SUBJ :1S"	"na"	"na"	"call_up"	"appeler"	"4874"	"258"
"4"	"يدور"	"يدور"	"دَارَ"	"دور/IV"	"y/IV3MS"	"(null)/IVSUFF_SUBJ: 3MS"	"na"	"na"	""	"go_around;turn"	"1963"	"92"
"4"	"يدها"	"يدها"	"يَد"	"يد/NOUN_CONCRETE"	""	"ها/POSS_PRON"	"s"	"f"	"hand"	"main"	"6212"	"325"
"4"	"عينيا"	"عينيا"	"عَيْني"	"عين/NOUN_CONCRETE"	""	"يا/POSS_PRON"	"s"	"f"	"Eye"	"Œil"	"2613"	"140"
"4"	"اسمي"	"أسمى"	"اِسْمِي"	"أسم/NOUN_ABSTRACT"	""	"ى/POSS_PRON"	"s"	"m"	""	"my_name"	"604"	"35"
"4"	"اعطيني"	"اعطيني"	"أَعْطَى"	"اعطي/CV"	""	"(null)/CVSUFF_SUBJ :2MS +ني/CVSUFF_DO :1S"	"na"	"na"	"give"	"donner"	"25570"	"1164"
"4"	"دفعته"	"دفعته"	"دَفَعَ"	"دفع/PV"	""	"ت/SUFF_FEM_TA+ه/PVSUFF_DO:3MS"	"na"	"na"	"deposit"	"deposer"	"4005"	"221"
"4"	"غدوا"	"غدوا"	"غَدًا"	"غدوا/ADV"	""	""	"s"	"m"	""	"tomorrow"	"605"	"35"
"4"	"غولة"	"الغولة"	"الغولة"	"الغول/NOUN_ABSTRACT"	""	"ة/NSUFF_FEM_SG"	"s"	"f"	"monster"	"monstre"	"20918"	"965"
"4"	"يخليك"	"يخليك"	"خَلَى"	"خلي/IV"	"y/IV3MS"	"(null)/IVSUFF_SUBJ: 3MS +ك/IVSUFF_DO:2MS"	"na"	"na"	"bless,_protect"	"bénir,_protéger"	"10380"	"527"
"4"	"فاتحة"	"فاتحة"	"فَاتِحَة"	"فاتح/NOUN_ACTIVE_PART"	""	"ة/NSUFF_FEM_SG"	"s"	"f"	"sura_el_fati'ha"	"surra_el_fati'ha"	"8764"	"413"
"4"	"يخرجوا"	"يخرجوا"	"يَخْرجوا"	"خرج/IV"	"y/IV3MP"	"وا/IVSUFF_SUBJ:MP_MOOD:SJ"	"na"	"na"	"go_out,_leave"	"sortir,_partir"	"1026"	"53"
"4"	"فارية"	"فارية"	"مُنْتَهِية"	"فارية/FOREIGN"	""	""	"na"	"na"	"finished"	"finie"	"3732"	"209"
"4"	"دخلوها"	"دخلوها"	"دَخَلَ"	"دخل/PV"	""	"و/PVSUFF_SUBJ:3MP+ها/PVSUFF_DO:3FS"	"na"	"na"	"enter"	"entrer"	"25985"	"1176"
"4"	"فايت"	"فايت"	"فَايَّت"	"فايت/NOUN_ACTIVE_PART"	""	""	"na"	"na"	"expire,go_by"	"expirer,_passer"	"4225"	"230"
"4"	"دخلنا"	"دخلنا"	"دَخَلَ"	"دخل/PV"	""	"نا/PVSUFF_SUBJ:1P"	"na"	"na"	"enter"	"rentre"	"84"	"7"
"4"	"يديروا"	"يديروا"	"فَعَل"	"دير/IV"	"y/IV3MP"	"وا/IVSUFF_SUBJ:3MP"	"na"	"na"	"do"	"faire"	"903"	"47"
"4"	"الوهرانية"	"وهرانية"	"وَهرَانِيَة"	"وهران/NOUN_RELATIVE"	""	"ي/RELATIVE_YA+ة/NSUFF_FEM_SG"	"s"	"f"	"oranian"	"oranaise"	"25445"	"1163"
"4"	"نطلب"	"نطلب"	"طَلَب"	"طلب/IV"	"n/IV1S"	"(null)/IVSUFF_SUBJ:1S"	"na"	"na"	"request"	"demande"	"18978"	"875"
"4"	"كيراكم"	"كي_راكم"	"كِيفالحال"	"راكم/INTERROG_PRON"	"ky/INTERROG"	"كم/POSS_PRON"	"na"	"na"	"how_are_you?"	"comment_vas-tu?"	"818"	"44"
"4"	"معندهاش"	"معندهاش"	"لَيسعِنْدَها"	"عند/NOUN_ABSTRACT"	"m/NEG_PART"	"ها/POSS_PRON+ش/NEG_PART"	"s"	"f"	""	"don't_have"	"562"	"32"
"4"	"تعرفوا"	"تعرفوا"	"عَرَف"	"عرف/IV"	"t/IV2MP"	"وا/IVSUFF_SUBJ:MP_MOOD:SJ"	"na"	"na"	"know"	"connaître"	"7031"	"353"
"4"	"بداو"	"بداو"	"بَدَأَ"	"بدا/PV"	""	"و/PVSUFF_SUBJ:3MP"	"na"	"na"	"start"	"commencer"	"1320"	"66"
"4"	"والديه"	"والديه"	"وَالِدَيْه"	"والد/NOUN_ACTIVE_PART"	""	"ي/NSUFF_MASC_DU_ACC+ه/POSS_PRON"	"d"	"m"	"his_parents"	"ses_parents"	"13878"	"662"
"4"	"ملف"	"ملف"	"مِلَفّ"	"ملف/NOUN_CONCRETE"	""	"(null)/CASE_INDEF_GEN"	"s"	"m"	"file"	"dossier"	"4052"	"222"
"4"	"نكري"	"نكري"	"أسْتَأجِر"	"كري/IV"	"n/IV1S"	"(null)/IVSUFF_SUBJ:1S"	"na"	"na"	"rent_out"	"louer"	"13520"	"648"
"4"	"منديرش"	"منديرش"	"عَمَل"	"دير/IV"	"m/NEG_PART+n/IV1S"	"(null)/IVSUFF_SUBJ:1S+ش/NEG_PART"	"na"	"na"	""	"do"	"520"	"31"
"4"	"معلبليش"	"معلبليش"	"مَاأَعْرِف"	"بل/NOUN_ABSTRACT"	"m/NEG_PART+El/PREP"	"ي/POSS_PRON+ش/NEG_PART"	"s"	"m"	"know"	"connaître"	"4156"	"227"
"4"	"تشوفو"	"تشوفو"	"شَافَ"	"شوف/IV"	"t/IV2MP"	"و/IVSUFF_SUBJ:MP_MOOD:SJ"	"na"	"na"	"see"	"voir"	"7664"	"373"
"4"	"نقي"	"نقي"	"نَظِف"	"نقي/CV"	""	"(null)/CVSUFF_SUBJ : 2FS"	"na"	"na"	"nettoyer"	"nettoyer"	"8061"	"388"
"4"	"منهم"	"منهم"	"مِنْهُم"	"من/PREP"	""	"هم/PRON_3MP"	"na"	"na"	"from_them"	"d'eux"	"1800"	"86"
"4"	"مني"	"مني"	"مِنِي"	"من/PREP"	""	"ي/POSS_PRON"	"na"	"na"	"of"	"de"	"16133"	"754"
"4"	"تسقسيه"	"تسقسيه"	"سَأَلَ"	"سقسي/IV"	"t/IV2MS"	"(null)/IVSUFF_SUBJ : 2MS+ه/IVSUFF_DO:3MS"	"na"	"na"	"ask,_inquire"	"demander,_se_renseigner"	"6802"	"346"
"4"	"مهبولة"	"مهبولة"	"مجنون"	"مهبول/ADJ_QUALIT"	""	"ة/NSUFF_FEM_SG"	"s"	"m"	"insane"	"fou"	"2577"	"134"
"4"	"تزقي"	"تزقي"	"صَرَّخَ"	"زقي/IV"	"t/IV3FS"	"(null)/IVSUFF_SUBJ: 3FS"	"na"	"na"	"shout"	"crier"	"6268"	"328"
"4"	"موضوع"	"موضوع"	"مَوْضُوع"	"موضوع/NOUN_ABSTRACT"	""	""	"s"	"m"	"subject"	"sujet"	"11294"	"566"
"4"	"منطولش"	"منطولش"	"تَاَخَر"	"طول/IV"	"m/NEG_PART+n/IV1S"	"(null)/IVSUFF_SUBJ:1S+ش/NEG_PART"	"na"	"na"	"be_late"	"en_retard"	"14078"	"668"
"4"	"معرفتش"	"معرفتش"	"عرفَ"	"عرف/PV"	"m/NEG_PART"	"ت/PV SUFF_SUBJ :1S+ش/NEG_PART"	"na"	"na"	"know"	"connaître"	"4317"	"235"
"4"	"تعيش"	"تعيش"	"تُعَيِش"	"عيش/IV"	"t/IV2MS"	"(null)/IVSUFF_SUBJ : 2MS"	"na"	"na"	"live"	"vivre"	"13468"	"647"
"4"	"بدات"	"بدات"	"بَدَأَ"	"بدا/PV"	""	"ت/PV SUFF_SUBJ :3FS"	"na"	"na"	"begin"	"commencer"	"5653"	"288"
"4"	"ليزبيس"	"ليزبيس"	"التَوَابل"	"ليزبيس/FOREIGN"	""	""	"na"	"na"	"spices"	"épices"	"7585"	"371"
"4"	"تهدري"	"تهدري"	"تَتَكَلَم"	"هدر/IV"	"t/IV2MS"	"ي/IVSUFF_SUBJ:2FS"	"na"	"na"	"speak,talk"	"parler"	"14925"	"697"
"4"	"ليقلك"	"ليقلك"	"قَال"	"قل/IV"	"l/DEM_PRON+y/IV3MS"	"(null)/IVSUFF_SUBJ: 3MS +ك/IVSUFF_DO:2MS"	"na"	"na"	"say"	"dire"	"3341"	"194"
"4"	"باطل"	"باطل"	"بدونفائدة"	"باطل/NOUN_ACTIVE_PART"	""	""	"s"	"m"	"without_result"	"Sans_résultat"	"13725"	"655"
"4"	"نيشان"	"نيشان"	"مُبَاشرةً"	"نيشان/ADJ_QUALIT"	""	""	"na"	"na"	"right"	"vrai"	"5208"	"270"
"4"	"تلحق"	"تلحق"	"لحِقَ"	"لحق/IV"	"t/IV3FS"	"(null)/IVSUFF_SUBJ: 3FS"	"na"	"na"	"reach"	"arriver"	"6279"	"328"
"4"	"نوع"	"نوع"	"نَوْع"	"نوع/NOUN_ABSTRACT"	""	""	"s"	"m"	"type"	"type"	"7012"	"352"
"4"	"مبغاوش"	"مبغاوش"	"ماأرادوا"	"بغا/PV"	"m/NEG_PART"	"و/PVSUFF_SUBJ:3MP+ش/NEG_PART"	"na"	"na"	"want"	"vouloir"	"325"	"20"
"4"	"نوضيه"	"نوضيه"	"نَهَضَ"	"نوض/CV"	""	"ي/CVSUFF_SUBJ : 2FS+ه/CVSUFF_DO :3MS"	"na"	"na"	"get_up"	"levé"	"17631"	"813"
"4"	"تقيلة"	"تقيلة"	"ثَقِيل"	"تقيل/ADJ_QUALIT"	""	"ة/NSUFF_FEM_SG"	"s"	"f"	"intense,_heavy"	"lourde_,_intense"	"7811"	"379"
"4"	"بالي"	"بالي"	"بَال"	"بال/NOUN_ABSTRACT"	""	"ي/POSS_PRON"	"s"	"m"	"my_mind"	"mes_pensées"	"14212"	"673"
"4"	"تقعد"	"تقعد"	"قَعَدَ"	"قعد/IV"	"t/IV3FS"	"(null)/IVSUFF_SUBJ: 3FS"	"na"	"na"	"stay"	"rester"	"12003"	"595"
"4"	"مرايا"	"مرايا"	"مِرآة"	"مراي/NOUN_CONCRETE"	""	"ا/NSUFF_FEM_SG"	"s"	"f"	"mirror"	"miroire"	"14811"	"694"
"4"	"تفوت"	"تفوت"	"تَمُر"	"فوت/IV"	"t/IV3FS"	"(null)/IVSUFF_SUBJ: 3FS"	"na"	"na"	"pass"	"passer"	"3481"	"199"
"4"	"تفوا"	"تفوا"	"تَفّ"	"تفوا/INTERJ"	""	""	"na"	"na"	"spit"	"cracher"	"21383"	"982"
"4"	"باي"	"باي"	"وَدَاعَا"	"باي/FOREIGN"	""	""	"na"	"na"	"bye"	"au_revoir"	"3018"	"168"
"4"	"باين"	"باين"	"ظَاهِر"	"باين/NOUN_ACTIVE_PART"	""	""	"s"	"m"	"obvious,clear"	"évident,_clair"	"1234"	"62"
"4"	"ميقدش"	"ميقدش"	"مايَقْدَر"	"قد/IV"	"m/NEG_PART+y/IV3MS"	"(null)/IVSUFF_SUBJ: 3MS +ش/NEG_PART"	"na"	"na"	"can"	"pouvez"	"6475"	"335"
"4"	"لياه"	"لياه"	"لِمَاذا"	"لياه/INTERROG_PART"	""	""	"na"	"na"	"why"	"pourquoi"	"14691"	"688"
"4"	"تديها"	"تديها"	"تأخُدُ"	"د/IV"	"t/IV3FS"	"ي/IVSUFF_SUBJ: 3FS +ها/IVSUFF_DO:3FS"	"na"	"na"	""	"take"	"493"	"30"
"4"	"تخلص"	"تخلص"	"خَلَّص"	"خلص/IV"	"t/IV2MS"	"(null)/IVSUFF_SUBJ : 2MS"	"na"	"na"	"pay"	"payer"	"13910"	"663"
"4"	"بغيتي"	"بغيتي"	"بَغَىِ"	"بغي/PV"	""	"تي/PVSUFF_SUBJ:2FS"	"na"	"na"	"want"	"vouloir"	"16117"	"754"
"4"	"نخمم"	"نخمم"	"أفَكر"	"خمم/IV"	"n/IV1S"	"(null)/IVSUFF_SUBJ:1S"	"na"	"na"	"think"	"penser"	"237"	"15"
"4"	"ندخلو"	"ندخلو"	"دَخَل"	"دخل/IV"	"n/IV1P"	"و/IVSUFF_SUBJ:MP_MOOD:SJ"	"na"	"na"	"enter"	"entrer"	"8522"	"405"
"4"	"بيبان"	"بيبان"	"باب"	"بيبان/NOUN_CONCRETE"	""	"(null)/CASE_DEF_GEN"	"bp"	"m"	"door"	"portes"	"4826"	"255"
"4"	"نظام"	"نظام"	"نِظام"	"نظام/GERUND"	""	"(null)/CASE_DEF_GEN"	"s"	"m"	"system"	"système"	"5726"	"291"
"4"	"نطير"	"نطير"	"طَار"	"طير/IV"	"n/IV1S"	"(null)/IVSUFF_SUBJ:1S"	"na"	"na"	"run_off"	"s'enfuir"	"3074"	"175"
"4"	"نديروها"	"نديروها"	"نَعْمَل"	"دير/IV"	"n/IV1P"	"و/IVSUFF_SUBJ:MP_MOOD:SJ+ها/IVSUFF_DO:3FS"	"na"	"na"	"do"	"faire"	"8015"	"387"
"4"	"بغاو"	"بغاو"	"بَغَى"	"بغا/PV"	""	"و/PVSUFF_SUBJ:3MP"	"na"	"na"	"want,_desire,love"	"vouloir"	"1289"	"64"
"4"	"بلوطو"	"بلوطو"	"سيَّارة"	"لوطو/NOUN"	"b/PREP"	""	"s"	"m"	"car"	"voiture"	"180"	"12"
"4"	"نزقي"	"نزقي"	"صَرَّخَ"	"زقي/IV"	"n/IV1S"	"(null)/IVSUFF_SUBJ:1S"	"na"	"na"	"shout"	"crier"	"10281"	"523"
"4"	"بمعنى"	"معنى"	"مَعْنَى"	"معنى/NOUN_ABSTRACT"	""	""	"s"	"m"	"meaning,_sense"	"sense"	"7015"	"352"
"4"	"بنادم"	"بنادم"	"ابْنآدَم"	"نادم/NOUN_CONCRETE"	"b/PREP"	""	"s"	"m"	"human_kind"	"humanité"	"7324"	"362"
"4"	"بها"	"بها"	"بِها"	"ب/PREP"	""	"ها/POSS_PRON"	"na"	"na"	"with_,_of_her"	"avec,_de"	"660"	"37"
"4"	"بنينة"	"بنينة"	"لذيذة"	"بنين/ADJ_QUALIT"	""	"ة/NSUFF_FEM_SG"	"s"	"f"	"tasty"	"savoureuse"	"3462"	"199"
"4"	"بنيادم"	"بنيادم"	"ابْنآدَم"	"نيادم/NOUN_CONCRETE"	"b/PREP"	""	"sp"	"m"	"human_kind"	"humanité"	"8418"	"401"
"4"	"بنة"	"بنة"	"المَذاق"	"بن/NOUN_ABSTRACT"	""	"ة/NSUFF_FEM_SG"	"s"	"f"	"taste"	"goût"	"7522"	"368"
"4"	"بليس"	"بليس"	"زِيَادَةعنذَلِك"	"بليس/FOREIGN"	""	""	"na"	"na"	"plus"	"plus"	"10490"	"532"
"4"	"بغات"	"بغات"	"بَغى"	"بغ/PV"	""	"ات/PV SUFF_SUBJ :3FS"	"na"	"na"	"want,_love"	"vouloir"	"2404"	"116"
"4"	"نحوس"	"نحوس"	"أبحَث"	"حوس/IV"	"n/IV1S"	"(null)/IVSUFF_SUBJ:1S"	"na"	"na"	"look_for"	"chercher"	"2961"	"164"
"4"	"تاريخ"	"تاريخ"	"تَارِيخ"	"تاريخ/NOUN_ABSTRACT"	""	"(null)/CASE_DEF_GEN"	"s"	"m"	"history"	"histoire"	"2520"	"126"
"4"	"نتايا"	"نتايا"	"أَنْتَ"	"نتايا/PRON"	""	""	"na"	"na"	"you_[masc.sg.]"	"tu"	"13041"	"634"
"4"	"تخرجي"	"تخرجي"	"تُصْبِحين"	"خرج/IV"	"t/IV2FS"	"ي/IVSUFF_SUBJ:2FS"	"na"	"na"	"become"	"devenir"	"2859"	"154"
"4"	"تحكي"	"تحكي"	"حَكَىِ"	"حكي/IV"	"t/IV2MS"	"(null)/IVSUFF_SUBJ : 2MS"	"na"	"na"	"tell"	"raconter"	"27375"	"1217"
"4"	"تحسب"	"تحسب"	"ظَنَّ"	"حسب/IV"	"t/IV2MS"	"(null)/IVSUFF_SUBJ : 2MS"	"na"	"na"	"think,assume"	"penser,supposer"	"2590"	"137"
"4"	"نتفاهموا"	"نتفاهموا"	"تَفاهُم"	"تفاهم/IV"	"n/IV1P"	"وا/IVSUFF_SUBJ:MP_MOOD:SJ"	"na"	"na"	"agree"	"être_d'accord"	"22901"	"1063"
"4"	"نتلاقو"	"نتلاقو"	"اِلْتَقَى"	"تلاق/IV"	"n/IV1P"	"و/IVSUFF_SUBJ:1P"	"na"	"na"	"meet"	"rencontrer"	"4803"	"254"
"4"	"تتمشى"	"تتمشى"	"تَمَشَّى"	"تمشى/IV"	"t/IV3FS"	"(null)/IVSUFF_SUBJ: 3FS"	"na"	"na"	"circulate"	"circuler"	"6900"	"349"
"4"	"نجاح"	"نجاح"	"نَجاح"	"نجاح/GERUND"	""	""	"s"	"m"	"success"	"Succès"	"5401"	"278"
"4"	"نجم"	"نجم"	"أقْدِر"	"نجم/PV"	""	"(null)/PV SUFF_SUBJ :1S"	"na"	"na"	"can"	"pouvez"	"11277"	"566"
"4"	"بسم"	"بسم"	"بسم"	"سم/NOUN_ABSTRACT"	"b/PREP"	""	"s"	"m"	"In_the_name"	"au_nom_de"	"7399"	"365"
"4"	"نقد"	"نقد"	"اِسْتَطَاعَ"	"قد/IV"	"n/IV1S"	"(null)/IVSUFF_SUBJ:1S"	"na"	"na"	"can"	"peut"	"7511"	"368"
"4"	"بصحتك"	"بصحتك"	"صِحَّة"	"صحت/GERUND"	"b/PREP"	"ك/POSS_PRON"	"s"	"m"	"congratulation"	"félicitation"	"1497"	"73"
"4"	"تبان"	"تبان"	"تبان"	"بان/IV"	"t/IV3FS"	"(null)/IVSUFF_SUBJ: 3FS"	"na"	"na"	"obvious,_clear"	"évidente,_claire"	"11524"	"577"
"4"	"تاوعنا"	"تاوعنا"	"خاصتنا"	"تاوع/PREP"	""	"نا/POSS_PRON"	"na"	"na"	"our"	"notre"	"26362"	"1189"
"4"	"نفس"	"نفس"	"نَفْس"	"نفس/NOUN_ABSTRACT"	""	""	"s"	"m"	""	"same"	"6989"	"352"
"4"	"نحكوا"	"نحكوا"	"حَكَى"	"حك/IV"	"n/IV1P"	"وا/IVSUFF_SUBJ:1P"	"na"	"na"	"talk,dicuss"	"discuter"	"116"	"8"
"4"	"بعدا"	"بعدا"	"بَعْد"	"بعدا/ADV"	""	""	"na"	"na"	"after"	"après"	"7250"	"361"
"4"	"تخونوا"	"تخونوا"	"خَانَ(سَرَقَ)"	"خون/IV"	"t/IV2MP"	"وا/IVSUFF_SUBJ:MP_MOOD:SJ"	"na"	"na"	"steal"	"voler"	"23750"	"1090"
"4"	"توجوغ"	"توجوغ"	"دَائِما"	"توجوغ/FOREIGN"	""	""	"na"	"na"	"always"	"toujours"	"6258"	"327"
"4"	"يولي"	"نولي"	"أصْبِح"	"ولي/IV"	"n/IV1S"	"(null)/IVSUFF_SUBJ:1S"	"na"	"na"	"become"	"devenir"	"10764"	"544"
"4"	"انت"	"انت"	"أَنْتَ"	"انت/PRON"	""	""	"na"	"na"	"you_[masc.sg.]"	"tu"	"2237"	"103"
"4"	"جيبلي"	"جيبلي"	"جَلبَ"	"جيب/CV"	""	"(null)/CVSUFF_SUBJ :2MS +ل/PREP+ي/POSS_PRON"	"na"	"na"	"bring"	"amener"	"10456"	"530"
"4"	"لافي"	"لافي"	"غَسَالة"	"لافي/FOREIGN"	""	""	"na"	"na"	""	"washing_machine"	"1623"	"78"
"4"	"جبتلك"	"جبتلك"	"أحضر"	"جب/PV"	""	"ت/PV SUFF_SUBJ :1S+ل/PREP+ك/POSS_PRON"	"na"	"na"	"bring"	"apporter"	"22791"	"1058"
"4"	"لباس"	"لباس"	"لَابَأس"	"باس/NOUN_ABSTRACT"	"l/NEG_PART"	""	"na"	"na"	"fine"	"bien"	"1483"	"73"
"4"	"واجدة"	"واجدة"	"مُستَعِدّ"	"واجد/NOUN_ACTIVE_PART"	""	"ة/NSUFF_FEM_SG"	"s"	"f"	"ready,_being_prepared"	"prêt,_être_préparé"	"2476"	"122"
"4"	"لابورس"	"لابورس"	"مِنْحَةدِرِاسِيَة"	"لابورس/FOREIGN"	""	""	"na"	"na"	"scholarship"	"Bourse_d'études"	"3948"	"218"
"4"	"لألجي"	"لألجي"	"الجَزَائِرالعَاصِمة"	"لألجي/FOREIGN"	""	""	"na"	"na"	"algiers"	"alger"	"4046"	"222"
"4"	"واد"	"واد"	"وَادِي"	"واد/NOUN_CONCRETE"	""	""	"s"	"m"	"valley"	"vallée"	"8562"	"407"
"4"	"لكحل"	"لكحل"	"أَسْوَد"	"كحل/GERUND"	"l/DET"	""	"s"	"m"	"black"	"noir"	"3290"	"193"
"4"	"هاه"	"هاه"	"هَاي"	"هاه/INTERJ"	""	""	"na"	"na"	"here_it_is"	"voila"	"14632"	"686"
"4"	"هاي"	"هاك"	"خُد"	"هاك/CV"	""	"(null)/CVSUFF_SUBJ :2MS"	"na"	"na"	"take"	"prend"	"1816"	"86"
"4"	"هدري"	"هدري"	"تَكَلَم"	"هدر/CV"	""	"ي/CVSUFF_SUBJ : 2FS"	"na"	"na"	"speak"	"parler"	"7236"	"360"
"4"	"واقفة"	"واقفة"	"واقِف"	"واقف/NOUN_ACTIVE_PART"	""	"ة/NSUFF_FEM_SG+(null)/CASE_INDEF_ACC"	"s"	"f"	"standing"	"debout"	"3646"	"206"
"4"	"لسوق"	"لسوق"	"سُوق"	"سوق/NOUN"	"l/PREP"	""	"s"	"m"	""	"market,mall;_marché,_super_marché"	"37"	"3"
"4"	"ايام"	"أيام"	"أيْام"	"أيام/NOUN_ABSTRACT"	""	"(null)/CASE_DEF_GEN"	"sp"	"m"	"days"	"jours"	"23580"	"1085"
"4"	"لمن"	"لمن"	"مَن"	"من/INTERROG_PART"	"l/PREP"	""	"na"	"na"	"who,whom"	"qui_,_à_qui"	"21105"	"972"
"4"	"تولي"	"تولي"	"تُصْبِح"	"ولي/IV"	"t/IV3FS"	"(null)/IVSUFF_SUBJ: 3FS"	"na"	"na"	"become"	"devenir"	"16211"	"757"
"4"	"لفت"	"لفت"	"لِفت"	"لفت/NOUN_CONCRETE"	""	"(null)/CASE_INDEF_(ACC_GEN)"	"s"	"m"	"turnip"	"navet"	"3390"	"196"
"4"	"جميع"	"جميع"	"جَمِيع"	"جميع/NOUN_ABSTRACT"	""	"(null)/CASE_DEF_GEN"	"na"	"na"	"all_of"	"tous"	"12268"	"605"
"4"	"لواطا"	"لواطا"	"سَيَارة"	"لواطا/NON_ARABIC"	""	""	"sp"	"m"	"cars,_automobile"	"voitures"	"1034"	"54"
"4"	"توعنا"	"توعنا"	"لِ"	"توع/PREP"	""	"نا/POSS_PRON"	"na"	"na"	"our"	"notre"	"8368"	"400"
"4"	"لالجيري"	"لالجيري"	"الجَزَائِر"	"لالجيري/FOREIGN"	""	""	"s"	"m"	"Algeria"	"Algerie"	"12903"	"630"
"4"	"ثوم"	"ثوم"	"ثُوم"	"ثوم/NOUN_CONCRETE"	""	""	"s"	"m"	"garlic"	"l'ail"	"7455"	"366"
"4"	"للدار"	"للدار"	"دَار"	"دار/NOUN_CONCRETE"	"l/PREP+l/DET"	""	"s"	"m"	"house,home"	"maison"	"3400"	"197"
"4"	"جال"	"جال"	"أَجْل"	"جال/NOUN_ABSTRACT"	""	"(null)/CASE_DEF_GEN"	"s"	"m"	"for_sake_of,because_of"	"pour"	"17569"	"810"
"3"	"عادة"	"عادة"	"عادَة"	"عاد/NOUN_ABSTRACT"	""	"ة/NSUFF_FEM_SG+(null)/CASE_INDEF_ACC"	"s"	"f"	"as_usual"	"comme_d'habitude"	"13146"	"636"
"3"	"طلعنا"	"طلعنا"	"طَلَعَ"	"طلع/PV"	""	"نا/PV SUFF_SUBJ :1P"	"na"	"na"	"go_up"	"monter"	"8389"	"401"
"3"	"نجيبو"	"نجيبو"	"جَلبَ"	"جيب/IV"	"n/IV1P"	"و/IVSUFF_SUBJ:MP_MOOD:SJ"	"na"	"na"	"bring"	"apporter"	"7983"	"385"
"3"	"طيبي"	"طيبي"	"اِطْبِخ"	"طيب/CV"	""	"ي/CVSUFF_SUBJ : 2FS"	"na"	"na"	"cook"	"cuisiner"	"8163"	"393"
"3"	"طيح"	"طيح"	"سَقَط"	"طيح/PV"	""	"(null)/PV SUFF_SUBJ :3FS"	"na"	"na"	"fall"	"tomber"	"6266"	"328"
"3"	"نجيك"	"نجيك"	"جَاءَ"	"ج/IV"	"n/IV1S"	"ي/IVSUFF_SUBJ:1S+ك/IVSUFF_DO:2MS"	"na"	"na"	"come"	"viens"	"14549"	"684"
"3"	"يسموه"	"يسموه"	"يُسَمِّي"	"سم/IV"	"y/IV3MP"	"و/IVSUFF_SUBJ:MP_MOOD:SJ+ه/IVSUFF_DO:3MS"	"na"	"na"	"name"	"nommer"	"5272"	"273"
"3"	"نحطها"	"نحطها"	"وَضَعَ"	"حط/IV"	"n/IV1S"	"(null)/IVSUFF_SUBJ:1S+ها/IVSUFF_DO:3FS"	"na"	"na"	"mettre"	"put"	"7699"	"374"
"3"	"يشرب"	"يشرب"	"شِرب"	"شرب/IV"	"y/IV3MS"	"(null)/IVSUFF_SUBJ: 3MS"	"na"	"na"	"drink"	"boire"	"6487"	"336"
"3"	"يضل"	"يظل"	"ظَلَّ"	"ظل/IV"	"y/IV3MS"	"(null)/IVSUFF_SUBJ: 3MS"	"na"	"na"	"remain,_continue"	"rester,_continuer"	"6441"	"334"
"3"	"نقابل"	"نقابل"	"قَابَلَ"	"قابل/IV"	"n/IV1S"	"(null)/IVSUFF_SUBJ:1S"	"na"	"na"	"meet"	"rencontrer"	"24069"	"1102"
"3"	"طول"	"طول"	"طَوَّلَ"	"طول/PV"	""	"(null)/PV SUFF_SUBJ :3MS"	"na"	"na"	"extend"	"étendre"	"1601"	"77"
"3"	"طيري"	"طيري"	"انْصَرفي"	"طير/CV"	""	"ي/CVSUFF_SUBJ : 2FS"	"na"	"na"	"go-away_!"	"va-t'en_!"	"10511"	"532"
"3"	"يشوفوا"	"يشوفوا"	"شَافَ"	"شوف/IV"	"y/IV3MP"	"وا/IVSUFF_SUBJ:MP_MOOD:SJ"	"na"	"na"	"look"	"voir"	"26303"	"1187"
"3"	"لخرا"	"لخرا"	"أُخْرَى"	"لخرا/ADJ_COMP"	""	""	"s"	"f"	"other;another"	"autre"	"4903"	"258"
"3"	"نحبك"	"نحبك"	"أَحَبّ"	"حب/IV"	"n/IV1S"	"(null)/IVSUFF_SUBJ:1S+ك/IVSUFF_DO:2MS"	"na"	"na"	"love"	"aimer"	"12420"	"612"
"3"	"يطاوعوا"	"يطاوعوا"	"يًطِيعُوا"	"طاوع/IV"	"y/IV3MP"	"وا/IVSUFF_SUBJ:MP_MOOD:SJ"	"na"	"na"	"obey"	"obéir"	"12317"	"608"
"3"	"كبش"	"كبش"	"الخَرُوف"	"كبش/NOUN_CONCRETE"	""	""	"s"	"m"	"sheep"	"mouton"	"9632"	"442"
"3"	"طيبلك"	"طيبلك"	"تُطبَخعلىالنار"	"طيب/PV"	""	"(null)/PV SUFF_SUBJ :3FS+ل/PREP+ك/POSS_PRON"	"na"	"na"	"cook_on_fire"	"cuire_au_feu"	"16296"	"760"
"3"	"طويلة"	"طويلة"	"طَوِيلة"	"طويل/ADJ_QUALIT"	""	"ة/NSUFF_FEM_SG"	"s"	"f"	"long"	"longue"	"10333"	"525"
"3"	"لوزين"	"لوزين"	"مصنع"	"لوزين/NON_ARABIC"	""	""	"s"	"m"	"factory"	"usine"	"20076"	"915"
"3"	"عدنا"	"عدنا"	"عند"	"عد/ADV"	""	"نا/POSS_PRON"	"na"	"na"	""	"we_have"	"2519"	"126"
"3"	"نبغيها"	"نبغيها"	"أرَاد"	"بغي/IV"	"n/IV1S"	"(null)/IVSUFF_SUBJ:1S+ها/IVSUFF_DO:3FS"	"na"	"na"	"want"	"vouloir"	"9060"	"422"
"3"	"عقلك"	"عقلك"	"عَقْل"	"عقل/NOUN_CONCRETE"	""	"ك/POSS_PRON"	"s"	"m"	"mind"	"esprit"	"13259"	"641"
"3"	"عقبة"	"عقبة"	"مافَوق"	"عقب/NOUN_ABSTRACT"	""	"ة/NSUFF_FEM_SG+(null)/CASE_DEF_ACC"	"s"	"f"	"above"	"au_dessus"	"13737"	"656"
"3"	"عقارب"	"عقارب"	"عَقارِب"	"عقارب/NOUN_ABSTRACT"	""	""	"bp"	"m"	""	"scorpions"	"1708"	"82"
"3"	"يزقي"	"يزقي"	"صَاحَ"	"زقي/IV"	"y/IV3MS"	"(null)/IVSUFF_SUBJ: 3MS"	"na"	"na"	"Hoot"	"Huée"	"16197"	"757"
"3"	"عطيه"	"عطيه"	"أَعْطَى"	"عطي/CV"	""	"(null)/CVSUFF_SUBJ :2MS +ه/CVSUFF_DO :3MS"	"na"	"na"	"give"	"donné"	"14630"	"686"
"3"	"لعمرك"	"لعمرك"	"عُمْرك"	"عمر/NOUN_ABSTRACT"	"l/PREP"	"ك/POSS_PRON"	"s"	"m"	"for_yourself"	"pour_toi"	"23527"	"1083"
"3"	"هكدا"	"هكذَا"	"هَكَذَا"	"هكذَا/ADV"	""	""	"na"	"na"	"like_this"	"comme_ça"	"3635"	"206"
"3"	"قوله"	"قوله"	"قَالَ"	"قول/CV"	""	"(null)/CVSUFF_SUBJ :2MS +ه/POSS_PRON"	"na"	"na"	"say"	"dire"	"21499"	"984"
"3"	"عشنا"	"عشنا"	"عُشّ"	"عش/NOUN_ABSTRACT"	""	"نا/POSS_PRON"	"sp"	"m"	"nest"	"nid"	"2417"	"116"
"3"	"يستاهل"	"يستاهل"	"اِسْتَحَقَ"	"ستاهل/IV"	"y/IV3MS"	"(null)/IVSUFF_SUBJ: 3MS"	"na"	"na"	"deserve"	"meriter"	"14723"	"689"
"3"	"نقص"	"نقص"	"نَقّْص"	"نقص/CV"	""	"(null)/CVSUFF_SUBJ :2MS"	"na"	"na"	"to_lower"	"baisser"	"10283"	"523"
"3"	"نجيبها"	"نجيبها"	"أَحَضَرَ"	"جيب/IV"	"n/IV1S"	"(null)/IVSUFF_MOOD:I+ها/IVSUFF_DO:3FS"	"na"	"na"	"brought"	"amené"	"254"	"16"
"3"	"لسان"	"لسان"	"لِسان"	"لسان/NOUN_CONCRETE"	""	"(null)/CASE_DEF_NOM"	"s"	"m"	"tongue"	"langue"	"12807"	"626"
"3"	"قيرا"	"قيرا"	"حَرب"	"قيرا/FOREIGN"	""	""	"na"	"na"	"war"	"guerre"	"23321"	"1075"
"3"	"يستر"	"يستر"	"سَتَرَ"	"ستر/IV"	"y/IV3MS"	"(null)/IVSUFF_SUBJ: 3MS"	"na"	"na"	"cover"	"couvrir"	"29178"	"1289"
"3"	"كاتقوري"	"كاتقوري"	"مَجْمُوعة"	"كاتقوري/FOREIGN"	""	""	"na"	"na"	"category"	"categorie"	"6604"	"340"
"3"	"يسلك"	"يسلك"	"انْقَدَ"	"سلك/IV"	"y/IV3MS"	"(null)/IVSUFF_SUBJ: 3MS"	"na"	"na"	"escape"	"échappement"	"4367"	"237"
"3"	"يوكلوا"	"يوكلوا"	"يُأكَل"	"وكل/IV"	"y/IV3MP"	"وا/IVSUFF_SUBJ:MP_MOOD:SJ"	"na"	"na"	"feed"	"nourrir"	"8939"	"418"
"3"	"كامل"	"كامل"	"كامِل"	"كامل/NOUN_ACTIVE_PART"	""	""	"s"	"m"	"completeted"	"complet"	"4960"	"261"
"3"	"كاميون"	"كاميون"	"شَاحِنَة"	"كاميون/FOREIGN"	""	""	"na"	"na"	"truck"	"camion"	"8415"	"401"
"3"	"يسموا"	"يسموا"	"سَمَّى"	"سم/IV"	"y/IV3MP"	"وا/IVSUFF_SUBJ:MP_MOOD:SJ"	"na"	"na"	"name"	"nommer"	"26388"	"1190"
"3"	"عرة"	"عرة"	"العُرَّة"	"عر/ADJ_QUALIT"	""	"ة/NSUFF_FEM_SG"	"s"	"f"	"shame"	"la_honte"	"15576"	"724"
"3"	"وحدك"	"وحدك"	"وَحْدك"	"وحد/NOUN_ABSTRACT"	""	"ك/POSS_PRON"	"s"	"m"	"alone"	"seul"	"10933"	"551"
"3"	"عربي"	"عربي"	"عَرَبِيّ"	"عرب/NOUN_RELATIVE"	""	"ي/RELATIVE_YA"	"s"	"m"	"arab"	"Arabe"	"9280"	"428"
"3"	"واجد"	"واجد"	"مُستَعِدّ"	"واجد/NOUN_ACTIVE_PART"	""	"(null)/CASE_INDEF_(ACC_GEN)"	"s"	"m"	""	"prêt,_être_préparé;_x;_ready,_being_prepared"	"2450"	"121"
"3"	"نتفاهم"	"نتفاهم"	"تَفاهُم"	"تفاهم/IV"	"n/IV1S"	"(null)/IVSUFF_SUBJ:1S"	"s"	"m"	"understand"	"comprendre"	"14672"	"688"
"3"	"طبق"	"طبق"	"طَبَق"	"طبق/NOUN_CONCRETE"	""	"(null)/CASE_INDEF_(ACC_GEN)"	"s"	"m"	"dish"	"plat"	"7353"	"363"
"3"	"ضربة"	"ضربة"	"ضَرْبَة"	"ضرب/GERUND_INSTANT"	""	"ة/NSUFF_FEM_SG+(null)/CASE_DEF_GEN"	"s"	"f"	"blow"	"coup"	"6333"	"329"
"3"	"كرعيك"	"كرعيك"	"رِجْل"	"كرعي/NOUN"	""	"ك/POSS_PRON_2MS"	"sp"	"m"	"feet"	"pieds"	"186"	"13"
"3"	"يقيس"	"يقيس"	"يَرْمِي"	"قيس/IV"	"y/IV3MS"	"(null)/IVSUFF_SUBJ: 3MS"	"na"	"na"	"throw"	"jeter"	"1895"	"90"
"3"	"شوربة"	"شوربة"	"شُورَبَة(حَسَاء)"	"شورب/NOUN_CONCRETE"	""	"ة/NSUFF_FEM_SG"	"s"	"f"	"soup"	"soupe"	"11207"	"564"
"3"	"نريح"	"نريح"	"{ِرْتاح"	"ريح/IV"	"n/IV1S"	"(null)/IVSUFF_SUBJ:1S"	"na"	"na"	"relax"	"se_détendre"	"15129"	"705"
"3"	"نطيب"	"نطيب"	"يَطْبُخ"	"طيب/IV"	"n/IV1S"	"(null)/IVSUFF_SUBJ:1S"	"na"	"na"	"cook"	"cuisiner"	"11251"	"566"
"3"	"واش"	"واش"	"مَاذأ"	"واش/INTERROG_PART"	""	""	"na"	"na"	"what"	"quoi"	"9580"	"440"
"3"	"يلعبوا"	"يلعبوا"	"يَلْعَبُوا"	"لعب/IV"	"y/IV3MP"	"وا/IVSUFF_SUBJ:MP_MOOD:SJ"	"na"	"na"	"play"	"jouer"	"28450"	"1258"
"3"	"شريت"	"شريت"	"اشْتَريت"	"شري/PV"	""	"ت/SUFF_FEM_TA"	"na"	"na"	"buy"	"acheter"	"1051"	"55"
"3"	"كيفك"	"كيفك"	"مِثْل"	"كيف/NOUN_ABSTRACT"	""	"ك/POSS_PRON"	"s"	"m"	"like,_such_as"	"comme"	"868"	"46"
"3"	"نستاهل"	"نستاهل"	"اِسْتَاهِل"	"ستاهل/IV"	"n/IV1S"	"(null)/IVSUFF_SUBJ:1S"	"na"	"na"	"deserve,_merit"	"mériter"	"4708"	"251"
"3"	"شركة"	"شركة"	"شَرِكِة"	"شرك/NOUN_CONCRETE"	""	"ة/NSUFF_FEM_SG+(null)/CASE_INDEF_(ACC_GEN)"	"s"	"f"	"company"	"compagnie"	"1610"	"78"
"3"	"نسكن"	"نسكن"	"أَسْكُن"	"سكن/IV"	"n/IV1S"	"(null)/IVSUFF_SUBJ:1S"	"na"	"na"	"live_in,_reside"	"habite,_résider"	"161"	"11"
"3"	"شرع"	"شرع"	"شَرْع"	"شرع/NOUN_ABSTRACT"	""	""	"s"	"m"	""	"lois;x;_law"	"2771"	"150"
"3"	"شر"	"شر"	"شَرّ"	"شر/NOUN_ABSTRACT"	""	""	"s"	"m"	"evil,malice"	"mal,méchanceté"	"6312"	"329"
"3"	"نسيت"	"نسيت"	"نَسِيَ"	"نسي/PV"	""	"ت/PV SUFF_SUBJ :1S"	"na"	"na"	"forget"	"oublier"	"15214"	"709"
"3"	"شتي"	"شتي"	"شَافَ"	"ش/PV"	""	"تي/PVSUFF_SUBJ:2FS"	"na"	"na"	"look,see"	"voir"	"11424"	"574"
"3"	"نشبهولها"	"نشبهولها"	"شَبَّه"	"شبه/IV"	"n/IV1P"	"و/IVSUFF_SUBJ:MP_MOOD:SJ+ل/PREP+ها/POSS_PRON"	"na"	"na"	"resemble,_liken"	"ressembler"	"10872"	"549"
"3"	"شبيبة"	"شبيبة"	"شباب"	"شبيب/NOUN_ABSTRACT"	""	"ة/NSUFF_FEM_SG"	"sp"	"m"	"youth"	"jeunesse"	"2512"	"125"
"3"	"واقيلا"	"وقيلا"	"رُبَّما"	"وقيلا/ADV"	""	""	"s"	"m"	"perhaps,_maybe"	"peut-être"	"17377"	"802"
"3"	"نشدلك"	"نشدلك"	"شَدَّ"	"شد/IV"	"n/IV1S"	"(null)/IVSUFF_SUBJ:1S+ل/PREP+ك/POSS_PRON"	"na"	"na"	"hold"	"tenir"	"16024"	"747"
"3"	"نشف"	"نشف"	"جَافٌ"	"نشف/PV"	""	"(null)/PV SUFF_SUBJ :3MS"	"na"	"na"	"dry"	"séche"	"10229"	"520"
"3"	"يموت"	"يموت"	"يَخَاف"	"موت/IV"	"y/IV3MS"	"(null)/IVSUFF_SUBJ: 3MS"	"s"	"m"	""	"be_scared;be_afraid;be_frightened"	"2101"	"97"
"3"	"ينشنا"	"ينشنا"	"نَشَّ"	"نش/IV"	"y/IV3MS"	"(null)/IVSUFF_SUBJ: 3MS +نا/IVSUFF_DO:1P"	"na"	"na"	""	"renvoyer;x;_kick_out"	"2419"	"116"
"3"	"كولا"	"كولا"	"طابور"	"كولا/FOREIGN"	""	""	"na"	"na"	"queue"	"file_d'attente"	"3516"	"202"
"3"	"واك"	"واك"	"وِيك"	"واك/INTERJ"	""	""	"na"	"na"	"(a_particle_that_calls_attention)"	"waak_(une_lettre_pour_attirer_l_intemtion)"	"10859"	"549"
"3"	"كياسة"	"كياسة"	"كَاسَةٌ"	"كياس/NOUN_CONCRETE"	""	"ة/NSUFF_FEM_SG"	"s"	"f"	"loofah"	"luffa"	"22879"	"1062"
"3"	"نطل"	"يطل"	"أَطَلّ"	"طل/IV"	"y/IMPERF_PREF"	"(null)/IVSUFF_SUBJ: 3MS"	"na"	"na"	"overlook"	"surplombant"	"14817"	"694"
"3"	"يوقلي"	"يوقلي"	"قَبِيح"	"يوقلي/FOREIGN"	""	""	"s"	"m"	"ugly"	"moche"	"26407"	"1192"
"3"	"لاصوص"	"لاصوص"	"صَلْصَة"	"لاصوص/FOREIGN"	""	""	"na"	"na"	"sauces"	"sauces"	"8293"	"397"
"3"	"نديرها"	"نديرها"	"فَعَل"	"دير/IV"	"n/IV1S"	"(null)/IVSUFF_SUBJ:1S+ها/IVSUFF_DO:3FS"	"na"	"na"	"do"	"faire"	"8141"	"391"
"3"	"نعاودها"	"نعاودها"	"عَاوَدَ"	"عاود/IV"	"n/IV1S"	"(null)/IVSUFF_SUBJ:1S+ها/IVSUFF_DO:3FS"	"na"	"na"	"repeat"	"répéter"	"19682"	"900"
"3"	"شيبانية"	"شيبانية"	"عَجُوزَة"	"شيباني/ADJ_QUALIT"	""	"ة/NSUFF_FEM_SG"	"s"	"f"	"elderly"	"âgé"	"1824"	"87"
"3"	"نعوم"	"نعوم"	"أَسْبَح"	"عوم/IV"	"n/IV1S"	"(null)/IVSUFF_SUBJ:1S"	"na"	"na"	"swim"	"nager"	"10790"	"546"
"3"	"ضياف"	"ضياف"	"ضُيُوف"	"ضياف/NOUN_ABSTRACT"	""	""	"sp"	"u"	"guests_,visitors"	"invités,_visiteurs"	"20975"	"968"
"3"	"ضربني"	"ضربني"	"ضَرَب"	"ضرب/PV"	""	"(null)/PVSUFF_SUBJ:3MS+ني/PVSUFF_DO:1S"	"na"	"na"	"hit"	"frapper"	"9872"	"477"
"3"	"لاميري"	"لاميري"	"البَلَدِية"	"لاميري/FOREIGN"	""	""	"na"	"na"	"the_town_hall"	"la_mairie"	"6798"	"346"
"3"	"علابلك"	"علابالك"	"تَعْرِف"	"بال/NOUN_ABSTRACT"	"ElA/PREP"	"ك/POSS_PRON"	"na"	"na"	"know"	"connaître"	"2921"	"157"
"3"	"ضرب"	"ضرب"	"ضَرب"	"ضرب/PV"	""	"(null)/PV SUFF_SUBJ :3MS"	"na"	"na"	"hit"	"frapper"	"14618"	"686"
"3"	"ضد"	"ضد"	"ضِدّ"	"ضد/NOUN_ABSTRACT"	""	""	"s"	"m"	"against"	"contre"	"5129"	"268"
"3"	"نحكيها"	"نحكيها"	"حَكَى"	"حكي/IV"	"n/IV1S"	"(null)/IVSUFF_SUBJ:1S+ها/IVSUFF_DO:3FS"	"na"	"na"	"tell,_talk"	"discuter,_parler"	"26084"	"1179"
"3"	"لاكريم"	"لاكريم"	"مثلجات"	"لاكريم/FOREIGN"	""	""	"na"	"na"	"ice-creams"	"des_glaces"	"8680"	"410"
"3"	"يعرفها"	"يعرفها"	"عَرَف"	"عرف/IV"	"y/IV3MS"	"(null)/IVSUFF_SUBJ: 3MS +ها/IVSUFF_DO:3FS"	"na"	"na"	"know"	"connaître"	"3932"	"217"
"3"	"لاقي"	"لاقي"	"لاقَى"	"لاقي/NOUN_ACTIVE_PART"	""	""	"s"	"m"	"find"	"trouver"	"3667"	"206"
"3"	"صوالحه"	"صوالحه"	"الحَاجات"	"صوالح/GERUND"	""	"ه/POSS_PRON"	"sp"	"m"	"the_needs"	"les_besoins"	"17457"	"806"
"3"	"يعطيه"	"يعطيه"	"أَعْطَى"	"عطي/IV"	"y/IV3MS"	"ه/IVSUFF_SUBJ: 3MS"	"na"	"na"	"give,provide"	"donner,fournir"	"3855"	"213"
"3"	"نحطو"	"نحطو"	"وَضَعَ"	"حط/IV"	"n/IV1P"	"و/IVSUFF_SUBJ:MP_MOOD:SJ"	"na"	"na"	"put"	"mettre"	"7432"	"366"
"3"	"يعني"	"يعني"	"عَنَى"	"عني/IV"	"y/IMPERF_PREF"	"(null)/IVSUFF_SUBJ: 3MS"	"na"	"na"	"mean"	"signifier"	"21159"	"973"
"3"	"نخلص"	"نخلص"	"دَفَع"	"خلص/IV"	"n/IV1S"	"(null)/IVSUFF_SUBJ:1S"	"na"	"na"	"pay"	"payer"	"5758"	"296"
"3"	"وجهه"	"وجهه"	"وَجْهَه"	"وجه/NOUN_CONCRETE"	""	"ه/POSS_PRON"	"s"	"m"	"his_face"	"son_visage"	"15958"	"742"
"3"	"صحبتي"	"صحبتي"	"صَاحِبة"	"صحب/NOUN_ACTIVE_PART"	""	"ت/NSUFF_FEM_SG+ي/POSS_PRON"	"s"	"f"	"friend"	"amie"	"16173"	"756"
"3"	"صحبتك"	"صحبتك"	"صَدِيقَة"	"صحب/NOUN_ACTIVE_PART"	""	"ت/NSUFF_FEM_SG+ك/POSS_PRON"	"s"	"f"	"friend"	"amie"	"29193"	"1290"
"3"	"صحبة"	"صحبة"	"الصَدَاقة"	"صحب/NOUN_ACTIVE_PART"	""	"ة/NSUFF_FEM_SG"	"s"	"m"	"friendship"	"amitier"	"7017"	"352"
"3"	"يعيطولهم"	"يعيطولهم"	"نَادَى"	"عيط/IV"	"y/IV3MP"	"و/IVSUFF_SUBJ:MP_MOOD:SJ+ل/PREP+هم/POSS_PRON"	"na"	"na"	"call_up"	"appeler"	"26272"	"1186"
"3"	"يفطر"	"يفطر"	"تَغَدى"	"فطر/IV"	"y/IV3MS"	"(null)/IVSUFF_SUBJ: 3MS"	"na"	"na"	"have_lunch"	"repas"	"6452"	"334"
"3"	"صبحة"	"صبحة"	"صَبِيحَة"	"صبح/NOUN_ABSTRACT"	""	"ة/NSUFF_FEM_SG+(null)/CASE_DEF_GEN"	"s"	"f"	"morning"	"matinée"	"20821"	"962"
"3"	"لافير"	"لافير"	"القضية"	"لافير/FOREIGN"	""	""	"s"	"f"	"affair"	"affaire"	"13580"	"651"
"3"	"وجهك"	"وجهك"	"وَجْهك"	"وجه/NOUN_CONCRETE"	""	"ك/POSS_PRON"	"s"	"m"	"face,front"	"visage,avant"	"9576"	"440"
"3"	"صافي"	"صافي"	"مًنْذُ"	"صافي/FOREIGN"	""	""	"na"	"na"	"has_been"	"safait"	"5344"	"275"
"3"	"نعاودو"	"نعاودو"	"عَاوَدَ"	"عاود/IV"	"n/IV1P"	"و/IVSUFF_SUBJ:1P"	"na"	"na"	"again"	"encore"	"5767"	"298"
"3"	"يقرى"	"يقرى"	"يَدْرُس"	"قرى/IV"	"y/IV3MS"	"(null)/IVSUFF_SUBJ: 3MS"	"na"	"na"	"study"	"etudier"	"6510"	"337"
"3"	"يعيش"	"يعيش"	"عَاش"	"عيش/IV"	"y/IV3MS"	"(null)/IVSUFF_DO:3MS"	"na"	"na"	"live"	"vivre"	"13712"	"655"
"3"	"علابيها"	"علابيها"	"لذلك"	"بي/PREP"	"ElA/PREP"	"ها/POSS_PRON"	"s"	"m"	"that_is_why"	"ç'est_pourquoi"	"7120"	"355"
"3"	"عمال"	"عمال"	"عامِل"	"عمال/NOUN_ACTIVE_PART"	""	"(null)/CASE_DEF_GEN"	"bp"	"m"	"workers"	"ouvriers"	"20164"	"918"
"3"	"قو"	"قو"	"المَذَّاق"	"قو/FOREIGN"	""	""	"na"	"na"	"taste"	"goût"	"7375"	"364"
"3"	"يبيعو"	"يبيع"	"باعَ"	"بيع/IV"	"y/IV3MS"	"(null)/PVSUFF_SUBJ:3MS"	"na"	"na"	"sell"	"vendre"	"6890"	"349"
"3"	"متال"	"متال"	"مِثال"	"متال/GERUND"	""	"(null)/CASE_INDEF_NOM"	"s"	"m"	"example"	"example"	"26318"	"1188"
"3"	"متشدليش"	"متشدليش"	"شَدَّ"	"شد/IV"	"m/NEG_PART+t/IV2MS"	"(null)/IVSUFF_SUBJ : 2MS+ل/PREP+ي/POSS_PRON+ش/NEG_PART"	"na"	"na"	"hold"	"tenir"	"16008"	"746"
"3"	"يتزوج"	"يتزوج"	"تَزَوَج"	"تزوج/IV"	"y/IV3MS"	"(null)/IVSUFF_SUBJ: 3MS"	"na"	"na"	"car"	"voiture"	"2778"	"150"
"3"	"يجري"	"يجري"	"جَرَى"	"جري/IV"	"y/IV3MS"	"(null)/IVSUFF_SUBJ: 3MS"	"na"	"na"	"run"	"courir"	"6272"	"328"
"3"	"سو"	"سو"	"نائب"	"سو/FOREIGN"	""	""	"na"	"na"	"vice"	"sous"	"4570"	"245"
"3"	"ولدك"	"ولدك"	"ابن"	"ولد/NOUN_ABSTRACT"	""	"ك/POSS_PRON"	"s"	"m"	"child,son"	"enfant,_fils"	"9699"	"449"
"3"	"محاصره"	"محاصره"	"مُحَاصَر"	"محاصر/GERUND"	""	"ه/POSS_PRON"	"s"	"m"	"trapped"	"piégé"	"27449"	"1220"
"3"	"نوصلك"	"نوصلك"	"أَوْصَلَ"	"وصل/IV"	"n/IV1S"	"(null)/IVSUFF_SUBJ:1S+ك/IVSUFF_DO:2MS"	"na"	"na"	"get"	"ramener"	"10326"	"525"
"3"	"فوا"	"فوا"	"بعضالأحيان"	"فوا/FOREIGN"	""	""	"na"	"na"	"sometimes"	"parfois"	"6529"	"337"
"3"	"قعدة"	"قعدة"	"قَعْدَة"	"قعد/NOUN_TIME_PLACE"	""	"ة/NSUFF_FEM_SG"	"s"	"f"	"sitting_place"	"assis"	"12158"	"601"
"3"	"مدولي"	"مدولي"	"أَعْطَى"	"مد/PV"	""	"و/PVSUFF_SUBJ:3MP+ل/PREP+ي/POSS_PRON"	"na"	"na"	"give"	"donner"	"3867"	"214"
"3"	"فهميني"	"فهميني"	"فَهِمَ"	"فهم/CV"	""	"ي/CVSUFF_SUBJ : 2FS+ني/CVSUFF_DO :1S"	"na"	"na"	"teach"	"apprendre"	"10481"	"531"
"3"	"مراقي"	"مراقي"	"مَرَق"	"مراقي/NOUN_CONCRETE"	""	""	"sp"	"m"	"bouillon,_sauce"	"broth,_gravy"	"11214"	"564"
"3"	"هاهو"	"هاهو"	"هَاهُوَ"	"هو/PRON_3MS"	"hA/DEM_PRON"	""	"s"	"m"	"here_it_is"	"le_voilà"	"22057"	"1024"
"3"	"مراكش"	"مراكش"	"إِنَّكلا"	"راك/PRESENT_PART"	"m/NEG_PART"	"ش/NEG_PART"	"s"	"m"	"is,_are_not"	"n'est_pas,_ne_sont_pas"	"2868"	"155"
"3"	"يجيب"	"يجيب"	"أحضر"	"جيب/IV"	"y/IV3MS"	"(null)/IVSUFF_SUBJ: 3MS"	"na"	"na"	"bring;get"	"apporter"	"15998"	"743"
"3"	"فليتشة"	"فليتشة"	"سَهْم"	"فليتشة/FOREIGN"	""	""	"s"	"f"	"arrow"	"flèche"	"22343"	"1036"
"3"	"نوجدوا"	"نوجدوا"	"حَضَّرَ"	"وجد/IV"	"n/IV1P"	"وا/IVSUFF_SUBJ:MP_MOOD:SJ"	"na"	"na"	""	"préparer;_x;_prepare"	"2325"	"109"
"3"	"لها"	"لها"	"لها"	"ل/PREP"	""	"ها/PRON_3FS"	"na"	"na"	"to_her"	"à_elle"	"22349"	"1036"
"3"	"فلفلة"	"فلفلة"	"فَلْفَل"	"فلفل/NOUN_CONCRETE"	""	"ة/NSUFF_FEM_SG"	"s"	"f"	"pepper"	"poivre"	"8039"	"387"
"3"	"نو"	"نو"	"جوز"	"نو/FOREIGN"	""	""	"na"	"na"	"nut"	"noix"	"3417"	"197"
"3"	"فلانة"	"فلانة"	"فُلانة"	"فلان/NOUN_CONCRETE"	""	"ة/NSUFF_FEM_SG"	"s"	"f"	"someone"	"Quelqu'un"	"689"	"38"
"3"	"فقناة"	"فقناة"	"قَناة"	"قنا/NOUN_ABSTRACT"	"f/PREP"	"ة/NSUFF_FEM_SG"	"s"	"f"	"Tv_channel"	"chaîne_de_télévision"	"5571"	"284"
"3"	"فزواج"	"فزواج"	"زَواج"	"زواج/NOUN_ABSTRACT"	"f/PREP"	""	"s"	"m"	"wedding"	"marriage"	"13987"	"665"
"3"	"قعدو"	"قعدو"	"قَعَد"	"قعد/PV"	""	"و/PVSUFF_SUBJ:3MP"	"na"	"na"	"keep"	"continuer"	"1375"	"69"
"3"	"مزيا"	"مزيا"	"فَضِيلَة"	"مزي/NOUN_ABSTRACT"	""	"ا/NSUFF_FEM_SG"	"s"	"f"	"favor"	"faveur"	"12213"	"603"
"3"	"مت"	"مت"	"أُمّ"	"مت/NOUN_CONCRETE"	""	""	"s"	"f"	"mother"	"Mère"	"8773"	"414"
"3"	"مبقاش"	"مبقاش"	"بَقِيَ"	"بقا/PV"	"m/NEG_PART"	"(null)/PV SUFF_SUBJ :3MS+ش/NEG_PART"	"na"	"na"	"remain"	"reste"	"10442"	"529"
"3"	"فيلم"	"فيلم"	"فِيلْم"	"فيلم/FOREIGN"	""	"(null)/CASE_DEF_GEN"	"s"	"m"	""	"film_;x_film"	"9230"	"426"
"3"	"ولده"	"ولده"	"ابن"	"ولد/NOUN_ABSTRACT"	""	"ه/POSS_PRON+(null)/CASE_INDEF_(ACC_GEN)"	"s"	"m"	"child,son"	"enfant,_fils"	"17816"	"822"
"3"	"قتولي"	"قتولي"	"قَالَ"	"قت/PV"	""	"و/PVSUFF_SUBJ:2MP+ل/PREP+ي/POSS_PRON"	"na"	"na"	"said"	"dit"	"4645"	"248"
"3"	"ليزاميركان"	"ليزاميركان"	"الأمْرٍيكٍيون"	"ليزاميركان/FOREIGN"	""	""	"sp"	"m"	"Americans"	"les_Américains"	"26491"	"1196"
"3"	"هاذي"	"هذي"	"هَذا"	"هاذي/DEM_PRON_FS"	""	""	"s"	"f"	"this"	"cela"	"175"	"12"
"3"	"ليفغونسي"	"ليفغونسي"	"الفَرَنْسِيون"	"ليفغونسي/FOREIGN"	""	""	"sp"	"m"	"the_French"	"les_français"	"25991"	"1176"
"3"	"قرايتي"	"قرايتي"	"دِراسَة"	"قراي/GERUND"	""	"ت/NSUFF_FEM_SG+ي/POSS_PRON"	"s"	"f"	"studies"	"études"	"3861"	"214"
"3"	"لواست"	"لوست"	"وَسْط"	"وست/NOUN_ABSTRACT"	"l/DET"	""	"s"	"m"	"middle"	"milieu"	"26276"	"1186"
"3"	"وهايا"	"وهايا"	"يَا"	"هايا/VOC_PART"	"w/CONJ"	""	"na"	"na"	"oh"	"oh"	"2555"	"131"
"3"	"ليك"	"ليك"	"لِ"	"لي/PREP"	""	"ك/PRON_2MS"	"na"	"na"	""	"to_you_;for_+_you"	"2445"	"120"
"3"	"هادك"	"هادك"	"دلك"	"هادك/DEM_PRON"	""	""	"s"	"m"	"that"	"celui"	"628"	"36"
"3"	"وينتا"	"وينتا"	"مَتَى"	"وينتا/INTERROG_PART"	""	""	"na"	"na"	"when"	"quand"	"4588"	"246"
"3"	"مادام"	"مادام"	"مادام"	"مادام/PV"	""	"(null)/PVSUFF_SUBJ:3MS"	"s"	"m"	"as_long_as"	"tant_que"	"2964"	"164"
"3"	"مارهش"	"ما_رهش"	"اِنَّ"	"ره/PRESENT_PART"	"mA/NEG_PART"	"ش/NEG_PART"	"na"	"na"	""	"it_is"	"1569"	"76"
"3"	"نيك"	"نيك"	"نيك"	"نيك/IV"	""	"(null)/IVSUFF_SUBJ:1S"	"na"	"na"	"have_sex_with"	"avoir_des_relations_sexuelles"	"20522"	"933"
"3"	"نهود"	"نهود"	"نَزَلَ"	"هود/IV"	"n/IV1S"	"(null)/IVSUFF_SUBJ:1S"	"na"	"na"	"get_down"	"descendre"	"19629"	"898"
"3"	"ياكلك"	"ياكلك"	"يَأكُل"	"اكل/IV"	"y/IV3MS"	"(null)/IVSUFF_SUBJ: 3MS +ك/IVSUFF_DO:2MS"	"na"	"na"	"eat"	"manger"	"23419"	"1079"
"3"	"يباعروا"	"يباعروا"	"ممه"	"باعر/IV"	"y/IV3MP"	"وا/IVSUFF_SUBJ:MP_MOOD:SJ"	"na"	"na"	""	"sound_of_sheep"	"1308"	"65"
"3"	"قالتله"	"قالتله"	"قَالتله"	"قال/PV"	""	"ت/PV SUFF_SUBJ :3FS+ل/PREP+ه/PRON_3MS"	"na"	"na"	""	"said;say;be_said"	"1124"	"58"
"3"	"قافز"	"قافز"	"شَاطر"	"قافز/NOUN_ACTIVE_PART"	""	""	"s"	"m"	"clever"	"malin"	"24400"	"1114"
"3"	"مالا"	"مالا"	"إِذَن"	"مالا/ADV"	""	""	"na"	"na"	"then"	"alors"	"16181"	"756"
"3"	"قريت"	"قريت"	"دَرَسَ"	"قري/PV"	""	"ت/SUFF_FEM_TA"	"na"	"na"	"study"	"étudier"	"3045"	"172"
"3"	"قضبي"	"قضبي"	"قَضَبَ"	"قضب/CV"	""	"ي/CVSUFF_SUBJ : 2FS"	"na"	"na"	"hold"	"tenir"	"8223"	"395"
"3"	"مبروك"	"مبروك"	"مَبْرُوك"	"مبروك/NOUN_ABSTRACT"	""	"(null)/CASE_INDEF_GEN"	"s"	"m"	"blessed"	"béni"	"17140"	"794"
"3"	"لهيه"	"لهيه"	"هُنَاكَ"	"لهيه/ADV"	""	""	"na"	"na"	"there"	"là-bas"	"1774"	"85"
"3"	"قادر"	"قادر"	"قَادِر"	"قادر/NOUN_ACTIVE_PART"	""	""	"s"	"m"	""	"capable;able"	"1570"	"76"
"3"	"يبغو"	"يبغو"	"أرَاد"	"بغ/IV"	"y/IV3MP"	"و/IVSUFF_SUBJ:MP_MOOD:SJ"	"na"	"na"	"want"	"vouloir"	"11789"	"587"
"3"	"يبغيها"	"يبغيها"	"أحَبَها"	"بغ/IV"	"y/IV3MS"	"ي/IVSUFF_SUBJ: 3MS +ها/IVSUFF_DO:3FS"	"na"	"na"	""	"love;want"	"1564"	"76"
"3"	"قابل"	"قابل"	"قابِل"	"قابل/NOUN_ACTIVE_PART"	""	"(null)/CASE_INDEF_NOM"	"s"	"m"	""	"accepter_;x;accepter"	"416"	"25"
"3"	"يبقى"	"يبقى"	"بَقِيَ"	"بقى/IV"	"y/IV3MS"	"(null)/IVSUFF_SUBJ: 3MS"	"na"	"na"	"remain,_last"	"rester,_durer"	"10206"	"520"
"3"	"نيفو"	"نيفو"	"مُسْتَوَى"	"نيفو/FOREIGN"	""	""	"na"	"na"	"level"	"niveau"	"5621"	"286"
"3"	"نبدو"	"نبدو"	"بَدَأ"	"بد/IV"	"n/IV1P"	"و/IVSUFF_SUBJ:MP_MOOD:SJ"	"na"	"na"	"start"	"commencer"	"7398"	"365"
"3"	"هاو"	"هاو"	"يا"	"هاو/VOC_PART"	""	""	"na"	"na"	"oh"	"oh"	"3365"	"195"
"3"	"يحلم"	"يحلم"	"حَلَم"	"حلم/IV"	"y/IV3MS"	"(null)/IVSUFF_SUBJ: 3MS"	"na"	"na"	"dream"	"rêver"	"21417"	"983"
"3"	"منعرفش"	"منعرفش"	"ماأَعْرِف"	"عرف/IV"	"m/NEG_PART+n/IV1S"	"(null)/IVSUFF_SUBJ:1S+ش/NEG_PART"	"na"	"na"	"don't_know"	"connais_pas"	"11254"	"566"
"3"	"منقدش"	"منقدش"	"لااَسْتَطِيع"	"قد/IV"	"m/NEG_PART+n/IV1S"	"(null)/IVSUFF_SUBJ:1S+ش/NEG_PART"	"na"	"na"	"can't"	"peut_pas_"	"13519"	"648"
"3"	"منك"	"منك"	"مِن"	"من/PREP"	""	"ك/POSS_PRON"	"na"	"na"	"from"	"de"	"17529"	"809"
"3"	"عيني"	"عيني"	"عَيْنِي"	"عين/NOUN_CONCRETE"	""	"ي/POSS_PRON"	"s"	"m"	"want"	"vouloir"	"21254"	"978"
"3"	"عينك"	"عينك"	"عَيْنيك"	"عين/NOUN_CONCRETE"	""	"ك/POSS_PRON"	"s"	"f"	"Eye"	"Œil"	"2757"	"149"
"3"	"منهدروش"	"منهدروش"	"تَكَلَّم"	"هدر/IV"	"m/NEG_PART+n/IV1P"	"و/IVSUFF_SUBJ:1P+ش/NEG_PART"	"na"	"na"	"speak"	"parler"	"5474"	"281"
"3"	"يدوروا"	"يدوروا"	"دَارَ"	"دور/IV"	"y/IV3MP"	"وا/IVSUFF_SUBJ:MP_MOOD:SJ"	"na"	"na"	"go_around,_turn"	"faire_le_tour,_tourner"	"26516"	"1197"
"3"	"لقاو"	"لقاو"	"لَقى"	"لقا/PV"	""	"و/PVSUFF_SUBJ:3MP"	"na"	"na"	"find"	"trouver"	"16897"	"784"
"3"	"قلعت"	"قلعت"	"أقْلَعَ"	"قلع/PV"	""	"ت/SUFF_FEM_TA"	"na"	"na"	"take_off"	"décoller"	"4045"	"222"
"3"	"عيب"	"عيب"	"عَيْب"	"عيب/NOUN_ABSTRACT"	""	"(null)/CASE_INDEF_(ACC_GEN)"	"s"	"m"	"shame,_disgrace"	"honte,_disgrâce"	"10274"	"522"
"3"	"مها"	"مها"	"أُمّ"	"م/NOUN_CONCRETE"	""	"ها/POSS_PRON"	"s"	"f"	"Mother"	"Mère"	"3789"	"212"
"3"	"لقاه"	"لقاه"	"وجد"	"لقا/PV"	""	"(null)/PV SUFF_SUBJ :3MS+ه/PVSUFF_DO:3MS"	"na"	"na"	"find"	"trouver"	"1811"	"86"
"3"	"قلنا"	"قلنا"	"قالَ"	"قل/PV"	""	"نا/PVSUFF_SUBJ:1P"	"na"	"na"	"said"	"dire"	"4078"	"223"
"3"	"مو"	"مو"	"الشَهْر"	"مو/FOREIGN"	""	""	"na"	"na"	"month"	"mois"	"5359"	"276"
"3"	"موا"	"موا"	"الشَهْر"	"موا/FOREIGN"	""	""	"na"	"na"	"month"	"mois"	"5346"	"275"
"3"	"مواطن"	"مواطن"	"مواطن"	"مواطن/NOUN_ACTIVE_PART"	""	"(null)/CASE_INDEF_(ACC_GEN)"	"s"	"m"	""	"citizen"	"2038"	"95"
"3"	"وخدوخرة"	"وخدوخرة"	"وَخُدآخَر"	"وخدوخر/ADJ_QUALIT"	""	"ة/NSUFF_FEM_SG"	"s"	"f"	"another"	"autre"	"4655"	"248"
"3"	"موسيقى"	"موسيقى"	"مُوسِيقَى"	"موسيقى/FOREIGN"	""	""	"s"	"f"	"music"	"musique"	"10244"	"521"
"3"	"هرب"	"هرب"	"هَرَبَ"	"هرب/PV"	""	"(null)/PV SUFF_SUBJ :3MS"	"na"	"na"	"run_away"	"s'enfuire"	"10128"	"511"
"3"	"ميت"	"ميت"	"مَيِت"	"ميت/NOUN_ABSTRACT"	""	"(null)/CASE_INDEF_(ACC_GEN)"	"s"	"m"	"dead"	"mort"	"1521"	"74"
"3"	"يديه"	"يديه"	"أَخَدَ"	"دي/IV"	"y/IV3MS"	"(null)/IVSUFF_SUBJ: 3MS +ه/IVSUFF_DO:3MS"	"na"	"na"	""	"take"	"1432"	"71"
"3"	"يرجع"	"يرجع"	"رَجَع"	"رجع/IV"	"y/IV3MS"	"(null)/IVSUFF_SUBJ: 3MS"	"na"	"na"	"return"	"retourner"	"6967"	"351"
"3"	"لفرونسي"	"لفرونسي"	"فَرِنْسِيّين"	"لفرونسي/FOREIGN"	""	""	"sp"	"m"	"the_French"	"les_Français"	"25714"	"1167"
"3"	"عمر"	"عمر"	"مَلَأَ"	"عمر/CV"	""	"(null)/CVSUFF_SUBJ :2MS"	"na"	"na"	"fill"	"remplir"	"2542"	"129"
"3"	"يرحم"	"يرحم"	"يَرْحَم"	"رحم/IV"	"y/IV3MS"	"(null)/IVSUFF_SUBJ: 3MS"	"na"	"na"	"have_mercy_with"	"aie_pitié_de"	"3149"	"182"
"3"	"عللى"	"على"	"عَلَى"	"على/PREP"	""	""	"na"	"na"	"on"	"sur"	"22937"	"1063"
"3"	"نبدل"	"نبدل"	"يبَدَّل"	"بدل/IV"	"n/IV1S"	"(null)/IVSUFF_SUBJ:1S"	"na"	"na"	"change"	"changer"	"11478"	"576"
"3"	"منعرت"	"منعرت"	"مَاأَعْرٍف"	"عر/IV"	"m/NEG_PART+n/IV1S"	"ت/IVSUFF_SUBJ:1S"	"na"	"na"	"don't_know"	"ne_sais_pas"	"2640"	"144"
"3"	"عينين"	"عينين"	"عَيْنين"	"عين/NOUN_CONCRETE"	""	"ين/NSUFF_FEM_DU_ACC"	"d"	"f"	"Eyes"	"Les_yeux"	"7241"	"360"
"3"	"للمعسكريين"	"للمعسكريين"	"معَسَكْرِيين"	"معسكر/NOUN_RELATIVE"	"l/PREP+l/DET"	"ي/RELATIVE_YA+ين/NSUFF_MASC_PL_GEN"	"sp"	"m"	""	"people_of_mascara"	"1633"	"78"
"3"	"منبغيش"	"منبغيش"	"لاأحُب"	"بغي/IV"	"m/NEG_PART+n/IV1S"	"(null)/IVSUFF_SUBJ:1S+ش/NEG_PART"	"na"	"na"	"don't_like"	"n'aime_pas"	"11215"	"564"
"3"	"مشينة"	"مشينة"	"آلَة"	"مشينة/FOREIGN"	""	""	"s"	"f"	"machine"	"machine"	"19723"	"902"
"3"	"فدوك"	"فدوك"	"أولئك"	"دوك/DEM_PRON"	"f/PREP"	""	"sp"	"m"	"those"	"ceux"	"5291"	"273"
"3"	"لمرته"	"لمرته"	"إمْرَأته"	"مر/NOUN_CONCRETE"	"l/DET"	"ت/NSUFF_FEM_SG+ه/POSS_PRON"	"s"	"f"	"his_wife"	"sa_femme"	"1253"	"63"
"3"	"فخر"	"فخر"	"فَخْر"	"فخر/GERUND"	""	"(null)/CASE_INDEF_(ACC_GEN)"	"s"	"m"	"Pride"	"Fierté"	"4397"	"238"
"3"	"فحريرة"	"فحريرة"	"حَرِيرة(حَسَاءجَزائِري)"	"حرير/NOUN_CONCRETE"	"f/PREP"	"ة/NSUFF_FEM_SG"	"s"	"f"	"Harira_(algerian_soup)"	"Harira_(soupe_algerienne)"	"7402"	"365"
"3"	"ولاده"	"ولاده"	"أَوْلَاده"	"ولاد/NOUN_CONCRETE"	""	"ه/POSS_PRON"	"bp"	"m"	"his_children"	"ses_enfants"	"13699"	"655"
"3"	"قعدي"	"قعدي"	"قَعَدَ"	"قعد/CV"	""	"ي/CVSUFF_SUBJ : 2FS"	"na"	"na"	"keep"	"continuer"	"8112"	"390"
"3"	"معمر"	"معمر"	"مُزْدَحِم"	"معمر/ADJ_QUALIT"	""	"(null)/CASE_INDEF_(ACC_GEN)"	"na"	"na"	"full"	"plein"	"3563"	"203"
"3"	"يخافوا"	"يخافوا"	"خافَ"	"خاف/IV"	"y/IV3MP"	"وا/IVSUFF_SUBJ:MP_MOOD:SJ"	"na"	"na"	"afraid_of"	"avoir_peur"	"26613"	"1199"
"3"	"معمرة"	"معمرة"	"عَامِر"	"معمر/ADJ_QUALIT"	""	"ة/NSUFF_FEM_SG"	"s"	"f"	"full"	"complet"	"3389"	"196"
"3"	"معندك"	"معندك"	"ماعِندَ"	"عند/NOUN"	"m/NEG_PART"	"ك/POSS_PRON_2MS"	"s"	"m"	"have"	"ont"	"285"	"19"
"3"	"قفل"	"قفل"	"قُفْل"	"قفل/NOUN_CONCRETE"	""	""	"s"	"m"	"a_lock"	"la_serrure"	"26334"	"1188"
"3"	"يخدم"	"يخدم"	"تَعْمَل"	"خدم/IV"	"y/IV3MS"	"(null)/IVSUFF_SUBJ: 3MS"	"na"	"na"	"work"	"travailler"	"4749"	"252"
"3"	"يحكم"	"يحكم"	"تَحَكُّم"	"حكم/IV"	"y/IV3MS"	"(null)/IVSUFF_SUBJ: 3MS"	"na"	"na"	"controlling"	"contrôler"	"4324"	"236"
"3"	"يخدموا"	"يخدموا"	"تَعْمَل"	"خدم/IV"	"y/IV3MP"	"وا/IVSUFF_SUBJ:MP_MOOD:SJ"	"na"	"na"	"work"	"travailler"	"5243"	"272"
"3"	"معها"	"معها"	"مَعَهَا"	"مع/PREP"	""	"ها/POSS_PRON"	"na"	"na"	""	"with"	"529"	"31"
"3"	"معيا"	"معيا"	"مَعي"	"مع/PREP"	""	"يا/POSS_PRON_1S"	"s"	"m"	""	"with_me;_avec_moi"	"36"	"3"
"3"	"مغبون"	"مغبون"	"مَغْبُون,خَائِب"	"مغبون/ADJ_QUALIT"	""	"(null)/CASE_INDEF_(ACC_GEN)"	"s"	"m"	"aggrieved"	"lésé"	"15263"	"711"
"3"	"مقبرة"	"مقبرة"	"مَقْبَرَة"	"مقبر/NOUN_TIME_PLACE"	""	"ة/NSUFF_FEM_SG"	"s"	"f"	"cemetery,_graveyard"	"cimetière"	"26037"	"1178"
"3"	"للواد"	"للواد"	"وَادِي"	"واد/NOUN_CONCRETE"	"l/PREP+l/DET"	""	"s"	"m"	"valley"	"vallée"	"22569"	"1048"
"3"	"نكون"	"نكون"	"كَان"	"كون/IV"	"n/IV1S"	"(null)/IVSUFF_SUBJ:1S"	"na"	"na"	"be"	"être"	"5670"	"289"
"3"	"قلبه"	"قلبه"	"قَلْب"	"قلب/NOUN_ABSTRACT"	""	"ه/POSS_PRON+(null)/CASE_DEF_NOM"	"s"	"m"	"heart"	"coeur"	"6644"	"341"
"3"	"ملقيتش"	"ملقيتش"	"مالَقِيَ"	"لقي/PV"	"m/NEG_PART"	"ت/IVSUFF_SUBJ : 2MS+ش/NEG_PART"	"na"	"na"	"not_find"	"pas_trouver"	"14163"	"671"
"3"	"غلمي"	"غلمي"	"لَحْمخَرُوف"	"غلم/NOUN_CONCRETE"	""	"ي/POSS_PRON"	"s"	"m"	"lamb"	"agneau"	"7373"	"364"
"3"	"مليار"	"مليار"	"مِلْيَار"	"مليار/NOUN_NUM"	""	"(null)/CASE_DEF_GEN"	"s"	"m"	"billion"	"milliard"	"5592"	"285"
"3"	"يخمم"	"يخمم"	"يُفَكِر"	"خمم/IV"	"y/IV3MS"	"(null)/IVSUFF_SUBJ: 3MS"	"na"	"na"	"think"	"pense"	"13990"	"665"
"3"	"غالب"	"غالب"	"غالِب"	"غالب/NOUN_ACTIVE_PART"	""	""	"s"	"m"	"winner;victorious"	"gagnant;_victorieux"	"10493"	"532"
"3"	"يدبر"	"يدبر"	"دَبَّر"	"دبر/IV"	"y/IV3MS"	"(null)/IVSUFF_SUBJ: 3MS"	"na"	"na"	"look_for"	"chercher"	"13994"	"665"
"3"	"قلبك"	"قلبك"	"قَلْب"	"قلب/NOUN_ABSTRACT"	""	"ك/POSS_PRON+(null)/CASE_DEF_NOM"	"s"	"m"	"heart"	"coeur"	"17376"	"802"
"3"	"يخلف"	"يخلف"	"خَلَف"	"خلف/IV"	"y/IV3MS"	"(null)/IVSUFF_SUBJ: 3MS"	"na"	"na"	"compensate"	"compenser"	"24776"	"1127"
"3"	"عرفتني"	"عرفتني"	"عرفَ"	"عرف/PV"	""	"ت/PV SUFF_SUBJ :2MS+ني/PVSUFF_DO:1S"	"na"	"na"	"know"	"connaître"	"1673"	"81"
"3"	"خصنا"	"خصنا"	"يَحْتَاج"	"خص/PV"	""	"نا/PV SUFF_SUBJ :1P"	"na"	"na"	"need"	"avoir_besoin"	"11680"	"583"
"3"	"انعل"	"إنعل"	"إِنْعَل"	"إنعل/CV"	""	"(null)/CVSUFF_SUBJ :2MS"	"na"	"na"	"curse"	"malédiction"	"22089"	"1026"
"3"	"انسان"	"انسان"	"إِنْسان"	"انسان/NOUN_CONCRETE"	""	"(null)/CASE_INDEF_GEN"	"s"	"m"	""	"être_humain_كءك_human_being"	"15352"	"714"
"3"	"خوها"	"خوها"	"أَخُوهَا"	"خو/NOUN_CONCRETE"	""	"ها/POSS_PRON"	"s"	"m"	"brother"	"frère"	"3834"	"213"
"3"	"انتي"	"انتي"	"أَنْتِ"	"انتي/PRON"	""	""	"na"	"na"	""	"you_[fem.sg.]"	"12421"	"612"
"3"	"امها"	"امها"	"أُمّ"	"ام/NOUN_CONCRETE"	""	"ها/POSS_PRON"	"s"	"f"	"Mother"	"Mère"	"9884"	"479"
"3"	"املي"	"املي"	"أمالي"	"املي/ADV"	""	""	"na"	"na"	"so"	"donc"	"3167"	"186"
"3"	"امبوسيبل"	"امبوسيبل"	"مُسْتَحِيل"	"امبوسيبل/FOREIGN"	""	""	"na"	"na"	"impossible"	"impossible"	"13401"	"645"
"3"	"دارت"	"دارت"	"فَعَل"	"دار/PV"	""	"ت/PV SUFF_SUBJ :3FS"	"na"	"na"	"do"	"faire"	"3827"	"212"
"3"	"دارك"	"دارك"	"الدَّارُ"	"دار/NOUN_CONCRETE"	""	"ك/POSS_PRON"	"s"	"f"	"house"	"maison"	"9835"	"469"
"3"	"دارو"	"دارو"	"بَنُوا"	"دار/PV"	""	"و/PVSUFF_SUBJ:3MP"	"na"	"na"	"built"	"construit"	"2642"	"144"
"3"	"الى"	"الى"	"إِلَى"	"الى/PREP"	""	""	"na"	"na"	"to;towards"	"vers"	"2457"	"121"
"3"	"داروا"	"داروا"	"فَعَلوا"	"دار/PV"	""	"وا/PVSUFF_SUBJ:3MP"	"na"	"na"	""	"do"	"568"	"33"
"3"	"الهزيه"	"الهزيه"	"مُسْتَهْزِئين"	"هزي/ADJ_QUALIT"	"Al/DET"	"ه/NSUFF_FEM_SG"	"s"	"f"	"despise"	"mépriser"	"12304"	"608"
"3"	"النار"	"النار"	"نَار"	"نار/NOUN_CONCRETE"	"Al/DET"	""	"s"	"f"	"fire"	"Feu"	"2608"	"140"
"3"	"دارولي"	"دارولي"	"فَعَلولي"	"دار/PV"	""	"و/PVSUFF_SUBJ:3MP+ل/PREP+ي/POSS_PRON_1S"	"na"	"na"	"do"	"faire"	"420"	"26"
"3"	"خوتي"	"خوتي"	"إخواتي"	"خو/NOUN_ABSTRACT"	""	"ت/NSUFF_FEM_PL+ي/POSS_PRON"	"sp"	"m"	"my_brothers"	"mes_frères"	"6880"	"348"
"3"	"الما"	"الما"	"المَاء"	"ما/NOUN"	"Al/DET"	""	"s"	"u"	"water"	"l'eau"	"9522"	"436"
"3"	"خواتتها"	"خواتتها"	"أَخُوَّات"	"خوات/NOUN_CONCRETE"	""	"ت/NSUFF_FEM_PL+ها/POSS_PRON"	"sp"	"f"	""	"her_sisters"	"701"	"39"
"3"	"خليه"	"خليه"	"خَلَّى"	"خلي/CV"	""	"(null)/CVSUFF_SUBJ :2MS +ه/CVSUFF_DO :3MS"	"na"	"na"	"leave"	"laisser"	"8320"	"399"
"3"	"خدامة"	"خدامة"	"عامِلة"	"خدام/NOUN_ABSTRACT"	""	"ة/NSUFF_FEM_SG"	"s"	"f"	"worker"	"travailleur"	"3889"	"216"
"3"	"بات"	"بات"	"أَصْبَح"	"بات/PV"	""	"(null)/PV SUFF_SUBJ :3MS"	"na"	"na"	"become"	"devenir"	"9609"	"441"
"3"	"بابوش"	"بابوش"	"الحَلَزُون"	"بابوش/FOREIGN"	""	""	"s"	"m"	""	"snail"	"2107"	"97"
"3"	"خسارة"	"خسارة"	"خَسَارَة"	"خسار/GERUND"	""	"ة/NSUFF_FEM_SG+(null)/CASE_DEF_NOM"	"s"	"f"	"loss"	"perte"	"10105"	"509"
"3"	"اييه"	"اييه"	"نَعَم"	"اييه/YES_NO_RESP_PART"	""	""	"na"	"na"	"yes"	"oui"	"12299"	"608"
"3"	"خصك"	"خصك"	"تَحْتَاج"	"خص/CV"	""	"ك/CVSUFF_SUBJ :2MS"	"na"	"na"	"need"	"besoin"	"2927"	"158"
"3"	"خطاك"	"خطاك"	"خَطَّى"	"خطا/PV"	""	"ك/PV SUFF_SUBJ :2MS"	"na"	"na"	"keep_out"	"rester_dehors"	"791"	"43"
"3"	"ايوا"	"ايوا"	"إذن"	"ايوا/ADV"	""	""	"na"	"na"	"well"	"alors"	"6879"	"348"
"3"	"ايستواغ"	"ايستواغ"	"القِصة"	"ايستواغ/FOREIGN"	""	""	"na"	"na"	"story"	"histoire"	"1070"	"56"
"3"	"ايرجون"	"ايرجون"	"مُسْتَعْجِل"	"ايرجون/FOREIGN"	""	""	"na"	"na"	"urgent"	"urgent"	"3936"	"217"
"3"	"خطراتش"	"خطراتش"	"مَرَّات"	"خطر/GERUND_INSTANT"	""	"ات/NSUFF_FEM_PL+(null)/CASE_INDEF_GEN+ش/NEG_PART"	"sp"	"f"	""	"occasions;times;moments"	"8038"	"387"
"3"	"خف"	"خف"	"أَسْرع"	"خف/CV"	""	"(null)/CVSUFF_SUBJ :2MS"	"na"	"na"	"hurry"	"dépêche_toi"	"22679"	"1053"
"3"	"خفوا"	"خفوا"	"أَسْرع"	"خف/CV"	""	"وا/CVSUFF_SUBJ:2MP"	"na"	"na"	"hurry"	"dépêche_toi"	"26660"	"1199"
"3"	"خلادر"	"خلادار"	"خَلىالدَار"	"خلادار/INTERJ"	""	""	"na"	"na"	"oh_my_god"	"oh_mon_dieu"	"22588"	"1049"
"3"	"خلصنا"	"خلصنا"	"خَلَص"	"خلص/PV"	""	"نا/PVSUFF_SUBJ:1P"	"na"	"na"	"pay"	"payer"	"72"	"6"
"3"	"خليها"	"خليها"	"تَرَكَ"	"خلي/CV"	""	"(null)/CVSUFF_SUBJ:2MS+ها/CVSUFF_DO:3FS"	"na"	"na"	""	"leave"	"345"	"22"
"3"	"خبرني"	"خبرني"	"أخَبَِر"	"خبر/CV"	""	"(null)/CVSUFF_SUBJ :2MS +ني/CVSUFF_DO :1S"	"s"	"m"	"tell"	"dis"	"14754"	"691"
"3"	"اللهجة"	"اللهجة"	"لَهْجَة"	"لهج/NOUN_ABSTRACT"	"Al/DET"	"ة/NSUFF_FEM_SG+(null)/CASE_DEF_GEN"	"s"	"f"	"dialect"	"dialect"	"25444"	"1163"
"3"	"دخلك"	"دخلك"	"دَخَلَ"	"دخل/PV"	""	"(null)/PV SUFF_SUBJ :3MS+ك/PVSUFF_DO:2MS"	"na"	"na"	"interfere"	"interférer"	"14877"	"696"
"3"	"ديرلك"	"ديرلك"	"تَفعَل"	"دير/IV"	""	"(null)/IVSUFF_SUBJ:3FS+ل/PREP+ك/POSS_PRON"	"na"	"na"	"do"	"faire"	"12880"	"629"
"3"	"ديرو"	"ديرو"	"تَفعَل"	"دير/CV"	""	"و/CVSUFF_SUBJ:2MP"	"na"	"na"	"do"	"faire"	"12212"	"603"
"3"	"ديروا"	"ديروا"	"تَفعَل"	"دير/CV"	""	"وا/CVSUFF_SUBJ:2MP"	"na"	"na"	"do"	"faire"	"7424"	"365"
"3"	"الحمام"	"الحمام"	"حَمّام"	"حمام/NOUN_CONCRETE"	"Al/DET"	"(null)/CASE_DEF_GEN"	"s"	"m"	"bathhouse"	"hammam"	"29815"	"1317"
"3"	"ديزولي"	"ديزولي"	"آسِف"	"ديزولي/FOREIGN"	""	""	"na"	"na"	"sorry"	"désolé"	"17936"	"828"
"3"	"الحلا"	"الحالا"	"حَالَة"	"حال/NOUN_ABSTRACT"	"Al/DET"	"ا/NSUFF_FEM_SG"	"s"	"f"	"condition"	"condition"	"23469"	"1081"
"3"	"ديله"	"ديله"	"افعَل"	"دي/CV"	""	"(null)/CVSUFF_SUBJ :2MS +ل/PREP+ه/POSS_PRON"	"na"	"na"	"do"	"fais"	"14625"	"686"
"3"	"ديما"	"ديما"	"دائِماً"	"ديما/ADV"	""	""	"na"	"na"	"always"	"toujours"	"1097"	"57"
"3"	"ديه"	"ديه"	"أخَدَ"	"دي/CV"	""	"(null)/IVSUFF_SUBJ : 2MS+ه/CVSUFF_DO :3MS"	"na"	"na"	"take"	"prendre"	"23873"	"1094"
"3"	"الحديث"	"الحديث"	"الحَدِيث"	"حديث/NOUN_ABSTRACT"	"Al/DET"	""	"s"	"m"	"discussion,_talk"	"discussion_,_discours"	"9768"	"463"
"3"	"ذهب"	"ذهب"	"ذَهَب"	"ذهب/NOUN_CONCRETE"	""	"(null)/CASE_INDEF_(ACC_GEN)"	"s"	"m"	"gold"	"or"	"2675"	"146"
"3"	"راقد"	"راقد"	"نَايَم"	"راقد/NOUN_ACTIVE_PART"	""	""	"s"	"m"	"asleep"	"endormi"	"6442"	"334"
"3"	"راقدين"	"راقدين"	"نَايَم"	"راقد/NOUN_ACTIVE_PART"	""	"ين/NSUFF_MASC_PL_GEN"	"sp"	"m"	"asleep"	"endormi"	"9301"	"428"
"3"	"راكش"	"راكش"	"إِنَّك"	"راك/PRESENT_PART"	""	"ش/NEG_PART"	"s"	"m"	"you_are"	"tu_es"	"22185"	"1030"
"3"	"التبن"	"التبن"	"التِّبْنُ"	"تبن/NOUN_CONCRETE"	"Al/DET"	""	"s"	"m"	"hay"	"foins"	"21912"	"1012"
"3"	"الدار"	"الدار"	"دَار"	"دار/NOUN_CONCRETE"	"Al/DET"	""	"s"	"f"	"house"	"maison"	"2312"	"107"
"3"	"دج"	"دج"	"دِينارجَزائِري"	"دج/CURRENCY"	""	""	"na"	"na"	"algerian_dinnar"	"dinars_algerien"	"7065"	"354"
"3"	"ديراكت"	"ديراكت"	"مُبَاشَرة"	"ديراكت/FOREIGN"	""	""	"na"	"na"	"direct"	"direct"	"6553"	"338"
"3"	"الدنيا"	"الدنيا"	"دُنْيَا"	"دنيا/NOUN_ABSTRACT"	"Al/DET"	"(null)/CASE_DEF_GEN"	"s"	"f"	"life"	"vie"	"9970"	"492"
"3"	"دخلني"	"دخلني"	"دَخَلَ"	"دخل/PV"	""	"(null)/PV SUFF_SUBJ :3MS+ني/PVSUFF_DO:1S"	"na"	"na"	"interfere"	"interférer"	"16575"	"772"
"3"	"الغاشي"	"الغاشي"	"النَاس"	"غاشي/NOUN_ABSTRACT"	"Al/DET"	""	"sp"	"m"	"people"	"les_gens"	"2315"	"108"
"3"	"دخول"	"دخول"	"دُخُول"	"دخول/NOUN_ABSTRACT"	""	""	"s"	"m"	"entrance"	"entrée"	"25530"	"1164"
"3"	"دراري"	"دراري"	"ذُرِّيَّةُ"	"درا/NOUN_ABSTRACT"	""	"ري/NSUFF_MASC_PL_NOM"	"sp"	"m"	"progeny"	"progéniture"	"18463"	"854"
"3"	"دراع"	"دراع"	"ذِرَاع"	"دراع/NOUN_CONCRETE"	""	"(null)/CASE_INDEF_GEN"	"s"	"m"	"Forcibly"	"Forcément"	"23298"	"1074"
"3"	"درتو"	"درتو"	"فَعَل"	"در/PV"	""	"تو/PVSUFF_SUBJ:2MP"	"na"	"na"	"do"	"faire"	"5115"	"267"
"3"	"الصحة"	"الصحة"	"صِحَّة"	"صح/GERUND"	"Al/DET"	"ة/NSUFF_FEM_SG+(null)/CASE_DEF_GEN"	"s"	"f"	"health"	"santé"	"5631"	"287"
"3"	"درتي"	"درتي"	"فَعَل"	"در/PV"	""	"تي/PVSUFF_SUBJ:2FS"	"na"	"na"	"do"	"faire"	"7907"	"383"
"3"	"درسة"	"درسة"	"درسة(خليطالتَوابِل)"	"درس/NOUN_CONCRETE"	""	"ة/NSUFF_FEM_SG"	"s"	"f"	""	"Dersa_(mélange_d'épices);x;_darsa_(_a_mixture_of_spices)"	"7871"	"382"
"3"	"درنا"	"درنا"	"فَعَل"	"در/PV"	""	"نا/PV SUFF_SUBJ :1P"	"na"	"na"	"do"	"faire"	"8648"	"409"
"3"	"دلاع"	"دلاع"	"بَطيخ"	"دلاع/NOUN_CONCRETE"	""	""	"s"	"m"	"watermelon"	"pastèque"	"1048"	"55"
"3"	"السلام"	"السلام"	"سَلام"	"سلام/GERUND"	"Al/DET"	""	"s"	"m"	"peace"	"paix"	"16915"	"786"
"3"	"الراس"	"الراس"	"رَأْس"	"راس/NOUN_CONCRETE"	"Al/DET"	"(null)/CASE_DEF_GEN"	"s"	"m"	"head"	"tête"	"9755"	"459"
"3"	"دوسيي"	"دوسيي"	"مِلَف"	"دوسيي/FOREIGN"	""	""	"na"	"na"	"file"	"dossier"	"4096"	"224"
"3"	"دولة"	"دولة"	"دَوْلَة"	"دول/NOUN_CONCRETE"	""	"ة/NSUFF_FEM_SG+(null)/CASE_INDEF_GEN"	"s"	"f"	"state,_country"	"état,_pays"	"12138"	"601"
"3"	"ديت"	"ديت"	"أَخَدَ"	"دي/PV"	""	"ت/PV SUFF_SUBJ :2MS"	"na"	"na"	"take"	"prendre"	"3445"	"198"
"3"	"راي"	"راي"	"الرَاي"	"راي/NOUN_ABSTRACT"	""	"(null)/CASE_INDEF_(ACC_GEN)"	"s"	"m"	"Raï_(a_form_of_Algerian_folk_music)"	"Raï_(un_genre_musical_folklorique_algérienne"	"10245"	"521"
"3"	"خبر"	"خبر"	"خَبَر"	"خبر/NOUN_ABSTRACT"	""	"(null)/CASE_DEF_GEN"	"s"	"m"	""	"nouvelles_;x_news"	"8342"	"399"
"3"	"بالسلامه"	"بالسلامة"	"بالسَلَامَة"	"سلام/NOUN_ABSTRACT"	"b/PREP+Al/DET"	"ة/NSUFF_FEM_SG"	"s"	"f"	"security,safety"	"sécurité_sureté"	"12279"	"606"
"3"	"ترونتميل"	"ترونتميل"	"ثلاثمائة"	"ترونتميل/FOREIGN"	""	""	"na"	"na"	""	"three_hundred;_trois_cent"	"73"	"6"
"3"	"جاء"	"جاء"	"جَاء"	"جاء/PV"	""	"(null)/PV SUFF_SUBJ :3MS"	"na"	"na"	"arrive;come_to"	"arriver;_venir_à"	"10122"	"510"
"3"	"جايبين"	"جايبين"	"جَلَبَ"	"جايب/NOUN_ACTIVE_PART"	""	"ين/NSUFF_MASC_PL_NOM"	"na"	"na"	"bring"	"apporter"	"17178"	"796"
"3"	"جبتها"	"جبتها"	"أحضَر"	"جة/PV"	""	"ت/PVSUFF_SUBJ:1S+ها/PVSUFF_DO:3FS"	"na"	"na"	""	"apporter_;x_bring"	"424"	"26"
"3"	"جبتوني"	"جبتوني"	"جَلبَ"	"جب/PV"	""	"تو/PVSUFF_SUBJ:2MP+ني/PVSUFF_DO:1S"	"na"	"na"	"bring"	"apporter"	"23787"	"1090"
"3"	"تديه"	"تديه"	"تَاْخُد"	"دي/IV"	"t/IV3FS"	"(null)/IVSUFF_SUBJ: 3FS +ه/IVSUFF_DO:3MS"	"na"	"na"	"take"	"prendre"	"12273"	"605"
"3"	"تدخلي"	"تدخلي"	"دَخَلَ"	"دخل/IV"	"t/IV2FS"	"ي/IVSUFF_SUBJ:2FS"	"na"	"na"	"enter"	"entrer"	"7289"	"362"
"3"	"تخليها"	"تخليها"	"خَلَّى"	"خل/IV"	"t/IV2MS"	"ي/CVSUFF_SUBJ:2MS+ها/IVSUFF_DO:3FS"	"na"	"na"	"leave"	"laisser"	"401"	"24"
"3"	"تخلصوها"	"تخلصوها"	"خَلَّص"	"خلص/IV"	"t/IV2MP"	"و/IVSUFF_SUBJ:MP_MOOD:SJ+ها/IVSUFF_DO:3FS"	"na"	"na"	"pay"	"payer"	"21023"	"968"
"3"	"جدي"	"جدي"	"جَدِي"	"جد/NOUN_CONCRETE"	""	"ي/POSS_PRON"	"s"	"m"	"grandfather"	"grand-père"	"6760"	"344"
"3"	"جديدة"	"جديدة"	"جَدِيدة"	"جديد/ADJ_QUALIT"	""	"ة/NSUFF_FEM_SG+(null)/CASE_INDEF_GEN"	"s"	"f"	"new,modern"	"nouveau,moderne"	"2658"	"145"
"3"	"تحشم"	"تحشم"	"حَشِمَ"	"حشم/IV"	"t/IV3FS"	"(null)/IVSUFF_SUBJ: 3FS"	"na"	"na"	"be_ashamed,_be_embarrassed"	"avoir_honte,_être_embarrassé"	"2834"	"152"
"3"	"جزايريين"	"جزايريين"	"جَزائِرِيّ"	"جزاير/NOUN_RELATIVE"	""	"ي/RELATIVE_YA+ين/NSUFF_MASC_PL_NOM"	"sp"	"m"	"Algerian"	"Algérien"	"7358"	"363"
"3"	"جمع"	"جمع"	"جَلَسَ"	"جمع/PV"	""	"(null)/PV SUFF_SUBJ :3MS"	"na"	"na"	"sit"	"assis"	"1932"	"91"
"3"	"تبلع"	"تبلع"	"صَمت"	"بلع/IV"	"t/IV2MS"	"(null)/IVSUFF_SUBJ : 2MS"	"na"	"na"	"shut_your_mouth"	"ferme_ta_bouche"	"19049"	"877"
"3"	"تري"	"تري"	"جِدًا"	"تري/FOREIGN"	""	""	"na"	"na"	"very"	"tres"	"3461"	"199"
"3"	"جنيرال"	"جنيرال"	"العَام"	"جنيرال/FOREIGN"	""	""	"na"	"na"	"general"	"général"	"4876"	"258"
"3"	"تزوج"	"تزوج"	"تَزَوَج"	"تزوج/CV"	""	"(null)/IVSUFF_SUBJ: 3MS"	"na"	"na"	"get_married"	"se_marier"	"3221"	"188"
"3"	"تسكني"	"تسكني"	"سَكَنَ"	"سكن/IV"	"t/IV2FS"	"ي/IVSUFF_SUBJ:2FS"	"na"	"na"	"live"	"habiter"	"154"	"11"
"3"	"تفضلو"	"تفضلو"	"تَفَضَّل"	"تفضل/CV"	""	"و/CVSUFF_SUBJ:2MP"	"na"	"na"	"please"	"s'il_vous_plait"	"17739"	"818"
"3"	"تعيط"	"تعيط"	"يَصْرُخ"	"عيط/IV"	"t/IV3FS"	"(null)/IVSUFF_SUBJ: 3FS"	"na"	"na"	"shout"	"crier"	"6292"	"328"
"3"	"تفهم"	"تفهم"	"فَهِمَ"	"فهم/IV"	"t/IV2MS"	"(null)/IVSUFF_SUBJ : 2MS"	"na"	"na"	"understand"	"comprendre"	"18017"	"831"
"3"	"تعومي"	"تعومي"	"يَسْبَح"	"عوم/IV"	"t/IV2FS"	"ي/IVSUFF_SUBJ:2FS"	"na"	"na"	"swim"	"nager"	"10804"	"546"
"3"	"تقارعي"	"تقارعي"	"تَنْتظِري"	"قارع/IV"	"t/IV2FS"	"ي/IVSUFF_SUBJ:2FS"	"na"	"na"	"wait"	"attendre"	"3061"	"173"
"3"	"تعطيه"	"تعطيه"	"أَعْطَى"	"عطي/IV"	"t/IV2MS"	"(null)/IVSUFF_SUBJ : 2MS+ه/IVSUFF_DO:3MS"	"na"	"na"	"give"	"donner"	"13602"	"652"
"3"	"تعرفش"	"تعرفش"	"عَرَفَ"	"عرف/IV"	"t/IV2MS"	"(null)/IVSUFF_SUBJ : 2MS+ش/NEG_PART"	"na"	"na"	"know"	"connaître"	"27726"	"1229"
"3"	"تعاير"	"تعاير"	"تَعَايَر"	"عاير/IV"	"t/IV2MS"	"(null)/IVSUFF_SUBJ : 2MS"	"na"	"na"	"revile,_to_provoke"	"vilipender,_provoquer"	"14474"	"682"
"3"	"تصيد"	"تصيد"	"صَيَدَ"	"صيد/IV"	"t/IV2MS"	"(null)/IVSUFF_SUBJ : 2MS"	"na"	"na"	"hunt"	"chasser"	"21362"	"982"
"3"	"تكمل"	"تكمل"	"أَكْمَل"	"كمل/IV"	"t/IV3FS"	"(null)/IVSUFF_SUBJ: 3FS"	"na"	"na"	"finish"	"termine"	"8987"	"419"
"3"	"تصور"	"تصور"	"صَوَّرَ"	"صور/IV"	"t/IV2MS"	"(null)/IVSUFF_SUBJ : 2MS"	"na"	"na"	"picture"	"photo"	"5440"	"280"
"3"	"تلت"	"تلت"	"ثلات"	"تلت/NOUN_NUM"	""	""	"s"	"f"	"three"	"trois"	"8248"	"395"
"3"	"تشعل"	"تشعل"	"تَشْعَل"	"شعل/IV"	"t/IV2MS"	"(null)/IVSUFF_SUBJ : 2MS"	"na"	"na"	""	"ignite"	"1168"	"59"
"3"	"تشرب"	"تشرب"	"شَرِبَ"	"شرب/IV"	"t/IV3FS"	"(null)/IVSUFF_MOOD:S"	"na"	"na"	"drink"	"boire"	"431"	"26"
"3"	"تسمعي"	"تسمعي"	"تَسَمُّع"	"سمع/IV"	"t/IV2FS"	"ي/IVSUFF_SUBJ:2FS"	"na"	"na"	"to_hear"	"entendre"	"7756"	"377"
"3"	"تسقسي"	"تسقسي"	"سَأَلَ"	"سقس/IV"	"t/IV2MS"	"ي/IVSUFF_SUBJ : 2MS"	"na"	"na"	"ask,inquire"	"demander,_se_renseigner"	"2870"	"155"
"3"	"خاين"	"خاين"	"خائن"	"خاين/NOUN_ACTIVE_PART"	""	""	"s"	"m"	"thief"	"voleur"	"1094"	"57"
"3"	"تاوعه"	"تاوعه"	"لِ"	"تاوع/PREP"	""	"ه/POSS_PRON"	"sp"	"m"	"his"	"ses"	"13816"	"659"
"3"	"تاكلني"	"تأكلني"	"أَكَلَ"	"أكل/IV"	"t/IV3FS"	"(null)/IVSUFF_SUBJ: 3FS +ني/IVSUFF_DO: 1S"	"na"	"na"	"eat"	"manger"	"3627"	"205"
"3"	"حلو"	"حلو"	"حُلْو"	"حلو/ADJ_QUALIT"	""	""	"s"	"m"	"sweet"	"sucrée"	"8049"	"387"
"3"	"بروحي"	"بروحي"	"رُوح"	"روح/NOUN_ABSTRACT"	"b/PREP"	"ي/POSS_PRON"	"na"	"na"	"myself"	"moi-même"	"13888"	"663"
"3"	"بروجي"	"بروجي"	"مَشْرُوع"	"بروجي/FOREIGN"	""	""	"na"	"na"	"project"	"projet"	"3897"	"216"
"3"	"بركي"	"بركي"	"كَفَى"	"برك/INTERJ"	""	"ي/POSS_PRON"	"s"	"f"	"stop"	"arrêté"	"7237"	"360"
"3"	"حنة"	"حنة"	"حَنَّة"	"حن/NOUN_CONCRETE"	""	"ة/NSUFF_FEM_SG"	"s"	"f"	"henna"	"henné"	"8860"	"416"
"3"	"برك"	"برك"	"فَقَط"	"برك/NOUN_VERB_LIKE"	""	""	"s"	"m"	"only"	"seulement"	"5852"	"307"
"3"	"حومة"	"حومة"	"الحَيّ"	"حوم/NOUN_TIME_PLACE"	""	"ة/NSUFF_FEM_SG+(null)/CASE_INDEF_(ACC_GEN)"	"s"	"f"	"neighborhood"	"quartier"	"2146"	"99"
"3"	"براني"	"براني"	"الغَريب"	"براني/ADJ_QUALIT"	""	""	"s"	"m"	"stranger"	"étranger"	"2399"	"115"
"3"	"خارجة"	"خارجة"	"خارَجة"	"خارج/NOUN_ACTIVE_PART"	""	"ة/NSUFF_FEM_SG"	"s"	"m"	"leave;get_out"	"sortir"	"3791"	"212"
"3"	"خاصني"	"خاصها"	"وَجَب"	"خاص/PV"	""	"(null)/PV SUFF_SUBJ :3MS+ها/PVSUFF_DO:3FS"	"na"	"na"	"need"	"besoin"	"6873"	"348"
"3"	"بديت"	"بديت"	"بَدأَ"	"بدي/PV"	""	"ت/PV SUFF_SUBJ :1S"	"na"	"na"	"begin"	"commencer"	"5795"	"302"
"3"	"بداك"	"بداك"	"ذ`لِكَ"	"داك/DEM_PRON"	"b/PREP"	""	"s"	"m"	"that"	"ce"	"8688"	"411"
"3"	"بجزايرية"	"بجزايرية"	"جَزَائِرِيَة"	"جزاير/NOUN_RELATIVE"	"b/PREP"	"ي/RELATIVE_YA+ة/NSUFF_FEM_SG"	"s"	"f"	"Algerian"	"Algérienne"	"11038"	"554"
"3"	"بالضرب"	"بالضرب"	"الضَرْب"	"ضرب/PV"	"b/PREP+Al/DET"	"(null)/PVSUFF_SUBJ:3MS"	"na"	"na"	"battement"	"beating"	"9125"	"424"
"3"	"خاوية"	"خاوية"	"فَارِغ"	"خاوي/ADJ_QUALIT"	""	"ة/NSUFF_FEM_SG"	"s"	"f"	"empty"	"vide"	"9449"	"432"
"3"	"بسلامة"	"بسلامة"	"مَعالسَلامَة"	"سلام/GERUND"	"b/PREP"	"ة/NSUFF_FEM_SG+(null)/CASE_DEF_GEN"	"s"	"f"	"goodbye"	"Au_revoir"	"14657"	"687"
"3"	"تاكلي"	"تأكلي"	"أَكَلَ"	"أكل/IV"	"t/IV2FS"	"ي/IVSUFF_SUBJ:2FS"	"na"	"na"	"eat,consume"	"manger,consommer"	"14852"	"695"
"3"	"بسيف"	"بسيف"	"غَصْبًا"	"سيف/NOUN_CONCRETE"	"b/PREP"	"(null)/CASE_INDEF_(ACC_GEN)"	"s"	"m"	"usurpation"	"usurpation"	"3568"	"203"
"3"	"حطيته"	"حطيته"	"وضعَ"	"حطي/PV"	""	"ت/PV SUFF_SUBJ :1S+ه/POSS_PRON"	"na"	"na"	"put,place"	"mettre,placer"	"717"	"39"
"3"	"تا"	"نَ"	"نَ"	"نْ"	"no"	"نْ"	"na"	"na"	""	"na"	"563"	"32"
"3"	"بيناتنا"	"بيناتنا"	"بَيْنَنَا"	"بي/PREP"	""	"نا/POSS_PRON+ت/NSUFF_FEM_SG+نا/POSS_PRON"	"na"	"na"	"between_us"	"entre_nous"	"18375"	"851"
"3"	"جيتي"	"جيتي"	"جَاءَ"	"جي/PV"	""	"تي/PVSUFF_SUBJ:2FS"	"na"	"na"	"come"	"venir"	"17407"	"804"
"3"	"بيع"	"بيع"	"بَيْع"	"بيع/GERUND"	""	"(null)/CASE_DEF_GEN"	"s"	"m"	"sale"	"vente"	"17014"	"790"
"3"	"جيناكم"	"جيناكم"	"جَاء"	"جي/PV"	""	"نا/PV SUFF_SUBJ :1P+كم/PVSUFF_DO:2MP"	"na"	"na"	"come"	"venir"	"6028"	"318"
"3"	"حاسب"	"حاسب"	"ظَنَّ"	"حاسب/NOUN_ACTIVE_PART"	""	""	"na"	"na"	"think"	"penser"	"14420"	"680"
"3"	"حباب"	"حباب"	"أحْبَاب"	"حباب/NOUN_CONCRETE"	""	""	"sp"	"m"	"dearest"	"les_plus_cher"	"8896"	"417"
"3"	"حبات"	"حبات"	"حَبَّات"	"حب/NOUN_CONCRETE"	""	"ات/NSUFF_FEM_PL"	"sp"	"f"	"pieces"	"pièces"	"7434"	"366"
"3"	"حبس"	"حبس"	"السِجْن"	"حبس/NOUN_TIME_PLACE"	""	"(null)/CASE_INDEF_(ACC_GEN)"	"s"	"m"	"jail"	"prison"	"1995"	"94"
"3"	"حرب"	"حرب"	"حَرْب"	"حرب/GERUND"	""	"(null)/CASE_DEF_GEN"	"s"	"f"	"war"	"guerre"	"23387"	"1079"
"3"	"بورس"	"بورس"	"مِنْحَةدراسية"	"بورس/FOREIGN"	""	""	"na"	"na"	"scholarship"	"Bourse_d'études"	"3945"	"218"
"3"	"حزب"	"حزب"	"حِزْب"	"حزب/NOUN_ABSTRACT"	""	"(null)/CASE_DEF_GEN"	"s"	"m"	"party"	"groupe"	"2056"	"95"
"3"	"بنيه"	"بنيه"	"بُنَيَّة"	"بني/NOUN_DIMINUTIVE"	""	"ه/NSUFF_FEM_SG"	"s"	"f"	"daughter"	"fille"	"12448"	"612"
"3"	"حط"	"حط"	"وَضَع"	"حط/CV"	""	"(null)/CVSUFF_SUBJ :2MS"	"na"	"na"	"put"	"poser"	"20019"	"913"
"3"	"بنتها"	"بنتها"	"بَنت"	"بنت/NOUN_ABSTRACT"	""	"ها/POSS_PRON"	"s"	"f"	"her_daughter"	"sa_fille"	"13849"	"660"
"3"	"حقهم"	"حقهم"	"حَقّ"	"حق/GERUND"	""	"(null)/CASE_DEF_GEN+هم/POSS_PRON"	"s"	"m"	"truth,right"	"vérité,droit"	"4435"	"239"
"3"	"الباراج"	"الباراج"	"حَاجز"	"باراج/FOREIGN"	"Al/DET"	""	"s"	"m"	""	"roadblock"	"1315"	"66"
"3"	"تغلي"	"تغلي"	"غَلَى"	"غلي/IV"	"t/IV3FS"	"(null)/IVSUFF_SUBJ: 3FS"	"na"	"na"	"boil"	"bouillir"	"7666"	"373"
"3"	"أحنا"	"أحنا"	"نَحْنُ"	"أحنا/PRON"	""	""	"sp"	"m"	""	"we,_us"	"24114"	"1103"
"3"	"استاد"	"أستاذ"	"أُسْتَاذ"	"أستاذ/FOREIGN"	""	"(null)/CASE_DEF_NOM"	"s"	"m"	"professor"	"professeur"	"16850"	"783"
"3"	"ألوغ"	"ألوغ"	"إذن"	"ألوغ/FOREIGN"	""	""	"na"	"na"	""	"so"	"11727"	"586"
"3"	"رواح"	"رواح"	"تَعَالي"	"رواح/CV"	""	"(null)/CVSUFF_SUBJ :2MS"	"na"	"na"	""	"come"	"1408"	"70"
"3"	"سروال"	"سروال"	"سروال"	"سروال/NOUN_CONCRETE"	""	"(null)/CASE_INDEF_(ACC_GEN)"	"s"	"m"	"trouser"	"pantalon"	"2720"	"148"
"3"	"سمعي"	"سمعي"	"سَمِع"	"سمع/CV"	""	"ي/CVSUFF_SUBJ : 2FS"	"na"	"na"	"listen"	"ecoute"	"9151"	"424"
"3"	"رب"	"رب"	"رَبّ"	"رب/NOUN_ABSTRACT"	""	""	"s"	"m"	"God"	"Dieu"	"15239"	"710"
"3"	"زيتون"	"زيتون"	"زَيْتُون"	"زيتون/NOUN_CONCRETE"	""	""	"cp"	"m"	"olives"	"Olives"	"11219"	"564"
"3"	"أه"	"أه"	"أه"	"أه/INTERJ"	""	""	"na"	"na"	""	"Ah_,_oh"	"22716"	"1055"
"3"	"ربطة"	"ربطة"	"رَبْطَة"	"ربط/NOUN_CONCRETE"	""	"ة/NSUFF_FEM_SG"	"na"	"na"	"bundle"	"paquet"	"7682"	"374"
"3"	"اقسم"	"اقسم"	"اقَسَم"	"اقسم/IV"	""	"(null)/IVSUFF_SUBJ:1S"	"na"	"na"	"swear"	"jure"	"18083"	"834"
"3"	"ارجى"	"ارجى"	"انتظر"	"ارجى/CV"	""	"(null)/CVSUFF_SUBJ :2MS"	"na"	"na"	""	"await"	"997"	"51"
"3"	"سامط"	"سامط"	"مُزْعِج"	"سامط/ADJ_QUALIT"	""	""	"s"	"m"	"annoying"	"ennuyeux"	"2980"	"164"
"3"	"اسمك"	"اسمك"	"اسمك"	"اسم/NOUN_ABSTRACT"	""	"ك/POSS_PRON"	"s"	"m"	"your_name"	"votre_nom"	"618"	"35"
"3"	"أودي"	"أودي"	"حسنا"	"أودي/INTERJ"	""	""	"na"	"na"	"well"	"bon"	"1544"	"75"
"3"	"رحبا"	"رحب"	"رَحْب"	"رحب/ADJ_QUALIT"	""	""	"s"	"m"	"together"	"ensemble"	"7963"	"385"
"3"	"اريي"	"اريي"	"اَسْرِع"	"اريي/FOREIGN"	""	""	"na"	"na"	"to_hurry"	"se_dépêcher"	"26666"	"1199"
"3"	"رزق"	"رزق"	"رِزْق"	"رزق/GERUND"	""	""	"s"	"m"	"Livelihood"	"moyens_de_subsistance"	"3056"	"173"
"3"	"روحو"	"روحو"	"نَفْسَه"	"روح/NOUN_ABSTRACT"	""	"و/POSS_PRON"	"s"	"f"	"himself"	"Lui-même"	"9854"	"472"
"3"	"اسبانيول"	"اسبانيول"	"الإِسْبَانِيين"	"اسبانيول/FOREIGN"	""	""	"sp"	"m"	"spanish"	"espagnol"	"25789"	"1169"
"3"	"سلكني"	"سلكني"	"أنْقَدْ"	"سلك/CV"	""	"(null)/CVSUFF_SUBJ :2MS +ني/CVSUFF_DO :1S"	"na"	"na"	"rescued"	"sauvé"	"1799"	"86"
"3"	"احسن"	"أحسن"	"أَحْسَن"	"أحسن/ADJ_COMP"	""	""	"s"	"m"	"best"	"meilleur(e)"	"11150"	"561"
"3"	"زعفان"	"زعفان"	"مُنْزَعِجبِشِدَّة"	"زعفان/ADJ_QUALIT"	""	""	"s"	"m"	"very_annoyed"	"très_énervé"	"11174"	"562"
"3"	"أبيي"	"أبيي"	"مشيعلىالأقدام"	"أبيي/FOREIGN"	""	""	"na"	"na"	""	"on_foot"	"184"	"13"
"3"	"رفدتها"	"رفدتها"	"رَفَدَ"	"رفد/PV"	""	"ت/PVSUFF_SUBJ:1S+ها/PVSUFF_DO:3FS"	"na"	"na"	""	"support;uphold;_carry"	"151"	"10"
"3"	"أنواع"	"أنواع"	"نَوْع"	"أنواع/NOUN_ABSTRACT"	""	""	"bp"	"m"	""	"types;kinds;forms"	"15697"	"731"
"3"	"ساكنين"	"ساكنين"	"ساكِن"	"ساكن/NOUN_ACTIVE_PART"	""	"ين/NSUFF_MASC_PL_NOM"	"sp"	"m"	"residing"	"résidant"	"17845"	"823"
"3"	"أني"	"أني"	"إِنَّ"	"أن/PRESENT_PART"	""	"ي/PRON_1S"	"na"	"na"	"i_am"	"je_suis"	"415"	"25"
"3"	"سبور"	"سبور"	"الرِيَاضَة"	"سبور/FOREIGN"	""	""	"na"	"na"	"sport"	"sport"	"10523"	"533"
"3"	"رواحنا"	"رواحنا"	"رُوح"	"رواح/NOUN_ABSTRACT"	""	"نا/POSS_PRON"	"sp"	"m"	"ourselves"	"nous-mêmes"	"23352"	"1077"
"3"	"سمعوا"	"سمعوا"	"سَمِع"	"سمع/PV"	""	"وا/PVSUFF_SUBJ:3MP"	"na"	"na"	"hear"	"entendre"	"663"	"37"
"2"	"تارم"	"تارم"	"مُصْطَلَح"	"تارم/FOREIGN"	""	""	"na"	"na"	"term"	"terme"	"25919"	"1173"
"2"	"نخدموا"	"نخدموا"	"أَعْمَل"	"خدم/IV"	"n/IV1P"	"وا/IVSUFF_SUBJ:MP_MOOD:SJ"	"na"	"na"	"work"	"travail"	"5348"	"275"
"2"	"نحكيلك"	"نحكي_لك"	"حَكَى"	"حكي/IV"	"n/IV1S"	"ي/IVSUFF_SUBJ:1S+ل/PREP+ك/POSS_PRON_2MS"	"na"	"na"	""	"report,tell;_raconte"	"29"	"3"
"2"	"بين"	"بين"	"بَيْنَ"	"بين/GERUND"	""	""	"na"	"na"	"between"	"entre"	"6197"	"325"
"2"	"تاغ"	"تاغ"	"تاغ"	"تاغ/FOREIGN"	""	""	"s"	"m"	"tag"	"tag"	"11032"	"554"
"2"	"نحلك"	"نحلك"	"حَلّ"	"حل/IV"	"n/IV1S"	"ك/IVSUFF_SUBJ : 2MS"	"na"	"na"	"open,make_way"	"ouvrir,_faire_place"	"1003"	"51"
"2"	"تابعين"	"تابعين"	"تَابِع"	"تابع/NOUN_ACTIVE_PART"	""	"ين/NSUFF_MASC_PL_NOM"	"sp"	"m"	"subordinate"	"subordonné"	"26176"	"1183"
"2"	"يقصر"	"يقصر"	"قَضَاءالوَقْت"	"قصر/IV"	"y/IV3MS"	"(null)/IVSUFF_SUBJ: 3MS"	"na"	"na"	"joking"	"rigoler"	"6559"	"338"
"2"	"بينا"	"بينا"	"بِنَا"	"بي/PREP"	""	"نا/POSS_PRON"	"na"	"na"	"with_us"	"avec_nous"	"12731"	"624"
"2"	"نخبرك"	"نخبرك"	"خَبَّرَ"	"خبر/IV"	"n/IV1S"	"(null)/IVSUFF_SUBJ:1S+ك/IVSUFF_DO:2MS"	"na"	"na"	"tell"	"dire"	"23733"	"1090"
"2"	"ألي"	"ألي"	"ذَهَاب"	"ألي/FOREIGN"	""	""	"na"	"na"	"goings"	"Aller"	"12123"	"600"
"2"	"نخطبو"	"نخطبو"	"خَطَبَ"	"خطب/IV"	"n/IV1P"	"و/IVSUFF_SUBJ:1P"	"na"	"na"	"to_propose"	"demander_en_mariage"	"6033"	"318"
"2"	"نخطبلك"	"نخطبلك"	"خَطَبَ"	"خطب/IV"	"n/IV1S"	"(null)/IVSUFF_SUBJ:1S+ل/PREP+ك/POSS_PRON"	"na"	"na"	"to_propose"	"demander_en_mariage"	"6009"	"316"
"2"	"نخسر"	"يخسر"	"خَسِرَ"	"خسر/IV"	"y/IMPERF_PREF"	"(null)/IVSUFF_SUBJ: 3MS"	"na"	"na"	"Spoil"	"Gâcher"	"12927"	"630"
"2"	"يقلع"	"يقلع"	"أقْلَع"	"قلع/IV"	"y/IV3MS"	"(null)/IVSUFF_SUBJ: 3MS"	"na"	"na"	"start_out"	"démarrer"	"4529"	"243"
"2"	"تاخد"	"تاخد"	"تَاْخُد"	"اخد/IV"	"t/IV2MS"	"(null)/IVSUFF_SUBJ : 2MS"	"na"	"na"	"take"	"prend"	"20137"	"917"
"2"	"يحلو"	"يحلو"	"فَتَح"	"حل/IV"	"y/IV3MP"	"و/IVSUFF_SUBJ:MP_MOOD:SJ"	"na"	"na"	"open"	"ouvrir"	"7273"	"361"
"2"	"تبدل"	"تبدل"	"تَبَدَّل"	"بدل/IV"	"t/IV3FS"	"(null)/IVSUFF_SUBJ: 3FS"	"na"	"na"	"change"	"changer"	"11468"	"575"
"2"	"نحكم"	"نحكم"	"يُمْسِك"	"حكم/IV"	"n/IV1S"	"(null)/IVSUFF_SUBJ:1S"	"na"	"na"	"hold"	"tenir"	"9127"	"424"
"2"	"تخطبني"	"تخطبني"	"خَطَب"	"خطب/IV"	"t/IV2MS"	"(null)/IVSUFF_SUBJ : 2MS+ني/IVSUFF_DO: 1S"	"na"	"na"	"proposed_to_marriage"	"proposé_au_mariage"	"18413"	"852"
"2"	"يقولي"	"يقول"	"قَالَ"	"قول/IV"	"y/IV3MS"	"(null)/IVSUFF_SUBJ: 3MS"	"s"	"m"	"say"	"dire"	"2828"	"152"
"2"	"تحزن"	"تحزن"	"حَزِنَ"	"حزن/IV"	"t/IV3FS"	"(null)/IVSUFF_SUBJ: 3FS"	"na"	"na"	"sorrow"	"tristesse"	"29448"	"1301"
"2"	"تحته"	"تحته"	"تَحْتَه"	"تحت/ADV"	""	"ه/POSS_PRON"	"s"	"m"	"under"	"en_dessous_de"	"4515"	"243"
"2"	"نتقهوا"	"نتقهوا"	"احْتَسى"	"تقه/IV"	"n/IV1P"	"وا/IVSUFF_SUBJ:1P"	"na"	"na"	""	"have_coffee;_prend_café"	"53"	"4"
"2"	"نتكلو"	"نتكلو"	"تَوَكَّل"	"تكل/IV"	"n/IV1P"	"و/IVSUFF_SUBJ:1P"	"na"	"na"	"entrust"	"confier"	"17132"	"794"
"2"	"أكسيدون"	"أكسيدون"	"حَادِث"	"أكسيدون/FOREIGN"	""	""	"s"	"m"	""	"accident"	"1540"	"75"
"2"	"تجيبش"	"تجيبش"	"جَلبَ"	"جيب/IV"	"t/IV2MS"	"(null)/IVSUFF_SUBJ : 2MS+ش/NEG_PART"	"na"	"na"	"bring"	"apporter"	"469"	"29"
"2"	"نتمشو"	"نتمشو"	"يَمشِي"	"تمش/IV"	"n/IV1P"	"و/IVSUFF_SUBJ:MP_MOOD:SJ"	"na"	"na"	"walk"	"marcher"	"8398"	"401"
"2"	"تجري"	"تجري"	"يَجْرِي"	"جري/IV"	"t/IV3FS"	"(null)/IVSUFF_SUBJ: 3FS"	"na"	"na"	"be_carried"	"être_porté"	"5918"	"311"
"2"	"نتيري"	"نتيري"	"أَطْلَقَ"	"نتيري/FOREIGN"	""	""	"na"	"na"	"fire"	"tirer"	"22737"	"1056"
"2"	"تتزعبل"	"تتزعبل"	"تَتَزَعْبَل"	"تزعبل/IV"	"t/IV3FS"	"(null)/IVSUFF_SUBJ: 3FS"	"na"	"na"	"falter"	"vaciller"	"12428"	"612"
"2"	"نجري"	"نجري"	"جَرَى"	"جري/IV"	"n/IV1S"	"(null)/IVSUFF_SUBJ:1S"	"na"	"na"	"run"	"courir"	"9096"	"422"
"2"	"تاكلونا"	"تأكلونا"	"أَكَلَ"	"أكل/IV"	"t/IV2MP"	"و/IVSUFF_SUBJ:MP_MOOD:SJ+نا/IVSUFF_DO:1P"	"na"	"na"	"eat,consume"	"manger,consommer"	"23363"	"1078"
"2"	"تتبدل"	"تتبدل"	"تَتبَدَّل"	"تبدل/PV"	"t/IV3FS"	"(null)/IVSUFF_SUBJ: 3FS"	"na"	"na"	"change"	"changer"	"11814"	"588"
"2"	"يقولوله"	"يقولوله"	"قَالَ"	"قول/IV"	"y/IV3MP"	"و/IVSUFF_SUBJ:MP_MOOD:SJ+ل/PREP+ه/POSS_PRON"	"na"	"na"	"say,tell"	"dire"	"26420"	"1192"
"2"	"نجموش"	"نجموش"	"يَقْدِر"	"نجم/PV"	""	"و/PV SUFF_SUBJ :1P+ش/NEG_PART"	"na"	"na"	"can"	"pouvez"	"27433"	"1220"
"2"	"تبقى"	"تبقى"	"بَقِيَ"	"بقى/IV"	"t/IV3FS"	"(null)/IVSUFF_SUBJ: 3FS"	"na"	"na"	"remain"	"rester"	"3598"	"204"
"2"	"تبغيها"	"تبغيها"	"بَغَى"	"بغي/IV"	"t/IV2FS"	"(null)/IVSUFF_SUBJ:2FS+ها/IVSUFF_DO:3FS"	"na"	"na"	"want"	"vouloir"	"7840"	"381"
"2"	"نجيبهالك"	"نجيبهالك"	"أَحَضَرَ"	"جيب/IV"	"n/IV1S"	"(null)/IVSUFF_MOOD:I+ها/IVSUFF_DO:3FS+ل/PREP+ك/POSS_PRON"	"na"	"na"	"brought"	"amené"	"17889"	"826"
"2"	"تبعوني"	"تبعوني"	"اِتَبَعَ"	"تبع/CV"	""	"و/CVSUFF_SUBJ:2MP+ني/CVSUFF_DO :1S"	"na"	"na"	"follow"	"suivre"	"22039"	"1022"
"2"	"تبعو"	"تبعو"	"تَابِع"	"تبع/CV"	""	"و/CVSUFF_SUBJ:2MP"	"na"	"na"	"follow"	"suivre"	"13384"	"644"
"2"	"تبدلي"	"تبدلي"	"تَبَدَّلي"	"بدل/IV"	"t/IV3FS"	"(null)/IVSUFF_SUBJ: 3FS +ي/IVSUFF_DO: 1S"	"na"	"na"	"change"	"changer"	"4127"	"226"
"2"	"نحبسو"	"نحبسو"	"تَوَقَف"	"حبس/IV"	"n/IV1P"	"و/IVSUFF_SUBJ:MP_MOOD:SJ"	"na"	"na"	""	"arrêter_;x;stop"	"11669"	"583"
"2"	"ألاف"	"آلاف"	"أَلْف"	"آلاف/NOUN_NUM"	""	"(null)/CASE_DEF_GEN"	"bp"	"m"	"Thousands"	"Milliers"	"28715"	"1270"
"2"	"نخلوها"	"نخلوها"	"تَرَك"	"خل/IV"	"n/IV1P"	"و/IVSUFF_SUBJ:MP_MOOD:SJ+ها/IVSUFF_DO:3FS"	"na"	"na"	"leave"	"laisser"	"7753"	"376"
"2"	"يقولهم"	"يقولهم"	"قَال"	"قول/IV"	"y/IV3MP"	"(null)/IVSUFF_SUBJ: 3MS +هم/IVSUFF_DO:3MP"	"na"	"na"	"say,tell"	"dire"	"27117"	"1213"
"2"	"ألمون"	"ألمون"	"أَلْمَانِي"	"ألمون/FOREIGN"	""	""	"na"	"na"	"German"	"Allemand"	"25795"	"1169"
"2"	"نجمع"	"نجمع"	"جَلَسَ"	"جمع/IV"	"n/IV1S"	"(null)/IVSUFF_SUBJ:1S"	"na"	"na"	"Sit"	"Asseoir"	"28220"	"1247"
"2"	"نخلي"	"نخلي"	"خَلَّى"	"خلي/IV"	"n/IV1S"	"(null)/IVSUFF_SUBJ:1S"	"na"	"na"	"let"	"laisser"	"16121"	"754"
"2"	"ندريلك"	"ندرلك"	"فَعَل"	"در/IV"	"n/IV1S"	"(null)/IVSUFF_SUBJ:1S+ل/PREP+ك/POSS_PRON"	"na"	"na"	"do"	"faire"	"19891"	"908"
"2"	"بيعو"	"بيعو"	"بَاعَ"	"بيع/CV"	""	"(null)/CVSUFF_SUBJ :2MS +و/CVSUFF_DO :3MS"	"na"	"na"	"sell"	"vendre"	"9924"	"486"
"2"	"نسقسي"	"نسقسي"	"سَأَلَ"	"سقسي/IV"	"n/IV1S"	"(null)/IVSUFF_SUBJ:1S"	"na"	"na"	"ask,inquire"	"se_renseigner"	"2822"	"152"
"2"	"بوحد"	"بوحد"	"واحِد"	"وحد/NOUN"	"b/PREP"	""	"s"	"m"	"one"	"un"	"8348"	"400"
"2"	"بوالو"	"بوالو"	"لاشيء"	"والو/NOUN"	"b/PREP"	"(null)/CASE_INDEF_(ACC_GEN)"	"s"	"m"	"nothing"	"rien"	"18485"	"855"
"2"	"نسموه"	"نسموه"	"سَمَّى"	"سم/IV"	"n/IV1P"	"و/IVSUFF_SUBJ:MP_MOOD:SJ+ه/IVSUFF_DO:3MS"	"na"	"na"	"name"	"nommer"	"1205"	"61"
"2"	"بوات"	"بوات"	"عُلبة"	"بوات/NON_ARABIC"	""	""	"s"	"m"	""	"box"	"714"	"39"
"2"	"نسيتي"	"نسيتي"	"نَسِيَ"	"نسي/PV"	""	"تي/PVSUFF_SUBJ:2FS"	"na"	"na"	"forget"	"oublier"	"17411"	"804"
"2"	"بهلول"	"بهلول"	"مَعْتُوه"	"بهلول/ADJ_QUALIT"	""	"(null)/CASE_INDEF_(ACC_GEN)"	"s"	"m"	"loony"	"cinglé"	"2386"	"113"
"2"	"نشاور"	"نشاور"	"شَاوَرَ"	"شاور/IV"	"n/IV1S"	"(null)/IVSUFF_SUBJ:1S"	"na"	"na"	"consult"	"Consulter"	"21162"	"973"
"2"	"بهاد"	"بهاد"	"هذه"	"هاد/DEM_PRON_FS"	"b/PREP"	"(null)/CASE_INDEF_GEN"	"s"	"m"	"this"	"ce"	"14859"	"695"
"2"	"به"	"به"	"بِه"	"ب/PREP"	""	"ه/PRON_3MS"	"na"	"na"	""	"avec,_par_lui_with;by,it"	"19907"	"909"
"2"	"نشري"	"نشري"	"اشْتَريت"	"شر/IV"	"n/IV1S"	"ي/IVSUFF_SUBJ:1S"	"na"	"na"	"buy"	"acheter"	"2737"	"148"
"2"	"نشعل"	"نشعل"	"يَشْعل"	"شعل/IV"	"n/IV1S"	"(null)/IVSUFF_SUBJ:1S"	"na"	"na"	"ignite"	"enflammer"	"21255"	"978"
"2"	"يفتو"	"يفتو"	"أفتى"	"فت/IV"	"y/IV3MP"	"و/IVSUFF_SUBJ:MP_MOOD:SJ"	"na"	"na"	"fatwas_(advisory_opinion)"	"fatwas_(avis_consultatifs)"	"9308"	"428"
"2"	"بوربو"	"بوربو"	"أخطبوط"	"بوربو/FOREIGN"	""	""	"s"	"m"	"octopus"	"poulpe"	"14349"	"678"
"2"	"نشوفه"	"نشوفه"	"رَأَى"	"شوف/IV"	"n/IV1S"	"(null)/IVSUFF_SUBJ:1S+ه/IVSUFF_DO:3MS"	"na"	"na"	"see"	"voir"	"5280"	"273"
"2"	"نشوفوا"	"نشوفوا"	"رَأَى"	"شوف/IV"	"n/IV1P"	"وا/IVSUFF_SUBJ:MP_MOOD:SJ"	"na"	"na"	"see"	"voir"	"4689"	"250"
"2"	"نصيده"	"نصيده"	"صَيَدَ"	"صيد/IV"	"n/IV1S"	"(null)/IVSUFF_SUBJ:1S+ه/IVSUFF_DO:3MS"	"na"	"na"	"hunt"	"chasser"	"22425"	"1041"
"2"	"نصيدوا"	"نصيدوا"	"صَيَدَ"	"صيد/IV"	"n/IV1P"	"وا/IVSUFF_SUBJ:1P"	"na"	"na"	"hunt"	"chasser"	"24008"	"1100"
"2"	"نطرطق"	"نطرطق"	"طَرْطَقَ"	"طرطق/IV"	"n/IV1S"	"(null)/IVSUFF_SUBJ:1S"	"na"	"na"	"burst"	"éclater"	"2668"	"145"
"2"	"يفتح"	"يفتح"	"قِرَاءةالفَاتِحة"	"فتح/IV"	"y/IMPERF_PREF"	"(null)/IVSUFF_SUBJ: 3MS"	"na"	"na"	"reading_el_fatiha_(soura_from_holy_quran)"	"lire_el_fatiha_(_soura_du_coran)"	"8920"	"417"
"2"	"بنتنا"	"بنتنا"	"بَنتنا"	"بنت/NOUN_ABSTRACT"	""	"نا/POSS_PRON"	"s"	"f"	"daughter"	"fille"	"6098"	"320"
"2"	"بمشروع"	"بمشروع"	"مَشْرُوع"	"مشروع/NOUN_ABSTRACT"	"b/PREP"	""	"s"	"m"	"project"	"projet"	"5430"	"279"
"2"	"يعييك"	"يعييك"	"تَعَب"	"عيي/IV"	"y/IV3MS"	"(null)/IVSUFF_SUBJ: 3MS +ك/IVSUFF_DO:2MS"	"na"	"na"	"get_tired"	"se_fatigué"	"2447"	"120"
"2"	"بليلة"	"بليلة"	"لَيْلَة"	"ليل/ADV"	"b/PREP"	"ة/NSUFF_FEM_SG+(null)/CASE_INDEF_GEN"	"s"	"f"	"night,_evening"	"nuit,_soirée"	"9879"	"478"
"2"	"نطيبو"	"نطيبو"	"يَطْبُخ"	"طيب/IV"	"n/IV1P"	"و/IVSUFF_SUBJ:MP_MOOD:SJ"	"na"	"na"	"cook"	"cuisiner"	"13214"	"639"
"2"	"بلعاني"	"بلعاني"	"عَنقصد"	"عان/NOUN_ABSTRACT"	"b/PREP+l/DET"	"ي/POSS_PRON"	"s"	"m"	""	"on_purpose"	"768"	"42"
"2"	"بلادي"	"بلادي"	"بِلَاد"	"بلاد/NOUN_ABSTRACT"	""	"ي/POSS_PRON"	"s"	"m"	"country"	"pays"	"12008"	"596"
"2"	"بكينا"	"بكينا"	"بَكَى"	"بكي/PV"	""	"نا/PV SUFF_SUBJ :1P"	"na"	"na"	"cry"	"pleurer"	"10856"	"549"
"2"	"بنتهم"	"بنتهم"	"بَنتَهُم"	"بنت/NOUN_ABSTRACT"	""	"هم/POSS_PRON"	"s"	"f"	"daughter"	"fille"	"20790"	"959"
"2"	"نخليكم"	"نخليكم"	"أتْرُك"	"خلي/IV"	"n/IV1S"	"(null)/IVSUFF_SUBJ:1S+كم/IVSUFF_DO :2MP"	"na"	"na"	"leave"	"laisser"	"7390"	"364"
"2"	"أمتلة"	"أمتلة"	"أمثِلَة"	"أمتل/NOUN_ABSTRACT"	""	"ة/NSUFF_FEM_SG"	"sp"	"m"	"examples"	"examples"	"25962"	"1175"
"2"	"بورتون"	"بورتون"	"بالرغم"	"بورتون/FOREIGN"	""	""	"na"	"na"	"yet"	"pourtant"	"8610"	"408"
"2"	"ندبر"	"ندبر"	"دَبَّر"	"دبر/IV"	"n/IV1S"	"(null)/IVSUFF_SUBJ:1S"	"na"	"na"	"manage"	"gérer"	"18310"	"848"
"2"	"بيتوني"	"بيتوني"	"نَامَ"	"بيت/PV_PASS"	""	"و/PVSUFF_SUBJ:3MP+ني/PVSUFF_DO:1S"	"na"	"na"	""	"passer_la_nuit;x;_sleepover"	"24133"	"1103"
"2"	"نبيكي"	"نبيكي"	"هُبُوطبسُرعَة"	"نبيكي/FOREIGN"	""	""	"na"	"na"	"prick"	"Effectuer_un_piqué"	"28811"	"1272"
"2"	"أمانة"	"أمانة"	"أَمانَة"	"أمان/NOUN_CONCRETE"	""	"ة/NSUFF_FEM_SG+(null)/CASE_DEF_GEN"	"s"	"f"	"honesty"	"honnêteté"	"22531"	"1045"
