"id"	"cefr"	"topic"	"arabic"	"source_form"	"latin"	"ko"	"en"	"kind"	"marker_type"	"oran_marker"	"evidence"	"status"	"source_id"	"source_locator"	"note"
"OD-0001"	"A1"	"greeting"	"السلام عليكم"	"السلام عليكم"	"s-slam 3likum"	"안녕하세요"	"peace be upon you"	"phrase"	"none"	"common"	"CORVAM_DIRECT"	"attested"	"S1"	"S1 Audio 1, transcript (4)"	"인사"
"OD-0003"	"A1"	"greeting"	"صحة"	""	"sa77a"	"괜찮아; 좋아"	"okay; all right"	"phrase"	"lexicon"	"sa77a"	"ORAN_STUDY"	"study_backed"	"S1"	"S1 Lexicon: sa77a = ok/all right"	"연결된 Oran 연구의 직접 gloss로 제한"
"OD-0004"	"A1"	"greeting"	"صحيت"	""	"sa77it"	"고마워"	"thank you"	"phrase"	"lexicon"	"sa77it"	"ORAN_STUDY"	"study_backed"	"S1"	"S1 Lexicon: sa77it = thanks"	"Oran 기술 어휘"
"OD-0005"	"A1"	"greeting"	"بلا جميل"	""	"bla jmil"	"천만에"	"you are welcome"	"phrase"	"lexicon"	"bla jmil"	"ORAN_STUDY"	"study_backed"	"S1"	"S1 Lexicon: bla jmil = you are welcome"	"Morocco와 공유하는 서부형"
"OD-0006"	"A1"	"greeting"	"واه"	"واه"	"wah"	"응; 네"	"yes"	"phrase"	"lexicon"	"wah"	"CORVAM_DIRECT"	"attested"	"S1"	"S1 Audio 1, transcript (12)"	"녹음 전사 wāh"
"OD-0008"	"A1"	"greeting"	"آيا"	"āyya"	"ayya"	"자; 가자"	"come on; let's go"	"phrase"	"lexicon"	"ayya"	"ORAN_STUDY"	"study_backed"	"S1"	"S1 Lexicon: ayya = lets go"	"담화 표지"
"OD-0009"	"A1"	"greeting"	"الله يرحم بوك"	"الله يرحم بوك"	"allah yer7em buk"	"부탁이야; 네 아버지께 자비를"	"please; may God have mercy on your father"	"phrase"	"none"	"common"	"CORVAM_DIRECT"	"attested"	"S1"	"S1 Audio 1, transcript (18)"	"친근한 부탁 표현; 직역 주의"
"OD-0022"	"A1"	"people"	"سيد"	"سيد"	"siyyed"	"남자; 신사; 사람"	"man; gentleman; person"	"word"	"none"	"lemma_from_attested"	"CORVAM_LEMMA_FROM_ATTESTED"	"lemma_from_attested"	"S1"	"S1 Audio 1, transcript (16-18)"	""
"OD-0023"	"A1"	"questions"	"شا؟"	"شا؟"	"cha?"	"뭐?"	"what?"	"word"	"lexicon"	"cha"	"CORVAM_DIRECT"	"attested"	"S1"	"S1 Audio 1, transcript (7)"	"전사 ša"
"OD-0029"	"A1"	"questions"	"مالك؟"	""	"malek?"	"무슨 일이야?"	"what is wrong?"	"phrase"	"lexicon"	"malek"	"ORAN_STUDY"	"study_backed"	"S1"	"S1 Lexicon: ma lek? = whats the matter?"	"서부 공유형"
"OD-0030"	"A1"	"questions"	"كاين؟"	"كاين؟"	"kayen?"	"있어?"	"is there?"	"pattern"	"none"	"common"	"CORVAM_DIRECT"	"attested"	"S1"	"S1 Audio 1, transcript (8-9)"	""
"OD-0031"	"A1"	"questions"	"ما كاش"	"ما كاش"	"makash"	"없어"	"there is not"	"phrase"	"none"	"common"	"CORVAM_DIRECT"	"attested"	"S1"	"S1 Audio 1, transcript (9)"	"ma...ch 부정"
"OD-0035"	"A1"	"verbs"	"بغى"	""	"bgha"	"원하다"	"to want"	"word"	"lexicon"	"bgha"	"ORAN_STUDY"	"study_backed"	"S1"	"S1 Lexicon: 7ebb ~ bgha = to want"	"Oran에서 흔한 ‘원하다’"
"OD-0036"	"A1"	"verbs"	"حب"	""	"7ebb"	"원하다"	"to want"	"word"	"lexicon"	"7ebb"	"ORAN_STUDY"	"study_backed"	"S1"	"S1 Lexicon: 7ebb ~ bgha = to want"	"연결된 Oran 연구의 직접 gloss로 제한"
"OD-0037"	"A1"	"verbs"	"هدر"	"هدر"	"hder"	"말하다"	"to speak"	"word"	"none"	"lemma_from_attested"	"CORVAM_LEMMA_FROM_ATTESTED"	"lemma_from_attested"	"S1"	"S1 Audio 1, transcript (1-2)"	""
"OD-0038"	"A1"	"verbs"	"سقسى"	""	"sqsa"	"묻다"	"to ask"	"word"	"lexicon"	"sqsa"	"ORAN_STUDY"	"study_backed"	"S1"	"S1 Lexicon: sqsa = to ask"	""
"OD-0039"	"A1"	"verbs"	"حوس على"	"حوس على"	"7awwes 3la"	"찾다"	"to look for"	"phrase"	"lexicon"	"7awwes 3la"	"CORVAM_DIRECT"	"attested"	"S1"	"S1 Audio 1, transcript (3)"	""
"OD-0041"	"A1"	"verbs"	"ستنى"	""	"stenna"	"기다리다"	"to wait"	"word"	"none"	"common"	"ORAN_STUDY"	"study_backed"	"S1"	"S1 Lexicon: stenna ~ qare3 = to wait"	"qare3와 병용"
"OD-0044"	"A1"	"verbs"	"راح"	"راح"	"ra7"	"갔다"	"he went"	"word"	"none"	"common"	"CORVAM_DIRECT"	"attested"	"S1"	"S1 Audio 1, transcript (12,16)"	""
"OD-0045"	"A1"	"verbs"	"جا"	"جا"	"ja"	"왔다"	"he came"	"word"	"none"	"common"	"CORVAM_DIRECT"	"attested"	"S1"	"S1 Audio 1, transcript (16)"	""
"OD-0048"	"A1"	"verbs"	"خدم"	"خدم"	"khdem"	"일하다"	"to work"	"word"	"none"	"lemma_from_attested"	"CORVAM_LEMMA_FROM_ATTESTED"	"lemma_from_attested"	"S1"	"S1 Audio 1, transcript (7-9)"	""
"OD-0049"	"A1"	"verbs"	"قرا"	"قرا"	"qra"	"읽다; 공부하다"	"to read; study"	"word"	"uncertain"	"lemma_from_attested"	"CORVAM_LEMMA_FROM_ATTESTED"	"lemma_from_attested"	"S1"	"S1 Audio 1, transcript (19)"	"직접 전사는 qra; g형은 별도 근거 없이는 확정하지 않음"
"OD-0051"	"A1"	"verbs"	"باع"	"باع"	"ba3"	"팔았다"	"he sold"	"word"	"none"	"lemma_from_attested"	"CORVAM_LEMMA_FROM_ATTESTED"	"lemma_from_attested"	"S1"	"S1 Audio 1, transcript (12-17)"	""
"OD-0052"	"A1"	"verbs"	"عطى"	"عطى"	"3ta"	"주었다"	"he gave"	"word"	"none"	"lemma_from_attested"	"CORVAM_LEMMA_FROM_ATTESTED"	"lemma_from_attested"	"S1"	"S1 Audio 1, transcript (11)"	""
"OD-0056"	"A1"	"places"	"حانوت"	"حانوت"	"7anut"	"가게"	"shop"	"word"	"none"	"common"	"CORVAM_DIRECT"	"attested"	"S1"	"S1 Audio 1, transcript (4)"	""
"OD-0057"	"A1"	"places"	"حوانيت"	""	"7wanit"	"가게들"	"shops"	"word"	"none"	"common"	"ORAN_STUDY"	"study_backed"	"S1"	"S1 Noun Morphology: 7wanit plural"	"문헌에 Oran의 Hilali형 복수로 기술되나 고유성은 주장하지 않음"
"OD-0059"	"A1"	"places"	"خدمة"	"خدمة"	"khedma"	"일; 직업"	"work; job"	"word"	"none"	"common"	"CORVAM_DIRECT"	"attested"	"S1"	"S1 Audio 1, transcript (3,5,8-9)"	""
"OD-0060"	"A1"	"places"	"قريب"	"قريب"	"qrib"	"가까운"	"near"	"word"	"uncertain"	"q/g varies"	"CORVAM_DIRECT"	"attested"	"S1"	"S1 Audio 1, transcript (6) + Phonology §"	"S1은 grib~qrib 교대를 기술; 해당 인용은 qrib로 보수 표기"
"OD-0063"	"A1"	"places"	"غادي"	""	"ghadi"	"~할 것이다"	"future marker"	"pattern"	"grammar"	"ghadi"	"ORAN_STUDY"	"study_backed"	"S1"	"S1 Verb Morphology: future particle ghadi"	"미래 표지 용법만 수록"
"OD-0069"	"A1"	"food_shop"	"كتاب"	"كتاب"	"ktab"	"책"	"book"	"word"	"none"	"lemma_from_attested"	"CORVAM_LEMMA_FROM_ATTESTED"	"lemma_from_attested"	"S1"	"S1 Audio 1, transcript (19)"	""
"OD-0070"	"A1"	"food_shop"	"كتوبة"	"كتوبة"	"ktuba"	"책들"	"books"	"word"	"none"	"common"	"CORVAM_DIRECT"	"attested"	"S1"	"S1 Audio 1, transcript (10-17)"	"녹음 전사형"
"OD-0075"	"A1"	"time_number"	"واحد"	"واحد"	"wa7ed"	"하나; 어떤 사람"	"one; someone"	"word"	"none"	"common"	"CORVAM_DIRECT"	"attested"	"S1"	"S1 Audio 1, transcript (1,10,13)"	""
"OD-0077"	"A1"	"time_number"	"تلاتة"	""	"tlata"	"셋"	"three"	"word"	"phonology"	"stopped interdental"	"ORAN_STUDY"	"study_backed"	"S1"	"S1 Phonology: tlata = three"	"Oran의 정지 치간음 실현을 반영한 학습용 음성 철자"
"OD-0078"	"A1"	"time_number"	"خمسة"	"خمسة"	"khamsa"	"다섯"	"five"	"word"	"none"	"lemma_from_attested"	"CORVAM_LEMMA_FROM_ATTESTED"	"lemma_from_attested"	"S1"	"S1 Audio 1, transcript (12)"	"녹음에 ‘5분’"
"OD-0079"	"A1"	"time_number"	"عشرة"	"عشرة"	"3achra"	"열"	"ten"	"word"	"none"	"common"	"CORVAM_DIRECT"	"attested"	"S1"	"S1 Audio 1, transcript (10-16)"	""
"OD-0080"	"A1"	"time_number"	"عشرين"	"عشرين"	"3echrin"	"스물"	"twenty"	"word"	"none"	"common"	"CORVAM_DIRECT"	"attested"	"S1"	"S1 Audio 1, transcript (16)"	""
"OD-0081"	"A1"	"time_number"	"دقيقة"	"دقيقة"	"dqiqa"	"분"	"minute"	"word"	"none"	"lemma_from_attested"	"CORVAM_LEMMA_FROM_ATTESTED"	"lemma_from_attested"	"S1"	"S1 Audio 1, transcript (12,16)"	""
"OD-0082"	"A1"	"time_number"	"نهار"	"نهار"	"nhar"	"날; 낮"	"day"	"word"	"none"	"common"	"CORVAM_DIRECT"	"attested"	"S1"	"S1 Audio 1, transcript (17)"	""
"OD-0085"	"A1"	"state"	"مليح"	""	"mli7"	"좋은"	"good"	"word"	"lexicon"	"mli7"	"ORAN_STUDY"	"study_backed"	"S1"	"S1 Lexicon: mli7 ~ ghaya = nice"	"ghaya와 병용"
"OD-0086"	"A1"	"state"	"غاية"	"غاية"	"ghaya"	"잘; 제대로"	"well; properly"	"word"	"lexicon"	"ghaya"	"CORVAM_DIRECT"	"attested"	"S1"	"S1 Audio 1, transcript (1)"	"direct transcript의 부사적 ġāya 용법"
"OD-0087"	"A1"	"state"	"شباب"	""	"chbab"	"예쁜; 멋진"	"beautiful; nice"	"word"	"lexicon"	"chbab"	"ORAN_STUDY"	"study_backed"	"S1"	"S1 Lexicon: chbab = beautiful"	""
"OD-0088"	"A1"	"state"	"قديم"	""	"qdim"	"고대의; 아주 오래된"	"ancient; very old"	"word"	"uncertain"	"q/g varies"	"ORAN_STUDY"	"study_backed"	"S1"	"S1 Phonology: gdim ~ qdim = ancient"	"보수적으로 q 전사; g형은 변이로 기록"
"OD-0089"	"A1"	"state"	"ضلمة"	""	"delma"	"어둠"	"darkness"	"word"	"phonology"	"stopped interdental"	"ORAN_STUDY"	"study_backed"	"S1"	"S1 Phonology: delma = darkness"	"정지 치간음 실현을 반영한 학습용 음성 철자"
"OD-0129"	"A1"	"people"	"انا"	"انا"	"ana"	"나"	"I"	"word"	"none"	"direct corpus"	"MADORAN_DIRECT"	"attested"	"S6"	"MADOran token 10924; sentence 551"	"독립 주격 1인칭 단수"
"OD-0130"	"A1"	"people"	"نتا"	"نتا"	"nta"	"너(남성)"	"you (masculine singular)"	"word"	"none"	"direct corpus"	"MADORAN_DIRECT"	"attested"	"S6"	"MADOran token 10629; sentence 538"	"2인칭 남성 단수"
"OD-0131"	"A1"	"people"	"نتي"	"نتي"	"nti"	"너(여성)"	"you (feminine singular)"	"word"	"none"	"direct corpus"	"MADORAN_DIRECT"	"attested"	"S6"	"MADOran token 10773; sentence 545"	"2인칭 여성 단수"
"OD-0132"	"A1"	"people"	"هو"	"هو"	"hwa"	"그"	"he"	"word"	"none"	"direct corpus"	"MADORAN_DIRECT"	"attested"	"S6"	"MADOran token 10758; sentence 544"	"huwa 변이 가능"
"OD-0133"	"A1"	"people"	"هي"	"هي"	"hiya"	"그녀"	"she"	"word"	"none"	"direct corpus"	"MADORAN_DIRECT"	"attested"	"S6"	"MADOran token 11086; sentence 557"	""
"OD-0134"	"A1"	"people"	"حنا"	"حنا"	"7na"	"우리"	"we"	"word"	"none"	"direct corpus"	"MADORAN_DIRECT"	"attested"	"S6"	"MADOran token 10695; sentence 542"	"독립 주격대명사"
"OD-0135"	"A1"	"people"	"نتوما"	"نتوما"	"ntuma"	"너희"	"you (plural)"	"word"	"none"	"direct corpus"	"MADORAN_DIRECT"	"attested"	"S6"	"MADOran token 11104; sentence 558"	""
"OD-0136"	"A1"	"people"	"هوما"	"هوما"	"huma"	"그들"	"they"	"word"	"none"	"direct corpus"	"MADORAN_DIRECT"	"attested"	"S6"	"MADOran token 17914; sentence 827"	""
"OD-0137"	"A1"	"demonstrative"	"هاد"	"هاد"	"had"	"이; 이~"	"this; this ~"	"word"	"none"	"direct corpus"	"MADORAN_DIRECT"	"attested"	"S6"	"MADOran token 11082; sentence 557"	"주로 명사 앞 근칭 한정형"
"OD-0138"	"A1"	"demonstrative"	"هادي"	"هادي"	"hadi"	"이것(여성형)"	"this (feminine)"	"word"	"none"	"direct corpus"	"MADORAN_DIRECT"	"attested"	"S6"	"MADOran token 10309; sentence 524"	""
"OD-0139"	"A1"	"demonstrative"	"هادو"	"هادو"	"hadu"	"이것들"	"these"	"word"	"none"	"direct corpus"	"MADORAN_DIRECT"	"attested"	"S6"	"MADOran token 13908; sentence 663"	""
"OD-0140"	"A1"	"demonstrative"	"هداك"	"هداك"	"hdak"	"저것(남성형)"	"that (masculine)"	"word"	"none"	"direct corpus"	"MADORAN_DIRECT"	"attested"	"S6"	"MADOran token 10583; sentence 536"	""
"OD-0141"	"A1"	"questions"	"شكون؟"	"شكون"	"chkun?"	"누구?"	"who?"	"word"	"none"	"direct corpus"	"MADORAN_DIRECT"	"attested"	"S6"	"MADOran token 12989; sentence 632"	"문장부호는 교육용 추가"
"OD-0142"	"A1"	"questions"	"وين؟"	"وين"	"win?"	"어디?"	"where?"	"word"	"none"	"direct corpus"	"MADORAN_DIRECT"	"attested"	"S6"	"MADOran token 12116; sentence 600"	"문장부호는 교육용 추가"
"OD-0143"	"A1"	"questions"	"علاه؟"	"عله"	"3lah?"	"왜?"	"why?"	"word"	"none"	"direct corpus"	"MADORAN_DIRECT"	"attested"	"S6"	"MADOran token 10812; sentence 547"	"source_form عله를 표제 철자 علاه로 정규화"
"OD-0144"	"A1"	"questions"	"شعال؟"	"شعال"	"ch3al?"	"얼마나; 몇?"	"how much; how many?"	"word"	"none"	"direct corpus"	"MADORAN_DIRECT"	"attested"	"S6"	"MADOran token 101; sentence 8"	"문장부호는 교육용 추가"
"OD-0145"	"A1"	"family"	"ولد"	"ولد"	"weld"	"남자아이; 아들"	"boy; son"	"word"	"none"	"direct corpus"	"MADORAN_DIRECT"	"attested"	"S6"	"MADOran token 10009; sentence 498"	"남성형"
"OD-0146"	"A1"	"family"	"بنت"	"بنت"	"bent"	"딸; 여자아이"	"daughter; girl"	"word"	"none"	"direct corpus"	"MADORAN_DIRECT"	"attested"	"S6"	"MADOran token 14152; sentence 671"	""
"OD-0147"	"A1"	"family"	"ماما"	"ماما"	"mama"	"엄마"	"mother; mom"	"word"	"none"	"direct corpus"	"MADORAN_DIRECT"	"attested"	"S6"	"MADOran token 16182; sentence 756"	""
"OD-0148"	"A1"	"people"	"راجل"	"راجل"	"rajel"	"남자"	"man"	"word"	"none"	"direct corpus"	"MADORAN_DIRECT"	"attested"	"S6"	"MADOran token 14829; sentence 694"	"남편 의미는 문맥 의존"
"OD-0149"	"A1"	"body"	"يد"	"يد"	"yed"	"손"	"hand"	"word"	"none"	"direct corpus"	"MADORAN_DIRECT"	"attested"	"S6"	"MADOran token 10179; sentence 516"	""
"OD-0150"	"A1"	"body"	"عين"	"عين"	"3in"	"눈"	"eye"	"word"	"none"	"direct corpus"	"MADORAN_DIRECT"	"attested"	"S6"	"MADOran token 10001; sentence 496"	""
"OD-0151"	"A1"	"body"	"فم"	"فم"	"femm"	"입"	"mouth"	"word"	"none"	"direct corpus"	"MADORAN_DIRECT"	"attested"	"S6"	"MADOran token 29603; sentence 1309"	"Latin은 학습용 정규화; 정확한 모음값은 음성 검수 대상"
"OD-0152"	"A1"	"body"	"وجه"	"وجه"	"wejh"	"얼굴"	"face"	"word"	"none"	"direct corpus"	"MADORAN_DIRECT"	"attested"	"S6"	"MADOran token 11964; sentence 594"	"앞면 의미는 문맥 의존"
"OD-0153"	"A1"	"home"	"دار"	"دار"	"dar"	"집; 가정"	"house; home"	"word"	"none"	"direct corpus"	"MADORAN_DIRECT"	"attested"	"S6"	"MADOran token 10200; sentence 519"	""
"OD-0154"	"A1"	"home"	"باب"	"باب"	"bab"	"문; 출입구"	"door; gate"	"word"	"none"	"direct corpus"	"MADORAN_DIRECT"	"attested"	"S6"	"MADOran token 12586; sentence 619"	""
"OD-0155"	"A1"	"time"	"دروك"	"دروك"	"drok"	"지금"	"now"	"word"	"none"	"direct corpus"	"MADORAN_DIRECT"	"attested"	"S6"	"MADOran token 10935; sentence 551"	""
"OD-0156"	"A1"	"time"	"ليوم"	"ليوم"	"lyum"	"오늘"	"today"	"word"	"none"	"direct corpus"	"MADORAN_DIRECT"	"attested"	"S6"	"MADOran token 1488; sentence 73"	""
"OD-0157"	"A1"	"time"	"غدوة"	"غدوة"	"ghodwa"	"내일"	"tomorrow"	"word"	"none"	"direct corpus"	"MADORAN_DIRECT"	"attested"	"S6"	"MADOran token 15392; sentence 715"	"아침을 명시하려면 صباح과 결합"
"OD-0158"	"A1"	"time"	"ليل"	"ليل"	"lil"	"밤"	"night"	"word"	"none"	"direct corpus"	"MADORAN_DIRECT"	"attested"	"S6"	"MADOran token 12403; sentence 611"	""
"OD-0159"	"A1"	"time"	"صباح"	"صباح"	"sba7"	"아침"	"morning"	"word"	"none"	"direct corpus"	"MADORAN_DIRECT"	"attested"	"S6"	"MADOran token 44; sentence 4"	""
"OD-0160"	"A1"	"time"	"وقت"	"وقت"	"waqt"	"시간"	"time"	"word"	"none"	"direct corpus"	"MADORAN_DIRECT"	"attested"	"S6"	"MADOran token 11689; sentence 584"	""
"OD-0161"	"A1"	"time"	"عام"	"عام"	"3am"	"해; 년"	"year"	"word"	"none"	"direct corpus"	"MADORAN_DIRECT"	"attested"	"S6"	"MADOran token 1189; sentence 61"	""
"OD-0162"	"A1"	"time"	"قبل"	"قبل"	"qbel"	"전에"	"before"	"word"	"none"	"direct corpus"	"MADORAN_DIRECT"	"attested"	"S6"	"MADOran token 11079; sentence 557"	""
"OD-0163"	"A1"	"time"	"بعد"	"بعد"	"b3d"	"후에"	"after"	"word"	"none"	"direct corpus"	"MADORAN_DIRECT"	"attested"	"S6"	"MADOran token 11532; sentence 578"	""
"OD-0164"	"A1"	"places"	"طريق"	"طريق"	"triq"	"길; 도로"	"road; way"	"word"	"none"	"direct corpus"	"MADORAN_DIRECT"	"attested"	"S6"	"MADOran token 1004; sentence 51"	""
"OD-0165"	"A1"	"places"	"جامعة"	"جامعة"	"jam3a"	"대학교"	"university"	"word"	"none"	"direct corpus"	"MADORAN_DIRECT"	"attested"	"S6"	"MADOran token 2801; sentence 151"	""
"OD-0166"	"A1"	"verbs"	"روح"	"روح"	"ru7"	"가!"	"go!"	"word"	"none"	"direct corpus"	"MADORAN_DIRECT"	"attested"	"S6"	"MADOran token 1914; sentence 90"	"명령형"
"OD-0167"	"A1"	"verbs"	"شوف"	"شوف"	"chuf"	"봐!"	"look!"	"word"	"none"	"direct corpus"	"MADORAN_DIRECT"	"attested"	"S6"	"MADOran token 132; sentence 9"	"CV 명령형; 주의 환기 용법으로 ‘들어봐’ 가능"
"OD-0168"	"A1"	"verbs"	"يعرف"	"يعرف"	"ye3ref"	"그는 안다"	"he knows"	"word"	"none"	"direct corpus"	"MADORAN_DIRECT"	"attested"	"S6"	"MADOran token 9237; sentence 426"	"미완료 3인칭 남성 단수"
"OD-0169"	"A1"	"verbs"	"شرب"	"شرب"	"chreb"	"마셔!"	"drink!"	"word"	"none"	"direct corpus"	"MADORAN_DIRECT"	"attested"	"S6"	"MADOran token 19592; sentence 897"	"MADOran Stem=شرب/CV 명령형"
"OD-0170"	"A1"	"verbs"	"فهم"	"فهم"	"fhem"	"이해해!"	"understand!"	"word"	"none"	"direct corpus"	"MADORAN_DIRECT"	"attested"	"S6"	"MADOran token 10996; sentence 552"	"MADOran Stem=فهم/CV 명령형"
"OD-0171"	"A1"	"verbs"	"عيط"	"عيط"	"3ayet"	"전화했다; 불렀다"	"called"	"word"	"none"	"direct corpus"	"MADORAN_DIRECT"	"attested"	"S6"	"MADOran token 1252; sentence 63"	"완료 3인칭 남성 단수"
"OD-0172"	"A1"	"verbs"	"عيش"	"عيش"	"3ich"	"살아!"	"live!"	"word"	"none"	"direct corpus"	"MADORAN_DIRECT"	"attested"	"S6"	"MADOran token 9535; sentence 438"	"MADOran Stem=عيش/CV 명령형"
"OD-0173"	"A1"	"verbs"	"يلعب"	"يلعب"	"yel3eb"	"그는 논다"	"he plays"	"word"	"none"	"direct corpus"	"MADORAN_DIRECT"	"attested"	"S6"	"MADOran token 1089; sentence 57"	"미완료 3인칭 남성 단수"
"OD-0174"	"A1"	"verbs"	"خرج"	"خرج"	"khrej"	"나갔다"	"went out"	"word"	"none"	"direct corpus"	"MADORAN_DIRECT"	"attested"	"S6"	"MADOran token 735; sentence 40"	"완료 3인칭 남성 단수"
"OD-0175"	"A1"	"verbs"	"دخل"	"دخل"	"dkhel"	"들어갔다"	"entered"	"word"	"none"	"direct corpus"	"MADORAN_DIRECT"	"attested"	"S6"	"MADOran token 205; sentence 13"	"완료 3인칭 남성 단수"
"OD-0176"	"A1"	"verbs"	"وصل"	"وصل"	"wsel"	"도착했다"	"arrived; reached"	"word"	"none"	"direct corpus"	"MADORAN_DIRECT"	"attested"	"S6"	"MADOran token 169; sentence 12"	"완료 3인칭 남성 단수"
"OD-0177"	"A1"	"verbs"	"عاود"	"عاود"	"3awed"	"다시 왔다; 돌아왔다"	"came back; returned"	"word"	"none"	"direct corpus"	"MADORAN_DIRECT"	"attested"	"S6"	"MADOran token 1635; sentence 79"	"sentence 79의 locator-specific 문맥"
"OD-0178"	"A1"	"verbs"	"كمل"	"كمل"	"kemmel"	"끝냈다"	"finished"	"word"	"none"	"direct corpus"	"MADORAN_DIRECT"	"attested"	"S6"	"MADOran token 1938; sentence 91"	"완료 3인칭 남성 단수"
"OD-0179"	"A1"	"verbs"	"خصني"	"خصني"	"khasni"	"나는 필요하다"	"I need"	"word"	"none"	"direct corpus"	"MADORAN_DIRECT"	"attested"	"S6"	"MADOran token 2931; sentence 158"	"어간과 1인칭 접어대명사가 결합한 단일 토큰"
"OD-0180"	"A1"	"verbs"	"قعد"	"قعد"	"q3ed"	"계속 ~했다"	"kept on; continued"	"word"	"none"	"direct corpus"	"MADORAN_DIRECT"	"attested"	"S6"	"MADOran token 119; sentence 8"	"aspectual قعد + imperfective 용법"
"OD-0181"	"A1"	"verbs"	"جيب"	"جيب"	"jib"	"가져와!"	"bring!"	"word"	"none"	"direct corpus"	"MADORAN_DIRECT"	"attested"	"S6"	"MADOran token 1404; sentence 70"	"명령형"
"OD-0182"	"A2"	"verbs"	"تكري"	"تكري"	"tekri"	"너는 빌린다"	"you rent"	"word"	"none"	"direct corpus"	"MADORAN_DIRECT"	"attested"	"S6"	"MADOran token 13400; sentence 645"	"MADOran Proclitic=t/IV2MS; Enclitic subject=2MS로 2인칭 남성 단수 확인"
"OD-0183"	"A1"	"verbs"	"يخاف"	"يخاف"	"ykhaf"	"그는 두려워한다"	"he is afraid"	"word"	"none"	"direct corpus"	"MADORAN_DIRECT"	"attested"	"S6"	"MADOran token 10074; sentence 507"	"미완료 3인칭 남성 단수"
"OD-0184"	"A1"	"adjectives"	"كبير"	"كبير"	"kbir"	"큰"	"big"	"word"	"none"	"direct corpus"	"MADORAN_DIRECT"	"attested"	"S6"	"MADOran token 5465; sentence 281"	"남성 단수"
"OD-0185"	"A1"	"adjectives"	"صغير"	"صغير"	"sghir"	"작은"	"small"	"word"	"none"	"direct corpus"	"MADORAN_DIRECT"	"attested"	"S6"	"MADOran token 1213; sentence 61"	"남성 단수"
"OD-0186"	"A1"	"adjectives"	"بارد"	"بارد"	"bared"	"차가운"	"cold"	"word"	"none"	"direct corpus"	"MADORAN_DIRECT"	"attested"	"S6"	"MADOran token 8375; sentence 400"	"남성 단수"
"OD-0187"	"A1"	"position"	"فوق"	"فوق"	"fuq"	"위에"	"above; on"	"word"	"none"	"direct corpus"	"MADORAN_DIRECT"	"attested"	"S6"	"MADOran token 1892; sentence 90"	""
"OD-0188"	"A1"	"quantity"	"بزاف"	"بزاف"	"bezzaf"	"많이; 매우"	"a lot; very"	"word"	"none"	"direct corpus"	"MADORAN_DIRECT"	"attested"	"S6"	"MADOran token 77; sentence 6"	""
"OD-0189"	"A1"	"quantity"	"شوي"	"شوي"	"chwi"	"조금"	"a little; some"	"word"	"none"	"direct corpus"	"MADORAN_DIRECT"	"attested"	"S6"	"MADOran token 632; sentence 36"	""
"OD-0190"	"A1"	"quantity"	"والو"	"والو"	"walu"	"아무것도 없음"	"nothing"	"word"	"none"	"direct corpus"	"MADORAN_DIRECT"	"attested"	"S6"	"MADOran token 296; sentence 19"	""
"OD-0191"	"A1"	"quantity"	"كلشي"	"كلشي"	"kulchi"	"모든 것"	"everything"	"word"	"none"	"direct corpus"	"MADORAN_DIRECT"	"attested"	"S6"	"MADOran token 1699; sentence 82"	""
"OD-0192"	"A1"	"daily"	"مشكل"	"مشكل"	"mochkil"	"문제"	"problem"	"word"	"none"	"direct corpus"	"MADORAN_DIRECT"	"attested"	"S6"	"MADOran token 801; sentence 43"	""
"OD-0193"	"A1"	"family"	"مرا"	"مرا"	"mra"	"여자; 아내"	"woman; wife"	"word"	"none"	"direct corpus"	"MADORAN_DIRECT"	"attested"	"S6"	"MADOran token 245; sentence 16"	"문맥에 따라 여자 또는 아내"
"OD-0194"	"A1"	"people"	"صاحب"	"صاحب"	"sa7eb"	"친구"	"friend"	"word"	"none"	"direct corpus"	"MADORAN_DIRECT"	"attested"	"S6"	"MADOran token 29688; sentence 1312"	""
"OD-0195"	"A1"	"family"	"ولاد"	"ولاد"	"wlad"	"아이들; 자녀"	"children"	"word"	"none"	"direct corpus"	"MADORAN_DIRECT"	"attested"	"S6"	"MADOran token 5039; sentence 264"	"복수형"
"OD-0196"	"A1"	"family"	"فاميليا"	"فاميليا"	"familia"	"가족"	"family"	"word"	"loanword"	"direct corpus"	"MADORAN_DIRECT"	"attested"	"S6"	"MADOran token 294; sentence 19"	"차용어"
"OD-0197"	"A1"	"clothing"	"قش"	"قش"	"qech"	"옷"	"clothes"	"word"	"none"	"direct corpus"	"MADORAN_DIRECT"	"attested"	"S6"	"MADOran token 13295; sentence 642"	""
"OD-0198"	"A1"	"clothing"	"قمجة"	"قمجة"	"qamja"	"셔츠"	"shirt"	"word"	"loanword"	"direct corpus"	"MADORAN_DIRECT"	"attested"	"S6"	"MADOran token 14593; sentence 685"	""
"OD-0199"	"A1"	"clothing"	"صباطي"	"صباطي"	"sbati"	"내 신발"	"my shoes"	"word"	"loanword"	"direct corpus"	"MADORAN_DIRECT"	"attested"	"S6"	"MADOran token 20173; sentence 918"	"صباط + 1인칭 단수 소유 접미사 ـي"
"OD-0200"	"A1"	"colors"	"بيض"	"بيض"	"byed"	"흰색의(남성형)"	"white (masculine)"	"word"	"none"	"direct corpus"	"MADORAN_DIRECT"	"attested"	"S6"	"MADOran token 22983; sentence 1064"	"남성 단수형"
"OD-0201"	"A1"	"colors"	"كحلة"	"كحلة"	"k7la"	"검은색의(여성형)"	"black (feminine)"	"word"	"none"	"direct corpus"	"MADORAN_DIRECT"	"attested"	"S6"	"MADOran token 8403; sentence 401"	"MADOran feminine singular suffix"
"OD-0202"	"A1"	"colors"	"خضرة"	"خضرة"	"khdra"	"초록색의(여성형)"	"green (feminine)"	"word"	"none"	"direct corpus"	"MADORAN_DIRECT"	"attested"	"S6"	"MADOran token 7501; sentence 368"	"MADOran feminine singular suffix"
"OD-0203"	"A1"	"colors"	"زرقة"	"زرقة"	"zerqa"	"파란색의(여성형)"	"blue (feminine)"	"word"	"none"	"direct corpus"	"MADORAN_DIRECT"	"attested"	"S6"	"MADOran token 9124; sentence 424"	"MADOran feminine singular suffix"
"OD-0204"	"A1"	"colors"	"صفرا"	"صفرا"	"safra"	"노란색의(여성형)"	"yellow (feminine)"	"word"	"none"	"direct corpus"	"MADORAN_DIRECT"	"attested"	"S6"	"MADOran token 11843; sentence 589"	"여성 단수형"
"OD-0205"	"A1"	"food"	"ماء"	"ماء"	"ma"	"물"	"water"	"word"	"none"	"direct corpus"	"MADORAN_DIRECT"	"attested"	"S6"	"MADOran token 7953; sentence 384"	""
"OD-0206"	"A1"	"food"	"حليب"	"حليب"	"7lib"	"우유"	"milk"	"word"	"none"	"direct corpus"	"MADORAN_DIRECT"	"attested"	"S6"	"MADOran token 64; sentence 5"	""
"OD-0207"	"A1"	"food"	"لحم"	"لحم"	"l7em"	"고기"	"meat"	"word"	"none"	"direct corpus"	"MADORAN_DIRECT"	"attested"	"S6"	"MADOran token 7372; sentence 364"	""
"OD-0208"	"A1"	"food"	"ماكلة"	"ماكلة"	"makla"	"음식"	"food"	"word"	"none"	"direct corpus"	"MADORAN_DIRECT"	"attested"	"S6"	"MADOran token 7410; sentence 365"	""
"OD-0209"	"A1"	"food"	"لاتاي"	"لاتاي"	"latay"	"차"	"tea"	"word"	"loanword"	"direct corpus"	"MADORAN_DIRECT"	"attested"	"S6"	"MADOran token 8638; sentence 409"	"정관사가 어휘화된 차용형"
"OD-0210"	"A1"	"food"	"سكر"	"سكر"	"sokkar"	"설탕"	"sugar"	"word"	"none"	"direct corpus"	"MADORAN_DIRECT"	"attested"	"S6"	"MADOran token 8853; sentence 416"	"모음은 학습용 정규화"
"OD-0211"	"A1"	"food"	"ملح"	"ملح"	"mel7"	"소금"	"salt"	"word"	"none"	"direct corpus"	"MADORAN_DIRECT"	"attested"	"S6"	"MADOran token 7543; sentence 369"	"모음은 학습용 정규화"
"OD-0212"	"A1"	"food"	"مطلوع"	"مطلوع"	"matlu3"	"마틀루 빵"	"matlou bread"	"word"	"none"	"direct corpus"	"MADORAN_DIRECT"	"attested"	"S6"	"MADOran token 3612; sentence 205"	"알제리식 둥근 빵"
"OD-0213"	"A1"	"food"	"تفاح"	"تفاح"	"tfa7"	"사과"	"apples"	"word"	"none"	"direct corpus"	"MADORAN_DIRECT"	"attested"	"S6"	"MADOran token 9653; sentence 442"	"집합·복수 의미"
"OD-0214"	"A1"	"food"	"بطاطا"	"بطاطا"	"batata"	"감자"	"potato"	"word"	"none"	"direct corpus"	"MADORAN_DIRECT"	"attested"	"S6"	"MADOran token 4298; sentence 234"	""
"OD-0215"	"A1"	"food"	"طماطيس"	"طماطيس"	"tmatis"	"토마토"	"tomatoes"	"word"	"none"	"direct corpus"	"MADORAN_DIRECT"	"attested"	"S6"	"MADOran token 7470; sentence 367"	"복수·집합형"
"OD-0216"	"A2"	"food"	"فطور"	"فطور"	"ftur"	"아침 식사; 식사"	"breakfast; meal"	"word"	"none"	"direct corpus"	"MADORAN_DIRECT"	"attested"	"S6"	"MADOran token 3159; sentence 184"	"해당 문맥은 식사 초대; 정확한 식사 시간대는 원문만으로 확정 불가"
"OD-0217"	"A1"	"food"	"عشا"	"عشا"	"3cha"	"저녁 식사"	"dinner"	"word"	"none"	"direct corpus"	"MADORAN_DIRECT"	"attested"	"S6"	"MADOran token 11538; sentence 578"	""
"OD-0218"	"A1"	"transport"	"لوطو"	"لوطو"	"loto"	"자동차"	"car; automobile"	"word"	"loanword"	"direct corpus"	"MADORAN_DIRECT"	"attested"	"S6"	"MADOran token 25; sentence 2"	"프랑스어 auto 계열 차용형"
"OD-0219"	"A1"	"transport"	"بيس"	"بيس"	"bis"	"버스"	"bus"	"word"	"loanword"	"direct corpus"	"MADORAN_DIRECT"	"attested"	"S6"	"MADOran token 10239; sentence 521"	""
"OD-0220"	"A1"	"places"	"مدينة"	"مدينة"	"mdina"	"도시"	"city"	"word"	"none"	"direct corpus"	"MADORAN_DIRECT"	"attested"	"S6"	"MADOran token 2657; sentence 145"	""
"OD-0221"	"A1"	"home"	"شومبرا"	"شومبرا"	"chombra"	"방"	"room"	"word"	"loanword"	"direct corpus"	"MADORAN_DIRECT"	"attested"	"S6"	"MADOran token 19805; sentence 904"	"프랑스어 chambre 계열 차용형"
"OD-0222"	"A1"	"home"	"طابلة"	"طابلة"	"tabla"	"탁자"	"table"	"word"	"loanword"	"direct corpus"	"MADORAN_DIRECT"	"attested"	"S6"	"MADOran token 2117; sentence 97"	""
"OD-0223"	"A1"	"places"	"سوق"	"سوق"	"suq"	"시장"	"market"	"word"	"none"	"direct corpus"	"MADORAN_DIRECT"	"attested"	"S6"	"MADOran token 1043; sentence 55"	""
"OD-0224"	"A1"	"places"	"شارع"	"فشارع"	"chare3"	"거리; 길"	"street"	"word"	"none"	"lemma_from_attested"	"MADORAN_LEMMA_FROM_ATTESTED"	"lemma_from_attested"	"S6"	"MADOran token 5405; sentence 278"	"source_form의 f/PREP를 제거해 표제화"
"OD-0225"	"A2"	"transport"	"ستاسيون"	"ستاسيون"	"stasyon"	"역; 정류장"	"station"	"word"	"loanword"	"direct corpus"	"MADORAN_DIRECT"	"attested"	"S6"	"MADOran token 26066; sentence 1179"	""
"OD-0226"	"A1"	"transport"	"تاكسي"	"تاكسي"	"taksi"	"택시"	"taxi"	"word"	"loanword"	"direct corpus"	"MADORAN_DIRECT"	"attested"	"S6"	"MADOran token 4233; sentence 231"	""
"OD-0227"	"A1"	"places"	"مطعم"	"مطعم"	"mat3am"	"식당"	"restaurant"	"word"	"none"	"direct corpus"	"MADORAN_DIRECT"	"attested"	"S6"	"MADOran token 13095; sentence 635"	""
"OD-0228"	"A1"	"health"	"سبيطار"	"لسبيطار"	"sbitar"	"병원"	"hospital"	"word"	"loanword"	"lemma_from_attested"	"MADORAN_LEMMA_FROM_ATTESTED"	"lemma_from_attested"	"S6"	"MADOran token 6207; sentence 325"	"source_form의 l/PREP를 제거해 표제화"
"OD-0229"	"A1"	"health"	"طبيب"	"طبيب"	"tbib"	"의사"	"doctor"	"word"	"none"	"direct corpus"	"MADORAN_DIRECT"	"attested"	"S6"	"MADOran token 23284; sentence 1073"	""
"OD-0230"	"A1"	"school"	"تلميد"	"تلميد"	"telmid"	"학생; 생도"	"student; pupil"	"word"	"none"	"direct corpus"	"MADORAN_DIRECT"	"attested"	"S6"	"MADOran token 17748; sentence 819"	""
"OD-0231"	"A1"	"home"	"فراش"	"فراش"	"frach"	"침대"	"bed"	"word"	"none"	"direct corpus"	"MADORAN_DIRECT"	"attested"	"S6"	"MADOran token 9547; sentence 439"	""
"OD-0232"	"A1"	"home"	"كوزينة"	"كوزينة"	"kuzina"	"부엌"	"kitchen"	"word"	"loanword"	"direct corpus"	"MADORAN_DIRECT"	"attested"	"S6"	"MADOran token 13210; sentence 639"	""
"OD-0233"	"A1"	"home"	"تاقة"	"التاقة"	"taqa"	"창문"	"window"	"word"	"none"	"lemma_from_attested"	"MADORAN_LEMMA_FROM_ATTESTED"	"lemma_from_attested"	"S6"	"MADOran token 30078; sentence 1324"	"source_form의 정관사를 제거해 표제화"
"OD-0234"	"A2"	"weather"	"ريح"	"الريح"	"ri7"	"바람"	"wind"	"word"	"none"	"lemma_from_attested"	"MADORAN_LEMMA_FROM_ATTESTED"	"lemma_from_attested"	"S6"	"MADOran token 2525; sentence 126"	"source_form의 정관사를 제거해 표제화"
"OD-0235"	"A1"	"seasons"	"صيف"	"الصيف"	"sif"	"여름"	"summer"	"word"	"none"	"lemma_from_attested"	"MADORAN_LEMMA_FROM_ATTESTED"	"lemma_from_attested"	"S6"	"MADOran token 9026; sentence 421"	"source_form의 정관사를 제거해 표제화"
"OD-0236"	"A1"	"seasons"	"مشتة"	"فالمشتة"	"mechta"	"겨울"	"winter"	"word"	"none"	"lemma_from_attested"	"MADORAN_LEMMA_FROM_ATTESTED"	"lemma_from_attested"	"S6"	"MADOran token 16491; sentence 768"	"source_form의 f/PREP+정관사를 제거해 표제화"
"OD-0237"	"A2"	"seasons"	"خريف"	"فخريف"	"khrif"	"가을"	"autumn"	"word"	"none"	"lemma_from_attested"	"MADORAN_LEMMA_FROM_ATTESTED"	"lemma_from_attested"	"S6"	"MADOran token 3200; sentence 188"	"source_form의 f/PREP를 제거해 표제화"
"OD-0238"	"A1"	"time"	"بارح"	"بارح"	"bare7"	"어제"	"yesterday"	"word"	"none"	"direct corpus"	"MADORAN_DIRECT"	"attested"	"S6"	"MADOran token 13225; sentence 640"	""
"OD-0239"	"A1"	"time"	"سيمانة"	"سيمانة"	"simana"	"주; 일주일"	"week"	"word"	"loanword"	"direct corpus"	"MADORAN_DIRECT"	"attested"	"S6"	"MADOran token 10538; sentence 534"	""
"OD-0240"	"A1"	"time"	"شهر"	"شهر"	"chhar"	"달; 개월"	"month"	"word"	"none"	"direct corpus"	"MADORAN_DIRECT"	"attested"	"S6"	"MADOran token 3022; sentence 168"	""
"OD-0241"	"A1"	"time"	"ساعة"	"ساعة"	"sa3a"	"시간; 한 시간"	"hour; time"	"word"	"none"	"direct corpus"	"MADORAN_DIRECT"	"attested"	"S6"	"MADOran token 808; sentence 44"	""
"OD-0242"	"A1"	"weather"	"حامي"	"حامي"	"7ami"	"뜨거운; 더운"	"hot"	"word"	"none"	"direct corpus"	"MADORAN_DIRECT"	"attested"	"S6"	"MADOran token 7740; sentence 376"	""
"OD-0243"	"A1"	"adjectives"	"جديد"	"جديد"	"jdid"	"새로운"	"new"	"word"	"none"	"direct corpus"	"MADORAN_DIRECT"	"attested"	"S6"	"MADOran token 2295; sentence 107"	""
"OD-0244"	"A1"	"position"	"بعيد"	"بعيد"	"b3id"	"먼"	"far"	"word"	"none"	"direct corpus"	"MADORAN_DIRECT"	"attested"	"S6"	"MADOran token 1123; sentence 58"	""
"OD-0245"	"A1"	"position"	"تحت"	"تحت"	"te7t"	"아래에"	"under"	"word"	"none"	"direct corpus"	"MADORAN_DIRECT"	"attested"	"S6"	"MADOran token 3308; sentence 193"	""
"OD-0246"	"A1"	"position"	"داخل"	"داخل"	"dakhel"	"안; 내부"	"inside; interior"	"word"	"none"	"direct corpus"	"MADORAN_DIRECT"	"attested"	"S6"	"MADOran token 4358; sentence 237"	""
"OD-0247"	"A1"	"position"	"برا"	"برا"	"berra"	"밖에"	"outside"	"word"	"none"	"direct corpus"	"MADORAN_DIRECT"	"attested"	"S6"	"MADOran token 1142; sentence 59"	"코퍼스의 elsewhere 의미는 제외"
"OD-0248"	"A1"	"health"	"جيعان"	"جيعان"	"ji3an"	"배고픈"	"hungry"	"word"	"none"	"direct corpus"	"MADORAN_DIRECT"	"attested"	"S6"	"MADOran token 6545; sentence 338"	"남성 단수"
"OD-0249"	"A1"	"health"	"عطشانة"	"عطشانة"	"3atchana"	"목마른(여성형)"	"thirsty (feminine)"	"word"	"none"	"direct corpus"	"MADORAN_DIRECT"	"attested"	"S6"	"MADOran token 11597; sentence 580"	"MADOran feminine singular suffix"
"OD-0250"	"A1"	"health"	"عيان"	"عيان"	"3yan"	"피곤한; 몸이 안 좋은"	"tired; unwell"	"word"	"none"	"direct corpus"	"MADORAN_DIRECT"	"attested"	"S6"	"MADOran token 15230; sentence 710"	"남성 단수; 문맥에 따라 아픈 상태도 가능"
"OD-0251"	"A1"	"adjectives"	"ساهل"	"ساهل"	"sahel"	"쉬운; 간단한"	"easy; simple"	"word"	"none"	"direct corpus"	"MADORAN_DIRECT"	"attested"	"S6"	"MADOran token 9035; sentence 421"	""
"OD-0252"	"A2"	"adjectives"	"صعيب"	"صعيب"	"s3ib"	"어려운"	"difficult"	"word"	"none"	"direct corpus"	"MADORAN_DIRECT"	"attested"	"S6"	"MADOran token 15995; sentence 743"	""
"OD-0253"	"A2"	"shopping"	"غالي"	"غالي"	"ghali"	"비싼"	"expensive"	"word"	"none"	"direct corpus"	"MADORAN_DIRECT"	"attested"	"S6"	"MADOran token 13373; sentence 644"	""
"OD-0254"	"A1"	"daily"	"اسم"	"اسم"	"esm"	"이름"	"name"	"word"	"none"	"direct corpus"	"MADORAN_DIRECT"	"attested"	"S6"	"MADOran token 6754; sentence 344"	""
"OD-0255"	"A2"	"daily"	"لغة"	"لغة"	"lugha"	"언어"	"language"	"word"	"none"	"direct corpus"	"MADORAN_DIRECT"	"attested"	"S6"	"MADOran token 11021; sentence 553"	""
"OD-0256"	"A1"	"shopping"	"مال"	"مال"	"mal"	"돈"	"money"	"word"	"none"	"direct corpus"	"MADORAN_DIRECT"	"attested"	"S6"	"MADOran token 9887; sentence 480"	""
"OD-0257"	"A1"	"number"	"زيروا"	"زيروا"	"ziru"	"영"	"zero"	"word"	"loanword"	"direct corpus"	"MADORAN_DIRECT"	"attested"	"S6"	"MADOran token 6602; sentence 339"	"프랑스어 zéro 계열 차용형"
"OD-0258"	"A1"	"number"	"زوج"	"زوج"	"zuj"	"둘"	"two"	"word"	"none"	"direct corpus"	"MADORAN_DIRECT"	"attested"	"S6"	"MADOran token 656; sentence 37"	""
"OD-0259"	"A1"	"number"	"ربع"	"ربع"	"rba3"	"넷(수사)"	"four (cardinal)"	"word"	"none"	"direct corpus"	"MADORAN_DIRECT"	"attested"	"S6"	"MADOran token 12542; sentence 617"	"MADOran Stem=ربع/NOUN_NUM; 다른 문맥에서는 4분의 1"
"OD-0260"	"A1"	"number"	"ست"	"ست"	"setta"	"여섯"	"six"	"word"	"none"	"direct corpus"	"MADORAN_DIRECT"	"attested"	"S6"	"MADOran token 6704; sentence 343"	""
"OD-0261"	"A1"	"number"	"سبعة"	"سبعة"	"seb3a"	"일곱"	"seven"	"word"	"none"	"direct corpus"	"MADORAN_DIRECT"	"attested"	"S6"	"MADOran token 11470; sentence 575"	""
"OD-0262"	"A1"	"number"	"تسعة"	"تسعة"	"tes3a"	"아홉"	"nine"	"word"	"none"	"direct corpus"	"MADORAN_DIRECT"	"attested"	"S6"	"MADOran token 10126; sentence 510"	""
"OD-0263"	"A2"	"number"	"لولا"	"لولا"	"lula"	"첫 번째(여성형)"	"first (feminine)"	"word"	"none"	"direct corpus"	"MADORAN_DIRECT"	"attested"	"S6"	"MADOran token 3987; sentence 220"	"MADOran MSA=أولى"
"OD-0264"	"A2"	"number"	"زاوج"	"زاوج"	"zawj"	"두 번째"	"second"	"word"	"none"	"direct corpus"	"MADORAN_DIRECT"	"attested"	"S6"	"MADOran token 11192; sentence 563"	""
"OD-0265"	"A1"	"body"	"شعر"	"شعر"	"ch3ar"	"머리카락"	"hair"	"word"	"none"	"direct corpus"	"MADORAN_DIRECT"	"attested"	"S6"	"MADOran token 10754; sentence 544"	""
"OD-0266"	"A1"	"body"	"نيف"	"النيف"	"nif"	"코"	"nose"	"word"	"none"	"lemma_from_attested"	"MADORAN_LEMMA_FROM_ATTESTED"	"lemma_from_attested"	"S6"	"MADOran token 15624; sentence 726"	"source_form의 정관사를 제거해 표제화"
"OD-0267"	"A1"	"body"	"رقبة"	"رقبة"	"reqba"	"목"	"neck"	"word"	"none"	"direct corpus"	"MADORAN_DIRECT"	"attested"	"S6"	"MADOran token 3660; sentence 206"	""
"OD-0268"	"A1"	"body"	"ذراع"	"ذراعها"	"dra3"	"팔"	"arm"	"word"	"none"	"lemma_from_attested"	"MADORAN_LEMMA_FROM_ATTESTED"	"lemma_from_attested"	"S6"	"MADOran token 12431; sentence 612"	"source_form의 3인칭 여성 소유 접미사를 제거해 표제화"
"OD-0269"	"A1"	"body"	"صبع"	"صبع"	"sba3"	"손가락"	"finger"	"word"	"none"	"direct corpus"	"MADORAN_DIRECT"	"attested"	"S6"	"MADOran token 3602; sentence 204"	""
"OD-0270"	"A2"	"body"	"ليستوما"	"ليستوما"	"listoma"	"위; 배"	"stomach"	"word"	"loanword"	"direct corpus"	"MADORAN_DIRECT"	"attested"	"S6"	"MADOran token 14718; sentence 689"	"프랑스어 estomac 계열 차용형"
"OD-0271"	"A1"	"body"	"قلب"	"قلبي"	"qelb"	"심장; 마음"	"heart"	"word"	"none"	"lemma_from_attested"	"MADORAN_LEMMA_FROM_ATTESTED"	"lemma_from_attested"	"S6"	"MADOran token 10258; sentence 522"	"source_form의 1인칭 소유 접미사를 제거해 표제화"
"OD-0272"	"A2"	"body"	"دم"	"دم"	"demm"	"피"	"blood"	"word"	"none"	"direct corpus"	"MADORAN_DIRECT"	"attested"	"S6"	"MADOran token 4192; sentence 229"	"Latin은 학습용 정규화"
"OD-0273"	"A1"	"home"	"حيط"	"حيط"	"7it"	"벽"	"wall"	"word"	"none"	"direct corpus"	"MADORAN_DIRECT"	"attested"	"S6"	"MADOran token 14510; sentence 683"	""
"OD-0274"	"A1"	"home"	"تواليت"	"تواليت"	"twalet"	"화장실"	"toilet"	"word"	"loanword"	"direct corpus"	"MADORAN_DIRECT"	"attested"	"S6"	"MADOran token 13055; sentence 634"	""
"OD-0275"	"A1"	"home"	"مفتاح"	"مفتاح"	"mefta7"	"열쇠"	"key"	"word"	"none"	"direct corpus"	"MADORAN_DIRECT"	"attested"	"S6"	"MADOran token 7170; sentence 358"	""
"OD-0276"	"A1"	"home"	"ضو"	"ضو"	"daw"	"전기; 불; 빛"	"electricity; light"	"word"	"none"	"direct corpus"	"MADORAN_DIRECT"	"attested"	"S6"	"MADOran token 14051; sentence 667"	"생활비 문맥의 전기/utility 의미"
"OD-0277"	"A1"	"food"	"فنجان"	"فنجان"	"fenjan"	"잔; 컵"	"cup"	"word"	"none"	"direct corpus"	"MADORAN_DIRECT"	"attested"	"S6"	"MADOran token 7829; sentence 380"	""
"OD-0278"	"A1"	"food"	"كيسان"	"كيسان"	"kisan"	"컵들; 유리잔들"	"glasses"	"word"	"none"	"direct corpus"	"MADORAN_DIRECT"	"attested"	"S6"	"MADOran token 7952; sentence 384"	"복수형"
"OD-0279"	"A1"	"food"	"طبسي"	"طبسي"	"tbsi"	"접시"	"plate"	"word"	"none"	"direct corpus"	"MADORAN_DIRECT"	"attested"	"S6"	"MADOran token 8866; sentence 416"	""
"OD-0280"	"A2"	"food"	"خدمي"	"خدمي"	"khodmi"	"칼"	"knife"	"word"	"lexicon"	"direct corpus"	"MADORAN_DIRECT"	"attested"	"S6"	"MADOran token 27706; sentence 1228"	"CORVAM Oran lexicon에도 xudmi로 제시"
"OD-0281"	"A1"	"food"	"مغرف"	"مغرف"	"mghref"	"숟가락"	"spoon"	"word"	"none"	"direct corpus"	"MADORAN_DIRECT"	"attested"	"S6"	"MADOran token 7547; sentence 369"	""
"OD-0282"	"A1"	"school"	"سؤال"	"سؤال"	"sual"	"질문"	"question"	"word"	"none"	"direct corpus"	"MADORAN_DIRECT"	"attested"	"S6"	"MADOran token 11143; sentence 561"	""
"OD-0283"	"A1"	"work"	"خدام"	"خدام"	"khaddam"	"일하는; 취업한"	"working; employed"	"word"	"none"	"direct corpus"	"MADORAN_DIRECT"	"attested"	"S6"	"MADOran token 6059; sentence 319"	"서술적 능동분사; worker 명사 아님"
"OD-0284"	"A2"	"work"	"بوليسيا"	"البوليسيا"	"bolisya"	"경찰"	"police"	"word"	"loanword"	"lemma_from_attested"	"MADORAN_LEMMA_FROM_ATTESTED"	"lemma_from_attested"	"S6"	"MADOran token 12320; sentence 608"	"source_form의 정관사를 제거해 표제화"
"OD-0285"	"A1"	"work"	"شوفور"	"شوفور"	"chofor"	"운전사"	"driver"	"word"	"loanword"	"direct corpus"	"MADORAN_DIRECT"	"attested"	"S6"	"MADOran token 10241; sentence 521"	"프랑스어 chauffeur 계열"
"OD-0286"	"A1"	"verbs"	"نشرو"	"نشرو"	"nechru"	"우리는 구매한다"	"we buy"	"word"	"none"	"direct corpus"	"MADORAN_DIRECT"	"attested"	"S6"	"MADOran token 12107; sentence 600"	"MADOran n/IV1P + plural subject suffix"
"OD-0287"	"A1"	"verbs"	"يخلص"	"يخلص"	"ykhalles"	"그는 지불한다"	"he pays"	"word"	"none"	"direct corpus"	"MADORAN_DIRECT"	"attested"	"S6"	"MADOran token 13695; sentence 655"	"MADOran y/IV3MS"
"OD-0288"	"A1"	"verbs"	"كتب"	"كتب"	"kteb"	"그는 썼다"	"he wrote"	"word"	"none"	"direct corpus"	"MADORAN_DIRECT"	"attested"	"S6"	"MADOran token 5167; sentence 269"	"MADOran PV subject 3MS"
"OD-0289"	"A1"	"verbs"	"تقرى"	"تقرى"	"teqra"	"그녀는 공부한다"	"she studies"	"word"	"none"	"direct corpus"	"MADORAN_DIRECT"	"attested"	"S6"	"MADOran token 4409; sentence 238"	"MADOran t/IV3FS"
"OD-0290"	"A2"	"verbs"	"تعلمتي"	"تعلمتي"	"t3ellemti"	"너는 배웠다(여성)"	"you learned (feminine)"	"word"	"none"	"direct corpus"	"MADORAN_DIRECT"	"attested"	"S6"	"MADOran token 14924; sentence 697"	"MADOran PV subject 2FS; 완료형 어간 تعلم + 2인칭 여성 단수 접미사 ـتي"
"OD-0291"	"A1"	"verbs"	"ترقد"	"ترقد"	"terqod"	"너는 잔다(남성)"	"you sleep (masculine)"	"word"	"none"	"direct corpus"	"MADORAN_DIRECT"	"attested"	"S6"	"MADOran token 19809; sentence 904"	"MADOran t/IV2MS"
"OD-0292"	"A1"	"verbs"	"تنوض"	"تنوض"	"tnud"	"그녀는 일어난다"	"she wakes up"	"word"	"none"	"direct corpus"	"MADORAN_DIRECT"	"attested"	"S6"	"MADOran token 1105; sentence 57"	"MADOran t/IV3FS"
"OD-0293"	"A1"	"verbs"	"يتمشى"	"يتمشى"	"yetmecha"	"그는 걷는다"	"he walks"	"word"	"none"	"direct corpus"	"MADORAN_DIRECT"	"attested"	"S6"	"MADOran token 1143; sentence 59"	"MADOran y/IV3MS"
"OD-0294"	"A1"	"verbs"	"وقف"	"وقف"	"wqef"	"그는 섰다"	"he stood"	"word"	"none"	"direct corpus"	"MADORAN_DIRECT"	"attested"	"S6"	"MADOran token 4502; sentence 242"	"MADOran PV subject 3MS"
"OD-0295"	"A1"	"verbs"	"تضحك"	"تضحك"	"ted7ek"	"너는 웃는다(남성)"	"you laugh (masculine)"	"word"	"none"	"direct corpus"	"MADORAN_DIRECT"	"attested"	"S6"	"MADOran token 3396; sentence 196"	"MADOran t/IV2MS"
"OD-0296"	"A1"	"verbs"	"تبكي"	"تبكي"	"tebki"	"그녀는 운다"	"she cries"	"word"	"none"	"direct corpus"	"MADORAN_DIRECT"	"attested"	"S6"	"MADOran token 9112; sentence 424"	"MADOran t/IV3FS"
"OD-0297"	"A1"	"verbs"	"نعاونك"	"نعاونك"	"n3awnek"	"나는 너를 돕는다"	"I help you"	"word"	"none"	"direct corpus"	"MADORAN_DIRECT"	"attested"	"S6"	"MADOran token 20187; sentence 919"	"MADOran n/IV1S + object 2MS"
"OD-0298"	"A1"	"verbs"	"بدا"	"بدا"	"bda"	"그는 시작했다"	"he started"	"word"	"none"	"direct corpus"	"MADORAN_DIRECT"	"attested"	"S6"	"MADOran token 7319; sentence 362"	"MADOran PV subject 3MS"
"OD-0299"	"A2"	"verbs"	"خيرت"	"خيرت"	"khayyert"	"나는 골랐다"	"I chose"	"word"	"none"	"direct corpus"	"MADORAN_DIRECT"	"attested"	"S6"	"MADOran token 7417; sentence 365"	"MADOran PV subject 1S"
"OD-0300"	"A1"	"verbs"	"نحس"	"نحس"	"n7ess"	"나는 느낀다"	"I feel"	"word"	"none"	"direct corpus"	"MADORAN_DIRECT"	"attested"	"S6"	"MADOran token 15949; sentence 742"	"MADOran n/IV1S"
"OD-0301"	"A1"	"verbs"	"نبغي"	"نبغي"	"nebghi"	"나는 사랑한다"	"I love"	"word"	"none"	"direct corpus"	"MADORAN_DIRECT"	"attested"	"S6"	"MADOran token 11437; sentence 574"	"MADOran n/IV1S"
"OD-0302"	"A2"	"verbs"	"نكره"	"نكره"	"nekrah"	"나는 싫어한다"	"I hate"	"word"	"none"	"direct corpus"	"MADORAN_DIRECT"	"attested"	"S6"	"MADOran token 15917; sentence 741"	"MADOran n/IV1S"
"OD-0303"	"A2"	"adjectives"	"فورت"	"فورت"	"fort"	"강한(여성형)"	"strong (feminine)"	"word"	"loanword"	"direct corpus"	"MADORAN_DIRECT"	"attested"	"S6"	"MADOran token 25680; sentence 1166"	"프랑스어 forte 차용형"
"OD-0304"	"A1"	"adjectives"	"طويل"	"الطويل"	"twil"	"키가 큰"	"tall"	"word"	"none"	"lemma_from_attested"	"MADORAN_LEMMA_FROM_ATTESTED"	"lemma_from_attested"	"S6"	"MADOran token 9719; sentence 453"	"source_form의 정관사를 제거해 표제화"
"OD-0305"	"A1"	"function"	"في"	"في"	"fi"	"~에; ~안에"	"in"	"word"	"grammar"	"direct corpus"	"MADORAN_DIRECT"	"attested"	"S6"	"MADOran token 10000; sentence 496"	"전치사"
"OD-0306"	"A1"	"function"	"ما"	"ما"	"ma"	"~않다"	"not"	"word"	"grammar"	"direct corpus"	"MADORAN_DIRECT"	"attested"	"S6"	"MADOran token 10012; sentence 499"	"부정 표지"
"OD-0307"	"A1"	"function"	"و"	"و"	"w"	"그리고; ~와"	"and"	"word"	"grammar"	"direct corpus"	"MADORAN_DIRECT"	"attested"	"S6"	"MADOran token 20507; sentence 933"	"접속사"
"OD-0308"	"A1"	"function"	"من"	"من"	"men"	"~에서; ~부터"	"from"	"word"	"grammar"	"direct corpus"	"MADORAN_DIRECT"	"attested"	"S6"	"MADOran token 10072; sentence 507"	"전치사"
"OD-0309"	"A1"	"function"	"كي"	"كي"	"ki"	"~할 때"	"when"	"word"	"grammar"	"direct corpus"	"MADORAN_DIRECT"	"attested"	"S6"	"MADOran token 1; sentence 1"	"접속사"
"OD-0310"	"A1"	"function"	"غير"	"غي"	"ghir"	"오직; 단지"	"only; just"	"word"	"grammar"	"lemma_from_attested"	"MADORAN_LEMMA_FROM_ATTESTED"	"lemma_from_attested"	"S6"	"MADOran token 11431; sentence 574"	"source_form غي를 표제 철자 غير로 정규화"
"OD-0311"	"A1"	"function"	"على"	"على"	"3la"	"~위에; ~에"	"on"	"word"	"grammar"	"direct corpus"	"MADORAN_DIRECT"	"attested"	"S6"	"MADOran token 10057; sentence 505"	"전치사"
"OD-0312"	"A1"	"function"	"مع"	"مع"	"m3a"	"~와 함께"	"with"	"word"	"grammar"	"direct corpus"	"MADORAN_DIRECT"	"attested"	"S6"	"MADOran token 10092; sentence 509"	"전치사"
"OD-0313"	"A1"	"function"	"تاع"	"تاع"	"ta3"	"~의"	"of"	"word"	"grammar"	"direct corpus"	"MADORAN_DIRECT"	"attested"	"S6"	"MADOran token 10307; sentence 524"	"소유·속격 표지"
"OD-0314"	"A1"	"function"	"باش"	"بش"	"bach"	"~하기 위해; ~하도록"	"so that; in order to"	"word"	"grammar"	"lemma_from_attested"	"MADORAN_LEMMA_FROM_ATTESTED"	"lemma_from_attested"	"S6"	"MADOran token 13809; sentence 658"	"source_form بش를 표제 철자 باش로 정규화"
"OD-0315"	"A1"	"function"	"اللي"	"اللي"	"lli"	"~하는 사람; ~인 것"	"who; that; which"	"word"	"grammar"	"direct corpus"	"MADORAN_DIRECT"	"attested"	"S6"	"MADOran token 12269; sentence 605"	"관계대명사"
"OD-0316"	"A1"	"function"	"حتى"	"حتى"	"7tta"	"~까지"	"until; up to"	"word"	"grammar"	"direct corpus"	"MADORAN_DIRECT"	"attested"	"S6"	"MADOran token 10052; sentence 504"	"전치사"
"OD-0317"	"A2"	"function"	"بلي"	"بلي"	"belli"	"~라고; ~라는 것"	"that"	"word"	"grammar"	"direct corpus"	"MADORAN_DIRECT"	"attested"	"S6"	"MADOran token 11164; sentence 562"	"종속절 표지"
"OD-0318"	"A1"	"function"	"ماشي"	"ماشي"	"machi"	"~이 아니다"	"not; is not"	"word"	"grammar"	"direct corpus"	"MADORAN_DIRECT"	"attested"	"S6"	"MADOran token 12087; sentence 599"	"명사·형용사 부정"
"OD-0319"	"A2"	"function"	"قاع"	"قاع"	"ga3"	"모두; 전부; (부정문에서) 전혀"	"all; altogether; at all (under negation)"	"word"	"grammar"	"direct corpus"	"MADORAN_DIRECT"	"attested"	"S6"	"MADOran token 10888; sentence 549"	"긍정문과 부정문의 두 용법"
"OD-0320"	"A1"	"function"	"هاك"	"هاك"	"hak"	"이렇게"	"this way; like this"	"word"	"grammar"	"direct corpus"	"MADORAN_DIRECT"	"attested"	"S6"	"MADOran token 10749; sentence 544"	""
"OD-0321"	"A1"	"politeness"	"حمبوك"	"حمبوك"	"7embuk"	"제발"	"please"	"word"	"lexicon"	"direct corpus"	"MADORAN_DIRECT"	"attested"	"S6"	"MADOran token 1008; sentence 52"	"부탁 표현"
"OD-0322"	"A1"	"function"	"بصح"	"بس"	"bsa7"	"하지만"	"but; however"	"word"	"grammar"	"lemma_from_attested"	"MADORAN_LEMMA_FROM_ATTESTED"	"lemma_from_attested"	"S6"	"MADOran token 12864; sentence 629"	"source_form بس를 MADOran diac بصح에 따라 정규화"
"OD-0323"	"A1"	"function"	"ولا"	"ولا"	"wella"	"또는"	"or"	"word"	"grammar"	"direct corpus"	"MADORAN_DIRECT"	"attested"	"S6"	"MADOran token 10083; sentence 508"	"접속사"
"OD-0324"	"A2"	"function"	"تسما"	"تسما"	"tsema"	"그러니까; 그래서"	"so; therefore"	"word"	"grammar"	"direct corpus"	"MADORAN_DIRECT"	"attested"	"S6"	"MADOran token 11039; sentence 555"	"담화 연결어"
"OD-0325"	"A1"	"time"	"بكري"	"بكري"	"bekri"	"옛날에; 예전에; 일찍"	"formerly; in the old days; early"	"word"	"none"	"direct corpus"	"MADORAN_DIRECT"	"attested"	"S6"	"MADOran token 10346; sentence 526"	"locator에서는 in the old days"
"OD-0326"	"A2"	"function"	"بلاك"	"بلاك"	"belak"	"아마; 어쩌면"	"perhaps; maybe"	"word"	"none"	"direct corpus"	"MADORAN_DIRECT"	"attested"	"S6"	"MADOran token 14150; sentence 671"	""
"OD-0327"	"A1"	"position"	"هنايا"	"هنايا"	"hnaya"	"여기"	"here"	"word"	"none"	"direct corpus"	"MADORAN_DIRECT"	"attested"	"S6"	"MADOran token 12031; sentence 597"	""
"OD-0328"	"A1"	"position"	"تما"	"تما"	"temma"	"거기"	"there"	"word"	"none"	"direct corpus"	"MADORAN_DIRECT"	"attested"	"S6"	"MADOran token 13338; sentence 643"	""
"OD-0329"	"A2"	"function"	"باه"	"باه"	"bah"	"~하기 위해"	"to; in order to"	"word"	"grammar"	"direct corpus"	"MADORAN_DIRECT"	"attested"	"S6"	"MADOran token 10637; sentence 538"	"목적 접속사"
"OD-0330"	"A1"	"position"	"وراه"	"وراه"	"wrah"	"그의 뒤에"	"behind him"	"word"	"none"	"direct corpus"	"MADORAN_DIRECT"	"attested"	"S6"	"MADOran token 9725; sentence 453"	"3인칭 남성 접미사 포함"
"OD-0331"	"A2"	"function"	"اذا"	"اذا"	"ida"	"만약"	"if"	"word"	"grammar"	"direct corpus"	"MADORAN_DIRECT"	"attested"	"S6"	"MADOran token 12322; sentence 608"	"조건 표지"
"OD-0332"	"A2"	"function"	"وقيلا"	"وقيلا"	"wgila"	"아마"	"perhaps; maybe"	"word"	"none"	"direct corpus"	"MADORAN_DIRECT"	"attested"	"S6"	"MADOran token 11285; sentence 566"	""
"OD-0333"	"A1"	"position"	"تماك"	"تماك"	"temmak"	"저기"	"there"	"word"	"none"	"direct corpus"	"MADORAN_DIRECT"	"attested"	"S6"	"MADOran token 13213; sentence 639"	""
"OD-0334"	"A1"	"position"	"قدامك"	"قدامك"	"qddamek"	"네 앞에"	"in front of you"	"word"	"none"	"direct corpus"	"MADORAN_DIRECT"	"attested"	"S6"	"MADOran token 11914; sentence 592"	"2인칭 남성 접미사 포함"
"OD-0335"	"A2"	"manner"	"بشوية"	"بشوية"	"bchwiyya"	"천천히"	"slowly"	"word"	"none"	"direct corpus"	"MADORAN_DIRECT"	"attested"	"S6"	"MADOran token 16627; sentence 775"	""
"OD-0336"	"A1"	"questions"	"وينتا؟"	"وينت"	"winta?"	"언제?"	"when?"	"word"	"none"	"lemma_from_attested"	"MADORAN_LEMMA_FROM_ATTESTED"	"lemma_from_attested"	"S6"	"MADOran token 15385; sentence 715"	"MADOran diac=وينتا; 문장부호는 교육용"
"OD-0337"	"A2"	"calendar"	"نوفمبر"	"نوفمبر"	"nufember"	"11월"	"November"	"word"	"loanword"	"direct corpus"	"MADORAN_DIRECT"	"attested"	"S6"	"MADOran token 26020; sentence 1177"	""
"OD-0338"	"A2"	"calendar"	"ديسمبر"	"ديسمبر"	"disember"	"12월"	"December"	"word"	"loanword"	"direct corpus"	"MADORAN_DIRECT"	"attested"	"S6"	"MADOran token 13441; sentence 646"	""
"OD-0339"	"A1"	"family"	"بونك"	"بونك"	"bonk"	"네 아버지"	"your father"	"word"	"none"	"direct corpus"	"MADORAN_DIRECT"	"attested"	"S6"	"MADOran token 16590; sentence 773"	"sentence 773에서 بونا(our father)와 병렬인 2SG 소유형; bank가 아님"
"OD-0340"	"A1"	"work"	"بيرو"	"بيرو"	"biro"	"사무실"	"office"	"word"	"loanword"	"direct corpus"	"MADORAN_DIRECT"	"attested"	"S6"	"MADOran token 4568; sentence 245"	""
"OD-0341"	"A2"	"work"	"وزين"	"وزين"	"uzin"	"공장"	"factory"	"word"	"loanword"	"direct corpus"	"MADORAN_DIRECT"	"attested"	"S6"	"MADOran token 21956; sentence 1015"	"프랑스어 usine 계열"
"OD-0342"	"A2"	"work"	"فيرما"	"فيرما"	"firma"	"농장"	"farm"	"word"	"loanword"	"direct corpus"	"MADORAN_DIRECT"	"attested"	"S6"	"MADOran token 21950; sentence 1015"	""
"OD-0343"	"A1"	"nature"	"شمس"	"فشمس"	"chems"	"태양"	"sun"	"word"	"none"	"lemma_from_attested"	"MADORAN_LEMMA_FROM_ATTESTED"	"lemma_from_attested"	"S6"	"MADOran token 1870; sentence 89"	"source_form의 f/PREP를 제거해 표제화"
"OD-0344"	"A2"	"nature"	"سما"	"لسما"	"sma"	"하늘"	"sky"	"word"	"none"	"lemma_from_attested"	"MADORAN_LEMMA_FROM_ATTESTED"	"lemma_from_attested"	"S6"	"MADOran token 3075; sentence 175"	"source_form의 정관사를 제거해 표제화"
"OD-0345"	"A1"	"nature"	"بحر"	"بحر"	"b7ar"	"바다"	"sea"	"word"	"none"	"direct corpus"	"MADORAN_DIRECT"	"attested"	"S6"	"MADOran token 10691; sentence 542"	""
"OD-0346"	"A1"	"nature"	"شجرة"	"شجرة"	"chajra"	"나무"	"tree"	"word"	"none"	"direct corpus"	"MADORAN_DIRECT"	"attested"	"S6"	"MADOran token 22208; sentence 1031"	""
"OD-0347"	"A1"	"nature"	"ورد"	"ورد"	"ward"	"꽃들; 장미"	"flowers; roses"	"word"	"none"	"direct corpus"	"MADORAN_DIRECT"	"attested"	"S6"	"MADOran token 16293; sentence 760"	"집합형"
"OD-0348"	"A1"	"animals"	"حيوان"	"الحيوان"	"7ayawan"	"동물"	"animal"	"word"	"none"	"lemma_from_attested"	"MADORAN_LEMMA_FROM_ATTESTED"	"lemma_from_attested"	"S6"	"MADOran token 9540; sentence 438"	"source_form의 정관사를 제거해 표제화"
"OD-0349"	"A1"	"animals"	"كلاب"	"كلاب"	"klab"	"개들"	"dogs"	"word"	"none"	"direct corpus"	"MADORAN_DIRECT"	"attested"	"S6"	"MADOran token 23602; sentence 1086"	"복수형"
"OD-0350"	"A1"	"animals"	"قط"	"قط"	"qett"	"고양이"	"cat"	"word"	"none"	"direct corpus"	"MADORAN_DIRECT"	"attested"	"S6"	"MADOran token 24231; sentence 1106"	"Latin은 학습용 정규화"
"OD-0351"	"A1"	"animals"	"حويتات"	"حويتات"	"7witat"	"작은 물고기들"	"small fish; fishes"	"word"	"none"	"direct corpus"	"MADORAN_DIRECT"	"attested"	"S6"	"MADOran token 26792; sentence 1204"	"지소 복수형"
"OD-0352"	"A2"	"animals"	"عود"	"عود"	"3ud"	"말"	"horse"	"word"	"none"	"direct corpus"	"MADORAN_DIRECT"	"attested"	"S6"	"MADOran token 13069; sentence 634"	"다의어이므로 동물 문맥 한정"
"OD-0353"	"A1"	"food"	"دجاج"	"دجاج"	"djaj"	"닭; 닭고기"	"chicken"	"word"	"none"	"direct corpus"	"MADORAN_DIRECT"	"attested"	"S6"	"MADOran token 13021; sentence 633"	""
"OD-0354"	"A1"	"food"	"روز"	"روز"	"ruz"	"쌀"	"rice"	"word"	"loanword"	"direct corpus"	"MADORAN_DIRECT"	"attested"	"S6"	"MADOran token 13030; sentence 633"	""
"OD-0355"	"A1"	"food"	"زيت"	"زيت"	"zit"	"기름"	"oil"	"word"	"none"	"direct corpus"	"MADORAN_DIRECT"	"attested"	"S6"	"MADOran token 7406; sentence 365"	""
"OD-0356"	"A1"	"food"	"تمر"	"تمر"	"tmar"	"대추야자"	"dates"	"word"	"none"	"direct corpus"	"MADORAN_DIRECT"	"attested"	"S6"	"MADOran token 8868; sentence 416"	"과일 집합형"
"OD-0357"	"A1"	"food"	"بنان"	"بنان"	"banan"	"바나나들; 바나나(집합)"	"bananas"	"word"	"loanword"	"direct corpus"	"MADORAN_DIRECT"	"attested"	"S6"	"MADOran token 10415; sentence 528"	"집합형"
"OD-0358"	"A1"	"food"	"بصل"	"بصل"	"bsel"	"양파"	"onion"	"word"	"none"	"direct corpus"	"MADORAN_DIRECT"	"attested"	"S6"	"MADOran token 7435; sentence 366"	""
"OD-0359"	"A1"	"food"	"كروطة"	"كروطة"	"karota"	"당근"	"carrot"	"word"	"loanword"	"direct corpus"	"MADORAN_DIRECT"	"attested"	"S6"	"MADOran token 7465; sentence 367"	"단수 표제형"
"OD-0360"	"A1"	"weather"	"باردة"	"باردة"	"barda"	"차가운(여성형)"	"cold (feminine)"	"word"	"none"	"direct corpus"	"MADORAN_DIRECT"	"attested"	"S6"	"MADOran token 19376; sentence 890"	"여성 단수형"
"OD-0361"	"A2"	"emotion"	"ينخلع"	"ينخلع"	"yenkhle3"	"그는 놀란다; 겁먹는다"	"he gets surprised; frightened"	"word"	"none"	"direct corpus"	"MADORAN_DIRECT"	"attested"	"S6"	"MADOran token 16487; sentence 768"	"MADOran passive IV"
"OD-0362"	"A2"	"school"	"عبرة"	"عبرة"	"3ebra"	"교훈"	"lesson; moral"	"word"	"none"	"direct corpus"	"MADORAN_DIRECT"	"attested"	"S6"	"MADOran token 5970; sentence 313"	"학교 수업보다 교훈 의미"
"OD-0363"	"A1"	"school"	"بابيي"	"ببابيي"	"papyi"	"종이"	"paper"	"word"	"loanword"	"lemma_from_attested"	"MADORAN_LEMMA_FROM_ATTESTED"	"lemma_from_attested"	"S6"	"MADOran token 2480; sentence 122"	"source_form의 b/PREP를 제거해 표제화"
"OD-0364"	"A1"	"school"	"ماركار"	"ماركار"	"markar"	"마커펜"	"marker pen"	"word"	"loanword"	"direct corpus"	"MADORAN_DIRECT"	"attested"	"S6"	"MADOran token 6380; sentence 332"	""
"OD-0365"	"A2"	"school"	"معلمات"	"المعلمات"	"m3allmat"	"여교사들"	"female teachers"	"word"	"none"	"lemma_from_attested"	"MADORAN_LEMMA_FROM_ATTESTED"	"lemma_from_attested"	"S6"	"MADOran token 29864; sentence 1318"	"source_form의 정관사를 제거; 여성 복수"
"OD-0366"	"A1"	"emotion"	"فرحت"	"فرحت"	"far7et"	"그녀는 기뻤다"	"she was happy"	"word"	"none"	"direct corpus"	"MADORAN_DIRECT"	"attested"	"S6"	"MADOran token 485; sentence 30"	"MADOran feminine suffix"
"OD-0367"	"A2"	"emotion"	"منارفية"	"منارفية"	"mnervya"	"화난(여성형)"	"angry (feminine)"	"word"	"loanword"	"direct corpus"	"MADORAN_DIRECT"	"attested"	"S6"	"MADOran token 11884; sentence 590"	"프랑스어 énervée 계열"
"OD-0369"	"A1"	"function"	"عند"	"عند"	"3and"	"~에; ~에게"	"at; to"	"word"	"grammar"	"direct corpus"	"MADORAN_DIRECT"	"attested"	"S6"	"MADOran token 301; sentence 19"	"위치·소유 구문에 사용"
"OD-0370"	"A1"	"verbs"	"كان"	"كان"	"kan"	"그는 ~였다"	"he was"	"word"	"grammar"	"direct corpus"	"MADORAN_DIRECT"	"attested"	"S6"	"MADOran token 89; sentence 7"	"MADOran PV subject 3MS"
"OD-0371"	"A1"	"verbs"	"قال"	"قال"	"qal"	"그는 말했다"	"he said"	"word"	"none"	"direct corpus"	"MADORAN_DIRECT"	"attested"	"S6"	"MADOran token 702; sentence 39"	"MADOran PV subject 3MS"
"OD-0372"	"A1"	"verbs"	"يقول"	"يقول"	"yqul"	"그는 말한다"	"he says; tells"	"word"	"none"	"direct corpus"	"MADORAN_DIRECT"	"attested"	"S6"	"MADOran token 2165; sentence 100"	"MADOran y/IV3MS"
"OD-0373"	"A1"	"places"	"وهران"	"وهران"	"wahran"	"오랑"	"Oran"	"word"	"none"	"direct corpus"	"MADORAN_DIRECT"	"attested"	"S6"	"MADOran token 1393; sentence 70"	"도시명"
"OD-0374"	"A1"	"verbs"	"دير"	"دير"	"dir"	"그녀는 한다; 지낸다"	"she does; gets by"	"word"	"none"	"direct corpus"	"MADORAN_DIRECT"	"attested"	"S6"	"MADOran token 342; sentence 22"	"sentence 22의 كي دير: 3FS 문맥; 명령형 해석 제거"
"OD-0375"	"A1"	"family"	"خويا"	"خويا"	"khuya"	"내 형제; 친구"	"my brother; mate"	"word"	"none"	"direct corpus"	"MADORAN_DIRECT"	"attested"	"S6"	"MADOran token 1166; sentence 59"	"친근한 호칭 가능"
"OD-0376"	"A1"	"verbs"	"تشوف"	"تشوف"	"tchuf"	"너는 본다(남성)"	"you see (masculine)"	"word"	"none"	"direct corpus"	"MADORAN_DIRECT"	"attested"	"S6"	"MADOran token 1412; sentence 70"	"MADOran t/IV2MS"
"OD-0377"	"A1"	"verbs"	"كنا"	"كنا"	"kna"	"우리는 ~였다"	"we were"	"word"	"grammar"	"direct corpus"	"MADORAN_DIRECT"	"attested"	"S6"	"MADOran token 1075; sentence 57"	"MADOran PV subject 1P"
"OD-0378"	"A1"	"verbs"	"نهدر"	"نهدر"	"nehder"	"나는 말한다"	"I speak; talk"	"word"	"none"	"direct corpus"	"MADORAN_DIRECT"	"attested"	"S6"	"MADOran token 2919; sentence 156"	"MADOran n/IV1S"
"OD-0379"	"A1"	"verbs"	"يروح"	"يروح"	"yru7"	"그는 간다"	"he goes"	"word"	"none"	"direct corpus"	"MADORAN_DIRECT"	"attested"	"S6"	"MADOran token 1559; sentence 76"	"MADOran y/IV3MS"
"OD-0380"	"A1"	"verbs"	"تكون"	"تكون"	"tkun"	"그녀는 ~이 된다; ~일 것이다"	"she becomes; she will be"	"word"	"grammar"	"direct corpus"	"MADORAN_DIRECT"	"attested"	"S6"	"MADOran token 3589; sentence 204"	"MADOran t/IV3FS; 문맥에 따라 미래·조건·상태 성립"
"OD-0381"	"A1"	"verbs"	"تبغي"	"تبغي"	"tbghi"	"너는 원한다(남성)"	"you want (masculine)"	"word"	"none"	"direct corpus"	"MADORAN_DIRECT"	"attested"	"S6"	"MADOran token 283; sentence 19"	"MADOran t/IV2MS"
"OD-0382"	"A1"	"verbs"	"يجي"	"يجي"	"yji"	"그는 온다"	"he comes"	"word"	"none"	"direct corpus"	"MADORAN_DIRECT"	"attested"	"S6"	"MADOran token 1450; sentence 72"	"MADOran y/IV3MS"
"OD-0383"	"A1"	"daily"	"حاجة"	"حاجة"	"7aja"	"물건; 것"	"thing"	"word"	"none"	"direct corpus"	"MADORAN_DIRECT"	"attested"	"S6"	"MADOran token 361; sentence 22"	""
"OD-0384"	"A1"	"people"	"ناس"	"ناس"	"nas"	"사람들"	"people"	"word"	"none"	"direct corpus"	"MADORAN_DIRECT"	"attested"	"S6"	"MADOran token 128; sentence 9"	"집합 명사"
"OD-0385"	"A1"	"quantity"	"كل"	"كل"	"kul"	"모든; 각각의"	"all; every"	"word"	"none"	"direct corpus"	"MADORAN_DIRECT"	"attested"	"S6"	"MADOran token 248; sentence 16"	""
"OD-0386"	"A1"	"shopping"	"دراهم"	"دراهم"	"drahem"	"돈; 디르함"	"money; dirhams"	"word"	"none"	"direct corpus"	"MADORAN_DIRECT"	"attested"	"S6"	"MADOran token 1383; sentence 70"	"복수·집합형"
"OD-0387"	"A1"	"verbs"	"تجيب"	"تجيب"	"tjib"	"너는 가져온다(남성)"	"you bring (masculine)"	"word"	"none"	"direct corpus"	"MADORAN_DIRECT"	"attested"	"S6"	"MADOran token 457; sentence 29"	"MADOran t/IV2MS"
"OD-0388"	"A1"	"verbs"	"ندي"	"ندي"	"ndi"	"나는 가져간다"	"I take"	"word"	"none"	"direct corpus"	"MADORAN_DIRECT"	"attested"	"S6"	"MADOran token 262; sentence 17"	"MADOran n/IV1S"
"OD-0389"	"A1"	"function"	"تاني"	"تني"	"tani"	"또한; 또"	"also; again"	"word"	"none"	"lemma_from_attested"	"MADORAN_LEMMA_FROM_ATTESTED"	"lemma_from_attested"	"S6"	"MADOran token 18794; sentence 866"	"MADOran diac=تاني로 정규화"
"OD-0390"	"A1"	"family"	"ختي"	"ختي"	"khti"	"내 자매"	"my sister"	"word"	"none"	"direct corpus"	"MADORAN_DIRECT"	"attested"	"S6"	"MADOran token 2656; sentence 145"	"1인칭 소유 접미사"
"OD-0391"	"A1"	"state"	"رانا"	"رنا"	"rana"	"우리는 ~이다"	"we are"	"word"	"grammar"	"lemma_from_attested"	"MADORAN_LEMMA_FROM_ATTESTED"	"lemma_from_attested"	"S6"	"MADOran token 2060; sentence 95"	"MADOran diac=رانا; 1인칭 복수"
"OD-0392"	"A2"	"verbs"	"تزيد"	"تزيد"	"tzid"	"더 간다; 계속 간다"	"go farther; continue"	"word"	"none"	"direct corpus"	"MADORAN_DIRECT"	"attested"	"S6"	"MADOran token 177; sentence 12"	"sentence 12에서는 이동·진행 의미"
"OD-0393"	"A2"	"daily"	"هدرة"	"هدرة"	"hedra"	"말; 이야기"	"speech; talk"	"word"	"none"	"direct corpus"	"MADORAN_DIRECT"	"attested"	"S6"	"MADOran token 836; sentence 45"	""
"OD-0394"	"A1"	"verbs"	"تعطي"	"تعطي"	"t3ti"	"너는 준다(남성)"	"you give (masculine)"	"word"	"none"	"direct corpus"	"MADORAN_DIRECT"	"attested"	"S6"	"MADOran token 6053; sentence 319"	"MADOran t/IV2MS"
"OD-0395"	"A2"	"function"	"زعما"	"زعما"	"za3ma"	"그러니까; 이를테면; 내 말은"	"I mean; like; supposedly"	"word"	"none"	"direct corpus"	"MADORAN_DIRECT"	"attested"	"S6"	"MADOran token 1988; sentence 94"	"문맥 의존 다의적 담화 표지"
"OD-0396"	"A1"	"verbs"	"جيت"	"جيت"	"jit"	"나는 왔다"	"I came; arrived"	"word"	"none"	"direct corpus"	"MADORAN_DIRECT"	"attested"	"S6"	"MADOran token 585; sentence 34"	"MADOran PV subject 1S"
"OD-0397"	"A1"	"verbs"	"تدخل"	"تدخل"	"tdkhol"	"너는 들어간다(남성)"	"you enter (m.sg.)"	"word"	"none"	"direct corpus"	"MADORAN_DIRECT"	"attested"	"S6"	"MADOran token 10551; sentence 534"	"sentence 534의 직접 호칭 خويا로 2MS"
"OD-0398"	"A1"	"time"	"خطرة"	"خطرة"	"khatra"	"한 번"	"once"	"word"	"none"	"direct corpus"	"MADORAN_DIRECT"	"attested"	"S6"	"MADOran token 142; sentence 10"	""
"OD-0399"	"A2"	"verbs"	"يقد"	"يقد"	"yqed"	"그는 할 수 있다"	"he can"	"word"	"grammar"	"direct corpus"	"MADORAN_DIRECT"	"attested"	"S6"	"MADOran token 9353; sentence 429"	"MADOran y/IV3MS"
"OD-0400"	"A1"	"verbs"	"تخرج"	"تخرج"	"tkhrej"	"너는 나간다(남성)"	"you go out (masculine)"	"word"	"none"	"direct corpus"	"MADORAN_DIRECT"	"attested"	"S6"	"MADOran token 1000; sentence 51"	"MADOran t/IV2MS"
"OD-0401"	"A1"	"number"	"وحدة"	"وحدة"	"wa7da"	"하나(여성형)"	"one (feminine)"	"word"	"none"	"direct corpus"	"MADORAN_DIRECT"	"attested"	"S6"	"MADOran token 2365; sentence 110"	"여성형 수사"
"OD-0402"	"A1"	"verbs"	"درت"	"درت"	"dert"	"나는 했다"	"I did"	"word"	"none"	"direct corpus"	"MADORAN_DIRECT"	"attested"	"S6"	"MADOran token 712; sentence 39"	"MADOran PV subject 1S"
"OD-0403"	"A1"	"family"	"ولدي"	"ولدي"	"weldi"	"내 아들"	"my son"	"word"	"none"	"direct corpus"	"MADORAN_DIRECT"	"attested"	"S6"	"MADOran token 1498; sentence 73"	"1인칭 소유 접미사"
"OD-0404"	"A1"	"verbs"	"شفت"	"شفت"	"cheft"	"너는 봤다(남성)"	"you saw (masculine)"	"word"	"none"	"direct corpus"	"MADORAN_DIRECT"	"attested"	"S6"	"MADOran token 10; sentence 1"	"MADOran PV subject 2MS"
"OD-0405"	"A1"	"state"	"باغية"	"باغية"	"baghya"	"원하는(여성형); 나는 원한다(여성 화자)"	"wanting (f.sg.); I want (female speaker)"	"word"	"none"	"direct corpus"	"MADORAN_DIRECT"	"attested"	"S6"	"MADOran token 4489; sentence 242"	"능동분사는 성을 표시하지만 해당 locator의 화자는 1SG 여성"
"OD-0406"	"A1"	"verbs"	"بغيت"	"بغيت"	"bghit"	"나는 원했다"	"I wanted"	"word"	"none"	"direct corpus"	"MADORAN_DIRECT"	"attested"	"S6"	"MADOran token 30; sentence 3"	"MADOran PV subject 1S"
"OD-0407"	"A1"	"verbs"	"خلي"	"خلي"	"khalli"	"놔둬!; 허락해!"	"let!; leave!"	"word"	"none"	"direct corpus"	"MADORAN_DIRECT"	"attested"	"S6"	"MADOran token 1819; sentence 86"	"MADOran CV subject 2MS"
"OD-0408"	"A1"	"greeting"	"سلام"	"سلام"	"slam"	"평화; 안녕"	"peace; hello"	"word"	"none"	"direct corpus"	"MADORAN_DIRECT"	"attested"	"S6"	"MADOran token 1479; sentence 73"	"인사 의미는 문맥 의존"
"OD-0409"	"A1"	"verbs"	"جاب"	"جاب"	"jab"	"그는 가져왔다"	"he brought; got"	"word"	"none"	"direct corpus"	"MADORAN_DIRECT"	"attested"	"S6"	"MADOran token 570; sentence 33"	"MADOran PV subject 3MS"
"OD-0410"	"A1"	"verbs"	"قول"	"قول"	"gul"	"말해!"	"tell!; say!"	"word"	"none"	"direct corpus"	"MADORAN_DIRECT"	"attested"	"S6"	"MADOran token 1448; sentence 72"	"MADOran CV subject 2MS"
"OD-0411"	"A1"	"verbs"	"ياكل"	"ياكل"	"yakel"	"그는 먹는다"	"he eats"	"word"	"none"	"direct corpus"	"MADORAN_DIRECT"	"attested"	"S6"	"MADOran token 1981; sentence 93"	"MADOran y/IV3MS"
"OD-0412"	"A1"	"verbs"	"يلقا"	"يلقا"	"ylqa"	"그는 찾는다"	"he finds"	"word"	"none"	"direct corpus"	"MADORAN_DIRECT"	"attested"	"S6"	"MADOran token 6611; sentence 340"	"MADOran y/IV3MS"
"OD-0413"	"A1"	"politeness"	"معليش"	"معليش"	"ma3lich"	"괜찮아"	"it is okay"	"word"	"none"	"direct corpus"	"MADORAN_DIRECT"	"attested"	"S6"	"MADOran token 1546; sentence 75"	""
"OD-0414"	"A2"	"daily"	"حق"	"حق"	"7aqq"	"진실; 권리"	"truth; right"	"word"	"none"	"direct corpus"	"MADORAN_DIRECT"	"attested"	"S6"	"MADOran token 2029; sentence 95"	"문맥별 의미"
"OD-0415"	"A1"	"school"	"كلمة"	"كلمة"	"kelma"	"단어"	"word"	"word"	"none"	"direct corpus"	"MADORAN_DIRECT"	"attested"	"S6"	"MADOran token 3687; sentence 207"	""
"OD-0416"	"A2"	"verbs"	"تتزوج"	"تتزوج"	"tetzawaj"	"그녀는 결혼한다"	"she gets married"	"word"	"none"	"direct corpus"	"MADORAN_DIRECT"	"attested"	"S6"	"MADOran token 2764; sentence 150"	"MADOran t/IV3FS"
"OD-0417"	"A1"	"people"	"شير"	"شير"	"chir"	"소년"	"boy"	"word"	"lexicon"	"direct corpus"	"MADORAN_DIRECT"	"attested"	"S6"	"MADOran token 2308; sentence 107"	"Oran 지역 어휘"
"OD-0418"	"A1"	"state"	"رايح"	"رايح"	"raye7"	"가는 중인(남성)"	"going (masculine)"	"word"	"grammar"	"direct corpus"	"MADORAN_DIRECT"	"attested"	"S6"	"MADOran token 5856; sentence 307"	"남성 단수 능동분사"
"OD-0419"	"A1"	"verbs"	"نعيط"	"نعيط"	"n3ayet"	"나는 전화한다; 부른다"	"I call"	"word"	"none"	"direct corpus"	"MADORAN_DIRECT"	"attested"	"S6"	"MADOran token 4085; sentence 224"	"MADOran n/IV1S"
"OD-0420"	"A1"	"time"	"مازال"	"مازال"	"mazal"	"아직; 여전히"	"still"	"word"	"none"	"direct corpus"	"MADORAN_DIRECT"	"attested"	"S6"	"MADOran token 91; sentence 7"	""
"OD-0421"	"A2"	"emotion"	"خاطر"	"خاطر"	"khater"	"마음; 생각"	"mind; thought"	"word"	"none"	"direct corpus"	"MADORAN_DIRECT"	"attested"	"S6"	"MADOran token 12520; sentence 617"	"단독 명사 표제어"
"OD-0422"	"A2"	"verbs"	"نولي"	"نولي"	"nwelli"	"나는 ~이 된다"	"I become"	"word"	"none"	"direct corpus"	"MADORAN_DIRECT"	"attested"	"S6"	"MADOran token 4446; sentence 239"	"MADOran n/IV1S"
"OD-0423"	"A1"	"food"	"قهوة"	"قهوة"	"qahwa"	"커피"	"coffee"	"word"	"none"	"direct corpus"	"MADORAN_DIRECT"	"attested"	"S6"	"MADOran token 63; sentence 5"	""
"OD-0424"	"A1"	"places"	"بلاد"	"بلاد"	"blad"	"나라"	"country"	"word"	"none"	"direct corpus"	"MADORAN_DIRECT"	"attested"	"S6"	"MADOran token 9539; sentence 438"	""
"OD-0425"	"A1"	"verbs"	"اسمع"	"اسمع"	"esma3"	"들어!"	"listen!"	"word"	"none"	"direct corpus"	"MADORAN_DIRECT"	"attested"	"S6"	"MADOran token 9575; sentence 440"	"MADOran CV subject 2MS"
"OD-0426"	"A2"	"daily"	"حياة"	"حياة"	"7ayat"	"삶"	"life"	"word"	"none"	"direct corpus"	"MADORAN_DIRECT"	"attested"	"S6"	"MADOran token 6601; sentence 339"	""
"OD-0427"	"A1"	"verbs"	"نسمع"	"نسمع"	"nsem3"	"나는 듣는다"	"I hear"	"word"	"none"	"direct corpus"	"MADORAN_DIRECT"	"attested"	"S6"	"MADOran token 835; sentence 45"	"MADOran n/IV1S"
"OD-0428"	"A1"	"verbs"	"تحطي"	"تحطي"	"t7otti"	"너는 놓는다(여성)"	"you put (feminine)"	"word"	"none"	"direct corpus"	"MADORAN_DIRECT"	"attested"	"S6"	"MADOran token 19368; sentence 890"	"MADOran t/IV2FS"
"OD-0429"	"A1"	"verbs"	"يسكن"	"يسكن"	"yesken"	"그는 산다; 거주한다"	"he resides; lives"	"word"	"none"	"direct corpus"	"MADORAN_DIRECT"	"attested"	"S6"	"MADOran token 1728; sentence 83"	"MADOran y/IV3MS"
"OD-0430"	"A2"	"verbs"	"صرا"	"صرا"	"sra"	"일어났다; 발생했다"	"happened"	"word"	"none"	"direct corpus"	"MADORAN_DIRECT"	"attested"	"S6"	"MADOran token 4626; sentence 247"	"MADOran PV subject 3MS"
"OD-0431"	"A1"	"family"	"بابا"	"بابا"	"baba"	"아빠"	"dad"	"word"	"none"	"direct corpus"	"MADORAN_DIRECT"	"attested"	"S6"	"MADOran token 4148; sentence 227"	""
"OD-0432"	"A2"	"daily"	"صوالح"	"صوالح"	"swale7"	"물건들; 일들; 볼일"	"things; affairs; errands"	"word"	"none"	"direct corpus"	"MADORAN_DIRECT"	"attested"	"S6"	"MADOran token 8882; sentence 416"	"복수·집합형; 문맥별 의미"
"OD-0433"	"A1"	"function"	"لا"	"لا"	"la"	"아니; ~않다"	"no; not"	"word"	"none"	"direct corpus"	"MADORAN_DIRECT"	"attested"	"S6"	"MADOran token 293; sentence 19"	"부정 표지; Stem=لا/NEG_PART"
"OD-0434"	"A1"	"function"	"تع"	"تع"	"ta3"	"~의"	"of"	"word"	"none"	"direct corpus"	"MADORAN_DIRECT"	"attested"	"S6"	"MADOran token 522; sentence 31"	"소유·관계 전치사; Stem=تع/PREP"
"OD-0435"	"A2"	"function"	"لي"	"لي"	"lli"	"~하는 사람; ~인 것"	"the one who; that"	"word"	"none"	"direct corpus"	"MADORAN_DIRECT"	"attested"	"S6"	"MADOran token 6; sentence 1"	"관계대명사; Stem=لي/REL_PRON"
"OD-0436"	"A1"	"function"	"يا"	"يا"	"ya"	"야; 이봐"	"oh; hey"	"word"	"none"	"direct corpus"	"MADORAN_DIRECT"	"attested"	"S6"	"MADOran token 181; sentence 13"	"호격 표지; Stem=يا/VOC_PART"
"OD-0437"	"A1"	"questions"	"شا"	"شا"	"cha"	"뭐"	"what"	"word"	"none"	"direct corpus"	"MADORAN_DIRECT"	"attested"	"S6"	"MADOran token 276; sentence 18"	"의문사; Stem=شا/INTERROG_PART"
"OD-0438"	"A1"	"state"	"راني"	"راني"	"rani"	"나는 ~이다"	"I am"	"word"	"none"	"direct corpus"	"MADORAN_DIRECT"	"attested"	"S6"	"MADOran token 552; sentence 32"	"1인칭 단수 현재 제시형; Stem=ران/PRESENT_PART; Enclitic=ي/POSS_PRON"
"OD-0439"	"A1"	"state"	"باغي"	"باغي"	"baghi"	"원하는(남성); 나는 원한다"	"wanting (masculine); I want"	"word"	"none"	"direct corpus"	"MADORAN_DIRECT"	"attested"	"S6"	"MADOran token 320; sentence 20"	"남성 단수 능동분사; Stem=باغي/NOUN_ACTIVE_PART"
"OD-0440"	"A1"	"state"	"راه"	"راه"	"rah"	"그는 ~이다"	"he is"	"word"	"none"	"direct corpus"	"MADORAN_DIRECT"	"attested"	"S6"	"MADOran token 926; sentence 48"	"3인칭 남성 현재 제시형; Stem=راه/PRESENT_PART"
"OD-0441"	"A1"	"position"	"هنا"	"هنا"	"hna"	"여기"	"here"	"word"	"none"	"direct corpus"	"MADORAN_DIRECT"	"attested"	"S6"	"MADOran token 174; sentence 12"	"장소 부사; Stem=هنا/ADV"
"OD-0442"	"A1"	"function"	"أيا"	"أيا"	"aya"	"그러면; 자"	"then; so"	"word"	"none"	"direct corpus"	"MADORAN_DIRECT"	"attested"	"S6"	"MADOran token 17; sentence 2"	"담화 연결어; Stem=أيا/CONJ"
"OD-0443"	"A1"	"state"	"راك"	"راك"	"rak"	"너는 ~이다(남성)"	"you are (masculine)"	"word"	"none"	"direct corpus"	"MADORAN_DIRECT"	"attested"	"S6"	"MADOran token 888; sentence 46"	"2인칭 남성 현재 제시형, Stem=راك/PRESENT_PART"
"OD-0444"	"A1"	"function"	"كيما"	"كيما"	"kima"	"~처럼; ~같이"	"like; as"	"word"	"none"	"direct corpus"	"MADORAN_DIRECT"	"attested"	"S6"	"MADOran token 282; sentence 19"	"비교 표현; Stem=كيما/NOUN"
"OD-0445"	"A1"	"questions"	"علاه"	"علاه"	"3lah"	"왜"	"why"	"word"	"none"	"direct corpus"	"MADORAN_DIRECT"	"attested"	"S6"	"MADOran token 250; sentence 16"	"이유 의문사; Stem=علاه/REL_ADV"
"OD-0446"	"A1"	"state"	"كاين"	"كاين"	"kayn"	"있다; 존재한다"	"there is; exists"	"word"	"none"	"direct corpus"	"MADORAN_DIRECT"	"attested"	"S6"	"MADOran token 708; sentence 39"	"존재 표현; Stem=كاين/NOUN_ACTIVE_PART"
"OD-0447"	"A1"	"state"	"راكي"	"راكي"	"raki"	"너는 ~이다(여성)"	"you are (feminine)"	"word"	"none"	"direct corpus"	"MADORAN_DIRECT"	"attested"	"S6"	"MADOran token 2208; sentence 101"	"2인칭 여성 현재 제시형; Stem=راك/PRESENT_PART; Enclitic=ي/POSS_PRON"
"OD-0448"	"A1"	"adjectives"	"خير"	"خير"	"khir"	"더 좋은; 가장 좋은"	"better; best"	"word"	"none"	"direct corpus"	"MADORAN_DIRECT"	"attested"	"S6"	"MADOran token 228; sentence 14"	"비교급; Stem=خير/ADJ_COMP; Enclitic=(null)/CASE_DEF_NOM"
"OD-0449"	"A1"	"greeting"	"صحا"	"صحا"	"sa7a"	"좋아; 알겠어"	"okay; all right"	"word"	"none"	"direct corpus"	"MADORAN_DIRECT"	"attested"	"S6"	"MADOran token 453; sentence 28"	"응답 표현; Stem=صحا/GERUND"
"OD-0450"	"A1"	"function"	"عليا"	"عليا"	"3liya"	"나에게; 내 위에"	"on me; to me"	"word"	"none"	"direct corpus"	"MADORAN_DIRECT"	"attested"	"S6"	"MADOran token 2130; sentence 98"	"전치사+1인칭 단수 접미사, Stem=علي/PREP, Enclitic=ي/POSS_PRON_1S"
"OD-0451"	"A1"	"function"	"ها"	"ها"	"ha"	"자; 어서"	"come on; here"	"word"	"none"	"direct corpus"	"MADORAN_DIRECT"	"attested"	"S6"	"MADOran token 862; sentence 46"	"주의·권유 표지; Stem=ها/VOC_PART"
"OD-0452"	"A2"	"daily"	"ربي"	"ربي"	"rabbi"	"나의 주님; 하느님"	"my Lord; God"	"word"	"none"	"direct corpus"	"MADORAN_DIRECT"	"attested"	"S6"	"MADOran token 571; sentence 33"	"1인칭 소유형; Stem=رب/NOUN_ABSTRACT; Enclitic=ي/POSS_PRON"
"OD-0453"	"A1"	"verbs"	"كنت"	"كنت"	"kont"	"나는 ~였다"	"I was"	"word"	"none"	"direct corpus"	"MADORAN_DIRECT"	"attested"	"S6"	"MADOran token 2093; sentence 96"	"완료형 1인칭 단수, Stem=كن/PV, Suffix=ت (1SG)"
"OD-0454"	"A1"	"demonstrative"	"هادا"	"هادا"	"hada"	"이것"	"this"	"word"	"none"	"direct corpus"	"MADORAN_DIRECT"	"attested"	"S6"	"MADOran token 972; sentence 50"	"남성 단수 지시사; Stem=هاد/DEM_PRON; Enclitic=ا/PRON_3MS"
"OD-0455"	"A1"	"function"	"مشي"	"مشي"	"machi"	"~이 아니다"	"not; is not"	"word"	"none"	"direct corpus"	"MADORAN_DIRECT"	"attested"	"S6"	"MADOran token 1386; sentence 70"	"명사·형용사 부정; Stem=مشي/NEG_PART"
"OD-0456"	"A1"	"state"	"عندك"	"عندك"	"3andek"	"너에게 있다; 네가 가지고 있다"	"you have"	"word"	"none"	"direct corpus"	"MADORAN_DIRECT"	"attested"	"S6"	"MADOran token 403; sentence 24"	"2인칭 남성 소유; Stem=عند/NOUN; Enclitic=ك/POSS_PRON_2MS"
"OD-0457"	"A1"	"verbs"	"نقولك"	"نقولك"	"nqulek"	"내가 네게 말한다"	"I tell you"	"word"	"none"	"direct corpus"	"MADORAN_DIRECT"	"attested"	"S6"	"MADOran token 159; sentence 11"	"1인칭 주어+2인칭 목적어; Stem=قول/IV; Enclitic=(null)/IVSUFF_MOOD:S+ك/IVSUFF_DO:2MS"
"OD-0458"	"A1"	"state"	"عندي"	"عندي"	"3andi"	"나에게 있다; 내가 가지고 있다"	"I have"	"word"	"none"	"direct corpus"	"MADORAN_DIRECT"	"attested"	"S6"	"MADOran token 280; sentence 18"	"1인칭 소유; Stem=عند/NOUN; Enclitic=ي/POSS_PRON_1S"
"OD-0459"	"A1"	"people"	"سي"	"سي"	"si"	"선생님; 씨"	"sir; Mr."	"word"	"none"	"direct corpus"	"MADORAN_DIRECT"	"attested"	"S6"	"MADOran token 3247; sentence 191"	"존칭; Stem=سي/ABBREV"
"OD-0460"	"A1"	"function"	"باسكو"	"باسكو"	"pasku"	"왜냐하면"	"because"	"word"	"none"	"direct corpus"	"MADORAN_DIRECT"	"attested"	"S6"	"MADOran token 1714; sentence 82"	"프랑스어계 접속사; Stem=باسكو/FOREIGN"
"OD-0461"	"A2"	"function"	"كون"	"كون"	"kun"	"만약"	"if"	"word"	"none"	"direct corpus"	"MADORAN_DIRECT"	"attested"	"S6"	"MADOran token 278; sentence 18"	"조건 접속사; Stem=كون/SUB_CONJ"
"OD-0462"	"A2"	"function"	"ادا"	"ادا"	"ida"	"만약; ~인지"	"if; whether"	"word"	"none"	"direct corpus"	"MADORAN_DIRECT"	"attested"	"S6"	"MADOran token 2461; sentence 121"	"조건 표지; Stem=ادا/CONDITION_PART"
"OD-0463"	"A1"	"verbs"	"قالي"	"قالي"	"qali"	"그가 내게 말했다"	"he told me"	"word"	"none"	"direct corpus"	"MADORAN_DIRECT"	"attested"	"S6"	"MADOran token 38; sentence 3"	"3인칭 남성+1인칭 간접목적; Stem=قال/PV; Enclitic=(null)/PV SUFF_SUBJ :3MS+ي/POSS_PRON"
"OD-0464"	"A1"	"time"	"مين"	"مين"	"min"	"~할 때"	"when"	"word"	"none"	"direct corpus"	"MADORAN_DIRECT"	"attested"	"S6"	"MADOran token 995; sentence 51"	"시간 접속사; Stem=مين/SUBJUNC_PART"
"OD-0465"	"A1"	"function"	"عليها"	"عليها"	"3liha"	"그녀에게; 그것 위에"	"on her; on it"	"word"	"none"	"direct corpus"	"MADORAN_DIRECT"	"attested"	"S6"	"MADOran token 918; sentence 48"	"전치사+3인칭 여성 접미사; Stem=علي/PREP; Enclitic=ها/POSS_PRON"
"OD-0466"	"A1"	"function"	"فيه"	"فيه"	"fih"	"그 안에; 그것에"	"in it; in him"	"word"	"none"	"direct corpus"	"MADORAN_DIRECT"	"attested"	"S6"	"MADOran token 1161; sentence 59"	"전치사+3인칭 남성 접미사; Stem=في/PREP; Enclitic=ه/POSS_PRON"
"OD-0467"	"A1"	"quantity"	"شوية"	"شوية"	"chwiya"	"조금"	"a little; some"	"word"	"none"	"direct corpus"	"MADORAN_DIRECT"	"attested"	"S6"	"MADOran token 7490; sentence 368"	"소량 표현; Stem=شوي/NOUN_QUANT; Enclitic=ة/NSUFF_FEM_SG"
"OD-0468"	"A1"	"daily"	"صايي"	"صايي"	"sayi"	"됐어; 충분해"	"that is enough; done"	"word"	"none"	"direct corpus"	"MADORAN_DIRECT"	"attested"	"S6"	"MADOran token 733; sentence 40"	"프랑스어계 담화 표현; Stem=صايي/ADV"
"OD-0469"	"A1"	"family"	"بويا"	"بويا"	"buya"	"내 아버지"	"my father"	"word"	"none"	"direct corpus"	"MADORAN_DIRECT"	"attested"	"S6"	"MADOran token 330; sentence 21"	"1인칭 소유형; Stem=بو/NOUN; Enclitic=يا/POSS_PRON_1S"
"OD-0470"	"A1"	"state"	"مكانش"	"مكانش"	"makanch"	"없다"	"there is not"	"word"	"none"	"direct corpus"	"MADORAN_DIRECT"	"attested"	"S6"	"MADOran token 2824; sentence 152"	"부정 존재 표현; Stem=كان/PV; Enclitic=(null)/PVSUFF_SUBJ:3MS+ش/NEG_PART"
"OD-0471"	"A1"	"function"	"عليك"	"عليك"	"3lik"	"너에게; 네 위에"	"on you; to you"	"word"	"none"	"direct corpus"	"MADORAN_DIRECT"	"attested"	"S6"	"MADOran token 872; sentence 46"	"전치사+2인칭 남성 접미사; Stem=علي/PREP; Enclitic=ك/POSS_PRON"
"OD-0472"	"A1"	"state"	"راهي"	"راهي"	"rahi"	"그녀는 ~이다"	"she is"	"word"	"none"	"direct corpus"	"MADORAN_DIRECT"	"attested"	"S6"	"MADOran token 514; sentence 31"	"3인칭 여성 현재 제시형, Stem=را/PRESENT_PART, Enclitic=هي/PRON_3FS"
"OD-0473"	"A1"	"function"	"عليه"	"عليه"	"3lih"	"그에게; 그것 위에"	"on him; on it"	"word"	"none"	"direct corpus"	"MADORAN_DIRECT"	"attested"	"S6"	"MADOran token 1149; sentence 59"	"전치사+3인칭 남성 단수 접미사, Stem=علي/PREP, Enclitic=ه/PRON_3MS"
"OD-0474"	"A1"	"state"	"اني"	"اني"	"ani"	"나는 ~이다"	"I am"	"word"	"none"	"direct corpus"	"MADORAN_DIRECT"	"attested"	"S6"	"MADOran token 2475; sentence 122"	"1인칭 단수 현재 제시형, Stem=ان/PRESENT_PART, Enclitic=ي/PRON_1S"
"OD-0475"	"A1"	"verbs"	"كانوا"	"كانوا"	"kanu"	"그들은 ~였다"	"they were"	"word"	"none"	"direct corpus"	"MADORAN_DIRECT"	"attested"	"S6"	"MADOran token 25197; sentence 1143"	"완료형 3인칭 복수; Stem=كان/PV; Enclitic=وا/PVSUFF_SUBJ:3MP"
"OD-0476"	"A1"	"function"	"معاه"	"معاه"	"m3ah"	"그와 함께"	"with him"	"word"	"none"	"direct corpus"	"MADORAN_DIRECT"	"attested"	"S6"	"MADOran token 940; sentence 49"	"전치사+3인칭 남성 접미사; Stem=مع/PREP; Enclitic=اه/POSS_PRON"
"OD-0477"	"A1"	"verbs"	"ندير"	"ندير"	"ndir"	"나는 한다"	"I do"	"word"	"none"	"direct corpus"	"MADORAN_DIRECT"	"attested"	"S6"	"MADOran token 3902; sentence 216"	"미완료 1인칭 단수; Stem=دير/IV; Enclitic=(null)/IVSUFF_SUBJ:1S"
"OD-0478"	"A1"	"state"	"راهم"	"راهم"	"rahom"	"그들은 ~이다"	"they are"	"word"	"none"	"direct corpus"	"MADORAN_DIRECT"	"attested"	"S6"	"MADOran token 591; sentence 34"	"3인칭 복수 현재 제시형, Stem=را/PRESENT_PART, Enclitic=هم/PRON_3P"
"OD-0479"	"A1"	"function"	"معاك"	"معاك"	"m3ak"	"너와 함께"	"with you"	"word"	"none"	"direct corpus"	"MADORAN_DIRECT"	"attested"	"S6"	"MADOran token 41; sentence 3"	"전치사+2인칭 접미사; Stem=معا/PREP; Enclitic=ك/POSS_PRON_2MS"
"OD-0480"	"A1"	"function"	"تاعي"	"تاعي"	"ta3i"	"내 것"	"mine; my"	"word"	"none"	"direct corpus"	"MADORAN_DIRECT"	"attested"	"S6"	"MADOran token 3880; sentence 215"	"1인칭 소유 표현; Stem=تاع/PREP"
"OD-0481"	"A1"	"function"	"فيك"	"فيك"	"fik"	"네 안에; 너에 관해"	"in you"	"word"	"none"	"direct corpus"	"MADORAN_DIRECT"	"attested"	"S6"	"MADOran token 222; sentence 14"	"전치사+2인칭 남성 접미사; Stem=في/PREP; Enclitic=ك/PRON_2MS"
"OD-0482"	"A1"	"function"	"تاعك"	"تاعك"	"ta3ek"	"네 것"	"yours; your"	"word"	"none"	"direct corpus"	"MADORAN_DIRECT"	"attested"	"S6"	"MADOran token 2681; sentence 146"	"2인칭 소유 표현; Stem=تاع/PREP; Enclitic=ك/POSS_PRON"
"OD-0483"	"A1"	"adjectives"	"كبيرة"	"كبيرة"	"kbira"	"큰(여성형)"	"big (feminine)"	"word"	"none"	"direct corpus"	"MADORAN_DIRECT"	"attested"	"S6"	"MADOran token 1594; sentence 77"	"여성 단수형; Stem=كبير/ADJ_QUALIT; Enclitic=ة/NSUFF_FEM_SG"
"OD-0484"	"A1"	"state"	"راها"	"راها"	"raha"	"그녀는 ~이다"	"she is"	"word"	"none"	"direct corpus"	"MADORAN_DIRECT"	"attested"	"S6"	"MADOran token 938; sentence 49"	"3인칭 여성 현재 제시형, Stem=را/PRESENT_PART, Enclitic=ها/PRON_3FS"
"OD-0485"	"A1"	"function"	"عليكم"	"عليكم"	"3likom"	"여러분에게; 여러분 위에"	"on you (plural)"	"word"	"none"	"direct corpus"	"MADORAN_DIRECT"	"attested"	"S6"	"MADOran token 1481; sentence 73"	"전치사+2인칭 복수 접미사; Stem=علي/PREP; Enclitic=كم/POSS_PRON"
"OD-0486"	"A1"	"verbs"	"ديري"	"ديري"	"diri"	"해!(여성에게)"	"do! (to a woman)"	"word"	"none"	"direct corpus"	"MADORAN_DIRECT"	"attested"	"S6"	"MADOran token 4335; sentence 236"	"2인칭 여성 명령형; Stem=دير/CV; Enclitic=ي/CVSUFF_SUBJ : 2FS"
"OD-0487"	"A1"	"family"	"بنتي"	"بنتي"	"benti"	"내 딸"	"my daughter"	"word"	"none"	"direct corpus"	"MADORAN_DIRECT"	"attested"	"S6"	"MADOran token 4394; sentence 238"	"1인칭 소유형; Stem=بنت/NOUN_ABSTRACT; Enclitic=ي/POSS_PRON"
"OD-0488"	"A1"	"function"	"معايا"	"معايا"	"m3aya"	"나와 함께"	"with me"	"word"	"none"	"direct corpus"	"MADORAN_DIRECT"	"attested"	"S6"	"MADOran token 946; sentence 49"	"전치사+1인칭 접미사; Stem=مع/PREP; Enclitic=ايا/POSS_PRON"
"OD-0489"	"A1"	"time"	"دوك"	"دوك"	"duk"	"지금"	"now"	"word"	"none"	"direct corpus"	"MADORAN_DIRECT"	"attested"	"S6"	"MADOran token 1002; sentence 51"	"시간 부사; Stem=دوك/NOUN_TIME_PLACE"
"OD-0490"	"A2"	"function"	"كاش"	"كاش"	"kach"	"어떤; 무엇인가"	"any; some"	"word"	"none"	"direct corpus"	"MADORAN_DIRECT"	"attested"	"S6"	"MADOran token 606; sentence 35"	"비특정 표지; Stem=كاش/PART"
"OD-0491"	"A1"	"questions"	"كيفاش"	"كيفاش"	"kifach"	"어떻게"	"how"	"word"	"none"	"direct corpus"	"MADORAN_DIRECT"	"attested"	"S6"	"MADOran token 1672; sentence 81"	"방법 의문사; Stem=كيفاش/REL_ADV"
"OD-0492"	"A1"	"home"	"سكنة"	"سكنة"	"sokna"	"집; 거처"	"home; dwelling"	"word"	"none"	"direct corpus"	"MADORAN_DIRECT"	"attested"	"S6"	"MADOran token 523; sentence 31"	"주거 명사; Stem=سكن/NOUN_CONCRETE; Enclitic=ة/NSUFF_FEM_SG"
"OD-0493"	"A1"	"verbs"	"كانت"	"كانت"	"kanet"	"그녀는 ~였다"	"she was"	"word"	"none"	"direct corpus"	"MADORAN_DIRECT"	"attested"	"S6"	"MADOran token 1019; sentence 53"	"완료형 3인칭 여성; Stem=كان/PV; Enclitic=ت/PV SUFF_SUBJ :3FS"
"OD-0494"	"A1"	"time"	"منبعد"	"منبعد"	"menba3d"	"그 후에"	"afterwards"	"word"	"none"	"direct corpus"	"MADORAN_DIRECT"	"attested"	"S6"	"MADOran token 5316; sentence 274"	"시간 부사; Stem=بعد/ADV"
"OD-0495"	"A1"	"state"	"مانيش"	"مانيش"	"manich"	"나는 ~이 아니다"	"I am not"	"word"	"none"	"direct corpus"	"MADORAN_DIRECT"	"attested"	"S6"	"MADOran token 3633; sentence 206"	"1인칭 단수 부정 현재 제시형, Proclitic=ما/NEG_PART, Stem=ني/PRESENT_PART, Enclitic=ش/NEG_PART"
"OD-0496"	"A1"	"manner"	"هاكا"	"هاكا"	"haka"	"이렇게"	"like this"	"word"	"none"	"direct corpus"	"MADORAN_DIRECT"	"attested"	"S6"	"MADOran token 197; sentence 13"	"방식 지시어; Stem=هاكا/NOUN"
"OD-0497"	"A1"	"questions"	"شوالا"	"شوالا"	"chwala"	"뭐"	"what"	"word"	"none"	"direct corpus"	"MADORAN_DIRECT"	"attested"	"S6"	"MADOran token 6039; sentence 318"	"오랑 코퍼스 의문사 표면형, Surface/Stem=شوالا/INTERROG_PART"
"OD-0498"	"A1"	"state"	"عنده"	"عنده"	"3andu"	"그에게 있다; 그가 가지고 있다"	"he has"	"word"	"none"	"direct corpus"	"MADORAN_DIRECT"	"attested"	"S6"	"MADOran token 1164; sentence 59"	"3인칭 남성 소유; Stem=عند/NOUN; Enclitic=ه/POSS_PRON"
"OD-0499"	"A1"	"verbs"	"نروح"	"نروح"	"nru7"	"나는 간다"	"I go"	"word"	"none"	"direct corpus"	"MADORAN_DIRECT"	"attested"	"S6"	"MADOran token 40; sentence 3"	"미완료 1인칭 단수; Stem=روح/IV; Enclitic=(null)/IVSUFF_MOOD:S"
"OD-0500"	"A1"	"function"	"بيه"	"بيه"	"bih"	"그것으로; 그와 함께"	"with it; by it"	"word"	"none"	"direct corpus"	"MADORAN_DIRECT"	"attested"	"S6"	"MADOran token 1434; sentence 71"	"전치사+3인칭 남성 접미사; Stem=بي/PREP; Enclitic=ه/PRON_3MS"
"OD-0501"	"A1"	"verbs"	"تجي"	"تجي"	"tji"	"너는 온다; 그녀는 온다"	"you come; she comes"	"word"	"none"	"direct corpus"	"MADORAN_DIRECT"	"attested"	"S6"	"MADOran token 279; sentence 18"	"미완료형, 표면형만으로 2인칭 단수와 3인칭 여성 단수가 중의적"
"OD-0502"	"A1"	"verbs"	"قلت"	"قلت"	"qolt"	"나는 말했다"	"I said"	"word"	"none"	"direct corpus"	"MADORAN_DIRECT"	"attested"	"S6"	"MADOran token 33; sentence 3"	"완료형 1인칭 단수; Stem=قل/PV; Enclitic=ت/PVSUFF_SUBJ:1S"
"OD-0503"	"A1"	"food"	"حريرة"	"حريرة"	"7rira"	"하리라 수프"	"Harira soup"	"word"	"none"	"direct corpus"	"MADORAN_DIRECT"	"attested"	"S6"	"MADOran token 7368; sentence 364"	"음식 보통명사, Stem=حرير/NOUN_CONCRETE, Enclitic=ة/NSUFF_FEM_SG"
"OD-0504"	"A1"	"adjectives"	"شابة"	"شابة"	"chaba"	"예쁜(여성형)"	"beautiful (feminine)"	"word"	"none"	"direct corpus"	"MADORAN_DIRECT"	"attested"	"S6"	"MADOran token 1151; sentence 59"	"여성 단수 형용사, Stem=شاب/ADJ_QUALIT, Enclitic=ة/NSUFF_FEM_SG"
"OD-0505"	"A1"	"state"	"عندها"	"عندها"	"3andha"	"그녀에게 있다; 그녀가 가지고 있다"	"she has"	"word"	"none"	"direct corpus"	"MADORAN_DIRECT"	"attested"	"S6"	"MADOran token 200; sentence 13"	"3인칭 여성 소유; Stem=عند/NOUN; Enclitic=ها/POSS_PRON"
"OD-0506"	"A1"	"verbs"	"أرواح"	"أرواح"	"arwa7"	"와!"	"come!"	"word"	"none"	"direct corpus"	"MADORAN_DIRECT"	"attested"	"S6"	"MADOran token 5564; sentence 284"	"2인칭 남성 명령형; Stem=أرواح/CV; Enclitic=(null)/CVSUFF_SUBJ :2MS"
"OD-0507"	"A1"	"verbs"	"يكون"	"يكون"	"ykun"	"그는 ~이다; ~이 된다"	"he is; he becomes"	"word"	"none"	"direct corpus"	"MADORAN_DIRECT"	"attested"	"S6"	"MADOran token 1784; sentence 85"	"미완료 3인칭 남성; Stem=كون/IV; Enclitic=(null)/IVSUFF_SUBJ: 3MS"
"OD-0508"	"A1"	"greeting"	"مرحبا"	"مرحبا"	"mar7ba"	"환영해; 안녕하세요"	"welcome; hello"	"word"	"none"	"direct corpus"	"MADORAN_DIRECT"	"attested"	"S6"	"MADOran token 5667; sentence 288"	"인사말; Stem=مرحبا/INTERJ"
"OD-0509"	"A1"	"people"	"صاحبي"	"صاحبي"	"sa7bi"	"내 친구"	"my friend"	"word"	"none"	"direct corpus"	"MADORAN_DIRECT"	"attested"	"S6"	"MADOran token 1971; sentence 92"	"1인칭 소유형, Stem=صاحب/NOUN, Enclitic=ي/POSS_PRON_1S"
"OD-0510"	"A1"	"verbs"	"شوفي"	"شوفي"	"chufi"	"봐!(여성에게)"	"look! (to a woman)"	"word"	"none"	"direct corpus"	"MADORAN_DIRECT"	"attested"	"S6"	"MADOran token 588; sentence 34"	"2인칭 여성 명령형; Stem=شوف/CV; Enclitic=ي/CVSUFF_SUBJ : 2FS"
"OD-0511"	"A1"	"verbs"	"جات"	"جات"	"jat"	"그녀가 왔다"	"she came"	"word"	"none"	"direct corpus"	"MADORAN_DIRECT"	"attested"	"S6"	"MADOran token 1163; sentence 59"	"완료형 3인칭 여성; Stem=جا/PV; Enclitic=ت/SUFF_FEM_TA"
"OD-0512"	"A1"	"verbs"	"قالك"	"قالك"	"qalek"	"그가 네게 말했다"	"he told you"	"word"	"none"	"direct corpus"	"MADORAN_DIRECT"	"attested"	"S6"	"MADOran token 1132; sentence 59"	"3인칭 남성+2인칭 목적어; Stem=قال/PV; Enclitic=(null)/PV SUFF_SUBJ :3MS+ك/PVSUFF_DO:2MS"
"OD-0513"	"A1"	"time"	"ديجا"	"ديجا"	"dija"	"이미"	"already"	"word"	"none"	"direct corpus"	"MADORAN_DIRECT"	"attested"	"S6"	"MADOran token 2766; sentence 150"	"프랑스어계 부사; Stem=ديجا/FOREIGN"
"OD-0514"	"A1"	"verbs"	"تروح"	"تروح"	"tru7"	"너는 간다; 그녀는 간다"	"you go; she goes"	"word"	"none"	"direct corpus"	"MADORAN_DIRECT"	"attested"	"S6"	"MADOran token 35; sentence 3"	"미완료형, 표면형만으로 2인칭 남성 단수와 3인칭 여성 단수가 중의적, Proclitic=ت/IV"
"OD-0515"	"A1"	"function"	"لك"	"لك"	"lek"	"너에게; 너를 위해"	"to you; for you"	"word"	"none"	"direct corpus"	"MADORAN_DIRECT"	"attested"	"S6"	"MADOran token 217; sentence 14"	"전치사+2인칭 접미사; Stem=ل/PREP; Enclitic=ك/PRON_2MS"
"OD-0516"	"A1"	"adjectives"	"مسكينة"	"مسكينة"	"meskina"	"불쌍한(여성형)"	"poor (feminine)"	"word"	"none"	"direct corpus"	"MADORAN_DIRECT"	"attested"	"S6"	"MADOran token 145; sentence 10"	"여성 단수 형용사, Stem=مسكين/ADJ_QUALIT, Enclitic=ة/NSUFF_FEM_SG"
"OD-0517"	"A1"	"time"	"يوم"	"يوم"	"yum"	"날; 하루"	"day"	"word"	"none"	"direct corpus"	"MADORAN_DIRECT"	"attested"	"S6"	"MADOran token 490; sentence 30"	"시간·일수 명사, Stem=يوم/NOUN_TIME"
"OD-0518"	"A1"	"function"	"بيها"	"بيها"	"biha"	"그것으로; 그녀와 함께"	"with it; with her"	"word"	"none"	"direct corpus"	"MADORAN_DIRECT"	"attested"	"S6"	"MADOran token 6914; sentence 349"	"전치사+3인칭 여성 접미사; Stem=بي/PREP; Enclitic=ها/POSS_PRON"
"OD-0519"	"A1"	"function"	"تاعه"	"تاعه"	"ta3u"	"그의 것"	"his"	"word"	"none"	"direct corpus"	"MADORAN_DIRECT"	"attested"	"S6"	"MADOran token 5483; sentence 282"	"3인칭 남성 소유 표현; Stem=تاع/PREP; Enclitic=ه/POSS_PRON"
"OD-0520"	"A1"	"quantity"	"نص"	"نص"	"nos"	"절반"	"half"	"word"	"none"	"direct corpus"	"MADORAN_DIRECT"	"attested"	"S6"	"MADOran token 1081; sentence 57"	"분수 명사; Stem=نص/NOUN_ABSTRACT; Enclitic=(null)/CASE_INDEF_(ACC_GEN)"
"OD-0521"	"A1"	"adjectives"	"غايا"	"غايا"	"ghaya"	"좋은; 아주 좋아"	"good; very good"	"word"	"none"	"direct corpus"	"MADORAN_DIRECT"	"attested"	"S6"	"MADOran token 819; sentence 44"	"평가 표현; Stem=غايا/ADJ_QUALIT; Enclitic=(null)/CASE_INDEF_(ACC_GEN)"
"OD-0522"	"A1"	"adjectives"	"مسكين"	"مسكين"	"meskin"	"불쌍한(남성형)"	"poor (masculine)"	"word"	"none"	"direct corpus"	"MADORAN_DIRECT"	"attested"	"S6"	"MADOran token 130; sentence 9"	"남성 단수 형용사, Stem=مسكين/ADJ_QUALIT"
"OD-0523"	"A1"	"verbs"	"نجي"	"نجي"	"nji"	"나는 온다"	"I come"	"word"	"none"	"direct corpus"	"MADORAN_DIRECT"	"attested"	"S6"	"MADOran token 3024; sentence 168"	"미완료 1인칭 단수, Proclitic=ن/IVSUBJ_1S, Stem=جي/IV"
"OD-0524"	"A1"	"function"	"مهم"	"مهم"	"mohim"	"아무튼; 어쨌든"	"anyway; so"	"word"	"discourse"	"direct corpus"	"MADORAN_DIRECT"	"attested"	"S6"	"MADOran token 4318; sentence 236"	"sentence 236의 담화표지 용법"
"OD-0525"	"A1"	"state"	"جاي"	"جاي"	"jay"	"오는 중인(남성)"	"coming (masculine)"	"word"	"none"	"direct corpus"	"MADORAN_DIRECT"	"attested"	"S6"	"MADOran token 2925; sentence 157"	"남성 단수 능동분사; Stem=جاي/NOUN_ACTIVE_PART"
"OD-0526"	"A1"	"verbs"	"نديرو"	"نديرو"	"ndiru"	"우리는 한다"	"we do"	"word"	"none"	"direct corpus"	"MADORAN_DIRECT"	"attested"	"S6"	"MADOran token 7540; sentence 369"	"미완료 1인칭 복수, Proclitic=ن/IVSUBJ_1P, Stem=دير/IV, Suffix=و/IVSUBJ_1P"
"OD-0527"	"A1"	"state"	"جاية"	"جاية"	"jaya"	"오는 중인(여성)"	"coming (feminine)"	"word"	"none"	"direct corpus"	"MADORAN_DIRECT"	"attested"	"S6"	"MADOran token 4174; sentence 228"	"여성 단수 능동분사; Stem=جاي/NOUN_ACTIVE_PART; Enclitic=ة/NSUFF_FEM_SG"
"OD-0528"	"A1"	"function"	"معاهم"	"معاهم"	"m3ahom"	"그들과 함께"	"with them"	"word"	"none"	"direct corpus"	"MADORAN_DIRECT"	"attested"	"S6"	"MADOran token 3824; sentence 212"	"전치사+3인칭 복수 접미사; Stem=معا/PREP; Enclitic=هم/POSS_PRON"
"OD-0529"	"A1"	"body"	"فمك"	"فمك"	"fomek"	"네 입"	"your mouth"	"word"	"none"	"direct corpus"	"MADORAN_DIRECT"	"attested"	"S6"	"MADOran token 12994; sentence 633"	"2인칭 소유형; Stem=فم/NOUN_CONCRETE; Enclitic=ك/POSS_PRON"
"OD-0530"	"A1"	"function"	"تاعنا"	"تاعنا"	"ta3na"	"우리 것"	"ours; our"	"word"	"none"	"direct corpus"	"MADORAN_DIRECT"	"attested"	"S6"	"MADOran token 5501; sentence 282"	"1인칭 복수 소유 표현; Stem=تاع/PREP; Enclitic=نا/POSS_PRON"
"OD-0531"	"A1"	"body"	"راسك"	"راسك"	"rasek"	"네 머리"	"your head"	"word"	"none"	"direct corpus"	"MADORAN_DIRECT"	"attested"	"S6"	"MADOran token 2543; sentence 129"	"2인칭 소유형; Stem=راس/NOUN_CONCRETE; Enclitic=(null)/CASE_DEF_GEN+ك/POSS_PRON"
"OD-0532"	"A1"	"verbs"	"تهدر"	"تهدر"	"thder"	"너는 말한다; 그녀는 말한다"	"you speak; she speaks"	"word"	"none"	"direct corpus"	"MADORAN_DIRECT"	"attested"	"S6"	"MADOran token 2867; sentence 155"	"미완료형, 표면형만으로 2인칭 남성 단수와 3인칭 여성 단수가 중의적, Proclitic=ت/IV"
"OD-0533"	"A1"	"demonstrative"	"ديك"	"ديك"	"dik"	"저것; 저 여성형 명사"	"that"	"word"	"none"	"direct corpus"	"MADORAN_DIRECT"	"attested"	"S6"	"MADOran token 421; sentence 26"	"여성 단수 원거리 지시사, Stem=ديك/DEM_PRON_FS"
"OD-0534"	"A1"	"quantity"	"حبة"	"حبة"	"7abba"	"한 개; 낟알"	"one piece; grain"	"word"	"none"	"direct corpus"	"MADORAN_DIRECT"	"attested"	"S6"	"MADOran token 1052; sentence 55"	"개체 단위 명사; Stem=حب/NOUN_CONCRETE; Enclitic=ة/NSUFF_FEM_SG"
"OD-0535"	"A1"	"verbs"	"تقول"	"تقول"	"tqul"	"너는 말한다; 그녀는 말한다"	"you say; she says"	"word"	"none"	"direct corpus"	"MADORAN_DIRECT"	"attested"	"S6"	"MADOran token 2592; sentence 137"	"미완료형, 표면형만으로 2인칭 남성 단수와 3인칭 여성 단수가 중의적, Proclitic=ت/IV"
"OD-0536"	"A2"	"function"	"لوكان"	"لوكان"	"lukan"	"만약"	"if"	"word"	"none"	"direct corpus"	"MADORAN_DIRECT"	"attested"	"S6"	"MADOran token 2645; sentence 144"	"조건 접속사, Stem=لوكان/CONDITION_PART"
"OD-0537"	"A1"	"demonstrative"	"هاديك"	"هاديك"	"hadik"	"저것; 저 여성형 명사"	"that"	"word"	"none"	"direct corpus"	"MADORAN_DIRECT"	"attested"	"S6"	"MADOran token 4289; sentence 233"	"여성 단수 원거리 지시사, Stem=هاديك/DEM_PRON_FS"
"OD-0538"	"A1"	"greeting"	"وي"	"وي"	"wi"	"네"	"yes"	"word"	"none"	"direct corpus"	"MADORAN_DIRECT"	"attested"	"S6"	"MADOran token 2704; sentence 148"	"응답 표현; Stem=وي/FOREIGN"
"OD-0539"	"A1"	"state"	"رايحة"	"رايحة"	"ray7a"	"가는 중인(여성)"	"going (feminine)"	"word"	"none"	"direct corpus"	"MADORAN_DIRECT"	"attested"	"S6"	"MADOran token 3004; sentence 167"	"여성 단수 능동분사; Stem=رايح/NOUN_ACTIVE_PART; Enclitic=ة/NSUFF_FEM_SG"
"OD-0540"	"A1"	"verbs"	"خليني"	"خليني"	"khallini"	"나를 내버려 둬; 내가 ~하게 해줘"	"leave me; let me"	"word"	"none"	"direct corpus"	"MADORAN_DIRECT"	"attested"	"S6"	"MADOran token 11857; sentence 589"	"명령형+1인칭 목적어; Stem=خلي/CV; Enclitic=(null)/CVSUFF_SUBJ :2MS +ني/CVSUFF_DO :1S"
"OD-0541"	"A1"	"verbs"	"قعدت"	"قعدت"	"qe3det"	"나는 앉았다·머물렀다; 그녀는 앉았다·머물렀다"	"I sat or stayed; she sat or stayed"	"word"	"none"	"direct corpus"	"MADORAN_DIRECT"	"attested"	"S6"	"MADOran token 224; sentence 14"	"완료형, 표면형만으로 1인칭 단수와 3인칭 여성 단수가 중의적, Suffix=ت"
"OD-0542"	"A1"	"function"	"علينا"	"علينا"	"3lina"	"우리에게; 우리 위에"	"on us"	"word"	"none"	"direct corpus"	"MADORAN_DIRECT"	"attested"	"S6"	"MADOran token 2898; sentence 156"	"전치사+1인칭 복수 접미사; Stem=علي/PREP; Enclitic=نا/POSS_PRON"
"OD-0543"	"A1"	"state"	"راكم"	"راكم"	"rakom"	"여러분은 ~이다"	"you are (plural)"	"word"	"none"	"direct corpus"	"MADORAN_DIRECT"	"attested"	"S6"	"MADOran token 5128; sentence 268"	"2인칭 복수 현재 제시형, Stem=را/PRESENT_PART, Enclitic=كم/PRON_2P"
"OD-0544"	"A1"	"adjectives"	"مليحة"	"مليحة"	"mli7a"	"좋은; 예쁜(여성형)"	"good; pretty (feminine)"	"word"	"none"	"direct corpus"	"MADORAN_DIRECT"	"attested"	"S6"	"MADOran token 7018; sentence 352"	"여성 단수형; Stem=مليح/ADJ_QUALIT; Enclitic=(null)/CASE_INDEF_(ACC_GEN)+ة/NSUFF_FEM_SG"
"OD-0545"	"A1"	"verbs"	"نشوف"	"نشوف"	"nchuf"	"나는 본다"	"I see"	"word"	"none"	"direct corpus"	"MADORAN_DIRECT"	"attested"	"S6"	"MADOran token 1736; sentence 83"	"미완료 1인칭 단수; Stem=شوف/IV; Enclitic=(null)/IVSUFF_SUBJ:1S"
"OD-0546"	"A1"	"questions"	"مالك"	"مالك"	"malek"	"왜 그래?"	"what is wrong with you?"	"word"	"none"	"direct corpus"	"MADORAN_DIRECT"	"attested"	"S6"	"MADOran token 12973; sentence 632"	"상태 질문 표현, Interrogative base=ما, Stem=ل/PREP, Enclitic=ك/PRON_2MS, 전체 의미 왜 그래?"
"OD-0547"	"A1"	"body"	"يدي"	"يدي"	"yeddi"	"내 손"	"my hand"	"word"	"none"	"direct corpus"	"MADORAN_DIRECT"	"attested"	"S6"	"MADOran token 4717; sentence 251"	"1인칭 소유형; Stem=يد/NOUN_CONCRETE; Enclitic=ي/POSS_PRON"
"OD-0548"	"A1"	"function"	"فيهم"	"فيهم"	"fihom"	"그들 안에; 그들 가운데"	"in them; among them"	"word"	"none"	"direct corpus"	"MADORAN_DIRECT"	"attested"	"S6"	"MADOran token 1283; sentence 64"	"전치사+3인칭 복수 접미사; Stem=في/PREP; Enclitic=هم/POSS_PRON"
"OD-0549"	"A1"	"shopping"	"سلعة"	"سلعة"	"sel3a"	"상품; 물건"	"goods; merchandise"	"word"	"none"	"direct corpus"	"MADORAN_DIRECT"	"attested"	"S6"	"MADOran token 18322; sentence 848"	"물품 명사; Stem=سلع/NOUN_CONCRETE; Enclitic=ة/NSUFF_FEM_SG+(null)/CASE_INDEF_GEN"
"OD-0550"	"A1"	"adjectives"	"نورمال"	"نورمال"	"normal"	"정상적인; 보통의"	"normal; usual"	"word"	"none"	"direct corpus"	"MADORAN_DIRECT"	"attested"	"S6"	"MADOran token 6264; sentence 328"	"프랑스어 차용형; Stem=نورمال/FOREIGN"
"OD-0551"	"A1"	"function"	"شي"	"شي"	"chi"	"무언가; 것"	"something; thing"	"word"	"none"	"direct corpus"	"MADORAN_DIRECT"	"attested"	"S6"	"MADOran token 249; sentence 16"	"비특정 대명사; Stem=شي/NOUN; Enclitic=(null)/CASE_INDEF_NOM"
"OD-0552"	"A1"	"home"	"دارنا"	"دارنا"	"darna"	"우리 집"	"our home"	"word"	"none"	"direct corpus"	"MADORAN_DIRECT"	"attested"	"S6"	"MADOran token 10707; sentence 542"	"1인칭 복수 소유형; Stem=دار/NOUN_CONCRETE; Enclitic=نا/POSS_PRON"
"OD-0553"	"A1"	"verbs"	"قالو"	"قالو"	"qalu"	"그들이 말했다"	"they said"	"word"	"none"	"direct corpus"	"MADORAN_DIRECT"	"attested"	"S6"	"MADOran token 1238; sentence 62"	"완료형 3인칭 복수, Stem=قال/PV, Suffix=و/PVSUFF_SUBJ:3MP"
"OD-0554"	"A1"	"function"	"بلا"	"بلا"	"bla"	"~없이"	"without"	"word"	"none"	"direct corpus"	"MADORAN_DIRECT"	"attested"	"S6"	"MADOran token 6366; sentence 331"	"전치사 ~없이, Stem=بلا/PREP"
"OD-0555"	"A1"	"people"	"جماعة"	"جماعة"	"jma3a"	"무리; 그룹"	"group"	"word"	"none"	"direct corpus"	"MADORAN_DIRECT"	"attested"	"S6"	"MADOran token 2148; sentence 99"	"집단 명사; Stem=جماع/NOUN_CONCRETE; Enclitic=ة/NSUFF_FEM_SG+(null)/CASE_INDEF_GEN"
"OD-0556"	"A1"	"questions"	"كيفاه"	"كيفاه"	"kifah"	"어떻게"	"how"	"word"	"none"	"direct corpus"	"MADORAN_DIRECT"	"attested"	"S6"	"MADOran token 1240; sentence 62"	"방법 의문부사, Stem=كيفاه/INTERROG_ADV"
"OD-0557"	"A1"	"verbs"	"قالهم"	"قالهم"	"qalhom"	"그가 그들에게 말했다"	"he told them"	"word"	"none"	"direct corpus"	"MADORAN_DIRECT"	"attested"	"S6"	"MADOran token 314; sentence 20"	"3인칭 남성+3인칭 복수 목적어; Stem=قال/PV; Enclitic=(null)/PVSUFF_SUBJ:3MS+هم/PVSUFF_DO:3MP"
"OD-0558"	"A1"	"family"	"خوك"	"خوك"	"khuk"	"네 형제"	"your brother"	"word"	"none"	"direct corpus"	"MADORAN_DIRECT"	"attested"	"S6"	"MADOran token 1176; sentence 60"	"2인칭 단수 소유형, Stem=خو/NOUN_KINSHIP, Enclitic=ك/POSS_PRON_2S"
"OD-0559"	"A1"	"time"	"دايمن"	"دايمن"	"daymen"	"항상"	"always"	"word"	"none"	"direct corpus"	"MADORAN_DIRECT"	"attested"	"S6"	"MADOran token 1177; sentence 60"	"빈도 부사, Stem=دايمن/ADV"
"OD-0560"	"A1"	"function"	"له"	"له"	"luh"	"그에게; 그를 위해"	"to him; for him"	"word"	"none"	"direct corpus"	"MADORAN_DIRECT"	"attested"	"S6"	"MADOran token 4429; sentence 239"	"전치사+3인칭 남성 접미사; Stem=ل/PREP; Enclitic=ه/POSS_PRON"
"OD-0561"	"A1"	"number"	"مليون"	"مليون"	"melyun"	"백만"	"million"	"word"	"none"	"direct corpus"	"MADORAN_DIRECT"	"attested"	"S6"	"MADOran token 6046; sentence 319"	"큰 수; Stem=مليون/NOUN_NUM; Enclitic=(null)/CASE_DEF_GEN"
"OD-0562"	"A2"	"adjectives"	"زين"	"زين"	"zin"	"좋은; 아름다운"	"good; beautiful"	"word"	"none"	"direct corpus"	"MADORAN_DIRECT"	"attested"	"S6"	"MADOran token 2488; sentence 122"	"평가 형용사, Stem=زين/ADJ_QUALIT"
"OD-0563"	"A2"	"people"	"روحه"	"روحه"	"ru7u"	"그 자신; 그의 영혼"	"himself; his soul"	"word"	"none"	"direct corpus"	"MADORAN_DIRECT"	"attested"	"S6"	"MADOran token 1475; sentence 72"	"3인칭 남성 소유형; Stem=روح/NOUN_ABSTRACT; Enclitic=ه/POSS_PRON"
"OD-0564"	"A1"	"people"	"رجال"	"رجال"	"rjal"	"남자들"	"men"	"word"	"none"	"direct corpus"	"MADORAN_DIRECT"	"attested"	"S6"	"MADOran token 8940; sentence 418"	"복수형; Stem=رجال/NOUN_CONCRETE"
"OD-0565"	"A1"	"people"	"شيرة"	"شيرة"	"chira"	"소녀"	"girl"	"word"	"none"	"direct corpus"	"MADORAN_DIRECT"	"attested"	"S6"	"MADOran token 2305; sentence 107"	"여성 사람 명사, Stem=شير/NOUN_PERSON, Enclitic=ة/NSUFF_FEM_SG"
"OD-0566"	"A1"	"family"	"زواج"	"زواج"	"zwaj"	"결혼"	"marriage"	"word"	"none"	"direct corpus"	"MADORAN_DIRECT"	"attested"	"S6"	"MADOran token 1190; sentence 61"	"추상 명사; Stem=زواج/NOUN_ABSTRACT"
"OD-0567"	"A1"	"verbs"	"يقولو"	"يقولو"	"yqulu"	"그들은 말한다"	"they say"	"word"	"none"	"direct corpus"	"MADORAN_DIRECT"	"attested"	"S6"	"MADOran token 1707; sentence 82"	"미완료 3인칭 복수, Proclitic=ي/IVSUBJ_3P, Stem=قول/IV, Suffix=و/IVSUBJ_3P"
"OD-0568"	"A1"	"verbs"	"نروحو"	"نروحو"	"nru7u"	"우리는 간다"	"we go"	"word"	"none"	"direct corpus"	"MADORAN_DIRECT"	"attested"	"S6"	"MADOran token 1734; sentence 83"	"미완료 1인칭 복수, Proclitic=ن/IVSUBJ_1P, Stem=روح/IV, Suffix=و/IVSUBJ_1P"
"OD-0569"	"A1"	"function"	"تاعهم"	"تاعهم"	"ta3hom"	"그들의 것"	"theirs; their"	"word"	"none"	"direct corpus"	"MADORAN_DIRECT"	"attested"	"S6"	"MADOran token 630; sentence 36"	"3인칭 복수 소유 표현; Stem=تاع/PREP; Enclitic=هم/POSS_PRON"
"OD-0570"	"A1"	"function"	"معاكم"	"معاكم"	"m3akom"	"여러분과 함께"	"with you (plural)"	"word"	"none"	"direct corpus"	"MADORAN_DIRECT"	"attested"	"S6"	"MADOran token 1859; sentence 88"	"전치사+2인칭 복수 접미사; Stem=معا/PREP; Enclitic=كم/POSS_PRON"
"OD-0571"	"A1"	"verbs"	"زيد"	"زيد"	"zid"	"더해!; 더"	"more; add!"	"word"	"none"	"direct corpus"	"MADORAN_DIRECT"	"attested"	"S6"	"MADOran token 6061; sentence 319"	"2인칭 남성 명령형; Stem=زيد/CV; Enclitic=(null)/CVSUFF_SUBJ :2MS"
"OD-0572"	"A1"	"state"	"علابالي"	"علابالي"	"3labali"	"나는 안다"	"I know"	"word"	"none"	"direct corpus"	"MADORAN_DIRECT"	"attested"	"S6"	"MADOran token 16130; sentence 754"	"관용적 인지 표현, على/PREP + بال/NOUN_ABSTRACT + ي/POSS_PRON_1S, 전체 의미 나는 안다"
"OD-0573"	"A1"	"function"	"معاها"	"معاها"	"m3aha"	"그녀와 함께"	"with her"	"word"	"none"	"direct corpus"	"MADORAN_DIRECT"	"attested"	"S6"	"MADOran token 6721; sentence 343"	"전치사+3인칭 여성 접미사; Stem=معا/PREP; Enclitic=ها/POSS_PRON"
"OD-0574"	"A1"	"verbs"	"تخدم"	"تخدم"	"tkhdem"	"너는 일한다; 그녀는 일한다"	"you work; she works"	"word"	"none"	"direct corpus"	"MADORAN_DIRECT"	"attested"	"S6"	"MADOran token 1457; sentence 72"	"미완료형, 표면형만으로 2인칭 남성 단수와 3인칭 여성 단수가 중의적, Proclitic=ت/IV"
"OD-0575"	"A1"	"people"	"سيدي"	"سيدي"	"sidi"	"선생님; 어르신"	"sir; mister"	"word"	"none"	"direct corpus"	"MADORAN_DIRECT"	"attested"	"S6"	"MADOran token 2633; sentence 144"	"존칭 명사, Stem=سيد/NOUN_PERSON, Enclitic=ي/POSS_PRON_1S, 관용적으로 선생님·어르신"
"OD-0576"	"A1"	"demonstrative"	"داك"	"داك"	"dak"	"저것; 그"	"that"	"word"	"none"	"direct corpus"	"MADORAN_DIRECT"	"attested"	"S6"	"MADOran token 1764; sentence 85"	"남성 지시사; Stem=داك/DEM_PRON"
"OD-0577"	"A1"	"verbs"	"تعرف"	"تعرف"	"ta3ref"	"너는 안다; 그녀는 안다"	"you know; she knows"	"word"	"none"	"direct corpus"	"MADORAN_DIRECT"	"attested"	"S6"	"MADOran token 15680; sentence 730"	"미완료형, 표면형만으로 2인칭 남성 단수와 3인칭 여성 단수가 중의적, Proclitic=ت/IV"
"OD-0578"	"A1"	"verbs"	"جاو"	"جاو"	"jaw"	"그들이 왔다"	"they came"	"word"	"none"	"direct corpus"	"MADORAN_DIRECT"	"attested"	"S6"	"MADOran token 97; sentence 8"	"완료형 3인칭 복수; Stem=جا/PV; Enclitic=و/PVSUFF_SUBJ:3MP"
"OD-0579"	"A1"	"verbs"	"تعرفي"	"تعرفي"	"ta3refi"	"너는 안다(여성)"	"you know (feminine)"	"word"	"none"	"direct corpus"	"MADORAN_DIRECT"	"attested"	"S6"	"MADOran token 1120; sentence 58"	"미완료 2인칭 여성; Stem=عرف/IV; Enclitic=ي/IVSUFF_SUBJ:2FS"
"OD-0580"	"A1"	"function"	"معانا"	"معانا"	"m3ana"	"우리와 함께"	"with us"	"word"	"none"	"direct corpus"	"MADORAN_DIRECT"	"attested"	"S6"	"MADOran token 324; sentence 20"	"전치사+1인칭 복수 접미사; Stem=معا/PREP; Enclitic=نا/POSS_PRON_1P"
"OD-0581"	"A1"	"verbs"	"يبغي"	"يبغي"	"ybghi"	"그는 원한다"	"he wants"	"word"	"none"	"direct corpus"	"MADORAN_DIRECT"	"attested"	"S6"	"MADOran token 1980; sentence 93"	"미완료 3인칭 남성; Stem=بغي/IV; Enclitic=(null)/IVSUFF_SUBJ: 3MS"
"OD-0582"	"A1"	"function"	"مي"	"مي"	"mi"	"하지만"	"but"	"word"	"none"	"direct corpus"	"MADORAN_DIRECT"	"attested"	"S6"	"MADOran token 4866; sentence 257"	"프랑스어 차용 접속사; Stem=مي/FOREIGN"
"OD-0583"	"A1"	"food"	"حلال"	"حلال"	"7lal"	"할랄의; 허용된"	"halal; permitted"	"word"	"none"	"direct corpus"	"MADORAN_DIRECT"	"attested"	"S6"	"MADOran token 2986; sentence 164"	"문화·종교 형용사·보통명사, Stem=حلال/ADJ_QUALIT 또는 NOUN_ABSTRACT"
"OD-0584"	"A1"	"state"	"معنديش"	"معنديش"	"ma3andich"	"나는 가지고 있지 않다"	"I do not have"	"word"	"none"	"direct corpus"	"MADORAN_DIRECT"	"attested"	"S6"	"MADOran token 1948; sentence 91"	"1인칭 소유 부정, Proclitic=ما/NEG_PART, Stem=عند/NOUN, Enclitic=ي/POSS_PRON_1S + ش/NEG_PART"
"OD-0585"	"A2"	"verbs"	"تلقاهم"	"تلقاهم"	"tl9ahm"	"너(남성 단수)는 그들을 찾는다"	"you (m.sg.) find them"	"word"	"none"	"direct corpus"	"MADORAN_DIRECT"	"attested"	"S6"	"MADOran token 6566; sentence 339"	"미완료형; 형태 태그상 주어=너(남성 단수); 목적어 접사=그들을"
"OD-0586"	"A2"	"verbs"	"نعطيكم"	"نعطيكم"	"n3tykm"	"나는 너희에게 준다"	"I give you (pl.)"	"word"	"none"	"direct corpus"	"MADORAN_DIRECT"	"attested"	"S6"	"MADOran token 25954; sentence 1174"	"1SG n- + 2PL object; sentence 1174 단일 화자"
"OD-0587"	"A2"	"verbs"	"مبغاوش"	"مبغاوش"	"mbghawch"	"그들은 원하지 않았다"	"they did not want"	"word"	"none"	"direct corpus"	"MADORAN_DIRECT"	"attested"	"S6"	"MADOran token 325; sentence 20"	"완료형; 형태 태그상 주어=그들; ma-/m-…-ch 부정 표면형"
"OD-0588"	"A2"	"verbs"	"نديروها"	"نديروها"	"ndyrwha"	"우리는 그것(여성형)을 한다"	"we do it (f.)"	"word"	"none"	"direct corpus"	"MADORAN_DIRECT"	"attested"	"S6"	"MADOran token 8015; sentence 387"	"미완료형; 형태 태그상 주어=우리; 목적어 접사=그녀를/그것(여성)을"
"OD-0589"	"A2"	"verbs"	"يسموه"	"يسموه"	"ysmwh"	"그들은 그를/그것(남성)을 부른다"	"they name him/it (m.)"	"word"	"none"	"direct corpus"	"MADORAN_DIRECT"	"attested"	"S6"	"MADOran token 5272; sentence 273"	"미완료형; 형태 태그상 주어=그들; 목적어 접사=그를/그것(남성)을"
"OD-0590"	"A2"	"verbs"	"منهدروش"	"منهدروش"	"mnhdrwch"	"우리는 말하지 않는다"	"we do not speak"	"word"	"none"	"direct corpus"	"MADORAN_DIRECT"	"attested"	"S6"	"MADOran token 5474; sentence 281"	"미완료형; 형태 태그상 주어=우리; ma-/m-…-ch 부정 표면형"
"OD-0591"	"A2"	"verbs"	"نشبهولها"	"نشبهولها"	"nchbhwlha"	"우리는 그녀를 닮았다; 닮는다"	"we resemble her"	"word"	"none"	"direct corpus"	"MADORAN_DIRECT"	"attested"	"S6"	"MADOran token 10872; sentence 549"	"لها는 비교 대상; 별도 'it' 목적어 없음"
"OD-0592"	"A2"	"verbs"	"يعيطولهم"	"يعيطولهم"	"y3ytwlhm"	"그들은 그들을 ~라고 부른다"	"they call/name them"	"word"	"none"	"direct corpus"	"MADORAN_DIRECT"	"attested"	"S6"	"MADOran token 26272; sentence 1186"	"sentence 1186의 명명 용법; 전화 의미 아님"
"OD-0593"	"A2"	"verbs"	"نسموه"	"نسموه"	"nsmwh"	"우리는 그를/그것(남성)을 부른다"	"we name him/it (m.)"	"word"	"none"	"direct corpus"	"MADORAN_DIRECT"	"attested"	"S6"	"MADOran token 1205; sentence 61"	"미완료형; 형태 태그상 주어=우리; 목적어 접사=그를/그것(남성)을"
"OD-0594"	"A2"	"verbs"	"نخلوها"	"نخلوها"	"nkhlwha"	"우리는 그녀를/그것을 내버려 둔다"	"we leave her/it alone"	"word"	"none"	"direct corpus"	"MADORAN_DIRECT"	"attested"	"S6"	"MADOran token 7753; sentence 376"	"미완료형; 형태 태그상 주어=우리; 목적어 접사=그녀를/그것(여성)을"
"OD-0595"	"A2"	"verbs"	"تبغيها"	"تبغيها"	"tbghyha"	"너(여성 단수)는 그녀를/그것(여성)을 원한다"	"you (f.sg.) want her/it (f.)"	"word"	"none"	"direct corpus"	"MADORAN_DIRECT"	"attested"	"S6"	"MADOran token 7840; sentence 381"	"미완료형; 형태 태그상 주어=너(여성 단수); 목적어 접사=그녀를/그것(여성)을"
"OD-0596"	"A2"	"verbs"	"يقولوله"	"يقولوله"	"y9wlwlh"	"그들은 그를 ~라고 부른다"	"they call him (a name/label)"	"word"	"none"	"direct corpus"	"MADORAN_DIRECT"	"attested"	"S6"	"MADOran token 26420; sentence 1192"	"sentence 1192의 naming predicate"
"OD-0597"	"A2"	"verbs"	"يقولهم"	"يقولهم"	"y9wlhm"	"그는 그들에게 말한다"	"he tells them"	"word"	"none"	"direct corpus"	"MADORAN_DIRECT"	"attested"	"S6"	"MADOran token 27117; sentence 1213"	"미완료형; 형태 태그상 주어=그; 목적어 접사=그들을"
"OD-0598"	"A2"	"verbs"	"نفهمك"	"نفهمك"	"nfhmk"	"나는 너(남성)를 이해한다"	"I understand you (m.sg.)"	"word"	"none"	"direct corpus"	"MADORAN_DIRECT"	"attested"	"S6"	"MADOran token 11891; sentence 591"	"미완료형; 형태 태그상 주어=나; 목적어 접사=너(남성)를"
"OD-0599"	"A2"	"verbs"	"يقولك"	"يقولك"	"y9wlk"	"그는 너에게 말한다"	"he tells you"	"word"	"none"	"direct corpus"	"MADORAN_DIRECT"	"attested"	"S6"	"MADOran token 1107; sentence 57"	"미완료형; 형태 태그상 주어=그; 소유·전치사 결합 접사=2인칭"
"OD-0600"	"A2"	"verbs"	"يسلمك"	"يسلمك"	"yslmk"	"그가 너를 지켜 주기를 바란다"	"may God keep you safe"	"word"	"none"	"direct corpus"	"MADORAN_DIRECT"	"attested"	"S6"	"MADOran token 2946; sentence 161"	"미완료형; 형태 태그상 주어=그; 목적어 접사=너(남성)를"
"OD-0601"	"A2"	"verbs"	"قعدوا"	"قعدوا"	"93dwa"	"그들은 계속 ~했다"	"they kept on; continued"	"word"	"none"	"direct corpus"	"MADORAN_DIRECT"	"attested"	"S6"	"MADOran token 759; sentence 41"	"aspectual قعدوا + IV; literal stayed 아님"
"OD-0602"	"A2"	"verbs"	"ماكان"	"ماكان"	"makan"	"없다; 없었다"	"there is/was not"	"word"	"none"	"direct corpus"	"MADORAN_DIRECT"	"attested"	"S6"	"MADOran token 2699; sentence 147"	"비인칭 존재 부정 표현; 3MS 인칭 번역 제거"
"OD-0603"	"A2"	"verbs"	"سمحيلي"	"سمحيلي"	"sm7yly"	"실례해 줘; 용서해 줘 (여성 단수에게 하는 명령)"	"excuse me (imperative, f.sg.)"	"word"	"none"	"direct corpus"	"MADORAN_DIRECT"	"attested"	"S6"	"MADOran token 2795; sentence 151"	"명령형; 형태 태그상 주어=너(여성 단수); 소유·전치사 결합 접사=1인칭 단수"
"OD-0604"	"A2"	"verbs"	"نقولها"	"نقولها"	"n9wlha"	"나는 그녀에게 말한다/그것을 말한다"	"I tell her / say it"	"word"	"none"	"direct corpus"	"MADORAN_DIRECT"	"attested"	"S6"	"MADOran token 2832; sentence 152"	"미완료형; 형태 태그상 주어=나; 목적어 접사=그녀를/그것(여성)을"
"OD-0605"	"A2"	"verbs"	"نحكيلكم"	"نحكيلكم"	"n7kylkm"	"나는 너희에게 이야기해 준다"	"I tell you (pl.)"	"word"	"none"	"direct corpus"	"MADORAN_DIRECT"	"attested"	"S6"	"MADOran token 3865; sentence 214"	"미완료형; 형태 태그상 주어=나; 소유·전치사 결합 접사=2인칭 복수"
"OD-0606"	"A2"	"verbs"	"يقوله"	"يقوله"	"y9wlh"	"그는 그에게 말한다"	"he tells him"	"word"	"none"	"direct corpus"	"MADORAN_DIRECT"	"attested"	"S6"	"MADOran token 4880; sentence 258"	"미완료형; 형태 태그상 주어=그; 목적어 접사=그를/그것(남성)을"
"OD-0607"	"A2"	"verbs"	"متقدش"	"متقدش"	"mt9dch"	"너(남성 단수)는 할 수 없다"	"you (m.sg.) cannot"	"word"	"none"	"direct corpus"	"MADORAN_DIRECT"	"attested"	"S6"	"MADOran token 13153; sentence 636"	"미완료형; 형태 태그상 주어=너(남성 단수); ma-/m-…-ch 부정 표면형"
"OD-0608"	"A2"	"verbs"	"تلقاها"	"تلقاها"	"tl9aha"	"너(남성 단수)는 그녀를/그것(여성)을 찾는다"	"you (m.sg.) find her/it (f.)"	"word"	"none"	"direct corpus"	"MADORAN_DIRECT"	"attested"	"S6"	"MADOran token 135; sentence 9"	"미완료형; 형태 태그상 주어=너(남성 단수); 목적어 접사=그녀를/그것(여성)을"
"OD-0609"	"A2"	"verbs"	"تلقاه"	"تلقاه"	"tl9ah"	"너(남성 단수)는 그를/그것(남성)을 찾는다"	"you (m.sg.) find him/it (m.)"	"word"	"none"	"direct corpus"	"MADORAN_DIRECT"	"attested"	"S6"	"MADOran token 6518; sentence 337"	"미완료형; 형태 태그상 주어=너(남성 단수); 목적어 접사=그를/그것(남성)을"
"OD-0610"	"A2"	"verbs"	"يحفظك"	"يحفظك"	"y7fdhk"	"하느님이 너를 지켜 주시길"	"may God protect you"	"word"	"none"	"direct corpus"	"MADORAN_DIRECT"	"attested"	"S6"	"MADOran token 13453; sentence 646"	"ربي يحفظك 축원구"
"OD-0611"	"A2"	"verbs"	"فهمتني"	"فهمتني"	"fhmtny"	"너는 나를 이해했다"	"you understood me"	"word"	"none"	"direct corpus"	"MADORAN_DIRECT"	"attested"	"S6"	"MADOran token 14376; sentence 679"	"완료형; 주어=너(단수, 성별 문맥 의존); 목적어 접사=나를"
"OD-0612"	"A2"	"verbs"	"خلينا"	"خلينا"	"khlyna"	"우리가 ~하게 해 줘; 우리를 내버려 둬"	"let us (imperative, m.sg.)"	"word"	"none"	"direct corpus"	"MADORAN_DIRECT"	"attested"	"S6"	"MADOran token 16649; sentence 776"	"명령형; 형태 태그상 주어=너(남성 단수); 목적어 접사=우리를"
"OD-0613"	"A2"	"verbs"	"داروها"	"داروها"	"darwha"	"그들은 그것(여성형)을 했다"	"they did it (f.)"	"word"	"none"	"direct corpus"	"MADORAN_DIRECT"	"attested"	"S6"	"MADOran token 635; sentence 36"	"완료형; 주어=그들; 목적어 접사=그녀를/그것(여성)을"
"OD-0614"	"A2"	"verbs"	"معرفتش"	"معرفتش"	"m3rftch"	"나는 몰랐다"	"I did not know"	"word"	"none"	"direct corpus"	"MADORAN_DIRECT"	"attested"	"S6"	"MADOran token 4317; sentence 235"	"완료형; 형태 태그상 주어=나; ma-/m-…-ch 부정 표면형"
"OD-0615"	"A2"	"verbs"	"ميقدش"	"ميقدش"	"my9dch"	"그는 할 수 없다"	"he cannot"	"word"	"none"	"direct corpus"	"MADORAN_DIRECT"	"attested"	"S6"	"MADOran token 6475; sentence 335"	"미완료형; 형태 태그상 주어=그; ma-/m-…-ch 부정 표면형"
"OD-0616"	"A2"	"verbs"	"يرحمه"	"يرحمه"	"yr7mh"	"하느님이 그에게 자비를 베푸시길"	"may God have mercy on him"	"word"	"none"	"direct corpus"	"MADORAN_DIRECT"	"attested"	"S6"	"MADOran token 6776; sentence 345"	"الله يرحمه 축원구"
"OD-0617"	"A2"	"verbs"	"تسقسيه"	"تسقسيه"	"ts9syh"	"너(남성 단수)는 그에게 묻는다"	"you (m.sg.) ask him"	"word"	"none"	"direct corpus"	"MADORAN_DIRECT"	"attested"	"S6"	"MADOran token 6802; sentence 346"	"미완료형; 형태 태그상 주어=너(남성 단수); 목적어 접사=그를/그것(남성)을"
"OD-0618"	"A2"	"verbs"	"يعجبك"	"يعجبك"	"y3jbk"	"그것이 네 마음에 든다"	"you like it"	"word"	"none"	"direct corpus"	"MADORAN_DIRECT"	"attested"	"S6"	"MADOran token 10076; sentence 508"	"미완료형; 문법적 주어=그것/그; 목적어 접사=너(남성)를; 자연 의미는 “네 마음에 들다”"
"OD-0619"	"A2"	"verbs"	"يخليك"	"يخليك"	"ykhlyk"	"하느님이 너를 지켜 주시길"	"may God keep/bless you"	"word"	"none"	"direct corpus"	"MADORAN_DIRECT"	"attested"	"S6"	"MADOran token 10380; sentence 527"	"الله يخليك의 공손·축원 용법"
"OD-0620"	"A2"	"verbs"	"منطولش"	"منطولش"	"mntwlch"	"나는 오래 걸리지 않는다"	"I do not take long"	"word"	"none"	"direct corpus"	"MADORAN_DIRECT"	"attested"	"S6"	"MADOran token 14078; sentence 668"	"미완료형; 형태 태그상 주어=나; ma-/m-…-ch 부정 표면형"
"OD-0621"	"A2"	"verbs"	"نجيبها"	"نجيبها"	"njybha"	"나는 그녀를/그것을 가져온다"	"I bring her/it"	"word"	"none"	"direct corpus"	"MADORAN_DIRECT"	"attested"	"S6"	"MADOran token 254; sentence 16"	"미완료형; 형태 태그상 주어=나; 목적어 접사=그녀를/그것(여성)을"
"OD-0622"	"A2"	"verbs"	"تخليها"	"تخليها"	"tkhlyha"	"너(남성 단수)는 그녀를/그것을 내버려 둔다"	"you (m.sg.) leave her/it alone"	"word"	"none"	"direct corpus"	"MADORAN_DIRECT"	"attested"	"S6"	"MADOran token 401; sentence 24"	"미완료형; 형태 태그상 주어=너(남성 단수); 목적어 접사=그녀를/그것(여성)을"
"OD-0623"	"A2"	"verbs"	"دارولي"	"دارولي"	"darwly"	"그들은 나에게 해 주었다"	"they did it for me"	"word"	"none"	"direct corpus"	"MADORAN_DIRECT"	"attested"	"S6"	"MADOran token 420; sentence 26"	"완료형; 주어=그들; 전치사 결합 접사=나에게/나를 위해"
"OD-0624"	"A2"	"verbs"	"مدولي"	"مدولي"	"mdwly"	"그들은 나에게 주었다"	"they gave me"	"word"	"none"	"direct corpus"	"MADORAN_DIRECT"	"attested"	"S6"	"MADOran token 3867; sentence 214"	"완료형; 형태 태그상 주어=그들; 소유·전치사 결합 접사=1인칭 단수"
"OD-0625"	"A2"	"verbs"	"يعرفها"	"يعرفها"	"y3rfha"	"그는 그녀를/그것(여성)을 안다"	"he knows her/it (f.)"	"word"	"none"	"direct corpus"	"MADORAN_DIRECT"	"attested"	"S6"	"MADOran token 3932; sentence 217"	"미완료형; 형태 태그상 주어=그; 목적어 접사=그녀를/그것(여성)을"
"OD-0626"	"A2"	"verbs"	"نديرها"	"نديرها"	"ndyrha"	"나는 그것(여성형)을 한다"	"I do it (f.)"	"word"	"none"	"direct corpus"	"MADORAN_DIRECT"	"attested"	"S6"	"MADOran token 8141; sentence 391"	"미완료형; 형태 태그상 주어=나; 목적어 접사=그녀를/그것(여성)을"
"OD-0627"	"A2"	"verbs"	"نبغيها"	"نبغيها"	"nbghyha"	"나는 그녀를/그것(여성)을 원한다"	"I want her/it (f.)"	"word"	"none"	"direct corpus"	"MADORAN_DIRECT"	"attested"	"S6"	"MADOran token 9060; sentence 422"	"미완료형; 형태 태그상 주어=나; 목적어 접사=그녀를/그것(여성)을"
"OD-0628"	"A2"	"verbs"	"نوصلك"	"نوصلك"	"nwslk"	"나는 너를 데려다준다"	"I take you / get you there"	"word"	"none"	"direct corpus"	"MADORAN_DIRECT"	"attested"	"S6"	"MADOran token 10326; sentence 525"	"미완료형; 형태 태그상 주어=나; 목적어 접사=너(남성)를"
"OD-0629"	"A2"	"verbs"	"منبغيش"	"منبغيش"	"mnbghych"	"나는 원하지 않는다"	"I do not want"	"word"	"none"	"direct corpus"	"MADORAN_DIRECT"	"attested"	"S6"	"MADOran token 11215; sentence 564"	"미완료형; 형태 태그상 주어=나; ma-/m-…-ch 부정 표면형"
"OD-0630"	"A2"	"verbs"	"منعرفش"	"منعرفش"	"mn3rfch"	"나는 모른다"	"I do not know"	"word"	"none"	"direct corpus"	"MADORAN_DIRECT"	"attested"	"S6"	"MADOran token 11254; sentence 566"	"미완료형; 형태 태그상 주어=나; ma-/m-…-ch 부정 표면형"
"OD-0631"	"A2"	"verbs"	"نحبك"	"نحبك"	"n7bk"	"나는 너를 사랑한다"	"I love you (m.sg.)"	"word"	"none"	"direct corpus"	"MADORAN_DIRECT"	"attested"	"S6"	"MADOran token 12420; sentence 612"	"미완료형; 형태 태그상 주어=나; 목적어 접사=너(남성)를"
"OD-0632"	"A2"	"verbs"	"منقدش"	"منقدش"	"mn9dch"	"나는 할 수 없다"	"I cannot"	"word"	"none"	"direct corpus"	"MADORAN_DIRECT"	"attested"	"S6"	"MADOran token 13519; sentence 648"	"미완료형; 형태 태그상 주어=나; ma-/m-…-ch 부정 표면형"
"OD-0633"	"A2"	"verbs"	"تعطيه"	"تعطيه"	"t3tyh"	"너(남성 단수)는 그에게 준다/그것을 준다"	"you (m.sg.) give him/it (m.)"	"word"	"none"	"direct corpus"	"MADORAN_DIRECT"	"attested"	"S6"	"MADOran token 13602; sentence 652"	"미완료형; 형태 태그상 주어=너(남성 단수); 목적어 접사=그를/그것(남성)을"
"OD-0634"	"A2"	"verbs"	"نشدلك"	"نشدلك"	"nchdlk"	"나는 너를 위해 잡아 준다"	"I hold it for you"	"word"	"none"	"direct corpus"	"MADORAN_DIRECT"	"attested"	"S6"	"MADOran token 16024; sentence 747"	"미완료형; 형태 태그상 주어=나; 소유·전치사 결합 접사=2인칭"
"OD-0635"	"A2"	"verbs"	"نعاودها"	"نعاودها"	"n3awdha"	"나는 그녀를/그것(여성)을 반복한다"	"I repeat her/it (f.)"	"word"	"none"	"direct corpus"	"MADORAN_DIRECT"	"attested"	"S6"	"MADOran token 19682; sentence 900"	"미완료형; 형태 태그상 주어=나; 목적어 접사=그녀를/그것(여성)을"
"OD-0636"	"A2"	"verbs"	"تخلصوها"	"تخلصوها"	"tkhlswha"	"너희가 그 대가를 치른다"	"you will pay for it"	"word"	"none"	"direct corpus"	"MADORAN_DIRECT"	"attested"	"S6"	"MADOran token 21023; sentence 968"	"idiomatic تخلصوها"
"OD-0637"	"A2"	"verbs"	"ياكلك"	"ياكلك"	"yaklk"	"그는 너(남성)를 먹는다"	"he eats you (m.sg.)"	"word"	"none"	"direct corpus"	"MADORAN_DIRECT"	"attested"	"S6"	"MADOran token 23419; sentence 1079"	"미완료형; 형태 태그상 주어=그; 목적어 접사=너(남성)를"
"OD-0638"	"A2"	"verbs"	"نحكيها"	"نحكيها"	"n7kyha"	"나는 그것(여성형)에 대해 이야기한다"	"I talk about it (f.)"	"word"	"none"	"direct corpus"	"MADORAN_DIRECT"	"attested"	"S6"	"MADOran token 26084; sentence 1179"	"미완료형; 형태 태그상 주어=나; 목적어 접사=그녀를/그것(여성)을"
"OD-0639"	"A2"	"verbs"	"تعرفش"	"تعرفش"	"t3rfch"	"너(남성 단수)는 모른다"	"you (m.sg.) do not know"	"word"	"none"	"direct corpus"	"MADORAN_DIRECT"	"attested"	"S6"	"MADOran token 27726; sentence 1229"	"미완료형; 형태 태그상 주어=너(남성 단수); ma-/m-…-ch 부정 표면형"
"OD-0640"	"A2"	"verbs"	"يعييك"	"يعييك"	"y3yyk"	"그것이 너를 지치게 한다"	"it tires you"	"word"	"none"	"direct corpus"	"MADORAN_DIRECT"	"attested"	"S6"	"MADOran token 2447; sentence 120"	"미완료형; 형태 태그상 주어=그; 목적어 접사=너(남성)를"
"OD-0641"	"A2"	"verbs"	"نخطبلك"	"نخطبلك"	"nkhtblk"	"나는 너를 위해 신부를 구한다; 혼담을 넣는다"	"I seek/propose a bride for you"	"word"	"none"	"direct corpus"	"MADORAN_DIRECT"	"attested"	"S6"	"MADOran token 6009; sentence 316"	"어머니가 아들에게 말하는 혼담 문맥"
"OD-0642"	"A2"	"verbs"	"نخليكم"	"نخليكم"	"nkhlykm"	"나는 너희를 내버려 둔다"	"I leave you (pl.) alone"	"word"	"none"	"direct corpus"	"MADORAN_DIRECT"	"attested"	"S6"	"MADOran token 7390; sentence 364"	"미완료형; 형태 태그상 주어=나; 목적어 접사=너희를"
"OD-0643"	"A2"	"verbs"	"نجيبهالك"	"نجيبهالك"	"njybhalk"	"나는 그것(여성형)을 너에게 가져다준다"	"I bring it (f.) to you"	"word"	"none"	"direct corpus"	"MADORAN_DIRECT"	"attested"	"S6"	"MADOran token 17889; sentence 826"	"미완료형; 주어=나; 목적어=그것(여성); 간접목적어=너에게"
"OD-0644"	"A2"	"verbs"	"تخطبني"	"تخطبني"	"tkhtbny"	"너(남성 단수)는 나에게 청혼한다"	"you (m.sg.) propose to me"	"word"	"none"	"direct corpus"	"MADORAN_DIRECT"	"attested"	"S6"	"MADOran token 18413; sentence 852"	"미완료형; 형태 태그상 주어=너(남성 단수); 목적어 접사=나를"
"OD-0645"	"A2"	"verbs"	"نديرلك"	"ندريلك"	"ndirlek"	"나는 너를 위해 해 준다"	"I do it for you"	"word"	"none"	"lemma_from_attested"	"MADORAN_LEMMA_FROM_ATTESTED"	"lemma_from_attested"	"S6"	"MADOran token 19891; sentence 908"	"exact_surface=ندريلك; normalized_lemma=نديرلك; 원문 철자 전도 교정"
"OD-0646"	"A2"	"verbs"	"نصيده"	"نصيده"	"nsydh"	"나는 그를/그것(남성)을 사냥한다"	"I hunt him/it (m.)"	"word"	"none"	"direct corpus"	"MADORAN_DIRECT"	"attested"	"S6"	"MADOran token 22425; sentence 1041"	"미완료형; 형태 태그상 주어=나; 목적어 접사=그를/그것(남성)을"
"OD-0647"	"A2"	"verbs"	"نخبرك"	"نخبرك"	"nkhbrk"	"나는 너에게 알려 준다"	"I tell you"	"word"	"none"	"direct corpus"	"MADORAN_DIRECT"	"attested"	"S6"	"MADOran token 23733; sentence 1090"	"미완료형; 형태 태그상 주어=나; 목적어 접사=너(남성)를"
"OD-0648"	"A2"	"verbs"	"نجموش"	"نجموش"	"njmwch"	"그들은 할 수 없었다"	"they could not"	"word"	"none"	"direct corpus"	"MADORAN_DIRECT"	"attested"	"S6"	"MADOran token 27433; sentence 1220"	"sentence 1220의 주제는 Spaniards; 3PL 문맥"
"OD-0649"	"A2"	"verbs"	"يقولوا"	"يقولوا"	"y9wlwa"	"그들은 말한다"	"they say /  tell"	"word"	"none"	"direct corpus"	"MADORAN_DIRECT"	"attested"	"S6"	"MADOran token 355; sentence 22"	"미완료형; 형태 태그상 주어=그들"
"OD-0650"	"A2"	"verbs"	"يهدروا"	"يهدروا"	"yhdrwa"	"그들은 말한다"	"they speak"	"word"	"none"	"direct corpus"	"MADORAN_DIRECT"	"attested"	"S6"	"MADOran token 5414; sentence 279"	"미완료형; 형태 태그상 주어=그들"
"OD-0651"	"A2"	"verbs"	"نهدرو"	"نهدرو"	"nhdrw"	"우리는 말한다"	"we speak / talk"	"word"	"none"	"direct corpus"	"MADORAN_DIRECT"	"attested"	"S6"	"MADOran token 11126; sentence 559"	"미완료형; 형태 태그상 주어=우리"
"OD-0652"	"A2"	"general"	"علبالك"	"علبالك"	"3lbalk"	"너는 알고 있다"	"you know"	"word"	"none"	"direct corpus"	"MADORAN_DIRECT"	"attested"	"S6"	"MADOran token 2975; sentence 164"	"고정 표현 3la balk; 접사=2인칭 단수; 의미 “너는 알고 있다”"
"OD-0653"	"A2"	"verbs"	"سمحلي"	"سمحلي"	"sm7ly"	"나를 용서해 줘 (남성 단수에게)"	"forgive me (imperative, m.sg.)"	"word"	"none"	"direct corpus"	"MADORAN_DIRECT"	"attested"	"S6"	"MADOran token 5744; sentence 292"	"명령형; 형태 태그상 주어=너(남성 단수); 소유·전치사 결합 접사=1인칭 단수"
"OD-0654"	"A2"	"general"	"علبالي"	"علبالي"	"3lbaly"	"나는 알고 있다"	"I know"	"word"	"none"	"direct corpus"	"MADORAN_DIRECT"	"attested"	"S6"	"MADOran token 3692; sentence 207"	"소유·전치사 결합 접사=1인칭 단수"
"OD-0655"	"A2"	"verbs"	"نديروا"	"نديروا"	"ndyrwa"	"우리는 한다"	"we do"	"word"	"none"	"direct corpus"	"MADORAN_DIRECT"	"attested"	"S6"	"MADOran token 4031; sentence 221"	"미완료형; 형태 태그상 주어=우리"
"OD-0656"	"A2"	"verbs"	"تكوني"	"تكوني"	"tkwny"	"너(여성 단수)는 ~이다/있다"	"you (f.sg.) are / will be"	"word"	"none"	"direct corpus"	"MADORAN_DIRECT"	"attested"	"S6"	"MADOran token 4300; sentence 234"	"미완료형; 형태 태그상 주어=너(여성 단수)"
"OD-0657"	"A2"	"verbs"	"درتها"	"درتها"	"drtha"	"너(남성 단수)는 그것(여성형)을 했다"	"you (m.sg.) did it (f.)"	"word"	"none"	"direct corpus"	"MADORAN_DIRECT"	"attested"	"S6"	"MADOran token 4305; sentence 235"	"완료형; 형태 태그상 주어=너(남성 단수); 목적어 접사=그녀를/그것(여성)을"
"OD-0658"	"A2"	"verbs"	"نزيدو"	"نزيدو"	"nzydw"	"우리는 더한다"	"we add"	"word"	"none"	"direct corpus"	"MADORAN_DIRECT"	"attested"	"S6"	"MADOran token 7545; sentence 369"	"미완료형; 형태 태그상 주어=우리"
"OD-0659"	"A2"	"verbs"	"نولو"	"نولو"	"nwlw"	"우리는 돌아간다"	"we go back"	"word"	"none"	"direct corpus"	"MADORAN_DIRECT"	"attested"	"S6"	"MADOran token 7558; sentence 369"	"미완료형; 형태 태그상 주어=우리"
"OD-0660"	"A2"	"verbs"	"نقعدو"	"نقعدو"	"n93dw"	"우리는 계속 머문다"	"we stay / keep on"	"word"	"none"	"direct corpus"	"MADORAN_DIRECT"	"attested"	"S6"	"MADOran token 7678; sentence 374"	"미완료형; 형태 태그상 주어=우리"
"OD-0661"	"A2"	"general"	"بعضهم"	"بعضهم"	"b3dhm"	"그들 중 일부"	"some of them"	"word"	"none"	"direct corpus"	"MADORAN_DIRECT"	"attested"	"S6"	"MADOran token 11795; sentence 587"	"소유·전치사 결합 접사=3인칭 남성 복수"
"OD-0662"	"A2"	"verbs"	"يظلوا"	"يظلوا"	"ydhlwa"	"그들은 계속 머문다"	"they stay / remain"	"word"	"none"	"direct corpus"	"MADORAN_DIRECT"	"attested"	"S6"	"MADOran token 12316; sentence 608"	"미완료형; 형태 태그상 주어=그들"
"OD-0663"	"A2"	"verbs"	"نحكوا"	"نحكوا"	"n7kwa"	"우리는 이야기한다"	"we talk / discuss"	"word"	"none"	"direct corpus"	"MADORAN_DIRECT"	"attested"	"S6"	"MADOran token 116; sentence 8"	"미완료형; 형태 태그상 주어=우리"
"OD-0664"	"A2"	"verbs"	"يديروا"	"يديروا"	"ydyrwa"	"그들은 한다"	"they do"	"word"	"none"	"direct corpus"	"MADORAN_DIRECT"	"attested"	"S6"	"MADOran token 903; sentence 47"	"미완료형; 형태 태그상 주어=그들"
"OD-0665"	"A2"	"verbs"	"يخرجوا"	"يخرجوا"	"ykhrjwa"	"그들은 나간다"	"they go out /  leave"	"word"	"none"	"direct corpus"	"MADORAN_DIRECT"	"attested"	"S6"	"MADOran token 1026; sentence 53"	"미완료형; 형태 태그상 주어=그들"
"OD-0666"	"A2"	"general"	"معلبليش"	"معلبليش"	"m3lblych"	"나는 모른다"	"I do not know"	"word"	"none"	"direct corpus"	"MADORAN_DIRECT"	"attested"	"S6"	"MADOran token 4156; sentence 227"	"고정 부정 표현 ma 3la balich; 접사=1인칭 단수; 의미 “나는 모른다”"
"OD-0667"	"A2"	"verbs"	"يديرو"	"يديرو"	"ydyrw"	"그들은 한다"	"they do"	"word"	"none"	"direct corpus"	"MADORAN_DIRECT"	"attested"	"S6"	"MADOran token 4757; sentence 252"	"미완료형; 형태 태그상 주어=그들"
"OD-0668"	"A2"	"verbs"	"صرالها"	"صرالها"	"sralha"	"그녀에게 일이 생겼다"	"something happened to her"	"word"	"none"	"direct corpus"	"MADORAN_DIRECT"	"attested"	"S6"	"MADOran token 4785; sentence 253"	"완료형; 형태 태그상 주어=그; 소유·전치사 결합 접사=3인칭 여성 단수"
"OD-0669"	"A2"	"verbs"	"نتلاقو"	"نتلاقو"	"ntla9w"	"우리는 만난다"	"we meet"	"word"	"none"	"direct corpus"	"MADORAN_DIRECT"	"attested"	"S6"	"MADOran token 4803; sentence 254"	"미완료형; 형태 태그상 주어=우리"
"OD-0670"	"A2"	"verbs"	"دارها"	"دارها"	"darha"	"그는 그것(여성형)을 했다"	"he did it (f.)"	"word"	"none"	"direct corpus"	"MADORAN_DIRECT"	"attested"	"S6"	"MADOran token 9778; sentence 464"	"완료형; 형태 태그상 주어=그; 목적어 접사=그녀를/그것(여성형)을"
"OD-0671"	"A2"	"verbs"	"تهدري"	"تهدري"	"thdry"	"너(여성 단수)는 말한다"	"you (f.sg.) speak / talk"	"word"	"none"	"direct corpus"	"MADORAN_DIRECT"	"attested"	"S6"	"MADOran token 14925; sentence 697"	"미완료형; -i로 2인칭 여성 단수"
"OD-0672"	"A2"	"verbs"	"طلقني"	"طلقني"	"tl9ny"	"나를 놓아주다 (명령)"	"release me (imperative, m.sg.)"	"word"	"none"	"direct corpus"	"MADORAN_DIRECT"	"attested"	"S6"	"MADOran token 18581; sentence 857"	"명령형; 형태 태그상 주어=너(남성 단수); 목적어 접사=나를"
"OD-0673"	"A2"	"general"	"علابالك"	"علابالك"	"3labalk"	"너는 알고 있다"	"you know"	"word"	"none"	"direct corpus"	"MADORAN_DIRECT"	"attested"	"S6"	"MADOran token 21290; sentence 979"	"소유·전치사 결합 접사=2인칭"
"OD-0674"	"A2"	"verbs"	"نتفاهموا"	"نتفاهموا"	"ntfahmwa"	"우리는 서로 합의한다"	"we agree"	"word"	"none"	"direct corpus"	"MADORAN_DIRECT"	"attested"	"S6"	"MADOran token 22901; sentence 1063"	"미완료형; 형태 태그상 주어=우리"
"OD-0675"	"A2"	"verbs"	"اسمحولي"	"اسمحولي"	"asm7wly"	"나를 용서해 주세요 (복수에게)"	"forgive me (imperative, pl.)"	"word"	"none"	"direct corpus"	"MADORAN_DIRECT"	"attested"	"S6"	"MADOran token 25170; sentence 1143"	"명령형; 형태 태그상 주어=너희; 소유·전치사 결합 접사=1인칭 단수"
"OD-0676"	"A2"	"verbs"	"اعطيني"	"اعطيني"	"a3tyny"	"나에게 줘 (남성 단수에게)"	"give me (imperative, m.sg.)"	"word"	"none"	"direct corpus"	"MADORAN_DIRECT"	"attested"	"S6"	"MADOran token 25570; sentence 1164"	"명령형; 형태 태그상 주어=너(남성 단수); 간접목적어 접사=나에게"
"OD-0677"	"A2"	"verbs"	"حطيته"	"حطيته"	"7tyth"	"나는 그것(남성형)을 놓았다"	"I put it (m.)"	"word"	"none"	"direct corpus"	"MADORAN_DIRECT"	"attested"	"S6"	"MADOran token 717; sentence 39"	"완료형; 형태 태그상 주어=나; 소유·전치사 결합 접사=3인칭 남성 단수"
"OD-0678"	"A2"	"verbs"	"عرفتني"	"عرفتني"	"3rftny"	"너는 나를 알아보았다"	"you recognized me"	"word"	"none"	"direct corpus"	"MADORAN_DIRECT"	"attested"	"S6"	"MADOran token 1673; sentence 81"	"완료형; 주어=너(단수, 성별 문맥 의존); 목적어 접사=나를"
"OD-0679"	"A2"	"verbs"	"سلكني"	"سلكني"	"slkny"	"나를 구해 줘 (남성 단수에게)"	"save me (imperative, m.sg.)"	"word"	"none"	"direct corpus"	"MADORAN_DIRECT"	"attested"	"S6"	"MADOran token 1799; sentence 86"	"명령형; 형태 태그상 주어=너(남성 단수); 목적어 접사=나를"
"OD-0680"	"A2"	"verbs"	"لقاه"	"لقاه"	"l9ah"	"그는 그를/그것을 찾았다"	"he found him/it"	"word"	"none"	"direct corpus"	"MADORAN_DIRECT"	"attested"	"S6"	"MADOran token 1811; sentence 86"	"완료형; 형태 태그상 주어=그; 목적어 접사=그를/그것(남성)을"
"OD-0681"	"A2"	"general"	"علابلك"	"علابلك"	"3lablk"	"너는 알고 있다"	"you know"	"word"	"none"	"direct corpus"	"MADORAN_DIRECT"	"attested"	"S6"	"MADOran token 2921; sentence 157"	"소유·전치사 결합 접사=2인칭"
"OD-0682"	"A2"	"verbs"	"تقارعي"	"تقارعي"	"t9ar3y"	"너(여성 단수)는 기다린다"	"you (f.sg.) wait"	"word"	"none"	"direct corpus"	"MADORAN_DIRECT"	"attested"	"S6"	"MADOran token 3061; sentence 173"	"미완료형; 형태 태그상 주어=너(여성 단수)"
"OD-0683"	"A2"	"general"	"فقناة"	"فقناة"	"f9naa"	"TV 채널에서"	"on a TV channel"	"word"	"none"	"direct corpus"	"MADORAN_DIRECT"	"attested"	"S6"	"MADOran token 5571; sentence 284"	"MADOran 표면형; 문맥에 따라 품사·의미 범위가 달라질 수 있음"
"OD-0684"	"A2"	"verbs"	"نعاودو"	"نعاودو"	"n3awdw"	"우리는 다시 한다"	"we do it again"	"word"	"none"	"direct corpus"	"MADORAN_DIRECT"	"attested"	"S6"	"MADOran token 5767; sentence 298"	"미완료형; 형태 태그상 주어=우리"
"OD-0685"	"A2"	"verbs"	"خاصني"	"خاصني"	"khasny"	"나는 필요하다"	"I need"	"word"	"none"	"direct corpus"	"MADORAN_DIRECT"	"attested"	"S6"	"MADOran token 6873; sentence 348"	"비동사적 필요 표현 khas-ni; 접사=1인칭 단수; 완료형·여성 주어 분석 아님"
"OD-0686"	"A2"	"verbs"	"نبدو"	"نبدو"	"nbdw"	"우리는 시작한다"	"we start"	"word"	"none"	"direct corpus"	"MADORAN_DIRECT"	"attested"	"S6"	"MADOran token 7398; sentence 365"	"미완료형; 형태 태그상 주어=우리"
"OD-0687"	"A2"	"verbs"	"تسمعي"	"تسمعي"	"tsm3y"	"너(여성 단수)는 듣는다"	"you (f.sg.) hear / listen"	"word"	"none"	"direct corpus"	"MADORAN_DIRECT"	"attested"	"S6"	"MADOran token 7756; sentence 377"	"미완료형; 형태 태그상 주어=너(여성 단수)"
"OD-0688"	"A2"	"verbs"	"خليه"	"خليه"	"khlyh"	"그것을 그대로 둬"	"leave it"	"word"	"none"	"direct corpus"	"MADORAN_DIRECT"	"attested"	"S6"	"MADOran token 8320; sentence 399"	"2MS imperative + 3MS object -ه"
"OD-0689"	"A2"	"verbs"	"يوكلوا"	"يوكلوا"	"ywklwa"	"그들은 먹인다"	"they feed"	"word"	"none"	"direct corpus"	"MADORAN_DIRECT"	"attested"	"S6"	"MADOran token 8939; sentence 418"	"미완료형; 형태 태그상 주어=그들"
"OD-0690"	"A2"	"verbs"	"ضربني"	"ضربني"	"drbny"	"그가 나를 때렸다"	"he hit me"	"word"	"none"	"direct corpus"	"MADORAN_DIRECT"	"attested"	"S6"	"MADOran token 9872; sentence 477"	"완료형; 주어=그(3인칭 남성 단수); 목적어 접사=나를"
"OD-0691"	"A2"	"verbs"	"تعومي"	"تعومي"	"t3wmy"	"너(여성 단수)는 수영한다"	"you (f.sg.) swim"	"word"	"none"	"direct corpus"	"MADORAN_DIRECT"	"attested"	"S6"	"MADOran token 10804; sentence 546"	"미완료형; 형태 태그상 주어=너(여성 단수)"
"OD-0692"	"A2"	"verbs"	"يبغو"	"يبغو"	"ybghw"	"그들은 원한다"	"they want"	"word"	"none"	"direct corpus"	"MADORAN_DIRECT"	"attested"	"S6"	"MADOran token 11789; sentence 587"	"미완료형; 형태 태그상 주어=그들"
"OD-0693"	"A2"	"general"	"بالسلامه"	"بالسلامه"	"balslamh"	"무사히; 안녕히"	"safely; goodbye"	"word"	"none"	"direct corpus"	"MADORAN_DIRECT"	"attested"	"S6"	"MADOran token 12279; sentence 606"	"MADOran 표면형; 문맥에 따라 품사·의미 범위가 달라질 수 있음"
"OD-0694"	"A2"	"verbs"	"يطاوعوا"	"يطاوعوا"	"ytaw3wa"	"그들은 따른다"	"they obey / comply"	"word"	"none"	"direct corpus"	"MADORAN_DIRECT"	"attested"	"S6"	"MADOran token 12317; sentence 608"	"미완료형; 형태 태그상 주어=그들"
"OD-0695"	"A2"	"verbs"	"ديرلك"	"ديرلك"	"dyrlk"	"그는/그녀는 너를 위해 해 준다"	"he/she does it for you"	"word"	"none"	"direct corpus"	"MADORAN_DIRECT"	"attested"	"S6"	"MADOran token 12880; sentence 629"	"미완료형/명령형 여부는 원문 형태 태그 재확인 필요; -lek=너에게/너를 위해"
"OD-0696"	"A2"	"general"	"بروحي"	"بروحي"	"brw7y"	"나 혼자; 스스로"	"by myself"	"word"	"none"	"direct corpus"	"MADORAN_DIRECT"	"attested"	"S6"	"MADOran token 13888; sentence 663"	"소유·전치사 결합 접사=1인칭 단수"
"OD-0697"	"A2"	"verbs"	"ديله"	"ديله"	"dylh"	"그에게 해 줘 (남성 단수에게)"	"do it for him (imperative, m.sg.)"	"word"	"none"	"direct corpus"	"MADORAN_DIRECT"	"attested"	"S6"	"MADOran token 14625; sentence 686"	"명령형; 형태 태그상 주어=너(남성 단수); 소유·전치사 결합 접사=3인칭 남성 단수"
"OD-0698"	"A2"	"verbs"	"عطيه"	"عطيه"	"3tyh"	"그에게 줘 (남성 단수에게)"	"give it to him (imperative, m.sg.)"	"word"	"none"	"direct corpus"	"MADORAN_DIRECT"	"attested"	"S6"	"MADOran token 14630; sentence 686"	"명령형; 형태 태그상 주어=너(남성 단수)"
"OD-0699"	"A2"	"verbs"	"خبرني"	"خبرني"	"khbrny"	"나에게 말해 줘"	"tell me (imperative, m.sg.)"	"word"	"none"	"direct corpus"	"MADORAN_DIRECT"	"attested"	"S6"	"MADOran token 14754; sentence 691"	"명령형 2MS + 1SG 목적어"
"OD-0700"	"A2"	"verbs"	"دخلك"	"دخلك"	"dkhlk"	"네가 무슨 상관이야?"	"what is it to you? / none of your business"	"word"	"none"	"direct corpus"	"MADORAN_DIRECT"	"attested"	"S6"	"MADOran token 14877; sentence 696"	"고정 표현 dakhlek; 2인칭 소유/관련 접사이며 “네가 무슨 상관이냐” 의미"
"OD-0701"	"A2"	"verbs"	"طيبلك"	"طيبلك"	"tyblk"	"그녀는 너를 위해 요리한다"	"she cooks for you"	"word"	"none"	"direct corpus"	"MADORAN_DIRECT"	"attested"	"S6"	"MADOran token 16296; sentence 760"	"habitual descriptive context"
"OD-0703"	"A2"	"general"	"لعمرك"	"لعمرك"	"l3mrk"	"너 자신을 위해"	"for yourself"	"word"	"none"	"direct corpus"	"MADORAN_DIRECT"	"attested"	"S6"	"MADOran token 23527; sentence 1083"	"locator-specific reflexive use"
"OD-0704"	"A2"	"verbs"	"يسموا"	"يسموا"	"ysmwa"	"그들은 부른다"	"they name"	"word"	"none"	"direct corpus"	"MADORAN_DIRECT"	"attested"	"S6"	"MADOran token 26388; sentence 1190"	"미완료형; 형태 태그상 주어=그들"
"OD-0705"	"A2"	"verbs"	"يدوروا"	"يدوروا"	"ydwrwa"	"그들은 돌아다닌다/돈다"	"they go around / turn"	"word"	"none"	"direct corpus"	"MADORAN_DIRECT"	"attested"	"S6"	"MADOran token 26516; sentence 1197"	"미완료형; 형태 태그상 주어=그들"
"OD-0706"	"A2"	"verbs"	"يخافوا"	"يخافوا"	"ykhafwa"	"그들은 두려워한다"	"they are afraid"	"word"	"none"	"direct corpus"	"MADORAN_DIRECT"	"attested"	"S6"	"MADOran token 26613; sentence 1199"	"미완료형; 형태 태그상 주어=그들"
"OD-0707"	"A2"	"verbs"	"يلعبوا"	"يلعبوا"	"yl3bwa"	"그들은 논다"	"they play"	"word"	"none"	"direct corpus"	"MADORAN_DIRECT"	"attested"	"S6"	"MADOran token 28450; sentence 1258"	"미완료형; 형태 태그상 주어=그들"
"OD-0708"	"A2"	"verbs"	"نخطبو"	"نخطبو"	"nkhtbw"	"우리는 청혼한다"	"we propose marriage"	"word"	"none"	"direct corpus"	"MADORAN_DIRECT"	"attested"	"S6"	"MADOran token 6033; sentence 318"	"미완료형; 형태 태그상 주어=우리"
"OD-0709"	"A2"	"verbs"	"نطيبو"	"نطيبو"	"ntybw"	"우리는 요리한다"	"we cook"	"word"	"none"	"direct corpus"	"MADORAN_DIRECT"	"attested"	"S6"	"MADOran token 13214; sentence 639"	"미완료형; 형태 태그상 주어=우리"
"OD-0710"	"A2"	"verbs"	"نتكلو"	"نتكلو"	"ntklw"	"우리는 의지한다"	"we rely / trust"	"word"	"none"	"direct corpus"	"MADORAN_DIRECT"	"attested"	"S6"	"MADOran token 17132; sentence 794"	"미완료형; 형태 태그상 주어=우리"
"OD-0711"	"A2"	"verbs"	"نصيدوا"	"نصيدوا"	"nsydwa"	"우리는 사냥한다"	"we hunt"	"word"	"none"	"direct corpus"	"MADORAN_DIRECT"	"attested"	"S6"	"MADOran token 24008; sentence 1100"	"미완료형; 형태 태그상 주어=우리"
"OD-0712"	"A2"	"general"	"روحي"	"روحي"	"rw7y"	"내 영혼; 나 자신"	"my soul; myself"	"word"	"none"	"direct corpus"	"MADORAN_DIRECT"	"attested"	"S6"	"MADOran token 1907; sentence 90"	"소유·전치사 결합 접사=1인칭 단수"
"OD-0713"	"A2"	"general"	"روحك"	"روحك"	"rw7k"	"네 영혼; 너 자신"	"your soul; yourself"	"word"	"none"	"direct corpus"	"MADORAN_DIRECT"	"attested"	"S6"	"MADOran token 1913; sentence 90"	"소유·전치사 결합 접사=2인칭"
"OD-0714"	"A2"	"adjectives"	"عمري"	"عمري"	"3mry"	"내 삶; 내 사랑"	"my life; my dear"	"word"	"none"	"direct corpus"	"MADORAN_DIRECT"	"attested"	"S6"	"MADOran token 4696; sentence 250"	"소유·전치사 결합 접사=1인칭 단수"
"OD-0715"	"A2"	"general"	"مالكي"	"مالكي"	"malky"	"너(여성 단수)는 왜 그래?"	"what is wrong with you? (f.sg.)"	"word"	"none"	"direct corpus"	"MADORAN_DIRECT"	"attested"	"S6"	"MADOran token 9083; sentence 422"	"mal-ki에서 -ki=2인칭 여성 단수"
"OD-0716"	"A2"	"general"	"كيراك"	"كيراك"	"kyrak"	"너(남성 단수)는 어떻게 지내?"	"how are you doing? (m.sg.)"	"word"	"none"	"direct corpus"	"MADORAN_DIRECT"	"attested"	"S6"	"MADOran token 1482; sentence 73"	"소유·전치사 결합 접사=2인칭"
"OD-0717"	"A2"	"verbs"	"نزيد"	"نزيد"	"nzyd"	"나는 계속한다; 더 한다"	"I continue; go on"	"word"	"none"	"direct corpus"	"MADORAN_DIRECT"	"attested"	"S6"	"MADOran token 2580; sentence 135"	"نحبس ولا نزيد = stop or continue"
"OD-0718"	"A2"	"general"	"شاه"	"شاه"	"chah"	"무엇"	"what"	"word"	"none"	"direct corpus"	"MADORAN_DIRECT"	"attested"	"S6"	"MADOran token 9333; sentence 428"	"접사 없음; 의문사 “무엇”"
"OD-0719"	"A2"	"verbs"	"نقعد"	"نقعد"	"n93d"	"나는 머문다"	"I stay"	"word"	"none"	"direct corpus"	"MADORAN_DIRECT"	"attested"	"S6"	"MADOran token 707; sentence 39"	"미완료형; 형태 태그상 주어=나"
"OD-0720"	"A2"	"general"	"للبحر"	"للبحر"	"llb7r"	"바다로; 바다에"	"to the sea; at the sea"	"word"	"none"	"direct corpus"	"MADORAN_DIRECT"	"attested"	"S6"	"MADOran token 1436; sentence 71"	"MADOran 표면형; 문맥에 따라 품사·의미 범위가 달라질 수 있음"
"OD-0721"	"A2"	"verbs"	"نخاف"	"نخاف"	"nkhaf"	"나는 무서워한다/걱정한다"	"I am afraid / worried"	"word"	"none"	"direct corpus"	"MADORAN_DIRECT"	"attested"	"S6"	"MADOran token 2838; sentence 152"	"미완료형; 형태 태그상 주어=나"
"OD-0722"	"A2"	"verbs"	"نخرج"	"نخرج"	"nkhrj"	"나는 나간다"	"I go out /  leave"	"word"	"none"	"direct corpus"	"MADORAN_DIRECT"	"attested"	"S6"	"MADOran token 4490; sentence 242"	"미완료형; 형태 태그상 주어=나"
"OD-0723"	"A2"	"people"	"خالتي"	"خالتي"	"khalty"	"내 이모"	"my maternal aunt"	"word"	"none"	"direct corpus"	"MADORAN_DIRECT"	"attested"	"S6"	"MADOran token 5998; sentence 315"	"소유·전치사 결합 접사=1인칭 단수"
"OD-0724"	"A2"	"verbs"	"نعرف"	"نعرف"	"n3rf"	"나는 안다"	"I know"	"word"	"none"	"direct corpus"	"MADORAN_DIRECT"	"attested"	"S6"	"MADOran token 11250; sentence 566"	"미완료형; 형태 태그상 주어=나"
"OD-0725"	"A2"	"verbs"	"دخلوا"	"دخلوا"	"dkhlwa"	"그들은 들어갔다"	"they entered"	"word"	"none"	"direct corpus"	"MADORAN_DIRECT"	"attested"	"S6"	"MADOran token 25540; sentence 1164"	"완료형; 형태 태그상 주어=그들"
"OD-0726"	"A2"	"verbs"	"نقارع"	"نقارع"	"n9ar3"	"나는 기다린다"	"I wait"	"word"	"none"	"direct corpus"	"MADORAN_DIRECT"	"attested"	"S6"	"MADOran token 3065; sentence 174"	"미완료형; 형태 태그상 주어=나"
"OD-0727"	"A2"	"adjectives"	"مداري"	"مداري"	"mdary"	"익숙한; ~하는 데 익숙하다"	"used to; accustomed"	"word"	"none"	"direct corpus"	"MADORAN_DIRECT"	"attested"	"S6"	"MADOran token 3094; sentence 177"	"مداري نقارع وحدي = 혼자 기다리는 데 익숙하다"
"OD-0728"	"A2"	"verbs"	"قولي"	"قولي"	"9wly"	"말하다 (명령)"	"say / tell (imperative, f.sg.)"	"word"	"none"	"direct corpus"	"MADORAN_DIRECT"	"attested"	"S6"	"MADOran token 3145; sentence 182"	"명령형; 형태 태그상 주어=너(여성 단수)"
"OD-0730"	"A2"	"people"	"راجلي"	"راجلي"	"rajly"	"내 남편"	"my husband"	"word"	"none"	"direct corpus"	"MADORAN_DIRECT"	"attested"	"S6"	"MADOran token 6146; sentence 322"	"소유·전치사 결합 접사=1인칭 단수"
"OD-0731"	"A2"	"general"	"وحده"	"وحده"	"w7dh"	"혼자"	"alone"	"word"	"none"	"direct corpus"	"MADORAN_DIRECT"	"attested"	"S6"	"MADOran token 10693; sentence 542"	"exact surface=وحده"
"OD-0732"	"A2"	"verbs"	"نلبس"	"نلبس"	"nlbs"	"나는 입는다"	"I wear"	"word"	"none"	"direct corpus"	"MADORAN_DIRECT"	"attested"	"S6"	"MADOran token 11430; sentence 574"	"미완료형; 형태 태그상 주어=나"
"OD-0733"	"A2"	"verbs"	"ولاو"	"ولاو"	"wlaw"	"그들은 ~이 되었다"	"they became"	"word"	"none"	"direct corpus"	"MADORAN_DIRECT"	"attested"	"S6"	"MADOran token 25706; sentence 1167"	"완료형; 형태 태그상 주어=그들"
"OD-0734"	"A2"	"verbs"	"نعاود"	"نعاود"	"n3awd"	"나는 반복한다"	"I repeat"	"word"	"none"	"direct corpus"	"MADORAN_DIRECT"	"attested"	"S6"	"MADOran token 2478; sentence 122"	"미완료형; 형태 태그상 주어=나"
"OD-0735"	"A2"	"general"	"كيراكي"	"كيراكي"	"kyraky"	"너(여성 단수)는 어떻게 지내?"	"how are you doing? (f.sg.)"	"word"	"none"	"direct corpus"	"MADORAN_DIRECT"	"attested"	"S6"	"MADOran token 2496; sentence 123"	"kira-ki에서 -ki=2인칭 여성 단수"
"OD-0736"	"A2"	"verbs"	"تحوس"	"تحوس"	"t7ws"	"그녀는 찾는다"	"she looks for"	"word"	"none"	"direct corpus"	"MADORAN_DIRECT"	"attested"	"S6"	"MADOran token 3928; sentence 217"	"미완료형; 형태 태그상 주어=그녀"
"OD-0737"	"A2"	"general"	"ماغديش"	"ماغديش"	"maghdych"	"~하지 않을 것이다"	"will not"	"word"	"none"	"direct corpus"	"MADORAN_DIRECT"	"attested"	"S6"	"MADOran token 4258; sentence 231"	"ma-/m-…-ch 부정 표면형"
"OD-0738"	"A2"	"verbs"	"قارعي"	"قارعي"	"9ar3y"	"기다리다 (명령)"	"wait (imperative, f.sg.)"	"word"	"none"	"direct corpus"	"MADORAN_DIRECT"	"attested"	"S6"	"MADOran token 4340; sentence 236"	"명령형; 형태 태그상 주어=너(여성 단수)"
"OD-0739"	"A2"	"verbs"	"تقد"	"تقد"	"t9d"	"너(남성 단수)는 할 수 있다"	"you (m.sg.) can"	"word"	"none"	"direct corpus"	"MADORAN_DIRECT"	"attested"	"S6"	"MADOran token 5574; sentence 284"	"미완료형; 형태 태그상 주어=너(남성 단수)"
"OD-0740"	"A2"	"verbs"	"اسكتي"	"اسكتي"	"askty"	"조용히 하다 (명령)"	"shut up (imperative, f.sg.)"	"word"	"none"	"direct corpus"	"MADORAN_DIRECT"	"attested"	"S6"	"MADOran token 6299; sentence 329"	"명령형; 형태 태그상 주어=너(여성 단수)"
"OD-0741"	"A2"	"abstract"	"عمره"	"عمره"	"3mrh"	"그의 삶; 평생"	"his life; lifetime"	"word"	"none"	"direct corpus"	"MADORAN_DIRECT"	"attested"	"S6"	"MADOran token 12785; sentence 625"	"소유·전치사 결합 접사=3인칭 남성 단수"
"OD-0742"	"A2"	"verbs"	"نوضي"	"نوضي"	"nwdy"	"일어나 (여성 단수에게)"	"get up (imperative, f.sg.)"	"word"	"none"	"direct corpus"	"MADORAN_DIRECT"	"attested"	"S6"	"MADOran token 15020; sentence 701"	"명령형; 형태 태그상 주어=너(여성 단수)"
"OD-0743"	"A2"	"verbs"	"تقبل"	"تقبل"	"t9bl"	"그녀는 받아들인다"	"she accepts"	"word"	"none"	"direct corpus"	"MADORAN_DIRECT"	"attested"	"S6"	"MADOran token 392; sentence 24"	"미완료형; 형태 태그상 주어=그녀"
"OD-0744"	"A2"	"verbs"	"يخرج"	"يخرج"	"ykhrj"	"그는 나간다/떠난다"	"he goes out / leaves"	"word"	"none"	"direct corpus"	"MADORAN_DIRECT"	"attested"	"S6"	"MADOran token 1016; sentence 52"	"미완료형; 형태 태그상 주어=그"
"OD-0745"	"A2"	"general"	"معنتها"	"معنتها"	"m3ntha"	"그 뜻은; 즉"	"it means; that is"	"word"	"none"	"direct corpus"	"MADORAN_DIRECT"	"attested"	"S6"	"MADOran token 1169; sentence 59"	"소유·전치사 결합 접사=3인칭 여성 단수"
"OD-0746"	"A2"	"people"	"صاحبه"	"صاحبه"	"sa7bh"	"그의 친구"	"his friend"	"word"	"none"	"direct corpus"	"MADORAN_DIRECT"	"attested"	"S6"	"MADOran token 1232; sentence 62"	"소유·전치사 결합 접사=3인칭 남성 단수"
"OD-0747"	"A2"	"adjectives"	"باغيني"	"باغيني"	"baghyny"	"나를 원하는"	"wanting me"	"word"	"none"	"direct corpus"	"MADORAN_DIRECT"	"attested"	"S6"	"MADOran token 1923; sentence 90"	"소유·전치사 결합 접사=1인칭 단수"
"OD-0748"	"A2"	"people"	"مرتك"	"مرتك"	"mrtk"	"네 아내"	"your wife"	"word"	"none"	"direct corpus"	"MADORAN_DIRECT"	"attested"	"S6"	"MADOran token 2021; sentence 95"	"소유·전치사 결합 접사=2인칭"
"OD-0749"	"A2"	"adjectives"	"وحدي"	"وحدي"	"w7dy"	"나 혼자"	"alone / by myself"	"word"	"none"	"direct corpus"	"MADORAN_DIRECT"	"attested"	"S6"	"MADOran token 3096; sentence 177"	"소유·전치사 결합 접사=1인칭 단수"
"OD-0750"	"A2"	"general"	"روحها"	"روحها"	"rw7ha"	"그녀 자신"	"herself"	"word"	"none"	"direct corpus"	"MADORAN_DIRECT"	"attested"	"S6"	"MADOran token 4294; sentence 233"	"소유·전치사 결합 접사=3인칭 여성 단수"
"OD-0751"	"A2"	"verbs"	"يهدر"	"يهدر"	"yhdr"	"그는 말한다"	"he speaks / talks"	"word"	"none"	"direct corpus"	"MADORAN_DIRECT"	"attested"	"S6"	"MADOran token 5893; sentence 311"	"미완료형; 형태 태그상 주어=그"
"OD-0752"	"A2"	"verbs"	"نجيب"	"نجيب"	"njyb"	"나는 가져온다/데려온다"	"I bring / get"	"word"	"none"	"direct corpus"	"MADORAN_DIRECT"	"attested"	"S6"	"MADOran token 6086; sentence 320"	"미완료형; 형태 태그상 주어=나"
"OD-0753"	"A2"	"general"	"فالدار"	"فالدار"	"faldar"	"집에서; 집 안에"	"at home / in the house"	"word"	"none"	"direct corpus"	"MADORAN_DIRECT"	"attested"	"S6"	"MADOran token 6443; sentence 334"	"MADOran 표면형; 문맥에 따라 품사·의미 범위가 달라질 수 있음"
"OD-0754"	"A2"	"verbs"	"كنتي"	"كنتي"	"knty"	"너(여성 단수)는 ~였다/있었다"	"you (f.sg.) were"	"word"	"none"	"direct corpus"	"MADORAN_DIRECT"	"attested"	"S6"	"MADOran token 9519; sentence 436"	"완료형; 형태 태그상 주어=너(여성 단수)"
"OD-0755"	"A2"	"verbs"	"يبارك"	"يبارك"	"ybark"	"하느님이 복 주시길"	"may God bless"	"word"	"none"	"direct corpus"	"MADORAN_DIRECT"	"attested"	"S6"	"MADOran token 13228; sentence 640"	"الله يبارك 축원구"
"OD-0756"	"A2"	"verbs"	"يكري"	"يكري"	"ykry"	"그는 집을 빌린다"	"he rents a place"	"word"	"none"	"direct corpus"	"MADORAN_DIRECT"	"attested"	"S6"	"MADOran token 13528; sentence 649"	"tenant sense"
"OD-0757"	"A2"	"verbs"	"نحكي"	"نحكي"	"n7ky"	"나는 이야기한다"	"I tell /  talk"	"word"	"none"	"direct corpus"	"MADORAN_DIRECT"	"attested"	"S6"	"MADOran token 16762; sentence 779"	"미완료형; 형태 태그상 주어=나"
"OD-0758"	"A2"	"adjectives"	"خاطرك"	"خاطرك"	"khatrk"	"네 마음; 네 기분"	"your mind / feelings"	"word"	"none"	"direct corpus"	"MADORAN_DIRECT"	"attested"	"S6"	"MADOran token 19140; sentence 881"	"소유·전치사 결합 접사=2인칭"
"OD-0759"	"A2"	"verbs"	"نطلع"	"نطلع"	"ntl3"	"나는 올라간다"	"I go up"	"word"	"none"	"direct corpus"	"MADORAN_DIRECT"	"attested"	"S6"	"MADOran token 19443; sentence 892"	"미완료형; 형태 태그상 주어=나"
"OD-0760"	"A2"	"verbs"	"يحفظ"	"يحفظ"	"y7fdh"	"하느님이 보호하시길"	"may God protect"	"word"	"none"	"direct corpus"	"MADORAN_DIRECT"	"attested"	"S6"	"MADOran token 29176; sentence 1289"	"الله يحفظ 축원구"
"OD-0761"	"A2"	"verbs"	"نخمم"	"نخمم"	"nkhmm"	"나는 생각한다"	"I think"	"word"	"none"	"direct corpus"	"MADORAN_DIRECT"	"attested"	"S6"	"MADOran token 237; sentence 15"	"미완료형; 형태 태그상 주어=나"
"OD-0762"	"A2"	"general"	"كيراكم"	"كيراكم"	"kyrakm"	"여러분 어떻게 지내요?"	"how are you?"	"word"	"none"	"direct corpus"	"MADORAN_DIRECT"	"attested"	"S6"	"MADOran token 818; sentence 44"	"exact surface=كيراكم"
"OD-0763"	"A2"	"verbs"	"بغاو"	"بغاو"	"bghaw"	"그들은 원했다"	"they wanted"	"word"	"none"	"direct corpus"	"MADORAN_DIRECT"	"attested"	"S6"	"MADOran token 1289; sentence 64"	"완료형; 형태 태그상 주어=그들"
"OD-0764"	"A2"	"verbs"	"بداو"	"بداو"	"bdaw"	"그들은 시작했다"	"they started"	"word"	"none"	"direct corpus"	"MADORAN_DIRECT"	"attested"	"S6"	"MADOran token 1320; sentence 66"	"완료형; 형태 태그상 주어=그들"
"OD-0765"	"A2"	"general"	"لباس"	"لباس"	"lbas"	"괜찮음; 별일 없음"	"fine / no problem"	"word"	"none"	"direct corpus"	"MADORAN_DIRECT"	"attested"	"S6"	"MADOran token 1483; sentence 73"	"부정형 아님; 상태 인사 표현 “괜찮다/별일 없다”"
"OD-0766"	"A2"	"general"	"بصحتك"	"بصحتك"	"bs7tk"	"축하해; 잘 써"	"congratulations / enjoy it"	"word"	"none"	"direct corpus"	"MADORAN_DIRECT"	"attested"	"S6"	"MADOran token 1497; sentence 73"	"소유·전치사 결합 접사=2인칭"
"OD-0767"	"A2"	"general"	"خته"	"خته"	"khth"	"그의 누이"	"his sister"	"word"	"none"	"direct corpus"	"MADORAN_DIRECT"	"attested"	"S6"	"MADOran token 2084; sentence 96"	"소유·전치사 결합 접사=3인칭 남성 단수"
"OD-0768"	"A2"	"verbs"	"يزيد"	"يزيد"	"yzyd"	"그는 더한다/늘어난다"	"he adds / increases"	"word"	"none"	"direct corpus"	"MADORAN_DIRECT"	"attested"	"S6"	"MADOran token 2293; sentence 107"	"미완료형; 형태 태그상 주어=그"
"OD-0769"	"A2"	"verbs"	"تحسب"	"تحسب"	"t7sb"	"너(남성 단수)는 생각한다"	"you (m.sg.) think / assume"	"word"	"none"	"direct corpus"	"MADORAN_DIRECT"	"attested"	"S6"	"MADOran token 2590; sentence 137"	"미완료형; 형태 태그상 주어=너(남성 단수)"
"OD-0770"	"A2"	"verbs"	"نحوس"	"نحوس"	"n7ws"	"나는 찾는다"	"I look for"	"word"	"none"	"direct corpus"	"MADORAN_DIRECT"	"attested"	"S6"	"MADOran token 2961; sentence 164"	"미완료형; 형태 태그상 주어=나"
"OD-0771"	"A2"	"verbs"	"نطير"	"نطير"	"ntyr"	"나는 날아간다/달아난다"	"I fly / run off"	"word"	"none"	"direct corpus"	"MADORAN_DIRECT"	"attested"	"S6"	"MADOran token 3074; sentence 175"	"미완료형; 형태 태그상 주어=나"
"OD-0772"	"A2"	"verbs"	"تفوت"	"تفوت"	"tfwt"	"그녀는 지나간다"	"she passes"	"word"	"none"	"direct corpus"	"MADORAN_DIRECT"	"attested"	"S6"	"MADOran token 3481; sentence 199"	"미완료형; 형태 태그상 주어=그녀"
"OD-0773"	"A2"	"verbs"	"يعاود"	"يعاود"	"y3awd"	"그는 다시 한다"	"he does it again"	"word"	"none"	"direct corpus"	"MADORAN_DIRECT"	"attested"	"S6"	"MADOran token 3854; sentence 213"	"미완료형; 형태 태그상 주어=그"
"OD-0774"	"A2"	"verbs"	"وليتي"	"وليتي"	"wlyty"	"너(여성 단수)는 ~이 되었다"	"you (f.sg.) became"	"word"	"none"	"direct corpus"	"MADORAN_DIRECT"	"attested"	"S6"	"MADOran token 6137; sentence 322"	"완료형; 형태 태그상 주어=너(여성 단수)"
"OD-0775"	"A2"	"verbs"	"خرجي"	"خرجي"	"khrjy"	"get out (명령)"	"get out (imperative, f.sg.)"	"word"	"none"	"direct corpus"	"MADORAN_DIRECT"	"attested"	"S6"	"MADOran token 6193; sentence 324"	"명령형; 형태 태그상 주어=너(여성 단수)"
"OD-0776"	"A2"	"verbs"	"تزقي"	"تزقي"	"tz9y"	"그녀는 소리친다"	"she shouts"	"word"	"none"	"direct corpus"	"MADORAN_DIRECT"	"attested"	"S6"	"MADOran token 6268; sentence 328"	"미완료형; 형태 태그상 주어=그녀"
"OD-0777"	"A2"	"verbs"	"تلحق"	"تلحق"	"tl79"	"그녀는 도착한다/따라잡는다"	"she reaches / catches up"	"word"	"none"	"direct corpus"	"MADORAN_DIRECT"	"attested"	"S6"	"MADOran token 6279; sentence 328"	"미완료형; 형태 태그상 주어=그녀"
"OD-0778"	"A2"	"verbs"	"تتمشى"	"تتمشى"	"ttmcha"	"그녀는 산책한다"	"she walks around"	"word"	"none"	"direct corpus"	"MADORAN_DIRECT"	"attested"	"S6"	"MADOran token 6900; sentence 349"	"미완료형; 형태 태그상 주어=그녀"
"OD-0779"	"A2"	"verbs"	"تعرفوا"	"تعرفوا"	"t3rfwa"	"너희는 안다"	"you (pl.) know"	"word"	"none"	"direct corpus"	"MADORAN_DIRECT"	"attested"	"S6"	"MADOran token 7031; sentence 353"	"미완료형; 형태 태그상 주어=너희"
"OD-0780"	"A2"	"verbs"	"هدري"	"هدري"	"hdry"	"말하다 (명령)"	"speak (imperative, f.sg.)"	"word"	"none"	"direct corpus"	"MADORAN_DIRECT"	"attested"	"S6"	"MADOran token 7236; sentence 360"	"명령형; 형태 태그상 주어=너(여성 단수)"
"OD-0781"	"A2"	"general"	"بسم"	"بسم"	"bsm"	"~의 이름으로"	"in the name (of)"	"word"	"none"	"direct corpus"	"MADORAN_DIRECT"	"attested"	"S6"	"MADOran token 7399; sentence 365"	"بسم الله 구성요소"
"OD-0782"	"A2"	"verbs"	"نقد"	"نقد"	"n9d"	"나는 할 수 있다"	"I can"	"word"	"none"	"direct corpus"	"MADORAN_DIRECT"	"attested"	"S6"	"MADOran token 7511; sentence 368"	"미완료형; 형태 태그상 주어=나"
"OD-0783"	"A2"	"verbs"	"نقي"	"نقي"	"n9y"	"깨끗이 해 (여성 단수에게)"	"clean it (imperative, f.sg.)"	"word"	"none"	"direct corpus"	"MADORAN_DIRECT"	"attested"	"S6"	"MADOran token 8061; sentence 388"	"명령형; 형태 태그상 주어=너(여성 단수)"
"OD-0784"	"A2"	"communication"	"صحيتي"	"صحيتي"	"s7yty"	"고마워 (여성에게)"	"thank you (to a woman)"	"word"	"none"	"direct corpus"	"MADORAN_DIRECT"	"attested"	"S6"	"MADOran token 8343; sentence 399"	"감사 인사 표현; 1인칭 소유·전치사 접사 분석 아님"
"OD-0785"	"A2"	"verbs"	"يبدا"	"يبدا"	"ybda"	"그는 시작한다"	"he starts / begins"	"word"	"none"	"direct corpus"	"MADORAN_DIRECT"	"attested"	"S6"	"MADOran token 8953; sentence 418"	"미완료형; 형태 태그상 주어=그"
"OD-0786"	"A2"	"people"	"صاحبك"	"صاحبك"	"sa7bk"	"네 친구"	"your friend"	"word"	"none"	"direct corpus"	"MADORAN_DIRECT"	"attested"	"S6"	"MADOran token 9947; sentence 489"	"소유·전치사 결합 접사=2인칭"
"OD-0787"	"A2"	"general"	"خوه"	"خوه"	"khwh"	"그의 형제"	"his brother"	"word"	"none"	"direct corpus"	"MADORAN_DIRECT"	"attested"	"S6"	"MADOran token 9995; sentence 495"	"소유·전치사 결합 접사=3인칭 남성 단수"
"OD-0788"	"A2"	"verbs"	"نزقي"	"نزقي"	"nz9y"	"나는 소리친다"	"I shout"	"word"	"none"	"direct corpus"	"MADORAN_DIRECT"	"attested"	"S6"	"MADOran token 10281; sentence 523"	"미완료형; 형태 태그상 주어=나"
"OD-0789"	"A2"	"verbs"	"يولي"	"يولي"	"ywly"	"그는 ~이 된다"	"he becomes"	"word"	"none"	"direct corpus"	"MADORAN_DIRECT"	"attested"	"S6"	"MADOran token 10764; sentence 544"	"미완료형; 주어=그(3인칭 남성 단수)"
"OD-0790"	"A2"	"verbs"	"تبان"	"تبان"	"tban"	"그녀가 보인다/드러난다"	"she appears / becomes visible"	"word"	"none"	"direct corpus"	"MADORAN_DIRECT"	"attested"	"S6"	"MADOran token 11524; sentence 577"	"미완료형; 형태 태그상 주어=그녀"
"OD-0791"	"A2"	"verbs"	"تقعد"	"تقعد"	"t93d"	"그녀는 머문다"	"she stays"	"word"	"none"	"direct corpus"	"MADORAN_DIRECT"	"attested"	"S6"	"MADOran token 12003; sentence 595"	"미완료형; 형태 태그상 주어=그녀"
"OD-0792"	"A2"	"verbs"	"يكدب"	"يكدب"	"ykdb"	"그는 거짓말한다"	"he lies"	"word"	"none"	"direct corpus"	"MADORAN_DIRECT"	"attested"	"S6"	"MADOran token 13420; sentence 646"	"미완료형; 형태 태그상 주어=그"
"OD-0793"	"A2"	"verbs"	"نكري"	"نكري"	"nkry"	"나는 집을 빌린다"	"I rent a place"	"word"	"none"	"direct corpus"	"MADORAN_DIRECT"	"attested"	"S6"	"MADOran token 13520; sentence 648"	"tenant sense"
"OD-0794"	"A2"	"people"	"والديه"	"والديه"	"waldyh"	"그의 부모"	"his parents"	"word"	"none"	"direct corpus"	"MADORAN_DIRECT"	"attested"	"S6"	"MADOran token 13878; sentence 662"	"소유접사=3인칭 남성 단수만 해당"
"OD-0795"	"A2"	"verbs"	"تخلص"	"تخلص"	"tkhls"	"너(남성 단수)는 지불한다"	"you (m.sg.) pay"	"word"	"none"	"direct corpus"	"MADORAN_DIRECT"	"attested"	"S6"	"MADOran token 13910; sentence 663"	"미완료형; 형태 태그상 주어=너(남성 단수)"
"OD-0796"	"A2"	"general"	"بالي"	"بالي"	"baly"	"내 마음; 내 생각"	"my mind / thoughts"	"word"	"none"	"direct corpus"	"MADORAN_DIRECT"	"attested"	"S6"	"MADOran token 14212; sentence 673"	"소유·전치사 결합 접사=1인칭 단수"
"OD-0797"	"A2"	"verbs"	"ستغلي"	"ستغلي"	"stghly"	"watch (명령)"	"watch (imperative, f.sg.)"	"word"	"none"	"direct corpus"	"MADORAN_DIRECT"	"attested"	"S6"	"MADOran token 14490; sentence 682"	"명령형; 형태 태그상 주어=너(여성 단수)"
"OD-0798"	"A2"	"verbs"	"بغيتي"	"بغيتي"	"bghyty"	"너(여성 단수)는 원했다"	"you (f.sg.) wanted"	"word"	"none"	"direct corpus"	"MADORAN_DIRECT"	"attested"	"S6"	"MADOran token 16117; sentence 754"	"완료형; 형태 태그상 주어=너(여성 단수)"
"OD-0799"	"A2"	"verbs"	"تولي"	"تولي"	"twly"	"그녀는 ~이 된다"	"she becomes"	"word"	"none"	"direct corpus"	"MADORAN_DIRECT"	"attested"	"S6"	"MADOran token 16211; sentence 757"	"미완료형; 형태 태그상 주어=그녀"
"OD-0800"	"A2"	"people"	"راجلك"	"راجلك"	"rajlk"	"네 남편"	"your husband"	"word"	"none"	"direct corpus"	"MADORAN_DIRECT"	"attested"	"S6"	"MADOran token 17439; sentence 805"	"소유·전치사 결합 접사=2인칭"
"OD-0801"	"A2"	"verbs"	"نطلب"	"نطلب"	"ntlb"	"나는 요청한다"	"I request / ask for"	"word"	"none"	"direct corpus"	"MADORAN_DIRECT"	"attested"	"S6"	"MADOran token 18978; sentence 875"	"미완료형; 형태 태그상 주어=나"
"OD-0802"	"A2"	"general"	"لمن"	"لمن"	"lmn"	"누구에게?; 누구를 위해?"	"to whom?; for whom?"	"word"	"none"	"direct corpus"	"MADORAN_DIRECT"	"attested"	"S6"	"MADOran token 21105; sentence 972"	"لـ + من"
"OD-0803"	"A2"	"verbs"	"كولي"	"كولي"	"kwly"	"먹다 (명령)"	"eat (imperative, f.sg.)"	"word"	"none"	"direct corpus"	"MADORAN_DIRECT"	"attested"	"S6"	"MADOran token 23408; sentence 1079"	"명령형; 형태 태그상 주어=너(여성 단수)"
"OD-0804"	"A2"	"verbs"	"تخونوا"	"تخونوا"	"tkhwnwa"	"너희는 배신한다"	"you (pl.) betray"	"word"	"none"	"direct corpus"	"MADORAN_DIRECT"	"attested"	"S6"	"MADOran token 23750; sentence 1090"	"미완료형; 형태 태그상 주어=너희"
"OD-0805"	"A2"	"verbs"	"تحكي"	"تحكي"	"t7ky"	"너(남성 단수)는 말해 준다"	"you (m.sg.) tell"	"word"	"none"	"direct corpus"	"MADORAN_DIRECT"	"attested"	"S6"	"MADOran token 27375; sentence 1217"	"미완료형; 형태 태그상 주어=너(남성 단수)"
"OD-0806"	"A2"	"verbs"	"خلصنا"	"خلصنا"	"khlsna"	"우리는 지불했다"	"we paid"	"word"	"none"	"direct corpus"	"MADORAN_DIRECT"	"attested"	"S6"	"MADOran token 72; sentence 6"	"완료형; 형태 태그상 주어=우리"
"OD-0807"	"A2"	"verbs"	"نسكن"	"نسكن"	"nskn"	"나는 산다/거주한다"	"I live / reside"	"word"	"none"	"direct corpus"	"MADORAN_DIRECT"	"attested"	"S6"	"MADOran token 161; sentence 11"	"미완료형; 형태 태그상 주어=나"
"OD-0808"	"A2"	"general"	"معندك"	"معندك"	"m3ndk"	"너에게는 없다"	"you do not have"	"word"	"none"	"direct corpus"	"MADORAN_DIRECT"	"attested"	"S6"	"MADOran token 285; sentence 19"	"ma- 부정+3andek(너에게 있다); 의미 “너에게 없다”"
"OD-0809"	"A2"	"general"	"كيفك"	"كيفك"	"kyfk"	"너처럼"	"like you"	"word"	"none"	"direct corpus"	"MADORAN_DIRECT"	"attested"	"S6"	"MADOran token 868; sentence 46"	"소유·전치사 결합 접사=2인칭"
"OD-0810"	"A2"	"people"	"لمرته"	"لمرته"	"lmrth"	"그의 아내에게"	"to his wife"	"word"	"none"	"direct corpus"	"MADORAN_DIRECT"	"attested"	"S6"	"MADOran token 1253; sentence 63"	"소유·전치사 결합 접사=3인칭 남성 단수"
"OD-0811"	"A2"	"verbs"	"قعدو"	"قعدو"	"93dw"	"그들은 머물렀다"	"they stayed"	"word"	"none"	"direct corpus"	"MADORAN_DIRECT"	"attested"	"S6"	"MADOran token 1375; sentence 69"	"완료형; 형태 태그상 주어=그들"
"OD-0813"	"A2"	"general"	"عشنا"	"عشنا"	"3chna"	"우리 둥지; 우리 집"	"our nest; our home"	"word"	"none"	"direct corpus"	"MADORAN_DIRECT"	"attested"	"S6"	"MADOran token 2417; sentence 116"	"عش + نا; 'our life' 분석 제거"
"OD-0814"	"A2"	"verbs"	"دارو"	"دارو"	"darw"	"그들은 지었다"	"they built (completed/past)"	"word"	"none"	"direct corpus"	"MADORAN_DIRECT"	"attested"	"S6"	"MADOran token 2642; sentence 144"	"완료형; 형태 태그상 주어=그들"
"OD-0815"	"A2"	"verbs"	"يتزوج"	"يتزوج"	"ytzwj"	"그는 결혼한다"	"he gets married"	"word"	"none"	"direct corpus"	"MADORAN_DIRECT"	"attested"	"S6"	"MADOran token 2778; sentence 150"	"미완료형; 주어=그; 어근 의미 “결혼하다”"
"OD-0816"	"A2"	"verbs"	"تحشم"	"تحشم"	"t7chm"	"그녀는 부끄러워한다"	"she is ashamed / embarrassed"	"word"	"none"	"direct corpus"	"MADORAN_DIRECT"	"attested"	"S6"	"MADOran token 2834; sentence 152"	"미완료형; 형태 태그상 주어=그녀"
"OD-0817"	"A2"	"general"	"مراكش"	"مراكش"	"mrakch"	"너(여성 단수)는 ~이 아니다/없다"	"you (f.sg.) are not"	"word"	"none"	"direct corpus"	"MADORAN_DIRECT"	"attested"	"S6"	"MADOran token 2868; sentence 155"	"존재/상태 부정 ra-ki-sh; 주어=2인칭 여성 단수"
"OD-0818"	"A2"	"verbs"	"تسقسي"	"تسقسي"	"ts9sy"	"너(남성 단수)는 묻는다"	"you (m.sg.) ask / inquire"	"word"	"none"	"direct corpus"	"MADORAN_DIRECT"	"attested"	"S6"	"MADOran token 2870; sentence 155"	"미완료형; 형태 태그상 주어=너(남성 단수)"
"OD-0819"	"A2"	"verbs"	"يرحم"	"يرحم"	"yr7m"	"하느님이 자비를 베푸시길"	"may God have mercy"	"word"	"none"	"direct corpus"	"MADORAN_DIRECT"	"attested"	"S6"	"MADOran token 3149; sentence 182"	"الله يرحم 축원"
"OD-0820"	"A2"	"general"	"بسيف"	"بسيف"	"bsyf"	"억지로; 강제로"	"by force"	"word"	"none"	"direct corpus"	"MADORAN_DIRECT"	"attested"	"S6"	"MADOran token 3568; sentence 203"	"MADOran 표면형; 문맥에 따라 품사·의미 범위가 달라질 수 있음"
"OD-0821"	"A2"	"verbs"	"يحكم"	"يحكم"	"y7km"	"그는 통제한다/판단한다"	"he controls / judges"	"word"	"none"	"direct corpus"	"MADORAN_DIRECT"	"attested"	"S6"	"MADOran token 4324; sentence 236"	"미완료형; 형태 태그상 주어=그"
"OD-0822"	"A2"	"verbs"	"يسلك"	"يسلك"	"yslk"	"그는 구한다; 구해 준다"	"he saves; rescues"	"word"	"none"	"direct corpus"	"MADORAN_DIRECT"	"attested"	"S6"	"MADOran token 4367; sentence 237"	"locator-specific sense"
"OD-0823"	"A2"	"verbs"	"نستاهل"	"نستاهل"	"nstahl"	"나는 받을 만하다"	"I deserve"	"word"	"none"	"direct corpus"	"MADORAN_DIRECT"	"attested"	"S6"	"MADOran token 4708; sentence 251"	"미완료형; 형태 태그상 주어=나"
"OD-0824"	"A2"	"verbs"	"تصور"	"تصور"	"tswr"	"너는 촬영한다; 찍는다"	"you film; shoot"	"word"	"none"	"direct corpus"	"MADORAN_DIRECT"	"attested"	"S6"	"MADOran token 5440; sentence 280"	"sentence 280에서는 filming sense"
"OD-0825"	"A2"	"verbs"	"نخلص"	"نخلص"	"nkhls"	"나는 지불한다"	"I pay"	"word"	"none"	"direct corpus"	"MADORAN_DIRECT"	"attested"	"S6"	"MADOran token 5758; sentence 296"	"미완료형; 형태 태그상 주어=나"
"OD-0826"	"A2"	"verbs"	"يجري"	"يجري"	"yjry"	"그는 달린다"	"he runs"	"word"	"none"	"direct corpus"	"MADORAN_DIRECT"	"attested"	"S6"	"MADOran token 6272; sentence 328"	"미완료형; 형태 태그상 주어=그"
"OD-0827"	"A2"	"verbs"	"تعيط"	"تعيط"	"t3yt"	"그녀는 부른다/소리친다"	"she calls / shouts"	"word"	"none"	"direct corpus"	"MADORAN_DIRECT"	"attested"	"S6"	"MADOran token 6292; sentence 328"	"미완료형; 형태 태그상 주어=그녀"
"OD-0828"	"A2"	"verbs"	"يضل"	"يضل"	"ydl"	"그는 계속 머문다"	"he remains / continues"	"word"	"none"	"direct corpus"	"MADORAN_DIRECT"	"attested"	"S6"	"MADOran token 6441; sentence 334"	"미완료형; 형태 태그상 주어=그"
"OD-0829"	"A2"	"verbs"	"يفطر"	"يفطر"	"yftr"	"그는 아침 식사를 한다"	"he has breakfast"	"word"	"none"	"direct corpus"	"MADORAN_DIRECT"	"attested"	"S6"	"MADOran token 6452; sentence 334"	"미완료형; fṭar=아침 식사를 하다"
"OD-0830"	"A2"	"verbs"	"يقرى"	"يقرى"	"y9ra"	"그는 공부한다"	"he studies"	"word"	"none"	"direct corpus"	"MADORAN_DIRECT"	"attested"	"S6"	"MADOran token 6510; sentence 337"	"미완료형; 형태 태그상 주어=그"
"OD-0831"	"A2"	"abstract"	"قلبه"	"قلبه"	"9lbh"	"그의 마음/심장"	"his heart"	"word"	"none"	"direct corpus"	"MADORAN_DIRECT"	"attested"	"S6"	"MADOran token 6644; sentence 341"	"소유·전치사 결합 접사=3인칭 남성 단수"
"OD-0832"	"A2"	"general"	"خوتي"	"خوتي"	"khwty"	"내 형제들"	"my brothers / siblings"	"word"	"none"	"direct corpus"	"MADORAN_DIRECT"	"attested"	"S6"	"MADOran token 6880; sentence 348"	"소유·전치사 결합 접사=1인칭 단수"
"OD-0833"	"A2"	"verbs"	"يرجع"	"يرجع"	"yrj3"	"그는 돌아온다"	"he returns"	"word"	"none"	"direct corpus"	"MADORAN_DIRECT"	"attested"	"S6"	"MADOran token 6967; sentence 351"	"미완료형; 형태 태그상 주어=그"
"OD-0834"	"A2"	"function"	"علابيها"	"علابيها"	"3labyha"	"그래서; 그 때문에"	"that is why"	"word"	"none"	"direct corpus"	"MADORAN_DIRECT"	"attested"	"S6"	"MADOran token 7120; sentence 355"	"exact surface=علابيها"
"OD-0835"	"A2"	"general"	"فحريرة"	"فحريرة"	"f7ryra"	"하리라 수프에"	"in harira soup"	"word"	"none"	"direct corpus"	"MADORAN_DIRECT"	"attested"	"S6"	"MADOran token 7402; sentence 365"	"전치사 f- + harira; “하리라 수프에/안에서”"
"OD-0836"	"A2"	"verbs"	"تغلي"	"تغلي"	"tghly"	"그녀는 끓는다"	"she/it boils"	"word"	"none"	"direct corpus"	"MADORAN_DIRECT"	"attested"	"S6"	"MADOran token 7666; sentence 373"	"미완료형; 형태 태그상 주어=그녀"
"OD-0837"	"A2"	"verbs"	"درتي"	"درتي"	"drty"	"너(여성 단수)는 했다"	"you (f.sg.) did"	"word"	"none"	"direct corpus"	"MADORAN_DIRECT"	"attested"	"S6"	"MADOran token 7907; sentence 383"	"완료형; 형태 태그상 주어=너(여성 단수)"
"OD-0838"	"A2"	"verbs"	"قعدي"	"قعدي"	"93dy"	"계속 있다 (명령)"	"keep (imperative, f.sg.)"	"word"	"none"	"direct corpus"	"MADORAN_DIRECT"	"attested"	"S6"	"MADOran token 8112; sentence 390"	"명령형; 형태 태그상 주어=너(여성 단수)"
"OD-0839"	"A2"	"verbs"	"طيبي"	"طيبي"	"tyby"	"cook (명령)"	"cook (imperative, f.sg.)"	"word"	"none"	"direct corpus"	"MADORAN_DIRECT"	"attested"	"S6"	"MADOran token 8163; sentence 393"	"명령형; 형태 태그상 주어=너(여성 단수)"
"OD-0840"	"A2"	"verbs"	"قضبي"	"قضبي"	"9dby"	"잡다 (명령)"	"hold (imperative, f.sg.)"	"word"	"none"	"direct corpus"	"MADORAN_DIRECT"	"attested"	"S6"	"MADOran token 8223; sentence 395"	"명령형; 형태 태그상 주어=너(여성 단수)"
"OD-0841"	"A2"	"verbs"	"طلعنا"	"طلعنا"	"tl3na"	"우리는 올라갔다"	"we went up"	"word"	"none"	"direct corpus"	"MADORAN_DIRECT"	"attested"	"S6"	"MADOran token 8389; sentence 401"	"완료형; 형태 태그상 주어=우리"
"OD-0842"	"A2"	"verbs"	"درنا"	"درنا"	"drna"	"우리는 했다"	"we did"	"word"	"none"	"direct corpus"	"MADORAN_DIRECT"	"attested"	"S6"	"MADOran token 8648; sentence 409"	"완료형; 형태 태그상 주어=우리"
"OD-0843"	"A2"	"general"	"ولدك"	"ولدك"	"wldk"	"네 아이/아들"	"your child / son"	"word"	"none"	"direct corpus"	"MADORAN_DIRECT"	"attested"	"S6"	"MADOran token 9699; sentence 449"	"소유·전치사 결합 접사=2인칭"
"OD-0844"	"A2"	"general"	"روحو"	"روحو"	"rw7w"	"그 자신"	"himself"	"word"	"none"	"direct corpus"	"MADORAN_DIRECT"	"attested"	"S6"	"MADOran token 9854; sentence 472"	"소유접사=3인칭 남성 단수; rw7u “그 자신”"
"OD-0845"	"A2"	"verbs"	"يبقى"	"يبقى"	"yb9a"	"그는 남아 있다/지속된다"	"he remains / lasts"	"word"	"none"	"direct corpus"	"MADORAN_DIRECT"	"attested"	"S6"	"MADOran token 10206; sentence 520"	"미완료형; 형태 태그상 주어=그"
"OD-0846"	"A2"	"verbs"	"طيري"	"طيري"	"tyry"	"가 버려!"	"go away!"	"word"	"none"	"direct corpus"	"MADORAN_DIRECT"	"attested"	"S6"	"MADOran token 10511; sentence 532"	"exact surface=طيري"
"OD-0847"	"A2"	"verbs"	"نعوم"	"نعوم"	"n3wm"	"나는 수영한다"	"I swim"	"word"	"none"	"direct corpus"	"MADORAN_DIRECT"	"attested"	"S6"	"MADOran token 10790; sentence 546"	"미완료형; 형태 태그상 주어=나"
"OD-0848"	"A2"	"general"	"وحدك"	"وحدك"	"w7dk"	"혼자"	"alone"	"word"	"none"	"direct corpus"	"MADORAN_DIRECT"	"attested"	"S6"	"MADOran token 10933; sentence 551"	"exact surface=وحدك"
"OD-0849"	"A2"	"general"	"بجزايرية"	"بجزايرية"	"bjzayrya"	"알제리식으로; 알제리어로"	"in Algerian (style/language)"	"word"	"none"	"direct corpus"	"MADORAN_DIRECT"	"attested"	"S6"	"MADOran token 11038; sentence 554"	"전치사 b- + jzayriya; “알제리식으로/알제리어로”"
"OD-0850"	"A2"	"verbs"	"نطيب"	"نطيب"	"ntyb"	"나는 요리한다"	"I cook"	"word"	"none"	"direct corpus"	"MADORAN_DIRECT"	"attested"	"S6"	"MADOran token 11251; sentence 566"	"미완료형; 형태 태그상 주어=나"
"OD-0851"	"A2"	"verbs"	"شتي"	"شتي"	"chty"	"너(여성 단수)는 보았다"	"you (f.sg.) saw"	"word"	"none"	"direct corpus"	"MADORAN_DIRECT"	"attested"	"S6"	"MADOran token 11424; sentence 574"	"완료형; 형태 태그상 주어=너(여성 단수)"
"OD-0852"	"A2"	"verbs"	"خصنا"	"خصنا"	"khsna"	"우리는 필요하다"	"we need"	"word"	"none"	"direct corpus"	"MADORAN_DIRECT"	"attested"	"S6"	"MADOran token 11680; sentence 583"	"비동사적 필요 표현 khas-na; -na=1PL; 완료형(PV) 아님"
"OD-0853"	"A2"	"general"	"بنتها"	"بنتها"	"bntha"	"그녀의 딸"	"her daughter"	"word"	"none"	"direct corpus"	"MADORAN_DIRECT"	"attested"	"S6"	"MADOran token 13849; sentence 660"	"소유·전치사 결합 접사=3인칭 여성 단수"
"OD-0854"	"A2"	"general"	"فزواج"	"فزواج"	"fzwaj"	"결혼에 대해; 결혼을"	"about marriage"	"word"	"none"	"direct corpus"	"MADORAN_DIRECT"	"attested"	"S6"	"MADOran token 13987; sentence 665"	"f-/PREP + zwaj; locator는 wedding venue가 아님"
"OD-0855"	"A2"	"verbs"	"يخمم"	"يخمم"	"ykhmm"	"그는 생각한다"	"he thinks"	"word"	"none"	"direct corpus"	"MADORAN_DIRECT"	"attested"	"S6"	"MADOran token 13990; sentence 665"	"미완료형; 형태 태그상 주어=그"
"OD-0856"	"A2"	"verbs"	"يدبر"	"يدبر"	"ydbr"	"그는 찾는다/마련한다"	"he looks for / arranges"	"word"	"none"	"direct corpus"	"MADORAN_DIRECT"	"attested"	"S6"	"MADOran token 13994; sentence 665"	"미완료형; 형태 태그상 주어=그"
"OD-0857"	"A2"	"verbs"	"تعاير"	"تعاير"	"t3ayr"	"너(남성 단수)는 모욕한다/도발한다"	"you (m.sg.) insult / provoke"	"word"	"none"	"direct corpus"	"MADORAN_DIRECT"	"attested"	"S6"	"MADOran token 14474; sentence 682"	"미완료형; 형태 태그상 주어=너(남성 단수)"
"OD-0858"	"A2"	"general"	"بسلامة"	"بسلامة"	"bslama"	"안녕히 가세요; 잘 가"	"goodbye"	"word"	"none"	"direct corpus"	"MADORAN_DIRECT"	"attested"	"S6"	"MADOran token 14657; sentence 687"	"exact surface=بسلامة"
"OD-0859"	"A2"	"verbs"	"نتفاهم"	"نتفاهم"	"ntfahm"	"나는 너와 합의한다; 이야기를 풀어 간다"	"I settle things / come to an understanding with you"	"word"	"none"	"direct corpus"	"MADORAN_DIRECT"	"attested"	"S6"	"MADOran token 14672; sentence 688"	"reciprocal نتفاهم معاك"
"OD-0860"	"A2"	"verbs"	"يستاهل"	"يستاهل"	"ystahl"	"그는 받을 만하다"	"he deserves"	"word"	"none"	"direct corpus"	"MADORAN_DIRECT"	"attested"	"S6"	"MADOran token 14723; sentence 689"	"미완료형; 형태 태그상 주어=그"
"OD-0861"	"A2"	"verbs"	"نطل"	"نطل"	"ntl"	"나는 들러본다; 살펴보러 간다"	"I look in on; check on"	"word"	"none"	"direct corpus"	"MADORAN_DIRECT"	"attested"	"S6"	"MADOran token 14817; sentence 694"	"نطل عليها construction"
"OD-0862"	"A2"	"verbs"	"نريح"	"نريح"	"nry7"	"나는 쉰다"	"I relax"	"word"	"none"	"direct corpus"	"MADORAN_DIRECT"	"attested"	"S6"	"MADOran token 15129; sentence 705"	"미완료형; 형태 태그상 주어=나"
"OD-0863"	"A2"	"verbs"	"يجيب"	"يجيب"	"yjyb"	"그는 가져온다/데려온다"	"he brings / gets"	"word"	"none"	"direct corpus"	"MADORAN_DIRECT"	"attested"	"S6"	"MADOran token 15998; sentence 743"	"미완료형; 형태 태그상 주어=그"
"OD-0864"	"A2"	"people"	"صحبتي"	"صحبتي"	"s7bty"	"내 여자 친구"	"my female friend"	"word"	"none"	"direct corpus"	"MADORAN_DIRECT"	"attested"	"S6"	"MADOran token 16173; sentence 756"	"소유·전치사 결합 접사=1인칭 단수"
"OD-0865"	"A2"	"verbs"	"يزقي"	"يزقي"	"yz9y"	"그는 소리친다"	"he shouts"	"word"	"none"	"direct corpus"	"MADORAN_DIRECT"	"attested"	"S6"	"MADOran token 16197; sentence 757"	"미완료형; 형태 태그상 주어=그"
"OD-0866"	"A2"	"verbs"	"لقاو"	"لقاو"	"l9aw"	"그들은 찾았다"	"they found"	"word"	"none"	"direct corpus"	"MADORAN_DIRECT"	"attested"	"S6"	"MADOran token 16897; sentence 784"	"완료형; 형태 태그상 주어=그들"
"OD-0867"	"A2"	"abstract"	"قلبك"	"قلبك"	"9lbk"	"네 마음/심장"	"your heart"	"word"	"none"	"direct corpus"	"MADORAN_DIRECT"	"attested"	"S6"	"MADOran token 17376; sentence 802"	"소유·전치사 결합 접사=2인칭"
"OD-0868"	"A2"	"general"	"ولده"	"ولده"	"wldh"	"그의 아이/아들"	"his child / son"	"word"	"none"	"direct corpus"	"MADORAN_DIRECT"	"attested"	"S6"	"MADOran token 17816; sentence 822"	"소유·전치사 결합 접사=3인칭 남성 단수"
"OD-0869"	"A2"	"verbs"	"تفهم"	"تفهم"	"tfhm"	"너(남성 단수)는 이해한다"	"you (m.sg.) understand"	"word"	"none"	"direct corpus"	"MADORAN_DIRECT"	"attested"	"S6"	"MADOran token 18017; sentence 831"	"미완료형; 형태 태그상 주어=너(남성 단수)"
"OD-0870"	"A2"	"verbs"	"تبلع"	"تبلع"	"tbl3"	"너(남성 단수)는 삼킨다"	"you (m.sg.) swallow"	"word"	"none"	"direct corpus"	"MADORAN_DIRECT"	"attested"	"S6"	"MADOran token 19049; sentence 877"	"미완료형; 형태 태그상 주어=너(남성 단수)"
"OD-0871"	"A2"	"verbs"	"نهود"	"نهود"	"nhwd"	"나는 일어난다"	"I get up"	"word"	"none"	"direct corpus"	"MADORAN_DIRECT"	"attested"	"S6"	"MADOran token 19629; sentence 898"	"미완료형; 형태 태그상 주어=나"
"OD-0872"	"A2"	"verbs"	"يعني"	"يعني"	"y3ny"	"그것은 ~을 뜻한다"	"it means"	"word"	"none"	"direct corpus"	"MADORAN_DIRECT"	"attested"	"S6"	"MADOran token 21159; sentence 973"	"미완료형; 주어=그것/그(3인칭 남성 단수)"
"OD-0873"	"A2"	"verbs"	"تصيد"	"تصيد"	"tsyd"	"너(남성 단수)는 사냥한다"	"you (m.sg.) hunt"	"word"	"none"	"direct corpus"	"MADORAN_DIRECT"	"attested"	"S6"	"MADOran token 21362; sentence 982"	"미완료형; 형태 태그상 주어=너(남성 단수)"
"OD-0874"	"A2"	"verbs"	"يحلم"	"يحلم"	"y7lm"	"그는 꿈꾼다"	"he dreams"	"word"	"none"	"direct corpus"	"MADORAN_DIRECT"	"attested"	"S6"	"MADOran token 21417; sentence 983"	"미완료형; 형태 태그상 주어=그"
"OD-0875"	"A2"	"general"	"رواحنا"	"رواحنا"	"rwa7na"	"우리 자신"	"ourselves"	"word"	"none"	"direct corpus"	"MADORAN_DIRECT"	"attested"	"S6"	"MADOran token 23352; sentence 1077"	"exact surface=رواحنا"
"OD-0876"	"A2"	"verbs"	"نقابل"	"نقابل"	"n9abl"	"나는 만난다"	"I meet"	"word"	"none"	"direct corpus"	"MADORAN_DIRECT"	"attested"	"S6"	"MADOran token 24069; sentence 1102"	"미완료형; 형태 태그상 주어=나"
"OD-0877"	"A2"	"verbs"	"يخلف"	"يخلف"	"ykhlf"	"하느님이 보답하시길"	"may God reward/repay"	"word"	"none"	"direct corpus"	"MADORAN_DIRECT"	"attested"	"S6"	"MADOran token 24776; sentence 1127"	"الله يخلف 축원구"
"OD-0878"	"A2"	"verbs"	"يستر"	"يستر"	"ystr"	"하느님이 지켜 주시길"	"may God protect/keep safe"	"word"	"none"	"direct corpus"	"MADORAN_DIRECT"	"attested"	"S6"	"MADOran token 29178; sentence 1289"	"الله يحفظ و يستر 축원"
"OD-0879"	"A2"	"people"	"صحبتك"	"صحبتك"	"s7btk"	"네 여자 친구"	"your female friend"	"word"	"none"	"direct corpus"	"MADORAN_DIRECT"	"attested"	"S6"	"MADOran token 29193; sentence 1290"	"소유·전치사 결합 접사=2인칭"
"OD-0880"	"A2"	"verbs"	"نحلك"	"نحلك"	"n7lk"	"나는 길을 연다/비켜 준다"	"I open / make way"	"word"	"none"	"direct corpus"	"MADORAN_DIRECT"	"attested"	"S6"	"MADOran token 1003; sentence 51"	"미완료형; 형태 태그상 주어=나"
"OD-0881"	"A2"	"verbs"	"نطرطق"	"نطرطق"	"ntrt9"	"나는 터진다"	"I burst"	"word"	"none"	"direct corpus"	"MADORAN_DIRECT"	"attested"	"S6"	"MADOran token 2668; sentence 145"	"미완료형; 형태 태그상 주어=나"
"OD-0882"	"A2"	"verbs"	"نسقسي"	"نسقسي"	"ns9sy"	"나는 묻는다/문의한다"	"I ask / inquire"	"word"	"none"	"direct corpus"	"MADORAN_DIRECT"	"attested"	"S6"	"MADOran token 2822; sentence 152"	"미완료형; 형태 태그상 주어=나"
"OD-0883"	"A2"	"verbs"	"يقلع"	"يقلع"	"y9l3"	"그는 출발한다/벗는다"	"he sets off / takes off"	"word"	"none"	"direct corpus"	"MADORAN_DIRECT"	"attested"	"S6"	"MADOran token 4529; sentence 243"	"미완료형; 형태 태그상 주어=그"
"OD-0884"	"A2"	"abstract"	"بمشروع"	"بمشروع"	"bmchrw3"	"프로젝트로; 사업과 관련해"	"with/by a project"	"word"	"none"	"direct corpus"	"MADORAN_DIRECT"	"attested"	"S6"	"MADOran token 5430; sentence 279"	"exact surface includes b-/PREP; bare مشروع 아님"
"OD-0885"	"A2"	"verbs"	"يقصر"	"يقصر"	"y9sr"	"그는 어울려 논다; 시간을 보낸다"	"he hangs out; spends time"	"word"	"none"	"direct corpus"	"MADORAN_DIRECT"	"attested"	"S6"	"MADOran token 6559; sentence 338"	"locator socializing sense"
"OD-0886"	"A2"	"verbs"	"نجري"	"نجري"	"njry"	"나는 달린다"	"I run"	"word"	"none"	"direct corpus"	"MADORAN_DIRECT"	"attested"	"S6"	"MADOran token 9096; sentence 422"	"미완료형; 형태 태그상 주어=나"
"OD-0887"	"A2"	"verbs"	"نحكم"	"نحكم"	"n7km"	"나는 잡는다/통제한다"	"I hold / control"	"word"	"none"	"direct corpus"	"MADORAN_DIRECT"	"attested"	"S6"	"MADOran token 9127; sentence 424"	"미완료형; 형태 태그상 주어=나"
"OD-0888"	"A2"	"verbs"	"بكينا"	"بكينا"	"bkyna"	"우리는 울었다"	"we cried"	"word"	"none"	"direct corpus"	"MADORAN_DIRECT"	"attested"	"S6"	"MADOran token 10856; sentence 549"	"완료형; 형태 태그상 주어=우리"
"OD-0889"	"A2"	"general"	"بلادي"	"بلادي"	"blady"	"내 나라"	"my country"	"word"	"none"	"direct corpus"	"MADORAN_DIRECT"	"attested"	"S6"	"MADOran token 12008; sentence 596"	"소유·전치사 결합 접사=1인칭 단수"
"OD-0890"	"A2"	"verbs"	"تتزعبل"	"تتزعبل"	"ttz3bl"	"흔들리다; 달랑거리다"	"sway; dangle"	"word"	"none"	"direct corpus"	"MADORAN_DIRECT"	"attested"	"S6"	"MADOran token 12428; sentence 612"	"sentence 612의 주체는 skirt/bag; 사람의 stagger 아님"
"OD-0891"	"A2"	"verbs"	"نخلي"	"نخلي"	"nkhly"	"나는 ~하게 둔다"	"I let / leave"	"word"	"none"	"direct corpus"	"MADORAN_DIRECT"	"attested"	"S6"	"MADOran token 16121; sentence 754"	"미완료형; 형태 태그상 주어=나"
"OD-0892"	"A2"	"verbs"	"نسيتي"	"نسيتي"	"nsyty"	"너(여성 단수)는 잊었다"	"you (f.sg.) forgot"	"word"	"none"	"direct corpus"	"MADORAN_DIRECT"	"attested"	"S6"	"MADOran token 17411; sentence 804"	"완료형; 형태 태그상 주어=너(여성 단수)"
"OD-0893"	"A2"	"verbs"	"ندبر"	"ندبر"	"ndbr"	"나는 처리한다/마련한다"	"I manage / arrange"	"word"	"none"	"direct corpus"	"MADORAN_DIRECT"	"attested"	"S6"	"MADOran token 18310; sentence 848"	"미완료형; 형태 태그상 주어=나"
"OD-0894"	"A2"	"general"	"بوالو"	"بوالو"	"bwalw"	"아무것도 없음"	"nothing"	"word"	"none"	"direct corpus"	"MADORAN_DIRECT"	"attested"	"S6"	"MADOran token 18485; sentence 855"	"MADOran 표면형; 문맥에 따라 품사·의미 범위가 달라질 수 있음"
"OD-0895"	"A2"	"verbs"	"نشاور"	"نشاور"	"nchawr"	"나는 상의한다"	"I consult"	"word"	"none"	"direct corpus"	"MADORAN_DIRECT"	"attested"	"S6"	"MADOran token 21162; sentence 973"	"미완료형; 형태 태그상 주어=나"
"OD-0896"	"A2"	"verbs"	"نشعل"	"نشعل"	"nch3l"	"나는 불을 붙인다"	"I ignite / turn on"	"word"	"none"	"direct corpus"	"MADORAN_DIRECT"	"attested"	"S6"	"MADOran token 21255; sentence 978"	"미완료형; 형태 태그상 주어=나"
"OD-0897"	"A2"	"verbs"	"تحزن"	"تحزن"	"t7zn"	"그녀는 슬퍼한다"	"she grieves / is sad"	"word"	"none"	"direct corpus"	"MADORAN_DIRECT"	"attested"	"S6"	"MADOran token 29448; sentence 1301"	"미완료형; 형태 태그상 주어=그녀"
"OD-0898"	"A2"	"verbs"	"رحت"	"رحت"	"r7t"	"나는 갔다"	"I went"	"word"	"none"	"direct corpus"	"MADORAN_DIRECT"	"attested"	"S6"	"MADOran token 368; sentence 23"	"완료형; 형태 태그상 주어=나"
"OD-0899"	"A2"	"general"	"وحدها"	"وحدها"	"w7dha"	"혼자; 오직"	"alone,only"	"word"	"none"	"direct corpus"	"MADORAN_DIRECT"	"attested"	"S6"	"MADOran token 207; sentence 13"	"소유·전치사 결합 접사=3인칭 여성 단수"
"OD-0900"	"A2"	"verbs"	"لقيت"	"لقيت"	"l9yt"	"나는 찾았다; 발견했다"	"I found"	"word"	"none"	"direct corpus"	"MADORAN_DIRECT"	"attested"	"S6"	"MADOran token 3938; sentence 218"	"-t는 중의적이나 sentence 218 문맥은 1SG"
"OD-0901"	"A2"	"function"	"بيكم"	"بيكم"	"bykm"	"너희와; 너희에게"	"with you"	"word"	"none"	"direct corpus"	"MADORAN_DIRECT"	"attested"	"S6"	"MADOran token 7344; sentence 363"	"소유·전치사 결합 접사=2인칭 복수"
"OD-0902"	"A2"	"general"	"بوك"	"بوك"	"bwk"	"네 아버지"	"your father"	"word"	"none"	"direct corpus"	"MADORAN_DIRECT"	"attested"	"S6"	"MADOran token 10756; sentence 544"	"소유·전치사 결합 접사=2인칭"
"OD-0903"	"A2"	"verbs"	"خرجت"	"خرجت"	"khrjt"	"나는 나갔다"	"I went out"	"word"	"none"	"direct corpus"	"MADORAN_DIRECT"	"attested"	"S6"	"MADOran token 719; sentence 39"	"완료형; 형태 태그상 주어=나"
"OD-0904"	"A2"	"verbs"	"طلع"	"طلع"	"tl3"	"그는 올라갔다"	"he went up"	"word"	"none"	"direct corpus"	"MADORAN_DIRECT"	"attested"	"S6"	"MADOran token 1915; sentence 90"	"완료형; 형태 태그상 주어=그"
"OD-0905"	"A2"	"verbs"	"تلقى"	"تلقى"	"tl9a"	"너는/그녀는 찾는다"	"you/she find(s)"	"word"	"none"	"direct corpus"	"MADORAN_DIRECT"	"attested"	"S6"	"MADOran token 9392; sentence 431"	"미완료형 t-; 2인칭 남성 단수 또는 3인칭 여성 단수로 중의적"
"OD-0906"	"A2"	"verbs"	"بلع"	"بلع"	"bl3"	"입을 다물다 (명령)"	"shut your mouth (imperative, m.sg.)"	"word"	"none"	"direct corpus"	"MADORAN_DIRECT"	"attested"	"S6"	"MADOran token 12993; sentence 633"	"명령형; 형태 태그상 주어=너(남성 단수)"
"OD-0907"	"A2"	"verbs"	"تفضل"	"تفضل"	"tfdl"	"들어오다 (명령)"	"come in (imperative, m.sg.)"	"word"	"none"	"direct corpus"	"MADORAN_DIRECT"	"attested"	"S6"	"MADOran token 13172; sentence 637"	"명령형; 형태 태그상 주어=너(남성 단수)"
"OD-0908"	"A2"	"verbs"	"ولي"	"ولي"	"wly"	"돌아오다 (명령)"	"return (imperative, m.sg.)"	"word"	"none"	"direct corpus"	"MADORAN_DIRECT"	"attested"	"S6"	"MADOran token 4900; sentence 258"	"명령형; 형태 태그상 주어=너(남성 단수)"
"OD-0909"	"A2"	"verbs"	"خص"	"خص"	"khs"	"필요하다; 부족하다"	"need; lack"	"word"	"none"	"direct corpus"	"MADORAN_DIRECT"	"attested"	"S6"	"MADOran token 9751; sentence 459"	"비인칭 ma khas X ghir Y; 3MS 해석 제거"
"OD-0910"	"A2"	"function"	"بيا"	"بيا"	"bya"	"나와 함께; 나를 통해"	"with me / through me"	"word"	"none"	"direct corpus"	"MADORAN_DIRECT"	"attested"	"S6"	"MADOran token 13759; sentence 656"	"MADOran 표면형; 문맥에 따라 품사·의미 범위가 달라질 수 있음"
"OD-0911"	"A2"	"function"	"عندهم"	"عندهم"	"3ndhm"	"그들에게 있다; 그들이 가지고 있다"	"they have"	"word"	"none"	"direct corpus"	"MADORAN_DIRECT"	"attested"	"S6"	"MADOran token 15818; sentence 737"	"소유·전치사 결합 접사=3인칭 남성 복수"
"OD-0912"	"A2"	"verbs"	"اسكت"	"اسكت"	"askt"	"조용히 하다 (명령)"	"shut up (imperative, m.sg.)"	"word"	"none"	"direct corpus"	"MADORAN_DIRECT"	"attested"	"S6"	"MADOran token 18068; sentence 833"	"명령형; 형태 태그상 주어=너(남성 단수)"
"OD-0913"	"A2"	"verbs"	"بلعي"	"بلعي"	"bl3y"	"입을 다물어 (여성 단수에게)"	"shut your mouth (imperative, f.sg.)"	"word"	"none"	"direct corpus"	"MADORAN_DIRECT"	"attested"	"S6"	"MADOran token 19007; sentence 876"	"명령형; -i로 2인칭 여성 단수"
"OD-0914"	"A2"	"function"	"بيك"	"بيك"	"byk"	"너와 함께; 너를 통해"	"with you (sg.) / through you"	"word"	"none"	"direct corpus"	"MADORAN_DIRECT"	"attested"	"S6"	"MADOran token 765; sentence 42"	"소유·전치사 결합 접사=2인칭"
"OD-0915"	"A2"	"verbs"	"طاح"	"طاح"	"ta7"	"그는 떨어졌다/일이 일어났다"	"he fell / it happened"	"word"	"none"	"direct corpus"	"MADORAN_DIRECT"	"attested"	"S6"	"MADOran token 3836; sentence 213"	"완료형; 형태 태그상 주어=그"
"OD-0916"	"A2"	"function"	"تاعكم"	"تاعكم"	"ta3km"	"너희의 것"	"yours (pl.)"	"word"	"none"	"direct corpus"	"MADORAN_DIRECT"	"attested"	"S6"	"MADOran token 5581; sentence 284"	"소유·전치사 결합 접사=2인칭 복수"
"OD-0917"	"A2"	"function"	"ملهيه"	"ملهيه"	"mlhyh"	"거기에서"	"from there"	"word"	"none"	"direct corpus"	"MADORAN_DIRECT"	"attested"	"S6"	"MADOran token 6771; sentence 344"	"MADOran 표면형; 문맥에 따라 품사·의미 범위가 달라질 수 있음"
"OD-0918"	"A2"	"general"	"غاديش"	"غاديش"	"ghadych"	"~하지 않을 것이다"	"will not"	"word"	"none"	"direct corpus"	"MADORAN_DIRECT"	"attested"	"S6"	"MADOran token 7023; sentence 352"	"ghadi + -sh 부정; 긍정 미래 “will”이 아니라 “will not”"
"OD-0919"	"A2"	"function"	"ليا"	"ليا"	"lya"	"나에게; 나를 위해"	"to, for me"	"word"	"none"	"direct corpus"	"MADORAN_DIRECT"	"attested"	"S6"	"MADOran token 11728; sentence 586"	"MADOran 표면형; 문맥에 따라 품사·의미 범위가 달라질 수 있음"
"OD-0920"	"A2"	"verbs"	"تلاقيت"	"تلاقيت"	"tla9yt"	"나는 만났다"	"I met"	"word"	"none"	"direct corpus"	"MADORAN_DIRECT"	"attested"	"S6"	"MADOran token 112; sentence 8"	"완료형; 형태 태그상 주어=나"
"OD-0921"	"A2"	"communication"	"الهدرة"	"الهدرة"	"alhdra"	"말; 이야기"	"speech, talking"	"word"	"none"	"direct corpus"	"MADORAN_DIRECT"	"attested"	"S6"	"MADOran token 721; sentence 39"	"MADOran 표면형; 문맥에 따라 품사·의미 범위가 달라질 수 있음"
"OD-0922"	"A2"	"verbs"	"فاتت"	"فاتت"	"fatt"	"그녀는 지나갔다"	"she passed / it went by"	"word"	"none"	"direct corpus"	"MADORAN_DIRECT"	"attested"	"S6"	"MADOran token 1148; sentence 59"	"완료형; -et로 3인칭 여성 단수"
"OD-0923"	"A2"	"people"	"مرته"	"مرته"	"mrth"	"그의 아내"	"his wife"	"word"	"none"	"direct corpus"	"MADORAN_DIRECT"	"attested"	"S6"	"MADOran token 1556; sentence 76"	"소유·전치사 결합 접사=3인칭 남성 단수"
"OD-0924"	"A2"	"verbs"	"لقا"	"لقا"	"l9a"	"그는 찾았다"	"he found"	"word"	"none"	"direct corpus"	"MADORAN_DIRECT"	"attested"	"S6"	"MADOran token 1754; sentence 84"	"완료형; 형태 태그상 주어=그"
"OD-0925"	"A2"	"general"	"لهم"	"لهم"	"lhm"	"그들에게; 그들을 위해"	"to, for + them"	"word"	"none"	"direct corpus"	"MADORAN_DIRECT"	"attested"	"S6"	"MADOran token 2326; sentence 109"	"MADOran 표면형; 문맥에 따라 품사·의미 범위가 달라질 수 있음"
"OD-0926"	"A2"	"function"	"فليل"	"فليل"	"flyl"	"밤에"	"at night"	"word"	"none"	"direct corpus"	"MADORAN_DIRECT"	"attested"	"S6"	"MADOran token 5159; sentence 269"	"MADOran 표면형; 문맥에 따라 품사·의미 범위가 달라질 수 있음"
"OD-0927"	"A2"	"function"	"فيكم"	"فيكم"	"fykm"	"너희 안에"	"in you"	"word"	"none"	"direct corpus"	"MADORAN_DIRECT"	"attested"	"S6"	"MADOran token 5733; sentence 291"	"소유·전치사 결합 접사=2인칭 복수"
"OD-0928"	"A2"	"function"	"منه"	"منه"	"mnh"	"그에게서; 그것에서"	"from him / from it"	"word"	"none"	"direct corpus"	"MADORAN_DIRECT"	"attested"	"S6"	"MADOran token 6436; sentence 334"	"소유·전치사 결합 접사=3인칭 남성 단수"
"OD-0929"	"A2"	"abstract"	"حياتك"	"حياتك"	"7yatk"	"네 삶"	"your life"	"word"	"none"	"direct corpus"	"MADORAN_DIRECT"	"attested"	"S6"	"MADOran token 6999; sentence 352"	"소유·전치사 결합 접사=2인칭"
"OD-0930"	"A2"	"general"	"بيهم"	"بيهم"	"byhm"	"그들과"	"with them [masc.pl.]"	"word"	"none"	"direct corpus"	"MADORAN_DIRECT"	"attested"	"S6"	"MADOran token 12720; sentence 624"	"MADOran 표면형; 문맥에 따라 품사·의미 범위가 달라질 수 있음"
"OD-0931"	"A2"	"general"	"ليام"	"ليام"	"lyam"	"그날들; 시절"	"the days / times"	"word"	"none"	"direct corpus"	"MADORAN_DIRECT"	"attested"	"S6"	"MADOran token 653; sentence 37"	"MADOran 표면형; 문맥에 따라 품사·의미 범위가 달라질 수 있음"
"OD-0932"	"A2"	"verbs"	"بغا"	"بغا"	"bgha"	"그는 원했다"	"he wanted"	"word"	"none"	"direct corpus"	"MADORAN_DIRECT"	"attested"	"S6"	"MADOran token 1888; sentence 90"	"완료형; 형태 태그상 주어=그"
"OD-0933"	"A2"	"abstract"	"حقه"	"حقه"	"79h"	"그의 권리; 그의 몫"	"his right / due"	"word"	"none"	"direct corpus"	"MADORAN_DIRECT"	"attested"	"S6"	"MADOran token 4706; sentence 250"	"소유·전치사 결합 접사=3인칭 남성 단수"
"OD-0934"	"A2"	"people"	"عمي"	"عمي"	"3my"	"내 친삼촌"	"my paternal uncle"	"word"	"none"	"direct corpus"	"MADORAN_DIRECT"	"attested"	"S6"	"MADOran token 4747; sentence 252"	"소유·전치사 결합 접사=1인칭 단수"
"OD-0935"	"A2"	"function"	"مور"	"مور"	"mwr"	"뒤에; 이후에"	"after"	"word"	"none"	"direct corpus"	"MADORAN_DIRECT"	"attested"	"S6"	"MADOran token 5654; sentence 288"	"MADOran 표면형; 문맥에 따라 품사·의미 범위가 달라질 수 있음"
"OD-0936"	"A2"	"abstract"	"حياتي"	"حياتي"	"7yaty"	"내 삶"	"my life"	"word"	"none"	"direct corpus"	"MADORAN_DIRECT"	"attested"	"S6"	"MADOran token 5873; sentence 309"	"소유·전치사 결합 접사=1인칭 단수"
"OD-0937"	"A2"	"verbs"	"ناضت"	"ناضت"	"nadt"	"그녀는 일어났다/소동이 벌어졌다"	"she got up / it broke out"	"word"	"none"	"direct corpus"	"MADORAN_DIRECT"	"attested"	"S6"	"MADOran token 6750; sentence 344"	"완료형; 형태 태그상 주어=그녀"
"OD-0938"	"A2"	"verbs"	"كبرت"	"كبرت"	"kbrt"	"나는 자랐다"	"I grew up"	"word"	"none"	"direct corpus"	"MADORAN_DIRECT"	"attested"	"S6"	"MADOran token 6827; sentence 347"	"완료형; 형태 태그상 주어=나"
"OD-0939"	"A2"	"general"	"رانيش"	"رانيش"	"ranych"	"나는 ~이 아니다/없는 상태다"	"I am not"	"word"	"none"	"direct corpus"	"MADORAN_DIRECT"	"attested"	"S6"	"MADOran token 14890; sentence 696"	"ra-ni-sh; 1인칭 단수 상태 부정"
"OD-0940"	"A2"	"general"	"اليوم"	"اليوم"	"alywm"	"오늘"	"today"	"word"	"none"	"direct corpus"	"MADORAN_DIRECT"	"attested"	"S6"	"MADOran token 16229; sentence 758"	"MADOran 표면형; 문맥에 따라 품사·의미 범위가 달라질 수 있음"
"OD-0941"	"A2"	"abstract"	"الحال"	"الحال"	"al7al"	"상황; 상태"	"situation,condition"	"word"	"none"	"direct corpus"	"MADORAN_DIRECT"	"attested"	"S6"	"MADOran token 17899; sentence 826"	"MADOran 표면형; 문맥에 따라 품사·의미 범위가 달라질 수 있음"
"OD-0942"	"A2"	"verbs"	"هات"	"هات"	"hat"	"가져오다 (명령)"	"bring / give (imperative, m.sg.)"	"word"	"none"	"direct corpus"	"MADORAN_DIRECT"	"attested"	"S6"	"MADOran token 21027; sentence 968"	"명령형; 형태 태그상 주어=너(남성 단수)"
"OD-0943"	"A2"	"general"	"بلوطو"	"بلوطو"	"blwtw"	"자동차로"	"by car"	"word"	"none"	"direct corpus"	"MADORAN_DIRECT"	"attested"	"S6"	"MADOran token 180; sentence 12"	"MADOran 표면형; 문맥에 따라 품사·의미 범위가 달라질 수 있음"
"OD-0944"	"A2"	"verbs"	"وليت"	"وليت"	"wlyt"	"나는 돌아왔다/~이 되었다"	"I came back / became"	"word"	"none"	"direct corpus"	"MADORAN_DIRECT"	"attested"	"S6"	"MADOran token 229; sentence 15"	"완료형; 형태 태그상 주어=나"
"OD-0945"	"A2"	"verbs"	"قبلت"	"قبلت"	"9blt"	"그녀는 받아들였다"	"she accepted"	"word"	"none"	"direct corpus"	"MADORAN_DIRECT"	"attested"	"S6"	"MADOran token 398; sentence 24"	"완료형; 형태 태그상 주어=그녀"
"OD-0946"	"A2"	"function"	"بها"	"بها"	"bha"	"그녀와 함께; 그것으로"	"with her / with it"	"word"	"none"	"direct corpus"	"MADORAN_DIRECT"	"attested"	"S6"	"MADOran token 660; sentence 37"	"소유·전치사 결합 접사=3인칭 여성 단수"
"OD-0947"	"A2"	"verbs"	"بغات"	"بغات"	"bghat"	"그녀는 원했다"	"she wanted"	"word"	"none"	"direct corpus"	"MADORAN_DIRECT"	"attested"	"S6"	"MADOran token 2404; sentence 116"	"완료형; 형태 태그상 주어=그녀"
"OD-0948"	"A2"	"verbs"	"داورو"	"داورو"	"dawrw"	"돌리다 (명령)"	"turn (imperative, pl.)"	"word"	"none"	"direct corpus"	"MADORAN_DIRECT"	"attested"	"S6"	"MADOran token 2510; sentence 125"	"명령형; 형태 태그상 주어=너희"
"OD-0949"	"A2"	"verbs"	"دبر"	"دبر"	"dbr"	"처리하다 (명령)"	"handle (imperative, m.sg.)"	"word"	"none"	"direct corpus"	"MADORAN_DIRECT"	"attested"	"S6"	"MADOran token 3228; sentence 188"	"명령형; 형태 태그상 주어=너(남성 단수)"
"OD-0950"	"A2"	"people"	"عمك"	"عمك"	"3mk"	"네 삼촌"	"your uncle"	"word"	"none"	"direct corpus"	"MADORAN_DIRECT"	"attested"	"S6"	"MADOran token 3510; sentence 201"	"소유접사=2인칭 단수"
"OD-0951"	"A2"	"general"	"راهش"	"راهش"	"rahch"	"그는 ~이 아니다"	"is not"	"word"	"none"	"direct corpus"	"MADORAN_DIRECT"	"attested"	"S6"	"MADOran token 4333; sentence 236"	"ma-/m-…-ch 부정 표면형"
"OD-0952"	"A2"	"verbs"	"عيطت"	"عيطت"	"3ytt"	"나는 전화했다/불렀다"	"I called"	"word"	"none"	"direct corpus"	"MADORAN_DIRECT"	"attested"	"S6"	"MADOran token 4874; sentence 258"	"완료형; 형태 태그상 주어=나"
"OD-0953"	"A2"	"verbs"	"بدات"	"بدات"	"bdat"	"그녀는 시작했다"	"she started"	"word"	"none"	"direct corpus"	"MADORAN_DIRECT"	"attested"	"S6"	"MADOran token 5653; sentence 288"	"완료형; 형태 태그상 주어=그녀"
"OD-0954"	"A2"	"verbs"	"عرفت"	"عرفت"	"3rft"	"나는 알았다"	"I knew / found out"	"word"	"none"	"direct corpus"	"MADORAN_DIRECT"	"attested"	"S6"	"MADOran token 5882; sentence 311"	"완료형; 형태 태그상 주어=나"
"OD-0955"	"A2"	"general"	"وجهي"	"وجهي"	"wjhy"	"내 얼굴"	"my face"	"word"	"none"	"direct corpus"	"MADORAN_DIRECT"	"attested"	"S6"	"MADOran token 7086; sentence 354"	"소유·전치사 결합 접사=1인칭 단수"
"OD-0956"	"A2"	"general"	"بنادم"	"بنادم"	"bnadm"	"사람; 인간"	"person; human being"	"word"	"none"	"direct corpus"	"MADORAN_DIRECT"	"attested"	"S6"	"MADOran token 7324; sentence 362"	"MADOran 표면형; 문맥에 따라 품사·의미 범위가 달라질 수 있음"
"OD-0957"	"A2"	"function"	"توعنا"	"توعنا"	"tw3na"	"우리의"	"our"	"word"	"none"	"direct corpus"	"MADORAN_DIRECT"	"attested"	"S6"	"MADOran token 8368; sentence 400"	"소유·전치사 결합 접사=1인칭 복수"
"OD-0958"	"A2"	"general"	"بنيادم"	"بنيادم"	"bnyadm"	"사람; 인간"	"person; human being"	"word"	"none"	"direct corpus"	"MADORAN_DIRECT"	"attested"	"S6"	"MADOran token 8418; sentence 401"	"MADOran 표면형; 문맥에 따라 품사·의미 범위가 달라질 수 있음"
"OD-0959"	"A2"	"general"	"فمها"	"فمها"	"fmha"	"그녀의 입"	"her mouth"	"word"	"none"	"direct corpus"	"MADORAN_DIRECT"	"attested"	"S6"	"MADOran token 9848; sentence 471"	"소유·전치사 결합 접사=3인칭 여성 단수"
"OD-0960"	"A2"	"verbs"	"نجم"	"نجم"	"njm"	"나는 할 수 있다"	"I can"	"word"	"none"	"direct corpus"	"MADORAN_DIRECT"	"attested"	"S6"	"MADOran token 11277; sentence 566"	"sentence 566의 현재 가능"
"OD-0961"	"A2"	"abstract"	"حياتنا"	"حياتنا"	"7yatna"	"우리의 삶"	"our life"	"word"	"none"	"direct corpus"	"MADORAN_DIRECT"	"attested"	"S6"	"MADOran token 11682; sentence 583"	"소유·전치사 결합 접사=1인칭 복수"
"OD-0962"	"A2"	"people"	"ولادك"	"ولادك"	"wladk"	"네 아이들"	"your children"	"word"	"none"	"direct corpus"	"MADORAN_DIRECT"	"attested"	"S6"	"MADOran token 12097; sentence 599"	"소유·전치사 결합 접사=2인칭"
"OD-0963"	"A2"	"function"	"مني"	"مني"	"mny"	"나에게서"	"from me"	"word"	"none"	"direct corpus"	"MADORAN_DIRECT"	"attested"	"S6"	"MADOran token 16133; sentence 754"	"소유·전치사 결합 접사=1인칭 단수"
"OD-0964"	"A2"	"verbs"	"شد"	"شد"	"chd"	"take,hold (명령)"	"take / hold (imperative, m.sg.)"	"word"	"none"	"direct corpus"	"MADORAN_DIRECT"	"attested"	"S6"	"MADOran token 17093; sentence 793"	"명령형; 형태 태그상 주어=너(남성 단수)"
"OD-0965"	"A2"	"people"	"ولادهم"	"ولادهم"	"wladhm"	"그들의 아이들"	"their children"	"word"	"none"	"direct corpus"	"MADORAN_DIRECT"	"attested"	"S6"	"MADOran token 18624; sentence 858"	"소유·전치사 결합 접사=3인칭 남성 복수"
"OD-0966"	"A2"	"general"	"قدامي"	"قدامي"	"9damy"	"내 앞에"	"in front of me"	"word"	"none"	"direct corpus"	"MADORAN_DIRECT"	"attested"	"S6"	"MADOran token 23056; sentence 1067"	"소유·전치사 결합 접사=1인칭 단수"
"OD-0967"	"A2"	"general"	"فلواد"	"فلواد"	"flwad"	"계곡에서; 하천에서"	"in the valley / riverbed"	"word"	"none"	"direct corpus"	"MADORAN_DIRECT"	"attested"	"S6"	"MADOran token 23127; sentence 1068"	"MADOran 표면형; 문맥에 따라 품사·의미 범위가 달라질 수 있음"
"OD-0968"	"A2"	"verbs"	"ارفد"	"ارفد"	"arfd"	"들다 (명령)"	"carry (imperative, m.sg.)"	"word"	"none"	"direct corpus"	"MADORAN_DIRECT"	"attested"	"S6"	"MADOran token 23715; sentence 1088"	"명령형; 형태 태그상 주어=너(남성 단수)"
"OD-0969"	"A2"	"function"	"تاوعنا"	"تاوعنا"	"taw3na"	"우리의"	"our"	"word"	"none"	"direct corpus"	"MADORAN_DIRECT"	"attested"	"S6"	"MADOran token 26362; sentence 1189"	"소유·전치사 결합 접사=1인칭 복수"
"OD-0970"	"A2"	"general"	"كرعيك"	"كرعيك"	"kr3yk"	"네 두 발/다리"	"your feet / legs"	"word"	"none"	"direct corpus"	"MADORAN_DIRECT"	"attested"	"S6"	"MADOran token 186; sentence 13"	"소유·전치사 결합 접사=2인칭"
"OD-0971"	"A2"	"verbs"	"طول"	"طول"	"twl"	"그는 길렀다; 길게 했다"	"he lengthened; let grow"	"word"	"none"	"direct corpus"	"MADORAN_DIRECT"	"attested"	"S6"	"MADOran token 1601; sentence 77"	"direct object=ضفاره(nails); transitive sense"
"OD-0972"	"A2"	"verbs"	"عمر"	"عمر"	"3mr"	"채우다 (명령)"	"fill (imperative, m.sg.)"	"word"	"none"	"direct corpus"	"MADORAN_DIRECT"	"attested"	"S6"	"MADOran token 2542; sentence 129"	"명령형; 형태 태그상 주어=너(남성 단수)"
