"source_uid"	"source_id"	"source_locator"	"sentno"	"arabic_original"	"word_count"	"source_file"	"license_id"	"source_status"	"darija_provenance"	"enrichment_state"
"madoran-s6-sentno-0001"	"S6"	"MADOran_Sentences.tsv#Sentno=1"	"1"	"كي شربت كوكا باردة هي لي دارتلي هاك . شفت ياك ضارتك . واه ضرتني ."	"16"	"MADOran_Sentences.tsv"	"CC-BY-NC-3.0-MADORAN"	"canonical"	"source_exact"	"not_started"
"madoran-s6-sentno-0002"	"S6"	"MADOran_Sentences.tsv#Sentno=2"	"2"	"أيا حكيلي حكاية هداك سيد نهار بغي تبيع لوطو ."	"10"	"MADOran_Sentences.tsv"	"CC-BY-NC-3.0-MADORAN"	"canonical"	"source_exact"	"not_started"
"madoran-s6-sentno-0003"	"S6"	"MADOran_Sentences.tsv#Sentno=3"	"3"	"غادي دروك نحكيلك بغيت نبيع بولو قلت لنسيبي تروح معيا لسوق قالي واه نروح معاك لسوق ."	"17"	"MADOran_Sentences.tsv"	"CC-BY-NC-3.0-MADORAN"	"canonical"	"source_exact"	"not_started"
"madoran-s6-sentno-0004"	"S6"	"MADOran_Sentences.tsv#Sentno=4"	"4"	"صباح بكرنا روحنا انا و ياه في الطريق قولنا نتقهوا ايا قالي نتقهوا ."	"14"	"MADOran_Sentences.tsv"	"CC-BY-NC-3.0-MADORAN"	"canonical"	"source_exact"	"not_started"
"madoran-s6-sentno-0005"	"S6"	"MADOran_Sentences.tsv#Sentno=5"	"5"	"تقهوينا و ضربنا ميل فاي قهوة حليب و قضبنا الطريق ."	"11"	"MADOran_Sentences.tsv"	"CC-BY-NC-3.0-MADORAN"	"canonical"	"source_exact"	"not_started"
"madoran-s6-sentno-0006"	"S6"	"MADOran_Sentences.tsv#Sentno=6"	"6"	"كي وصلنا لسوق خلصنا ترونتميل قاله بنعمي ترونتميل بزاف ."	"10"	"MADOran_Sentences.tsv"	"CC-BY-NC-3.0-MADORAN"	"canonical"	"source_exact"	"not_started"
"madoran-s6-sentno-0007"	"S6"	"MADOran_Sentences.tsv#Sentno=7"	"7"	"واه ايا ترونتميل خلصنا , دخلنا لسوق و قعدنا نقارعوا كان حال مازال مبانش ."	"15"	"MADOran_Sentences.tsv"	"CC-BY-NC-3.0-MADORAN"	"canonical"	"source_exact"	"not_started"
"madoran-s6-sentno-0008"	"S6"	"MADOran_Sentences.tsv#Sentno=8"	"8"	"كي بان الحال جاو غاشي يساومو فلوطو شعال عطاوك ? شعال عطاوك ? مازال عطاوني 45 عطاوني 48 تلاقيت مع واحد قعدنا نحكوا هو ثاني قعد يبيع لوطو ."	"29"	"MADOran_Sentences.tsv"	"CC-BY-NC-3.0-MADORAN"	"canonical"	"source_exact"	"not_started"
"madoran-s6-sentno-0009"	"S6"	"MADOran_Sentences.tsv#Sentno=9"	"9"	"قعدنا نحكوا انا و ياه ناس ملاح مسكين قالي شوف ديرها زينة تلقاها زينة ."	"15"	"MADOran_Sentences.tsv"	"CC-BY-NC-3.0-MADORAN"	"canonical"	"source_exact"	"not_started"
"madoran-s6-sentno-0010"	"S6"	"MADOran_Sentences.tsv#Sentno=10"	"10"	"قالي أنا و الله خطرة تلاقيت بمرا مسكينة شبانية في طريق شفتني حبست رفدتها"	"14"	"MADOran_Sentences.tsv"	"CC-BY-NC-3.0-MADORAN"	"canonical"	"source_exact"	"not_started"
"madoran-s6-sentno-0011"	"S6"	"MADOran_Sentences.tsv#Sentno=11"	"11"	"قالها وين تسكني قاتله ديني لدار و نقولك وين نسكن ."	"11"	"MADOran_Sentences.tsv"	"CC-BY-NC-3.0-MADORAN"	"canonical"	"source_exact"	"not_started"
"madoran-s6-sentno-0012"	"S6"	"MADOran_Sentences.tsv#Sentno=12"	"12"	"داها قالي ديتها داها داها كي وصل وحد فيلاج قالوله متسكنش هنا هاذي ليق تزيد بصح متتمشاش بلوطو"	"18"	"MADOran_Sentences.tsv"	"CC-BY-NC-3.0-MADORAN"	"canonical"	"source_exact"	"not_started"
"madoran-s6-sentno-0013"	"S6"	"MADOran_Sentences.tsv#Sentno=13"	"13"	"يا مسكينة تروح أبيي على كرعيك أيا قالي هودت بلوطو رفدتها قالي دخلتني في وحد شجر هاكا فلخلا قالي عندها دار فلخلا . مسكينة دخل جبرها وحدها مسكينة عايشة وحدها تسكن وحدها"	"32"	"MADOran_Sentences.tsv"	"CC-BY-NC-3.0-MADORAN"	"canonical"	"source_exact"	"not_started"
"madoran-s6-sentno-0014"	"S6"	"MADOran_Sentences.tsv#Sentno=14"	"14"	"أيا قالي قلتلها شاندير لك قالي قاتلي بارك الله فيك و قعدت تديعلي في دعوة خير"	"16"	"MADOran_Sentences.tsv"	"CC-BY-NC-3.0-MADORAN"	"canonical"	"source_exact"	"not_started"
"madoran-s6-sentno-0015"	"S6"	"MADOran_Sentences.tsv#Sentno=15"	"15"	"وليت قالي كي وليت مشيت لدار دخلت قعدت نخمم قعدت نخمم نخمم"	"12"	"MADOran_Sentences.tsv"	"CC-BY-NC-3.0-MADORAN"	"canonical"	"source_exact"	"not_started"
"madoran-s6-sentno-0016"	"S6"	"MADOran_Sentences.tsv#Sentno=16"	"16"	"قلت أنا مسكينة هادي مرا وحدها و كل شي علاه من غدوة نروح نجيبها"	"14"	"MADOran_Sentences.tsv"	"CC-BY-NC-3.0-MADORAN"	"canonical"	"source_exact"	"not_started"
"madoran-s6-sentno-0017"	"S6"	"MADOran_Sentences.tsv#Sentno=17"	"17"	"و شفاته شفتني قالي شفتني قلت أنا ندي دعوة خير منها وكلش"	"12"	"MADOran_Sentences.tsv"	"CC-BY-NC-3.0-MADORAN"	"canonical"	"source_exact"	"not_started"
"madoran-s6-sentno-0018"	"S6"	"MADOran_Sentences.tsv#Sentno=18"	"18"	"قالي غدوة روحت قضبت لوطو روحت عندها قلتلها ياضرا شا قلتي كون تجي عندي"	"14"	"MADOran_Sentences.tsv"	"CC-BY-NC-3.0-MADORAN"	"canonical"	"source_exact"	"not_started"
"madoran-s6-sentno-0019"	"S6"	"MADOran_Sentences.tsv#Sentno=19"	"19"	"قاتله كيما تبغي قالها معندك حتى ماليك قاتله ما عندي حتى ماليا لا فاميليا لا والو قالي رفدتها وديتها لدار عند ما وبويا"	"23"	"MADOran_Sentences.tsv"	"CC-BY-NC-3.0-MADORAN"	"canonical"	"source_exact"	"not_started"
"madoran-s6-sentno-0020"	"S6"	"MADOran_Sentences.tsv#Sentno=20"	"20"	"قالي كي ديتها عند ما وبويا . قالوله وهاد شبانيا قالهم هاذي مسكينة شيبانيا عايشة وحدها باغي نجيبها هنايا تعيش معانا مبغاوش ."	"23"	"MADOran_Sentences.tsv"	"CC-BY-NC-3.0-MADORAN"	"canonical"	"source_exact"	"not_started"
"madoran-s6-sentno-0021"	"S6"	"MADOran_Sentences.tsv#Sentno=21"	"21"	"مبغاوش ناضولي يزعفوا بويا قالي غي هادي لي مديرهاش قاله غي هادي"	"12"	"MADOran_Sentences.tsv"	"CC-BY-NC-3.0-MADORAN"	"canonical"	"source_exact"	"not_started"
"madoran-s6-sentno-0022"	"S6"	"MADOran_Sentences.tsv#Sentno=22"	"22"	"قتله مسكينة كي دير وعايشة وحدها خليها أنا نتحمل مسؤولية قاله لا كون تخليها غدوة لابوليس يقولوا لك بلي خطفتها و لا حاجة لازم تعلم تحصل لازم ديكلاري"	"28"	"MADOran_Sentences.tsv"	"CC-BY-NC-3.0-MADORAN"	"canonical"	"source_exact"	"not_started"
"madoran-s6-sentno-0023"	"S6"	"MADOran_Sentences.tsv#Sentno=23"	"23"	"قالي رحت عند جدارميا و قلتلهم بلي هاد مخلوقة باغي نديها و معندها حتى حد مسكينة"	"16"	"MADOran_Sentences.tsv"	"CC-BY-NC-3.0-MADORAN"	"canonical"	"source_exact"	"not_started"
"madoran-s6-sentno-0024"	"S6"	"MADOran_Sentences.tsv#Sentno=24"	"24"	"قالوله شوف قالوله ليق حتى نديرولك وحد ورقة باش تقبل الا قبلوا الدولة و الحكومة قبلت عاد نخلوك تخليها تعيش عندك"	"21"	"MADOran_Sentences.tsv"	"CC-BY-NC-3.0-MADORAN"	"canonical"	"source_exact"	"not_started"
"madoran-s6-sentno-0025"	"S6"	"MADOran_Sentences.tsv#Sentno=25"	"25"	"قالوله بصح بشرط الا تقبل تهالى فيها و توكلها قالي قتلهم أني قابل ."	"14"	"MADOran_Sentences.tsv"	"CC-BY-NC-3.0-MADORAN"	"canonical"	"source_exact"	"not_started"
"madoran-s6-sentno-0026"	"S6"	"MADOran_Sentences.tsv#Sentno=26"	"26"	"داروله قالي دارولي ديك ورقة و جبتها جبتها لدار قالي قعدت تاكل و تشرب و تدعيلي دعوة خير قالي حمد الله ."	"22"	"MADOran_Sentences.tsv"	"CC-BY-NC-3.0-MADORAN"	"canonical"	"source_exact"	"not_started"
"madoran-s6-sentno-0027"	"S6"	"MADOran_Sentences.tsv#Sentno=27"	"27"	"غي هو وياها ?"	"4"	"MADOran_Sentences.tsv"	"CC-BY-NC-3.0-MADORAN"	"canonical"	"source_exact"	"not_started"
"madoran-s6-sentno-0028"	"S6"	"MADOran_Sentences.tsv#Sentno=28"	"28"	"واه . هو مع بوه و ماه . اه صحا ."	"11"	"MADOran_Sentences.tsv"	"CC-BY-NC-3.0-MADORAN"	"canonical"	"source_exact"	"not_started"
"madoran-s6-sentno-0029"	"S6"	"MADOran_Sentences.tsv#Sentno=29"	"29"	"قالوله الا تجيب ورقة خليها . بوه قاله الا تجيب ورقة صحا الا ما تجيبش ورقة ما تخليهاش ."	"19"	"MADOran_Sentences.tsv"	"CC-BY-NC-3.0-MADORAN"	"canonical"	"source_exact"	"not_started"
"madoran-s6-sentno-0030"	"S6"	"MADOran_Sentences.tsv#Sentno=30"	"30"	"قالي جبت ورقة قالي بويا كي جبت ورقة قبل . قالي فرحت قالي مسكينة هادي كل يوم ولات ما تديها لحمام و تلبسها و تهلا فيها و كل شي فرحت بزاف ولات تدعي غير دعوة خير ."	"37"	"MADOran_Sentences.tsv"	"CC-BY-NC-3.0-MADORAN"	"canonical"	"source_exact"	"not_started"
"madoran-s6-sentno-0031"	"S6"	"MADOran_Sentences.tsv#Sentno=31"	"31"	"قالي قلت أنا راهي هنايا و كل شي علاه منديرش دوسيي تع سكنة بلاك يعطوها سكنة و نعيش معها وأنا تاني نروح نتزوج و كلش"	"25"	"MADOran_Sentences.tsv"	"CC-BY-NC-3.0-MADORAN"	"canonical"	"source_exact"	"not_started"
"madoran-s6-sentno-0032"	"S6"	"MADOran_Sentences.tsv#Sentno=32"	"32"	". دار ضوسيي تاع سكنة قالهم أنا أني مع شبانية و عندي بويا و ما و راني لا سكنة لا والو و هاد شبانية مخلوقة مسكينة معندهاش تا حد عطوها سكنة ."	"32"	"MADOran_Sentences.tsv"	"CC-BY-NC-3.0-MADORAN"	"canonical"	"source_exact"	"not_started"
"madoran-s6-sentno-0033"	"S6"	"MADOran_Sentences.tsv#Sentno=33"	"33"	"داروا لونكات جاب ربي بقدرة الله و دعوة خير عطاوها سكنة سبحان الله ."	"14"	"MADOran_Sentences.tsv"	"CC-BY-NC-3.0-MADORAN"	"canonical"	"source_exact"	"not_started"
"madoran-s6-sentno-0034"	"S6"	"MADOran_Sentences.tsv#Sentno=34"	"34"	"كي عطاوها سكنة جيت فرحان قلتلها شوفي يا شبانية راهم عطاوك سكنة ."	"13"	"MADOran_Sentences.tsv"	"CC-BY-NC-3.0-MADORAN"	"canonical"	"source_exact"	"not_started"
"madoran-s6-sentno-0035"	"S6"	"MADOran_Sentences.tsv#Sentno=35"	"35"	"قتله شوف يا وليدي قاتله سكنة كون ديرها على اسمي غدوا كاش حاجة ينوضوا واحد ينوض من فاميلتي و يدوهالك السكنة ديرها على اسمك مديرهاش على اسمي و رانا فيرحبا"	"30"	"MADOran_Sentences.tsv"	"CC-BY-NC-3.0-MADORAN"	"canonical"	"source_exact"	"not_started"
"madoran-s6-sentno-0036"	"S6"	"MADOran_Sentences.tsv#Sentno=36"	"36"	"قالي روحت عند هادك شاف تاعهم جريت شوي جريت شوي داروها على اسمي أيوا و عطاوها سكنة و روحنا سكنا و قعدنا أنا وياها ."	"25"	"MADOran_Sentences.tsv"	"CC-BY-NC-3.0-MADORAN"	"canonical"	"source_exact"	"not_started"
"madoran-s6-sentno-0037"	"S6"	"MADOran_Sentences.tsv#Sentno=37"	"37"	"دور ما دور ليام . عندها زوج خوتاتها قاع معلبالهومش بها نهار لي سمعوا بها قاع ما بنوش نهار لي سمعوا بلي دات سكنة و يجو . جاو يجروا كي جاو يجروا ."	"33"	"MADOran_Sentences.tsv"	"CC-BY-NC-3.0-MADORAN"	"canonical"	"source_exact"	"not_started"
"madoran-s6-sentno-0038"	"S6"	"MADOran_Sentences.tsv#Sentno=38"	"38"	"جاو يطبطبوا سكسوا يطبطبوا قالوله هنايا فلانة قالولها هنا فلانة ."	"11"	"MADOran_Sentences.tsv"	"CC-BY-NC-3.0-MADORAN"	"canonical"	"source_exact"	"not_started"
"madoran-s6-sentno-0039"	"S6"	"MADOran_Sentences.tsv#Sentno=39"	"39"	"هو كي شافهم قالهم شكون ? حنا خواتتها قال أنا شاندير خواتتها مابغيتش نقعد كاين كلام بينتهم شادرت درت تليفون بوات فوكال و حطيته و خرجت يسجل الهدرة وهوما معلبالهومش ."	"31"	"MADOran_Sentences.tsv"	"CC-BY-NC-3.0-MADORAN"	"canonical"	"source_exact"	"not_started"
"madoran-s6-sentno-0040"	"S6"	"MADOran_Sentences.tsv#Sentno=40"	"40"	"اه خواتتها حسبوا بلي ما كان تا واحد صايي كي خرج صايي ."	"13"	"MADOran_Sentences.tsv"	"CC-BY-NC-3.0-MADORAN"	"canonical"	"source_exact"	"not_started"
"madoran-s6-sentno-0041"	"S6"	"MADOran_Sentences.tsv#Sentno=41"	"41"	"كاين غي هوما و هي . أيا قالولها شوفي قالولها سكنة حرزي يديهالك سكنة رديها على اسمنا . . شوطنوها واه قعدوا يقولولها . ."	"25"	"MADOran_Sentences.tsv"	"CC-BY-NC-3.0-MADORAN"	"canonical"	"source_exact"	"not_started"
"madoran-s6-sentno-0042"	"S6"	"MADOran_Sentences.tsv#Sentno=42"	"42"	"هدا دار بيك و جابك بلعاني غير باش يديلك سكنة جابك و عطاوك سكنة و دروك يحوس يديلك سكنة ."	"20"	"MADOran_Sentences.tsv"	"CC-BY-NC-3.0-MADORAN"	"canonical"	"source_exact"	"not_started"
"madoran-s6-sentno-0043"	"S6"	"MADOran_Sentences.tsv#Sentno=43"	"43"	"قالولها أنا نقولك رودي سكنة على اسمنا و خطاك شي و حنا نتهلو فيك و حنا مكان حتى مشكل ."	"20"	"MADOran_Sentences.tsv"	"CC-BY-NC-3.0-MADORAN"	"canonical"	"source_exact"	"not_started"
"madoran-s6-sentno-0044"	"S6"	"MADOran_Sentences.tsv#Sentno=44"	"44"	"أيا قالي دربت و حد ساعة و لا ساعتين و جيت كي جيت دخلت يادرا كيراكم غايا لاباس ?"	"19"	"MADOran_Sentences.tsv"	"CC-BY-NC-3.0-MADORAN"	"canonical"	"source_exact"	"not_started"
"madoran-s6-sentno-0045"	"S6"	"MADOran_Sentences.tsv#Sentno=45"	"45"	"لاباس حمد الله قلي روحت لتليفون و ضربتلهم بوات فوكال و قلتلهم باغي نسمع هدرة شا هدرتو دار هاكا أيا هدرة قاع شا هدروا سجلها أيا نوضوا خرجوا و مليوم متجوش هاد دار ."	"34"	"MADOran_Sentences.tsv"	"CC-BY-NC-3.0-MADORAN"	"canonical"	"source_exact"	"not_started"
"madoran-s6-sentno-0046"	"S6"	"MADOran_Sentences.tsv#Sentno=46"	"46"	"عطاوها قعدت أنا و شبانية قاتله ها وليدي قاتله شوف ماكنش راجل كيفك فدنيا هادي نتا عليك دعوة خير و ولد فاميليا و أنيا غادي مام كي نموت ندعيلك غي دعوة خير راك دايها"	"34"	"MADOran_Sentences.tsv"	"CC-BY-NC-3.0-MADORAN"	"canonical"	"source_exact"	"not_started"
"madoran-s6-sentno-0047"	"S6"	"MADOran_Sentences.tsv#Sentno=47"	"47"	"و سكنة مزية درتها على اسمك خاطش كون درتها على اسمي كانو هادو يديروا شالا بال و يدوهالك . يا سبحان الله ."	"23"	"MADOran_Sentences.tsv"	"CC-BY-NC-3.0-MADORAN"	"canonical"	"source_exact"	"not_started"
"madoran-s6-sentno-0048"	"S6"	"MADOran_Sentences.tsv#Sentno=48"	"48"	"واه أيا قالي فرحت و عليها روحت تلاقيت بنت فاميليا و تزوجت و راه عندي مرا و عندي بنت و حمد لله"	"22"	"MADOran_Sentences.tsv"	"CC-BY-NC-3.0-MADORAN"	"canonical"	"source_exact"	"not_started"
"madoran-s6-sentno-0049"	"S6"	"MADOran_Sentences.tsv#Sentno=49"	"49"	"و هي مازال راها عايشة معاه ? و هي مازال عايشة معايا و راني متهلي فيها و مخصها والو ."	"20"	"MADOran_Sentences.tsv"	"CC-BY-NC-3.0-MADORAN"	"canonical"	"source_exact"	"not_started"
"madoran-s6-sentno-0050"	"S6"	"MADOran_Sentences.tsv#Sentno=50"	"50"	"يا سبحان الله القدرة كي دايرا جيت أنا قتله و الله شوف ديرها زينة تلقاها زينة و هادا ربي راه اللي راه يسير فيها ."	"25"	"MADOran_Sentences.tsv"	"CC-BY-NC-3.0-MADORAN"	"canonical"	"source_exact"	"not_started"
"madoran-s6-sentno-0051"	"S6"	"MADOran_Sentences.tsv#Sentno=51"	"51"	"أيا عليها أنا بعت لوطو و قتله أيا تبقى على خير قالي مسكين بون قالي مين بعتها ارجى ارجى باش تخرج ارجى دوك نحلك طريق ."	"26"	"MADOran_Sentences.tsv"	"CC-BY-NC-3.0-MADORAN"	"canonical"	"source_exact"	"not_started"
"madoran-s6-sentno-0052"	"S6"	"MADOran_Sentences.tsv#Sentno=52"	"52"	"قال لوحدين حمبوك وخروا وخروا هادا راه باع لوطو باغي يخرج ."	"12"	"MADOran_Sentences.tsv"	"CC-BY-NC-3.0-MADORAN"	"canonical"	"source_exact"	"not_started"
"madoran-s6-sentno-0053"	"S6"	"MADOran_Sentences.tsv#Sentno=53"	"53"	"خاطش كانت عاد 11 خاطش حتى 12 يكمونصوا يخرجوا ."	"10"	"MADOran_Sentences.tsv"	"CC-BY-NC-3.0-MADORAN"	"canonical"	"source_exact"	"not_started"
"madoran-s6-sentno-0054"	"S6"	"MADOran_Sentences.tsv#Sentno=54"	"54"	"مسكين الله يكثر خيره وخلي زوج لواطا دالي طريق"	"9"	"MADOran_Sentences.tsv"	"CC-BY-NC-3.0-MADORAN"	"canonical"	"source_exact"	"not_started"
"madoran-s6-sentno-0055"	"S6"	"MADOran_Sentences.tsv#Sentno=55"	"55"	"قظبت طريق 11.30 جيت خارج من سوق تلاقيت بهادوك لي يبيعوا دلاع و بتيخ شريت حبة دلاع و جيت لحقت على 12.30 و لا صليت جمعة و رقدت غاية ."	"30"	"MADOran_Sentences.tsv"	"CC-BY-NC-3.0-MADORAN"	"canonical"	"source_exact"	"not_started"
"madoran-s6-sentno-0056"	"S6"	"MADOran_Sentences.tsv#Sentno=56"	"56"	"بصح سيحان الله ايستواغ كي دايرة ."	"7"	"MADOran_Sentences.tsv"	"CC-BY-NC-3.0-MADORAN"	"canonical"	"source_exact"	"not_started"
"madoran-s6-sentno-0057"	"S6"	"MADOran_Sentences.tsv#Sentno=57"	"57"	"كي كنا صغار كنا نشوفو سندريلا تخرج نص الليل كابتن ماجد يزرطي من لقراية باه يلعب ماتش و روبن هود خاين نتفرجوه طارزن ديما عريان و الأميرة نايمة خاصها سلمة باش تنوض و يقولك كبرنا مسوفجين ه"	"37"	"MADOran_Sentences.tsv"	"CC-BY-NC-3.0-MADORAN"	"canonical"	"source_exact"	"not_started"
"madoran-s6-sentno-0058"	"S6"	"MADOran_Sentences.tsv#Sentno=58"	"58"	"واحد خطرة كوبل كان فلبحر أيا قال لخطيبته قالها تعرفي قمر شعال بعيد قالتله واه قالها ريحة كرعيك راها واصلة لتم"	"21"	"MADOran_Sentences.tsv"	"CC-BY-NC-3.0-MADORAN"	"canonical"	"source_exact"	"not_started"
"madoran-s6-sentno-0059"	"S6"	"MADOran_Sentences.tsv#Sentno=59"	"59"	"قالك واحد نهارة واحد حطيست لبس كوستيمة فور و خرج برا يتمشى دار فيها قارو نسيم فاتت عليه واحدة شابة بزاف درق قارو فجيب و هو شاعل المهم شعلت فيه نار جات عنده قالتله خويا راك تشعل معنتها راها شاعلة فيك نار ."	"43"	"MADOran_Sentences.tsv"	"CC-BY-NC-3.0-MADORAN"	"canonical"	"source_exact"	"not_started"
"madoran-s6-sentno-0060"	"S6"	"MADOran_Sentences.tsv#Sentno=60"	"60"	"قالها خوك دايمن يشعل حسب قالتله راك تشعل بزين"	"9"	"MADOran_Sentences.tsv"	"CC-BY-NC-3.0-MADORAN"	"canonical"	"source_exact"	"not_started"
"madoran-s6-sentno-0061"	"S6"	"MADOran_Sentences.tsv#Sentno=61"	"61"	"زوج تزوجوا و ابري 20 عام زواج مرا حملت رفدت بكرش ما تفاهموش هو يقولها نسميه خير الدين و هي تقوله نسموه خير الله المهم كي ولدت بيبي خرج صغير سماوه خير من والوه ."	"35"	"MADOran_Sentences.tsv"	"CC-BY-NC-3.0-MADORAN"	"canonical"	"source_exact"	"not_started"
"madoran-s6-sentno-0062"	"S6"	"MADOran_Sentences.tsv#Sentno=62"	"62"	"قالك زوج مزطولين يتمشو في طريق شافو واحد سرواله مثقوب مرول واحد قال صاحبه هذا باين استاذ تاع عربية قالو لاخر كيفاه عرفت قاله من فتحة ظاهرة على اخره"	"29"	"MADOran_Sentences.tsv"	"CC-BY-NC-3.0-MADORAN"	"canonical"	"source_exact"	"not_started"
"madoran-s6-sentno-0063"	"S6"	"MADOran_Sentences.tsv#Sentno=63"	"63"	"واحد الكافي كان يدوش عيط لمرته قالها @@Lاط@@ء @@Lاط@@ء وين راه الشومبوان قاتله راه قدامك قالها يا واحد الحابسة هاذامكتوب عليه للشعر الجاف وانا شعري راه مشمخ"	"27"	"MADOran_Sentences.tsv"	"CC-BY-NC-3.0-MADORAN"	"canonical"	"source_exact"	"not_started"
"madoran-s6-sentno-0064"	"S6"	"MADOran_Sentences.tsv#Sentno=64"	"64"	"قالك خطرة في وقت الإرهاب 4 صحاب واحد فيهم عمى ركبوا في مازدة باشي بغاو يفوجوا ."	"17"	"MADOran_Sentences.tsv"	"CC-BY-NC-3.0-MADORAN"	"canonical"	"source_exact"	"not_started"
"madoran-s6-sentno-0065"	"S6"	"MADOran_Sentences.tsv#Sentno=65"	"65"	"تفاهموا باش يوصلوا بكري وما يحبسوهمش في الباراجات أمالي تفاهموا باش كي يطيحوا في باراج يبداو يباعروا كي لكباش باش ما يحبسوهمش ."	"23"	"MADOran_Sentences.tsv"	"CC-BY-NC-3.0-MADORAN"	"canonical"	"source_exact"	"not_started"
"madoran-s6-sentno-0066"	"S6"	"MADOran_Sentences.tsv#Sentno=66"	"66"	"الباراج 1 طاحوا في لجندارم بداو يباعروا باع باع خلاوهم يفوتو ."	"12"	"MADOran_Sentences.tsv"	"CC-BY-NC-3.0-MADORAN"	"canonical"	"source_exact"	"not_started"
"madoran-s6-sentno-0067"	"S6"	"MADOran_Sentences.tsv#Sentno=67"	"67"	"الباراج 2 تع ميليتار بداو يباعروا باع باع خلاوهم يفوتوا ."	"11"	"MADOran_Sentences.tsv"	"CC-BY-NC-3.0-MADORAN"	"canonical"	"source_exact"	"not_started"
"madoran-s6-sentno-0068"	"S6"	"MADOran_Sentences.tsv#Sentno=68"	"68"	"الباراج 3 طاحوا في فوباراج تع الإرهاب سكتوا قاع غي لعمى ماشافش بقى يبعرر باع باع حتى ضربه صاحبه وقالوا أسكت رانا وصلنا للباطوار ."	"25"	"MADOran_Sentences.tsv"	"CC-BY-NC-3.0-MADORAN"	"canonical"	"source_exact"	"not_started"
"madoran-s6-sentno-0069"	"S6"	"MADOran_Sentences.tsv#Sentno=69"	"69"	"قالك خطرة هواري الدوفان كان عنده حفلة في معسكر , أيا المعسكرية قعدو يقارعوله فالبور"	"15"	"MADOran_Sentences.tsv"	"CC-BY-NC-3.0-MADORAN"	"canonical"	"source_exact"	"not_started"
"madoran-s6-sentno-0070"	"S6"	"MADOran_Sentences.tsv#Sentno=70"	"70"	"واحد نهار واحد عروبي عنده دراهم بشكارة بصح مشي عايش جا عنده واحد منا من وهران فاهم وقاري قاله خويا نتا عندك دراهم بص مشي عايش جيب شويا دراهم و رواح تروح معيا لوهران تشوف دنيا كي دايرة"	"38"	"MADOran_Sentences.tsv"	"CC-BY-NC-3.0-MADORAN"	"canonical"	"source_exact"	"not_started"
"madoran-s6-sentno-0071"	"S6"	"MADOran_Sentences.tsv#Sentno=71"	"71"	"جاب شكارة وجا عدله سقده بكوستمة رده مستيكي متأمنش أيا قعد كراله في اوتال شباب قعد يديه يحوس بيه لديسكو للبحر قلشاه أيا بطا على بوه"	"26"	"MADOran_Sentences.tsv"	"CC-BY-NC-3.0-MADORAN"	"canonical"	"source_exact"	"not_started"
"madoran-s6-sentno-0072"	"S6"	"MADOran_Sentences.tsv#Sentno=72"	"72"	"زيفطله بوه زيفطله مع واحد قاله قول لولدي يجي لرض لراها قاعدة غي هاكك ارواح تخدم لرض تع فلاحة و بقري و حيا جا قاله قول لبويا غي دزاير لي ما نوليلها حساب روحه راه فخارج ه"	"37"	"MADOran_Sentences.tsv"	"CC-BY-NC-3.0-MADORAN"	"canonical"	"source_exact"	"not_started"
"madoran-s6-sentno-0073"	"S6"	"MADOran_Sentences.tsv#Sentno=73"	"73"	"سلام و عليكم كيراك لباس فطرت غاية فطرت غاية ليوم واه غاية شا كليت كليت بوراك ببطاطا أيا بصحتك ولدي"	"20"	"MADOran_Sentences.tsv"	"CC-BY-NC-3.0-MADORAN"	"canonical"	"source_exact"	"not_started"
"madoran-s6-sentno-0074"	"S6"	"MADOran_Sentences.tsv#Sentno=74"	"74"	"سلام و عليكم يا خويا ضحكني قالك واحد شيباني سقساواه كيراك مع رمضان قالهم كون مشي ديك جغمة تع وضو كون راني ميت ه"	"24"	"MADOran_Sentences.tsv"	"CC-BY-NC-3.0-MADORAN"	"canonical"	"source_exact"	"not_started"
"madoran-s6-sentno-0075"	"S6"	"MADOran_Sentences.tsv#Sentno=75"	"75"	"قالك واحد خطرة واحد عروبي مع طريق دوبلينو كان في لاقونا 22 نهار لي خرجت قالك دار أكسيدون خرجله واحد قالهم أودي لوطو معليش مول عبايا بيضا شكون هو"	"29"	"MADOran_Sentences.tsv"	"CC-BY-NC-3.0-MADORAN"	"canonical"	"source_exact"	"not_started"
"madoran-s6-sentno-0076"	"S6"	"MADOran_Sentences.tsv#Sentno=76"	"76"	"قالك واحد نهار واحد مرته ماتت أيا يروح دايمن للقبر ناس حسبوه يبغيها و لا و راه مارهش قادر على فراقها كي لحقوه ناس لقاوه يقولها يا دودة مترطيش و كوليها مسكينة تشف الله يرحمها"	"35"	"MADOran_Sentences.tsv"	"CC-BY-NC-3.0-MADORAN"	"canonical"	"source_exact"	"not_started"
"madoran-s6-sentno-0077"	"S6"	"MADOran_Sentences.tsv#Sentno=77"	"77"	"صحا فطوركم قالك خطرة واحد شرا أديداس كبيرة عليه باش تجي قاده كي دار طول ضفاره ه"	"17"	"MADOran_Sentences.tsv"	"CC-BY-NC-3.0-MADORAN"	"canonical"	"source_exact"	"not_started"
"madoran-s6-sentno-0078"	"S6"	"MADOran_Sentences.tsv#Sentno=78"	"78"	"@@Lاط@@ذ قالك وحد النهار وحد المعسكري شركة قادرة هود لوهران دخل عند حانوت تع الالكتروميناجي قاله شحال هد المشينا لافي ( الة الغسيل ) ايا مول لحانوت قاللو منبيعش للمعسكريين"	"30"	"MADOran_Sentences.tsv"	"CC-BY-NC-3.0-MADORAN"	"canonical"	"source_exact"	"not_started"
"madoran-s6-sentno-0079"	"S6"	"MADOran_Sentences.tsv#Sentno=79"	"79"	"ايا عاود على غدوا ولا بستيل وخداخور و قاله شحال هد المشينة لافي مول حانوت قاله منبيعش للمعسكريين ."	"19"	"MADOran_Sentences.tsv"	"CC-BY-NC-3.0-MADORAN"	"canonical"	"source_exact"	"not_started"
"madoran-s6-sentno-0080"	"S6"	"MADOran_Sentences.tsv#Sentno=80"	"80"	"اييا عاود غدوا جا ببيريك باش ميعقلش عليه و قاله شحال هده المشينة لافي قاله مانبيعش للمعسكريين"	"17"	"MADOran_Sentences.tsv"	"CC-BY-NC-3.0-MADORAN"	"canonical"	"source_exact"	"not_started"
"madoran-s6-sentno-0081"	"S6"	"MADOran_Sentences.tsv#Sentno=81"	"81"	"ايا قاله كيفاش عرفتني بلي معسكري مول حانوت قاله هده فريجيدان مشي مشينا لافي"	"14"	"MADOran_Sentences.tsv"	"CC-BY-NC-3.0-MADORAN"	"canonical"	"source_exact"	"not_started"
"madoran-s6-sentno-0082"	"S6"	"MADOran_Sentences.tsv#Sentno=82"	"82"	"قالك واحد ليفريزون تع باتيسري يدير بانشوكولا و كرواسون يديه لواحد دوار ايا دار اكسيدون كلشي دفق في لرض جاو صحاب دوار بمطارق يقولو عقارب عقارب بصح علاع قالو عقارب باسكو بنالهم كرواسون كي عقرب"	"35"	"MADOran_Sentences.tsv"	"CC-BY-NC-3.0-MADORAN"	"canonical"	"source_exact"	"not_started"
"madoran-s6-sentno-0083"	"S6"	"MADOran_Sentences.tsv#Sentno=83"	"83"	"واحد نقرا سمع بلي واحد كاين واحد نقرا وخداخور يسكن فدوار قالهم و الله غير نروحو عنده نشوف هدا نقرا غادي نكمل عليه ."	"24"	"MADOran_Sentences.tsv"	"CC-BY-NC-3.0-MADORAN"	"canonical"	"source_exact"	"not_started"
"madoran-s6-sentno-0084"	"S6"	"MADOran_Sentences.tsv#Sentno=84"	"84"	"كي راح عنده يتمشى يتمشى هو يسكن في دوار في جبل لقا واحد شيباني قاله حمبوك هدا نقرا وين يسكن ?"	"21"	"MADOran_Sentences.tsv"	"CC-BY-NC-3.0-MADORAN"	"canonical"	"source_exact"	"not_started"
"madoran-s6-sentno-0085"	"S6"	"MADOran_Sentences.tsv#Sentno=85"	"85"	"داك شيباني كان رافد قرعة تع غاز رفدها وقاله يسكن لهيه قال هدا شيباني يرفد قرعة تع غاز لاخور كي يكون ولا لدوارهم ."	"24"	"MADOran_Sentences.tsv"	"CC-BY-NC-3.0-MADORAN"	"canonical"	"source_exact"	"not_started"
"madoran-s6-sentno-0086"	"S6"	"MADOran_Sentences.tsv#Sentno=86"	"86"	"واحد سيد عند ليكونتونار فلبور غبنوه ديوانا لراح للجامع يا ربي سلكني منهم يا ربي سلكني منهم لقا واحد يا ربي عطيني خبزة لقاه ماعندهش باش يتعشى قاله هاي كارونتميل غير خلي ربي ترونكيل"	"34"	"MADOran_Sentences.tsv"	"CC-BY-NC-3.0-MADORAN"	"canonical"	"source_exact"	"not_started"
"madoran-s6-sentno-0087"	"S6"	"MADOran_Sentences.tsv#Sentno=87"	"87"	"قالك واحدة شيبانية معندهاش سنين راحت عند دونتيست أيا سقساته شعال نيبان قالها ساميل 50 دينارو شعال دروص قالها فاميل 200 دينار قاتله ديرهوملي قاع نيبان"	"26"	"MADOran_Sentences.tsv"	"CC-BY-NC-3.0-MADORAN"	"canonical"	"source_exact"	"not_started"
"madoran-s6-sentno-0088"	"S6"	"MADOran_Sentences.tsv#Sentno=88"	"88"	"واحد فرونسي سقسا ارجيغيا قاله علا نتوما مين تهدروا دخلو هدرتنا معاكم قاله انا جامي قلتها"	"16"	"MADOran_Sentences.tsv"	"CC-BY-NC-3.0-MADORAN"	"canonical"	"source_exact"	"not_started"
"madoran-s6-sentno-0089"	"S6"	"MADOran_Sentences.tsv#Sentno=89"	"89"	"واحد مغندف قاضب طرف غلاصو دايره فشمس حبة غلاصو جا عنده صاحبه قاله شا راك دير قاله باغي نقضب فويت وين راهي ه"	"23"	"MADOran_Sentences.tsv"	"CC-BY-NC-3.0-MADORAN"	"canonical"	"source_exact"	"not_started"
"madoran-s6-sentno-0090"	"S6"	"MADOran_Sentences.tsv#Sentno=90"	"90"	"واح بغا ينتاحر قعاد يطلع فوق بنك و يقيس روحه شافه وحد راجل قاله شا راك دير قاله باغي نقيس روحي قاله الا باغي تنتحر وتقيس روحك روح طلع فوق بطيمات وقيس روحك قاله علاه راك باغيني نموت ."	"39"	"MADOran_Sentences.tsv"	"CC-BY-NC-3.0-MADORAN"	"canonical"	"source_exact"	"not_started"
"madoran-s6-sentno-0091"	"S6"	"MADOran_Sentences.tsv#Sentno=91"	"91"	"خطرة واحد دخل عند كوافير ايا جمع قعد يحسن كي حسنله و كمل قاله خلصني قعد يفريفي ما لقاش عنده دراهم قاله معنديش قاله أملي قعد هنا كي تتغوفل خرج"	"30"	"MADOran_Sentences.tsv"	"CC-BY-NC-3.0-MADORAN"	"canonical"	"source_exact"	"not_started"
"madoran-s6-sentno-0092"	"S6"	"MADOran_Sentences.tsv#Sentno=92"	"92"	"واحد شومور حطيست كان يحوس على خدمة يدور يدور دخل كزيرنة قلاهم ماخصكمش كلونيل هنا صاحبي ه لا ماخصناش صحيت"	"20"	"MADOran_Sentences.tsv"	"CC-BY-NC-3.0-MADORAN"	"canonical"	"source_exact"	"not_started"
"madoran-s6-sentno-0093"	"S6"	"MADOran_Sentences.tsv#Sentno=93"	"93"	"اويحي قالهم هدا شعب يبغي ياكل كل يوم ياوغرت جوع كلبك يتبعك"	"12"	"MADOran_Sentences.tsv"	"CC-BY-NC-3.0-MADORAN"	"canonical"	"source_exact"	"not_started"
"madoran-s6-sentno-0094"	"S6"	"MADOran_Sentences.tsv#Sentno=94"	"94"	"زعما شعب جوعه يتبع حكومة علبالها يدخل حبس خير باسكو هادي مشي هدرة و سقسوه كيفاش نتا قالو بلي عندك ألف كار هو قاله لا عندي الف و خمسمية بصح على مرتي"	"32"	"MADOran_Sentences.tsv"	"CC-BY-NC-3.0-MADORAN"	"canonical"	"source_exact"	"not_started"
"madoran-s6-sentno-0095"	"S6"	"MADOran_Sentences.tsv#Sentno=95"	"95"	"كيفاش مرتك عندها قالهم كيفها كيفكم مواطنة جزايرية عندها حق تدي شوف اسيدي ايا يروح واحد شعب ولا مواطن عادي مسكين و لا قليل شوف الا يعطوه و الله ما يكحل عليها وولد عباس رى يس تع حزب @@Lاط@@ًLٌ قالهم حنا رنا عايشين خير من لسويد هادا مشي مخلخل في عقله هدا مهبول"	"52"	"MADOran_Sentences.tsv"	"CC-BY-NC-3.0-MADORAN"	"canonical"	"source_exact"	"not_started"
"madoran-s6-sentno-0096"	"S6"	"MADOran_Sentences.tsv#Sentno=96"	"96"	"ليوم فلمسلسل مين كان مرزاق يعنق في حبيبته جداتي قاتلي صاي لقا خته قتلها واه صايي لقاها مسكين قاتلي و انا كنت حاسبة زوليخة هي لي خته"	"27"	"MADOran_Sentences.tsv"	"CC-BY-NC-3.0-MADORAN"	"canonical"	"source_exact"	"not_started"
"madoran-s6-sentno-0097"	"S6"	"MADOran_Sentences.tsv#Sentno=97"	"97"	"واحد سيد يموت من مرته قاتله روح شريلي بابوش كي هود للمرشي يشريلها بابوش كي جا طالع شاف طابلة تع دومينو و هو يموت على دومينو"	"26"	"MADOran_Sentences.tsv"	"CC-BY-NC-3.0-MADORAN"	"canonical"	"source_exact"	"not_started"
"madoran-s6-sentno-0098"	"S6"	"MADOran_Sentences.tsv#Sentno=98"	"98"	"و مرته قاتله خوف مطوالش عليا عندك خمس دقايق تشريلي بابوش و تجي"	"13"	"MADOran_Sentences.tsv"	"CC-BY-NC-3.0-MADORAN"	"canonical"	"source_exact"	"not_started"
"madoran-s6-sentno-0099"	"S6"	"MADOran_Sentences.tsv#Sentno=99"	"99"	"و هو يموت على دومينو جا فات على حومة لقا جماعة يلعبو فدومينو دبل سيس طول ما ضربش ساعة ضرب 4 سوايع"	"22"	"MADOran_Sentences.tsv"	"CC-BY-NC-3.0-MADORAN"	"canonical"	"source_exact"	"not_started"
"madoran-s6-sentno-0100"	"S6"	"MADOran_Sentences.tsv#Sentno=100"	"100"	"كي يدير كي يدير شا يقول لمرته دروك بطيت كي يقولها شا دار حط ببوشة عند باب حبة من حبة و حبة ططب حلت باب قاتله هدا وين تجي و الله لجبتهم أبيي من مرشي لدار ."	"37"	"MADOran_Sentences.tsv"	"CC-BY-NC-3.0-MADORAN"	"canonical"	"source_exact"	"not_started"
"madoran-s6-sentno-0101"	"S6"	"MADOran_Sentences.tsv#Sentno=101"	"101"	"وحد مرا كانت حاط ولدها فوق ماريو دخلت جارتها قالتلها علاه راكي حطاته فوق مريو قالتها باش كي يطيح نسمعه"	"20"	"MADOran_Sentences.tsv"	"CC-BY-NC-3.0-MADORAN"	"canonical"	"source_exact"	"not_started"
"madoran-s6-sentno-0102"	"S6"	"MADOran_Sentences.tsv#Sentno=102"	"102"	"قالك واحد النهار واحد معسكري طلع لتموشنت ومشى لحانوت نتاع مواد غذائية وسقساه شعال يدير العلك ?"	"17"	"MADOran_Sentences.tsv"	"CC-BY-NC-3.0-MADORAN"	"canonical"	"source_exact"	"not_started"
"madoran-s6-sentno-0103"	"S6"	"MADOran_Sentences.tsv#Sentno=103"	"103"	"قاله ما نبيعش انت معسكري . عاود رجع عنده غدوا ولابس حطه ."	"13"	"MADOran_Sentences.tsv"	"CC-BY-NC-3.0-MADORAN"	"canonical"	"source_exact"	"not_started"
"madoran-s6-sentno-0104"	"S6"	"MADOran_Sentences.tsv#Sentno=104"	"104"	"وسقساه شعال العلك ? قاله مانبيعش نتا معسكري خرج ومن بعد رجع عنده قاله كيفا ش عرفتني بلي معسكري"	"19"	"MADOran_Sentences.tsv"	"CC-BY-NC-3.0-MADORAN"	"canonical"	"source_exact"	"not_started"
"madoran-s6-sentno-0105"	"S6"	"MADOran_Sentences.tsv#Sentno=105"	"105"	"قاله التموشنتي هذا ماشي علك هادا جومبو"	"7"	"MADOran_Sentences.tsv"	"CC-BY-NC-3.0-MADORAN"	"canonical"	"source_exact"	"not_started"
"madoran-s6-sentno-0106"	"S6"	"MADOran_Sentences.tsv#Sentno=106"	"106"	"قالك وحد الوهراني فات على حومة في معسكر باللوطو ديكابوطابل ايا المعسكريين بدبو عليه سلامات سلامات حسبوه دار أكسيدون"	"19"	"MADOran_Sentences.tsv"	"CC-BY-NC-3.0-MADORAN"	"canonical"	"source_exact"	"not_started"
"madoran-s6-sentno-0107"	"S6"	"MADOran_Sentences.tsv#Sentno=107"	"107"	"مين يزيد مزيود جديد عند كل فاميلية وهرانية نفرحوا و نزهاو الا كانت شيرة و لا شير لخطرش غادي ينور الدار"	"21"	"MADOran_Sentences.tsv"	"CC-BY-NC-3.0-MADORAN"	"canonical"	"source_exact"	"not_started"
"madoran-s6-sentno-0108"	"S6"	"MADOran_Sentences.tsv#Sentno=108"	"108"	"نعرضو قاع الغاشي كيم لحباب و جوارين ونديروا نفاس هي القصعة ."	"12"	"MADOran_Sentences.tsv"	"CC-BY-NC-3.0-MADORAN"	"canonical"	"source_exact"	"not_started"
"madoran-s6-sentno-0109"	"S6"	"MADOran_Sentences.tsv#Sentno=109"	"109"	"نوجدوا لهم بركوكس و ليموناد و ما تقنة حلوة و قاطو و قهوة و لتاي و نحطوهم لناس معروضين و نفوتوها بالهدرة تقصارو غي ضحك قاع ديك لعشية ."	"29"	"MADOran_Sentences.tsv"	"CC-BY-NC-3.0-MADORAN"	"canonical"	"source_exact"	"not_started"
"madoran-s6-sentno-0110"	"S6"	"MADOran_Sentences.tsv#Sentno=110"	"110"	"كاين لي يمد لنافسة دراهم و كاين لي يمد كادويات كل وحدة دجيب لنجمت عليه"	"15"	"MADOran_Sentences.tsv"	"CC-BY-NC-3.0-MADORAN"	"canonical"	"source_exact"	"not_started"
"madoran-s6-sentno-0111"	"S6"	"MADOran_Sentences.tsv#Sentno=111"	"111"	"لي فيده كل يوم عيده زعما لي عنده دايمان يشري و فرحان"	"12"	"MADOran_Sentences.tsv"	"CC-BY-NC-3.0-MADORAN"	"canonical"	"source_exact"	"not_started"
"madoran-s6-sentno-0112"	"S6"	"MADOran_Sentences.tsv#Sentno=112"	"112"	"لي حرثه فرد دكه جمل"	"5"	"MADOran_Sentences.tsv"	"CC-BY-NC-3.0-MADORAN"	"canonical"	"source_exact"	"not_started"
"madoran-s6-sentno-0113"	"S6"	"MADOran_Sentences.tsv#Sentno=113"	"113"	"بهلول وموصي"	"2"	"MADOran_Sentences.tsv"	"CC-BY-NC-3.0-MADORAN"	"canonical"	"source_exact"	"not_started"
"madoran-s6-sentno-0114"	"S6"	"MADOran_Sentences.tsv#Sentno=114"	"114"	"خدم يا باقي لشاقي و كول يا مستراح"	"8"	"MADOran_Sentences.tsv"	"CC-BY-NC-3.0-MADORAN"	"canonical"	"source_exact"	"not_started"
"madoran-s6-sentno-0115"	"S6"	"MADOran_Sentences.tsv#Sentno=115"	"115"	"خبز دار يكلو براني"	"4"	"MADOran_Sentences.tsv"	"CC-BY-NC-3.0-MADORAN"	"canonical"	"source_exact"	"not_started"
"madoran-s6-sentno-0116"	"S6"	"MADOran_Sentences.tsv#Sentno=116"	"116"	"جات حماتي ليوم و بغات تتحكم فيا في داري و الله الا غايا قالو ناس زمان في عشنا و ينشنا في داري و باغيا تستعمرني"	"25"	"MADOran_Sentences.tsv"	"CC-BY-NC-3.0-MADORAN"	"canonical"	"source_exact"	"not_started"
"madoran-s6-sentno-0117"	"S6"	"MADOran_Sentences.tsv#Sentno=117"	"117"	"@@Lاط@@ذ الي باغها قاع خلاها قاع"	"6"	"MADOran_Sentences.tsv"	"CC-BY-NC-3.0-MADORAN"	"canonical"	"source_exact"	"not_started"
"madoran-s6-sentno-0118"	"S6"	"MADOran_Sentences.tsv#Sentno=118"	"118"	"كرش كبيرة تتقطع"	"3"	"MADOran_Sentences.tsv"	"CC-BY-NC-3.0-MADORAN"	"canonical"	"source_exact"	"not_started"
"madoran-s6-sentno-0119"	"S6"	"MADOran_Sentences.tsv#Sentno=119"	"119"	"مدبوحة تعيب على مسلوخة و مقطعة شابعة ضحك"	"8"	"MADOran_Sentences.tsv"	"CC-BY-NC-3.0-MADORAN"	"canonical"	"source_exact"	"not_started"
"madoran-s6-sentno-0120"	"S6"	"MADOran_Sentences.tsv#Sentno=120"	"120"	"الي ما هو ليك غير يعييك"	"6"	"MADOran_Sentences.tsv"	"CC-BY-NC-3.0-MADORAN"	"canonical"	"source_exact"	"not_started"
"madoran-s6-sentno-0121"	"S6"	"MADOran_Sentences.tsv#Sentno=121"	"121"	"عزيزتي جزائرية واجد باش نصلح اوتوروت من غربه مغنية الى شرقه طارف ببروصادون ادا بينتيلي بلي هنا هو اهم شرط لزواج ."	"22"	"MADOran_Sentences.tsv"	"CC-BY-NC-3.0-MADORAN"	"canonical"	"source_exact"	"not_started"
"madoran-s6-sentno-0122"	"S6"	"MADOran_Sentences.tsv#Sentno=122"	"122"	"ردت عليه قاتله عزيزي جزايري اني واجدة باش نعاود موراك ببابيي مشوار ادا بينتلي بلي شاب جزايري ميهمهش زين شيرة و يشوف غير فعايل"	"24"	"MADOran_Sentences.tsv"	"CC-BY-NC-3.0-MADORAN"	"canonical"	"source_exact"	"not_started"
"madoran-s6-sentno-0123"	"S6"	"MADOran_Sentences.tsv#Sentno=123"	"123"	"اخت سناء كيراكي و كيراهم ناس وهران"	"7"	"MADOran_Sentences.tsv"	"CC-BY-NC-3.0-MADORAN"	"canonical"	"source_exact"	"not_started"
"madoran-s6-sentno-0124"	"S6"	"MADOran_Sentences.tsv#Sentno=124"	"124"	"راني غايا غايا ونهديلكم هدي الغنية"	"6"	"MADOran_Sentences.tsv"	"CC-BY-NC-3.0-MADORAN"	"canonical"	"source_exact"	"not_started"
"madoran-s6-sentno-0125"	"S6"	"MADOran_Sentences.tsv#Sentno=125"	"125"	"@@Lاط@@ذ @@Lاط@@ذ @@Lاط@@ذ داورو ها شبيبة داورو @@Lاط@@ذ @@Lاط@@ذ @@Lاط@@ذ @@Lاط@@ذ"	"11"	"MADOran_Sentences.tsv"	"CC-BY-NC-3.0-MADORAN"	"canonical"	"source_exact"	"not_started"
"madoran-s6-sentno-0126"	"S6"	"MADOran_Sentences.tsv#Sentno=126"	"126"	"حنا عدنا تاريخ ماشي غير هدرة في الريح"	"8"	"MADOran_Sentences.tsv"	"CC-BY-NC-3.0-MADORAN"	"canonical"	"source_exact"	"not_started"
"madoran-s6-sentno-0127"	"S6"	"MADOran_Sentences.tsv#Sentno=127"	"127"	"تالي فينا شيخ ما شي لبارح بدينا"	"7"	"MADOran_Sentences.tsv"	"CC-BY-NC-3.0-MADORAN"	"canonical"	"source_exact"	"not_started"
"madoran-s6-sentno-0128"	"S6"	"MADOran_Sentences.tsv#Sentno=128"	"128"	"لا شيعا لا لا نفيخ حنايا عدنا ساس صحيح"	"9"	"MADOran_Sentences.tsv"	"CC-BY-NC-3.0-MADORAN"	"canonical"	"source_exact"	"not_started"
"madoran-s6-sentno-0129"	"S6"	"MADOran_Sentences.tsv#Sentno=129"	"129"	"عمر راسك مليح و هدا العام الشوبيونا"	"7"	"MADOran_Sentences.tsv"	"CC-BY-NC-3.0-MADORAN"	"canonical"	"source_exact"	"not_started"
"madoran-s6-sentno-0130"	"S6"	"MADOran_Sentences.tsv#Sentno=130"	"130"	"و هايا هايا داورو هاشبيبة داورو"	"6"	"MADOran_Sentences.tsv"	"CC-BY-NC-3.0-MADORAN"	"canonical"	"source_exact"	"not_started"
"madoran-s6-sentno-0131"	"S6"	"MADOran_Sentences.tsv#Sentno=131"	"131"	"وهايا هايا وفكرونا بيام زمان"	"5"	"MADOran_Sentences.tsv"	"CC-BY-NC-3.0-MADORAN"	"canonical"	"source_exact"	"not_started"
"madoran-s6-sentno-0132"	"S6"	"MADOran_Sentences.tsv#Sentno=132"	"132"	"وهايا هايا عيطو لصوارا يصورو"	"5"	"MADOran_Sentences.tsv"	"CC-BY-NC-3.0-MADORAN"	"canonical"	"source_exact"	"not_started"
"madoran-s6-sentno-0133"	"S6"	"MADOran_Sentences.tsv#Sentno=133"	"133"	"وهايا هايا قولنالكم فور و مزال"	"6"	"MADOran_Sentences.tsv"	"CC-BY-NC-3.0-MADORAN"	"canonical"	"source_exact"	"not_started"
"madoran-s6-sentno-0134"	"S6"	"MADOran_Sentences.tsv#Sentno=134"	"134"	"عدنا جمهور مريض في الستاد روبلة مهبولة"	"7"	"MADOran_Sentences.tsv"	"CC-BY-NC-3.0-MADORAN"	"canonical"	"source_exact"	"not_started"
"madoran-s6-sentno-0135"	"S6"	"MADOran_Sentences.tsv#Sentno=135"	"135"	"نحبس ولا نزيد ولا سايي بركانا"	"6"	"MADOran_Sentences.tsv"	"CC-BY-NC-3.0-MADORAN"	"canonical"	"source_exact"	"not_started"
"madoran-s6-sentno-0136"	"S6"	"MADOran_Sentences.tsv#Sentno=136"	"136"	"ماعدناش الفيد ومافيناش الي يتبلى"	"5"	"MADOran_Sentences.tsv"	"CC-BY-NC-3.0-MADORAN"	"canonical"	"source_exact"	"not_started"
"madoran-s6-sentno-0137"	"S6"	"MADOran_Sentences.tsv#Sentno=137"	"137"	"كيتنود تحسب عيد تقول نتا برشلونا"	"6"	"MADOran_Sentences.tsv"	"CC-BY-NC-3.0-MADORAN"	"canonical"	"source_exact"	"not_started"
"madoran-s6-sentno-0138"	"S6"	"MADOran_Sentences.tsv#Sentno=138"	"138"	"الا ربحنا دزاقات تتخبل قاع الحية"	"6"	"MADOran_Sentences.tsv"	"CC-BY-NC-3.0-MADORAN"	"canonical"	"source_exact"	"not_started"
"madoran-s6-sentno-0139"	"S6"	"MADOran_Sentences.tsv#Sentno=139"	"139"	"الروبلة و علامات وشا نحكيلك يا خويا"	"7"	"MADOran_Sentences.tsv"	"CC-BY-NC-3.0-MADORAN"	"canonical"	"source_exact"	"not_started"
"madoran-s6-sentno-0140"	"S6"	"MADOran_Sentences.tsv#Sentno=140"	"140"	"النار عليها قدات هي ممو عينيا"	"6"	"MADOran_Sentences.tsv"	"CC-BY-NC-3.0-MADORAN"	"canonical"	"source_exact"	"not_started"
"madoran-s6-sentno-0141"	"S6"	"MADOran_Sentences.tsv#Sentno=141"	"141"	"حنايا اولوفات ساكنتنا هذي الجنية"	"5"	"MADOran_Sentences.tsv"	"CC-BY-NC-3.0-MADORAN"	"canonical"	"source_exact"	"not_started"
"madoran-s6-sentno-0142"	"S6"	"MADOran_Sentences.tsv#Sentno=142"	"142"	"عمر راسك مليح و هدا العام الشوبيونا"	"7"	"MADOran_Sentences.tsv"	"CC-BY-NC-3.0-MADORAN"	"canonical"	"source_exact"	"not_started"
"madoran-s6-sentno-0143"	"S6"	"MADOran_Sentences.tsv#Sentno=143"	"143"	". ايا من بعد ايا"	"5"	"MADOran_Sentences.tsv"	"CC-BY-NC-3.0-MADORAN"	"canonical"	"source_exact"	"not_started"
"madoran-s6-sentno-0144"	"S6"	"MADOran_Sentences.tsv#Sentno=144"	"144"	"ا ربي سيدي عييت بزاف انا والله الشكوة لربي منعرت علاش دارو الليسي ? لوكان غير تضرب الزنزلة مشي خير ? وقاع الكوليجات يطيحو ?"	"25"	"MADOran_Sentences.tsv"	"CC-BY-NC-3.0-MADORAN"	"canonical"	"source_exact"	"not_started"
"madoran-s6-sentno-0145"	"S6"	"MADOran_Sentences.tsv#Sentno=145"	"145"	"ختي مدينة جديدة حتى واحد ما راحلها انا رحتلها قبل رمضان بغيت نطرطق الغاشي بزاف"	"15"	"MADOran_Sentences.tsv"	"CC-BY-NC-3.0-MADORAN"	"canonical"	"source_exact"	"not_started"
"madoran-s6-sentno-0146"	"S6"	"MADOran_Sentences.tsv#Sentno=146"	"146"	"وليزاقريصيون ما تلبسي ني ذهب ني والو وما تبينيش بورطابل تاعك وشوفي ايالا يخونوك"	"14"	"MADOran_Sentences.tsv"	"CC-BY-NC-3.0-MADORAN"	"canonical"	"source_exact"	"not_started"
"madoran-s6-sentno-0147"	"S6"	"MADOran_Sentences.tsv#Sentno=147"	"147"	"هوما ليجون يغريسوك ايلا شافوك تبيني في دوك الخواتم والمسايس وراكي عارفة بصح لا ماكان غير الخير ان شالله"	"19"	"MADOran_Sentences.tsv"	"CC-BY-NC-3.0-MADORAN"	"canonical"	"source_exact"	"not_started"
"madoran-s6-sentno-0148"	"S6"	"MADOran_Sentences.tsv#Sentno=148"	"148"	"وي سعاد شركي دايرة فيها كاش عيد ? يا ودي العيد راه غير هو انا شريت سروال جينز و 2 تع لي بودي شابين باقيلي غي الصباط غادي نطلع للبلاد ولا لشوبو باه نشري شا قلتي راهم غاليين ولا لا ?"	"41"	"MADOran_Sentences.tsv"	"CC-BY-NC-3.0-MADORAN"	"canonical"	"source_exact"	"not_started"
"madoran-s6-sentno-0149"	"S6"	"MADOran_Sentences.tsv#Sentno=149"	"149"	"شويا راهم غاليين نتي ساومي و شوفي متحصيش تطيحي في حاجة شابة عينك هي ميزانك"	"15"	"MADOran_Sentences.tsv"	"CC-BY-NC-3.0-MADORAN"	"canonical"	"source_exact"	"not_started"
"madoran-s6-sentno-0150"	"S6"	"MADOran_Sentences.tsv#Sentno=150"	"150"	"ليوم ديك دليلة قبلت تتزوج بواحد ديجا متزوج و قابلة بلي شرع حلل ربعة بصح كون رجلها يبغي يتزوج عليها تقوله شرع تعرفوه غير فنسا شاولا تتزوج عليا غير هادي لي متصراش ارواح نتا وفهم"	"35"	"MADOran_Sentences.tsv"	"CC-BY-NC-3.0-MADORAN"	"canonical"	"source_exact"	"not_started"
"madoran-s6-sentno-0151"	"S6"	"MADOran_Sentences.tsv#Sentno=151"	"151"	"سمحيلي ختي باغي نسقسيك هدي هي جامعة تع علوم و تكنولوجيا ايسطو واه هدي هي جامعة حاجة ."	"18"	"MADOran_Sentences.tsv"	"CC-BY-NC-3.0-MADORAN"	"canonical"	"source_exact"	"not_started"
"madoran-s6-sentno-0152"	"S6"	"MADOran_Sentences.tsv#Sentno=152"	"152"	"و الله كبيرة مصباح راني ندور هنا عند جامعة نسقسي هكا مكانش قاع لي بغا يقولي سيرتو شيرات لي نقولها مسكينة تحشم هكا و انا نخاف"	"26"	"MADOran_Sentences.tsv"	"CC-BY-NC-3.0-MADORAN"	"canonical"	"source_exact"	"not_started"
"madoran-s6-sentno-0153"	"S6"	"MADOran_Sentences.tsv#Sentno=153"	"153"	"لا مفيها والو مكانش مشكل سقسيت جامعة هايلا جامعة"	"9"	"MADOran_Sentences.tsv"	"CC-BY-NC-3.0-MADORAN"	"canonical"	"source_exact"	"not_started"
"madoran-s6-sentno-0154"	"S6"	"MADOran_Sentences.tsv#Sentno=154"	"154"	"تع شا غادي يخرجوا منها هاد جامعة غير مخاخ باينة غادي تخرجي حاجا كبيرة نتيا ."	"16"	"MADOran_Sentences.tsv"	"CC-BY-NC-3.0-MADORAN"	"canonical"	"source_exact"	"not_started"
"madoran-s6-sentno-0155"	"S6"	"MADOran_Sentences.tsv#Sentno=155"	"155"	"خويا نتا باغي تهدر مراكش باغي تسقسي . مشي تليفون راه يصوني لا ? لا خويا معنديش تليفون . انا قلت حس تع تليفون صحا باغي نسقسيك ما دايرين لكمش ترونسوبور هنا"	"32"	"MADOran_Sentences.tsv"	"CC-BY-NC-3.0-MADORAN"	"canonical"	"source_exact"	"not_started"
"madoran-s6-sentno-0156"	"S6"	"MADOran_Sentences.tsv#Sentno=156"	"156"	"علاه تخمم علينا نتا دروك راني نسقسي هدا مكان ما فيه والو ايا صفا و الله كبيرة جامعة هنا . ما صبت ما نهدر ."	"25"	"MADOran_Sentences.tsv"	"CC-BY-NC-3.0-MADORAN"	"canonical"	"source_exact"	"not_started"
"madoran-s6-sentno-0157"	"S6"	"MADOran_Sentences.tsv#Sentno=157"	"157"	"علابلك من وين راني جاي ."	"6"	"MADOran_Sentences.tsv"	"CC-BY-NC-3.0-MADORAN"	"canonical"	"source_exact"	"not_started"
"madoran-s6-sentno-0158"	"S6"	"MADOran_Sentences.tsv#Sentno=158"	"158"	"خصك حاجة . ما خصني والو خصني نتيا بصراحة ."	"10"	"MADOran_Sentences.tsv"	"CC-BY-NC-3.0-MADORAN"	"canonical"	"source_exact"	"not_started"
"madoran-s6-sentno-0159"	"S6"	"MADOran_Sentences.tsv#Sentno=159"	"159"	"أنا ?"	"2"	"MADOran_Sentences.tsv"	"CC-BY-NC-3.0-MADORAN"	"canonical"	"source_exact"	"not_started"
"madoran-s6-sentno-0160"	"S6"	"MADOran_Sentences.tsv#Sentno=160"	"160"	"واه و الله عجبتيني ناس ملاح عاقلة"	"7"	"MADOran_Sentences.tsv"	"CC-BY-NC-3.0-MADORAN"	"canonical"	"source_exact"	"not_started"
"madoran-s6-sentno-0161"	"S6"	"MADOran_Sentences.tsv#Sentno=161"	"161"	"يسلمك ."	"2"	"MADOran_Sentences.tsv"	"CC-BY-NC-3.0-MADORAN"	"canonical"	"source_exact"	"not_started"
"madoran-s6-sentno-0162"	"S6"	"MADOran_Sentences.tsv#Sentno=162"	"162"	"قيساش تخرجي هاد وقت اه"	"5"	"MADOran_Sentences.tsv"	"CC-BY-NC-3.0-MADORAN"	"canonical"	"source_exact"	"not_started"
"madoran-s6-sentno-0163"	"S6"	"MADOran_Sentences.tsv#Sentno=163"	"163"	"خويا شا راك تحوس اقزكتمون ."	"6"	"MADOran_Sentences.tsv"	"CC-BY-NC-3.0-MADORAN"	"canonical"	"source_exact"	"not_started"
"madoran-s6-sentno-0164"	"S6"	"MADOran_Sentences.tsv#Sentno=164"	"164"	"ما راني نحوس والو بصراحة مادام مكان ني غاشي ني والو أنا و الله غي نقولهالك علبالك بلي انا سماطة انا سامط ه راكي تضحكي باينة بنت حلال و الله"	"30"	"MADOran_Sentences.tsv"	"CC-BY-NC-3.0-MADORAN"	"canonical"	"source_exact"	"not_started"
"madoran-s6-sentno-0165"	"S6"	"MADOran_Sentences.tsv#Sentno=165"	"165"	"يسلمك ."	"2"	"MADOran_Sentences.tsv"	"CC-BY-NC-3.0-MADORAN"	"canonical"	"source_exact"	"not_started"
"madoran-s6-sentno-0166"	"S6"	"MADOran_Sentences.tsv#Sentno=166"	"166"	"بصح مسرارة ."	"3"	"MADOran_Sentences.tsv"	"CC-BY-NC-3.0-MADORAN"	"canonical"	"source_exact"	"not_started"
"madoran-s6-sentno-0167"	"S6"	"MADOran_Sentences.tsv#Sentno=167"	"167"	"خويا معندك ما تخدم أنا كنت نقرا و دروك راني رايحة لدار ."	"13"	"MADOran_Sentences.tsv"	"CC-BY-NC-3.0-MADORAN"	"canonical"	"source_exact"	"not_started"
"madoran-s6-sentno-0168"	"S6"	"MADOran_Sentences.tsv#Sentno=168"	"168"	"انا تاني كنت نخدم و راني جاي عندك هنايا . علبالك باي اني قريب واحد شهر راني نجي هنا ."	"20"	"MADOran_Sentences.tsv"	"CC-BY-NC-3.0-MADORAN"	"canonical"	"source_exact"	"not_started"
"madoran-s6-sentno-0169"	"S6"	"MADOran_Sentences.tsv#Sentno=169"	"169"	"شهر ?"	"2"	"MADOran_Sentences.tsv"	"CC-BY-NC-3.0-MADORAN"	"canonical"	"source_exact"	"not_started"
"madoran-s6-sentno-0170"	"S6"	"MADOran_Sentences.tsv#Sentno=170"	"170"	"مشتنيش قاع مشتنيش ?"	"4"	"MADOran_Sentences.tsv"	"CC-BY-NC-3.0-MADORAN"	"canonical"	"source_exact"	"not_started"
"madoran-s6-sentno-0171"	"S6"	"MADOran_Sentences.tsv#Sentno=171"	"171"	"لا جامي ."	"3"	"MADOran_Sentences.tsv"	"CC-BY-NC-3.0-MADORAN"	"canonical"	"source_exact"	"not_started"
"madoran-s6-sentno-0172"	"S6"	"MADOran_Sentences.tsv#Sentno=172"	"172"	"انا و الله لكنت متمني نقرى هنا . كون قريت هنا شا كنت تقارع ."	"15"	"MADOran_Sentences.tsv"	"CC-BY-NC-3.0-MADORAN"	"canonical"	"source_exact"	"not_started"
"madoran-s6-sentno-0173"	"S6"	"MADOran_Sentences.tsv#Sentno=173"	"173"	"ها قراية قراية قراية نقابلو رزق و لا قراية . تقارعي ترولي ?"	"13"	"MADOran_Sentences.tsv"	"CC-BY-NC-3.0-MADORAN"	"canonical"	"source_exact"	"not_started"
"madoran-s6-sentno-0174"	"S6"	"MADOran_Sentences.tsv#Sentno=174"	"174"	"راني نقارع ترونسبور تع جامعة ."	"6"	"MADOran_Sentences.tsv"	"CC-BY-NC-3.0-MADORAN"	"canonical"	"source_exact"	"not_started"
"madoran-s6-sentno-0175"	"S6"	"MADOran_Sentences.tsv#Sentno=175"	"175"	"ادا مجابوهش براس شبانية نطير لسما و نجيبلك لوطو و نجيبها شابة على خطرك مكانش فيها هدرة ."	"18"	"MADOran_Sentences.tsv"	"CC-BY-NC-3.0-MADORAN"	"canonical"	"source_exact"	"not_started"
"madoran-s6-sentno-0176"	"S6"	"MADOran_Sentences.tsv#Sentno=176"	"176"	"مقلقة ? نقارع معك ."	"5"	"MADOran_Sentences.tsv"	"CC-BY-NC-3.0-MADORAN"	"canonical"	"source_exact"	"not_started"
"madoran-s6-sentno-0177"	"S6"	"MADOran_Sentences.tsv#Sentno=177"	"177"	"معليش مداري نقارع وحدي"	"4"	"MADOran_Sentences.tsv"	"CC-BY-NC-3.0-MADORAN"	"canonical"	"source_exact"	"not_started"
"madoran-s6-sentno-0178"	"S6"	"MADOran_Sentences.tsv#Sentno=178"	"178"	"يا أنا سامط واه لا سامط نقعد هنا ."	"9"	"MADOran_Sentences.tsv"	"CC-BY-NC-3.0-MADORAN"	"canonical"	"source_exact"	"not_started"
"madoran-s6-sentno-0179"	"S6"	"MADOran_Sentences.tsv#Sentno=179"	"179"	"لا مكانش بروبلام نقارع وحدي ."	"6"	"MADOran_Sentences.tsv"	"CC-BY-NC-3.0-MADORAN"	"canonical"	"source_exact"	"not_started"
"madoran-s6-sentno-0180"	"S6"	"MADOran_Sentences.tsv#Sentno=180"	"180"	"لا معليش . وين تسكني ? تسكني هنا فوهران . راكي مهودة للافيل ? معندكش حبة علك ?"	"18"	"MADOran_Sentences.tsv"	"CC-BY-NC-3.0-MADORAN"	"canonical"	"source_exact"	"not_started"
"madoran-s6-sentno-0181"	"S6"	"MADOran_Sentences.tsv#Sentno=181"	"181"	"أنت راك باغي تهدر و انا معنديش وقت راسي راه دارني مل قراية ."	"14"	"MADOran_Sentences.tsv"	"CC-BY-NC-3.0-MADORAN"	"canonical"	"source_exact"	"not_started"
"madoran-s6-sentno-0182"	"S6"	"MADOran_Sentences.tsv#Sentno=182"	"182"	"صحا قولي ختي سمحيلي الله يرحم شوابين سمحيلي ."	"9"	"MADOran_Sentences.tsv"	"CC-BY-NC-3.0-MADORAN"	"canonical"	"source_exact"	"not_started"
"madoran-s6-sentno-0183"	"S6"	"MADOran_Sentences.tsv#Sentno=183"	"183"	"واه"	"1"	"MADOran_Sentences.tsv"	"CC-BY-NC-3.0-MADORAN"	"canonical"	"source_exact"	"not_started"
"madoran-s6-sentno-0184"	"S6"	"MADOran_Sentences.tsv#Sentno=184"	"184"	"باغي غدوة نشاء اللع نعرضك فطور ."	"7"	"MADOran_Sentences.tsv"	"CC-BY-NC-3.0-MADORAN"	"canonical"	"source_exact"	"not_started"
"madoran-s6-sentno-0185"	"S6"	"MADOran_Sentences.tsv#Sentno=185"	"185"	"انشاء الله"	"2"	"MADOran_Sentences.tsv"	"CC-BY-NC-3.0-MADORAN"	"canonical"	"source_exact"	"not_started"
"madoran-s6-sentno-0186"	"S6"	"MADOran_Sentences.tsv#Sentno=186"	"186"	"يا قالت انشاء الله املي سير ? أيا غدوة نشاء الله على 4 راني هنا ."	"16"	"MADOran_Sentences.tsv"	"CC-BY-NC-3.0-MADORAN"	"canonical"	"source_exact"	"not_started"
"madoran-s6-sentno-0187"	"S6"	"MADOran_Sentences.tsv#Sentno=187"	"187"	"صحا فطوركم . فوهران فصيف فرح و زواج هادي مواكل هدا هاراج و عرس هرس يا لوكان مجاش فيه زغاريت"	"20"	"MADOran_Sentences.tsv"	"CC-BY-NC-3.0-MADORAN"	"canonical"	"source_exact"	"not_started"
"madoran-s6-sentno-0188"	"S6"	"MADOran_Sentences.tsv#Sentno=188"	"188"	"و فخريف شيعة زواج على حواج ها رواح نقولك ادا بغيت تكسب اكسب ارض كبيرة نهار صبا تغنيك و لا بغيت تتزوج تزوج مع مرا كبيرة نهار لي تغرق دبر عليك و عازب الا عوج بغا زواج ."	"38"	"MADOran_Sentences.tsv"	"CC-BY-NC-3.0-MADORAN"	"canonical"	"source_exact"	"not_started"
"madoran-s6-sentno-0189"	"S6"	"MADOran_Sentences.tsv#Sentno=189"	"189"	"ا حزيم ?"	"3"	"MADOran_Sentences.tsv"	"CC-BY-NC-3.0-MADORAN"	"canonical"	"source_exact"	"not_started"
"madoran-s6-sentno-0190"	"S6"	"MADOran_Sentences.tsv#Sentno=190"	"190"	"اه حميد طلع خويا طلع"	"5"	"MADOran_Sentences.tsv"	"CC-BY-NC-3.0-MADORAN"	"canonical"	"source_exact"	"not_started"
"madoran-s6-sentno-0191"	"S6"	"MADOran_Sentences.tsv#Sentno=191"	"191"	"صباح خير سي حزيم او خويا و الله لراك عاجبني و الله راك منور راك تشعل يادر حزيم خويا ديك قضية . تاعش هاد قضية ?"	"26"	"MADOran_Sentences.tsv"	"CC-BY-NC-3.0-MADORAN"	"canonical"	"source_exact"	"not_started"
"madoran-s6-sentno-0192"	"S6"	"MADOran_Sentences.tsv#Sentno=192"	"192"	"كيفاش تاعش هاد قضية راك باغي تقرقجني و لا هداك باب لي قتلك قصدهلي حزيم خويا ."	"17"	"MADOran_Sentences.tsv"	"CC-BY-NC-3.0-MADORAN"	"canonical"	"source_exact"	"not_started"
"madoran-s6-sentno-0193"	"S6"	"MADOran_Sentences.tsv#Sentno=193"	"193"	"اه باب لكحل هداك تع فيلة تع 2 اتاج . اه صحا . لي مقابلة بوشطة صغيرة ياك ? قهوك تحت . واه صايي ."	"25"	"MADOran_Sentences.tsv"	"CC-BY-NC-3.0-MADORAN"	"canonical"	"source_exact"	"not_started"
"madoran-s6-sentno-0194"	"S6"	"MADOran_Sentences.tsv#Sentno=194"	"194"	"هديك تع ولد حاج عكرمي واه . هداك حبيبي روح فروح قرا معايا و كبر معايا و لعبنا فرحبا يا حصراه دنيا ياه . بصح سياما حميد خويا ليقلك دراهم كبار تماك واه ليق شكارة تاع دراهم ."	"38"	"MADOran_Sentences.tsv"	"CC-BY-NC-3.0-MADORAN"	"canonical"	"source_exact"	"not_started"
"madoran-s6-sentno-0195"	"S6"	"MADOran_Sentences.tsv#Sentno=195"	"195"	"ليق شكارة ! ! تسما راك باغيني نقعد كورة ? لا دار لا دوار هاو غايا هكا ."	"18"	"MADOran_Sentences.tsv"	"CC-BY-NC-3.0-MADORAN"	"canonical"	"source_exact"	"not_started"
"madoran-s6-sentno-0196"	"S6"	"MADOran_Sentences.tsv#Sentno=196"	"196"	"انا قليل ما تومرت اه حزيم خويا قليل ما شفت غي تمارة انا كنت نطير تعقل شفتني ب 404 باشي معمرة لفت مدورها فحومة و نتا داخلها تضحك عليا ."	"30"	"MADOran_Sentences.tsv"	"CC-BY-NC-3.0-MADORAN"	"canonical"	"source_exact"	"not_started"
"madoran-s6-sentno-0197"	"S6"	"MADOran_Sentences.tsv#Sentno=197"	"197"	"فوتها للدار سناديق صناديق قاع لافمي موبيليزي اه حاي عليا بن عودا دور ثلث أيام باقية للعيد فوتناها نو د كوكو صاشيات صاشيات في لابستي و خلصنا دراهم و دراهم راهم عندك . وي ."	"35"	"MADOran_Sentences.tsv"	"CC-BY-NC-3.0-MADORAN"	"canonical"	"source_exact"	"not_started"
"madoran-s6-sentno-0198"	"S6"	"MADOran_Sentences.tsv#Sentno=198"	"198"	"نزيد نقولك ? نعطيك تالية أمن و لا بوكلي حواجبك . ديت عليا صبادون في شهر رمضان ولا لا ? واه ."	"22"	"MADOran_Sentences.tsv"	"CC-BY-NC-3.0-MADORAN"	"canonical"	"source_exact"	"not_started"
"madoran-s6-sentno-0199"	"S6"	"MADOran_Sentences.tsv#Sentno=199"	"199"	"حاجا فور اه ? حاجة تري بنينة ? سيرتو مدبل و لا سينيي خضر فوق نار و دمر اه خويا مرمد بفرينة حاجة مامي حاجة تفوت وحدها سيرتو اون صوص تومات"	"31"	"MADOran_Sentences.tsv"	"CC-BY-NC-3.0-MADORAN"	"canonical"	"source_exact"	"not_started"
"madoran-s6-sentno-0200"	"S6"	"MADOran_Sentences.tsv#Sentno=200"	"200"	"اون صي غيقالي ."	"4"	"MADOran_Sentences.tsv"	"CC-BY-NC-3.0-MADORAN"	"canonical"	"source_exact"	"not_started"
"madoran-s6-sentno-0201"	"S6"	"MADOran_Sentences.tsv#Sentno=201"	"201"	"ياك اون صي غيقالي ? هداك دوفان . هداك فليبر . صشيات صشيات . مورصويات مورصويات . دمر لبني عمك في لابستي ."	"23"	"MADOran_Sentences.tsv"	"CC-BY-NC-3.0-MADORAN"	"canonical"	"source_exact"	"not_started"
"madoran-s6-sentno-0202"	"S6"	"MADOran_Sentences.tsv#Sentno=202"	"202"	"هاك غاشي كولا عليا و نباع . و دراهمه راهم عندك نتا وي . حميد بيان كوستيمي بابيون الله الله و روايح غي ساتيم سونس و ويتايم سونس و كورتاج يا خويا هادي مبلقة هادي بهلولة هادي عقونة هادي واوا كي يحضروا كلاكسون يا خويا تشالي ."	"47"	"MADOran_Sentences.tsv"	"CC-BY-NC-3.0-MADORAN"	"canonical"	"source_exact"	"not_started"
"madoran-s6-sentno-0203"	"S6"	"MADOran_Sentences.tsv#Sentno=203"	"203"	"موراها جماعي معمر بناس يزهو داها داها بسيف على يماها . بصح لا ليقلك شكارة ."	"16"	"MADOran_Sentences.tsv"	"CC-BY-NC-3.0-MADORAN"	"canonical"	"source_exact"	"not_started"
"madoran-s6-sentno-0204"	"S6"	"MADOran_Sentences.tsv#Sentno=204"	"204"	"يا ودي يا حميد علاه ما تشوفش مرا قليلة على حسابك ? تكون مرا و نص كي تتزوج و نص يطير تبقى غير مرا كل صبع بصنعة"	"27"	"MADOran_Sentences.tsv"	"CC-BY-NC-3.0-MADORAN"	"canonical"	"source_exact"	"not_started"
"madoran-s6-sentno-0205"	"S6"	"MADOran_Sentences.tsv#Sentno=205"	"205"	"كل صبح ديلك بغرير بقهوة و عشية تدلك مطلوع و صبحية داربة فونارة عمش هاك صابح في وجها هكا نتا تقول واو غادي تاكلني مع صباح ."	"27"	"MADOran_Sentences.tsv"	"CC-BY-NC-3.0-MADORAN"	"canonical"	"source_exact"	"not_started"
"madoran-s6-sentno-0206"	"S6"	"MADOran_Sentences.tsv#Sentno=206"	"206"	"لا لا مانيش باغي هكدا . راني باغي زين و عوين . وي و حيا واقفة و شوفو دون لو فون @@Lاط@@دَنس @@Lاط@@لe @@Lاط@@ثeنت . حيا فور . باغي رقبة كي طرنيش صافية و وجه مراية لاقي لاقي ها ربي لاقي نار اشواقي في بنت عكرمي . اه مطلوعة ."	"50"	"MADOran_Sentences.tsv"	"CC-BY-NC-3.0-MADORAN"	"canonical"	"source_exact"	"not_started"
"madoran-s6-sentno-0207"	"S6"	"MADOran_Sentences.tsv#Sentno=207"	"207"	"اه مطلوعة معليش الي فات على كلمة فات على روح . علبالي بلي راح مدمر ."	"16"	"MADOran_Sentences.tsv"	"CC-BY-NC-3.0-MADORAN"	"canonical"	"source_exact"	"not_started"
"madoran-s6-sentno-0208"	"S6"	"MADOran_Sentences.tsv#Sentno=208"	"208"	"ما راني لا مدمر لا نزمر , دراهمي دروك نديهم قاع مدوخنيش ."	"13"	"MADOran_Sentences.tsv"	"CC-BY-NC-3.0-MADORAN"	"canonical"	"source_exact"	"not_started"
"madoran-s6-sentno-0209"	"S6"	"MADOran_Sentences.tsv#Sentno=209"	"209"	"اه سمع حميد تكشف فيا قدام غاشي صباح الله . ما تقولي لا نكشفك لا والو . نهبلك و الله ما رها فارية درك براس ما عزيزة مراها فارية قاع حق رسول الله ."	"34"	"MADOran_Sentences.tsv"	"CC-BY-NC-3.0-MADORAN"	"canonical"	"source_exact"	"not_started"
"madoran-s6-sentno-0210"	"S6"	"MADOran_Sentences.tsv#Sentno=210"	"210"	"اه سمع براس ما نكشف عند جوارين يوم اه تراتقي متحشمش . دراهمس دايهم دايهم ."	"16"	"MADOran_Sentences.tsv"	"CC-BY-NC-3.0-MADORAN"	"canonical"	"source_exact"	"not_started"
"madoran-s6-sentno-0211"	"S6"	"MADOran_Sentences.tsv#Sentno=211"	"211"	"اه تراتقي انيا ? شوف روح تشكي متديش دراهمك تروح و لا متروحش دروك . اه و الله ما راهي فارية اه صحا كل شوفة مخلوفة ."	"27"	"MADOran_Sentences.tsv"	"CC-BY-NC-3.0-MADORAN"	"canonical"	"source_exact"	"not_started"
"madoran-s6-sentno-0212"	"S6"	"MADOran_Sentences.tsv#Sentno=212"	"212"	"وحدة متسعفش مها جات خارجة مدارمها قالتلها اه محنطة وين راكي غادية قالتلها متحوسيش عليا جات مها قالتلها اه راكي كيما هكا و الله غي قد ما يجي خوك نحرشه فيك يمحطك ردت عليها و قالتلها دزي معاهم ردخت باب دارت رايها وخرجت"	"43"	"MADOran_Sentences.tsv"	"CC-BY-NC-3.0-MADORAN"	"canonical"	"source_exact"	"not_started"
"madoran-s6-sentno-0213"	"S6"	"MADOran_Sentences.tsv#Sentno=213"	"213"	"كي ولت عشية لقات خوها يقرعلها طاح فيها بلبونيات حتى نغلها من هداك نهار ولت تساعف وتسقمت و قالتلهم منزيدش نعاود عمر دواد ما يعاود يعطيه حبة فمراود ."	"29"	"MADOran_Sentences.tsv"	"CC-BY-NC-3.0-MADORAN"	"canonical"	"source_exact"	"not_started"
"madoran-s6-sentno-0214"	"S6"	"MADOran_Sentences.tsv#Sentno=214"	"214"	"انا حكاية قرايتي فاردن وحدها غادي نحكيلكم كي مدولي لابوغس للأردن ."	"12"	"MADOran_Sentences.tsv"	"CC-BY-NC-3.0-MADORAN"	"canonical"	"source_exact"	"not_started"
"madoran-s6-sentno-0215"	"S6"	"MADOran_Sentences.tsv#Sentno=215"	"215"	"انا كنت كملت قرايتي و مسوتنيا و مكملا ماستير تاعي و كنت نخدم اسيستونس كوماخسيال فوحد سونتخ كوماغسيال"	"18"	"MADOran_Sentences.tsv"	"CC-BY-NC-3.0-MADORAN"	"canonical"	"source_exact"	"not_started"
"madoran-s6-sentno-0216"	"S6"	"MADOran_Sentences.tsv#Sentno=216"	"216"	"خدامة عادي من بعد خدمت في جمعية في بروجي و كنتانا انيماتريس مام ندير بيلو و نخدم كومينيكسيون في جمعية ."	"21"	"MADOran_Sentences.tsv"	"CC-BY-NC-3.0-MADORAN"	"canonical"	"source_exact"	"not_started"
"madoran-s6-sentno-0217"	"S6"	"MADOran_Sentences.tsv#Sentno=217"	"217"	"وحد خطرة نشوف في فيس بوك فقروب تع جامعة يحوسو عليا و يرسلولي فلي ميساج بلي جامعة راها تحوس عليك و لي يعرفها يقوللها تجي للجامعة ايرجون"	"27"	"MADOran_Sentences.tsv"	"CC-BY-NC-3.0-MADORAN"	"canonical"	"source_exact"	"not_started"
"madoran-s6-sentno-0218"	"S6"	"MADOran_Sentences.tsv#Sentno=218"	"218"	"ايا لقيت ميساج تع سكريتار قالي ارواحي عندك بورس قتله ايه لابورس صاي ديتها معلي انا ديجا كان عندي مشكل في لابورس تالية مدخلتنيش"	"24"	"MADOran_Sentences.tsv"	"CC-BY-NC-3.0-MADORAN"	"canonical"	"source_exact"	"not_started"
"madoran-s6-sentno-0219"	"S6"	"MADOran_Sentences.tsv#Sentno=219"	"219"	"ايا مديتهاش قاع حتى قالي شا راكي تقولي عندك بورس ليترونجي للاردن ايا طرت بفرحة و رايحة للجامعة نشوف باسكو مأمنتش حتى وصلت"	"23"	"MADOran_Sentences.tsv"	"CC-BY-NC-3.0-MADORAN"	"canonical"	"source_exact"	"not_started"
"madoran-s6-sentno-0220"	"S6"	"MADOran_Sentences.tsv#Sentno=220"	"220"	"قالولي بلي كلاسيتي لولا ماجور دبرومو و راه عندك بورس بصحتك و عندك دوصي لايميه و دفعيه ."	"18"	"MADOran_Sentences.tsv"	"CC-BY-NC-3.0-MADORAN"	"canonical"	"source_exact"	"not_started"
"madoran-s6-sentno-0221"	"S6"	"MADOran_Sentences.tsv#Sentno=221"	"221"	"ايا لايمته و دفعته و قعدت نقارع بصح كنت نروح خطرة على خطرة نشوف وين واصل دوصيي باسكو خاصه يروح حتى ألجي عاصمة للوزارة باش هوما يرسلوه للجامعة و نديروا الاجراءات ."	"32"	"MADOran_Sentences.tsv"	"CC-BY-NC-3.0-MADORAN"	"canonical"	"source_exact"	"not_started"
"madoran-s6-sentno-0222"	"S6"	"MADOran_Sentences.tsv#Sentno=222"	"222"	"فات وقت و والو دايمن نروح و يقلولي مازال ايا زهر قلعت لألجي كي وصلت تماك قالولي بلي ملف تاعك مراهش قاع عندنا نخلعت و قتلهم لا كيفاه موصلش"	"29"	"MADOran_Sentences.tsv"	"CC-BY-NC-3.0-MADORAN"	"canonical"	"source_exact"	"not_started"
"madoran-s6-sentno-0223"	"S6"	"MADOran_Sentences.tsv#Sentno=223"	"223"	"كي كنت في جامعة تع وهران قالولي بلي وصل هنا كيفاه مكانش قالولي حنا اصلن قلنا غي جامعة وهران لي مرسلوناش"	"21"	"MADOran_Sentences.tsv"	"CC-BY-NC-3.0-MADORAN"	"canonical"	"source_exact"	"not_started"
"madoran-s6-sentno-0224"	"S6"	"MADOran_Sentences.tsv#Sentno=224"	"224"	"و نعيط للجامعة لعمادة و ترفد عليا فيس دوايان لي حطيت عندها دوسيي"	"13"	"MADOran_Sentences.tsv"	"CC-BY-NC-3.0-MADORAN"	"canonical"	"source_exact"	"not_started"
"madoran-s6-sentno-0225"	"S6"	"MADOran_Sentences.tsv#Sentno=225"	"225"	"قتلها كيفاه مكانش دوسيي تاعي اني هنا فألجي قالتلي لا حنا رسلناه قتلها راكي تزعقي عليا اني نقولك راني دروك فوزارة و قالولي بلي مكانش ملف تاعك ."	"28"	"MADOran_Sentences.tsv"	"CC-BY-NC-3.0-MADORAN"	"canonical"	"source_exact"	"not_started"
"madoran-s6-sentno-0226"	"S6"	"MADOran_Sentences.tsv#Sentno=226"	"226"	"ايا قعدت تبدلي فهدرة و تكدب عليا و تقول رسلته قالها مديلي اكيزي ورقة بلي وصل قاتله معنديش"	"18"	"MADOran_Sentences.tsv"	"CC-BY-NC-3.0-MADORAN"	"canonical"	"source_exact"	"not_started"
"madoran-s6-sentno-0227"	"S6"	"MADOran_Sentences.tsv#Sentno=227"	"227"	"و نولي لوهران انا و بابا روحنلها للبيرو قلنلها وين راه دوصيي تقولنا معلبليش"	"14"	"MADOran_Sentences.tsv"	"CC-BY-NC-3.0-MADORAN"	"canonical"	"source_exact"	"not_started"
"madoran-s6-sentno-0228"	"S6"	"MADOran_Sentences.tsv#Sentno=228"	"228"	"قلتلها باغي تهبليني وين راه دوصيي انا دفعته عندك ملف قد سخط تقوليلي مكانش قعدوا مشيطيني رايحة جاية مشي عارفة حتى وين راه"	"23"	"MADOran_Sentences.tsv"	"CC-BY-NC-3.0-MADORAN"	"canonical"	"source_exact"	"not_started"
"madoran-s6-sentno-0229"	"S6"	"MADOran_Sentences.tsv#Sentno=229"	"229"	"و تراديكسبون مترجمة قاع غولوفي تع لي نوت بلأونقلي و مخلصة عليها دم فوادي تع دراهم و تقولي معنديش"	"19"	"MADOran_Sentences.tsv"	"CC-BY-NC-3.0-MADORAN"	"canonical"	"source_exact"	"not_started"
"madoran-s6-sentno-0230"	"S6"	"MADOran_Sentences.tsv#Sentno=230"	"230"	"و انا نقولها انا حطيته تقوليلي مكانش جهلتني حتى طلعة للعمادة و قتلهم حوسولي جبدوهلي من سما من ما ودرتوهالي و غادي يفوتني وقت ديجا راه فايت سموكم تجبدوهلي"	"29"	"MADOran_Sentences.tsv"	"CC-BY-NC-3.0-MADORAN"	"canonical"	"source_exact"	"not_started"
"madoran-s6-sentno-0231"	"S6"	"MADOran_Sentences.tsv#Sentno=231"	"231"	"والوا مرمدوني كل يوم دايا تاكسي و خطرتش يجيبني بابا ايا قلت لبابا غي رواح هادو راهم يلعبو عليا و مبغاوش يمدولي ملف تاعي ودروهلي و مارحش قاع لألجي و ماغديش يروح و تروحلي لابوغس"	"35"	"MADOran_Sentences.tsv"	"CC-BY-NC-3.0-MADORAN"	"canonical"	"source_exact"	"not_started"
"madoran-s6-sentno-0232"	"S6"	"MADOran_Sentences.tsv#Sentno=232"	"232"	"ما دابيهم يدو معرفة و حبابهم و يدولي حقي غي هادي لي متصراش ."	"14"	"MADOran_Sentences.tsv"	"CC-BY-NC-3.0-MADORAN"	"canonical"	"source_exact"	"not_started"
"madoran-s6-sentno-0233"	"S6"	"MADOran_Sentences.tsv#Sentno=233"	"233"	"غدوة جينا غدوة من داك بابا دار تاباج نزقو جبدولنا دوصيي تلاقها هاديك دوايان قاعدة تاكل في روحها"	"18"	"MADOran_Sentences.tsv"	"CC-BY-NC-3.0-MADORAN"	"canonical"	"source_exact"	"not_started"
"madoran-s6-sentno-0234"	"S6"	"MADOran_Sentences.tsv#Sentno=234"	"234"	"قالها استادة تع بطاطا متستهليش تكوني استادة"	"7"	"MADOran_Sentences.tsv"	"CC-BY-NC-3.0-MADORAN"	"canonical"	"source_exact"	"not_started"
"madoran-s6-sentno-0235"	"S6"	"MADOran_Sentences.tsv#Sentno=235"	"235"	"انا غلطة لي درتها كون كي حطيته تمدلي غوسو اكيزي بلي دفعته و مسؤوليتها انا معرفتش"	"16"	"MADOran_Sentences.tsv"	"CC-BY-NC-3.0-MADORAN"	"canonical"	"source_exact"	"not_started"
"madoran-s6-sentno-0236"	"S6"	"MADOran_Sentences.tsv#Sentno=236"	"236"	"مهم تلعنا لل غكتوغ بلافون لي يحكم فيهم قاع عميد جينا داخلين تخرجنا سكرتيرته ما راهش هنا ديري دومونض بش تشوفيه و قارعي"	"23"	"MADOran_Sentences.tsv"	"CC-BY-NC-3.0-MADORAN"	"canonical"	"source_exact"	"not_started"
"madoran-s6-sentno-0237"	"S6"	"MADOran_Sentences.tsv#Sentno=237"	"237"	"طرت فيها و قتلها انا مسحقيناه ايرجون منقدوش نقارعوا ايا قعدت تتفلسف علينا و علبانا بلي راه داخل حتى قدرة من عند الله سبحانه و يبغي يسلك عباده جا واحد خارج من بيروا تع ريكتور"	"35"	"MADOran_Sentences.tsv"	"CC-BY-NC-3.0-MADORAN"	"canonical"	"source_exact"	"not_started"
"madoran-s6-sentno-0238"	"S6"	"MADOran_Sentences.tsv#Sentno=238"	"238"	"صحب بابا يعرفه غاية قاله بشير شا راك دير هنا سلم عليه و قاله شا خصك ايا قله بنتي مكلسا لولا فخر للجامعة راهم يجرجروا فيها ودرولها دوصيي لي لايمتاه لبورس باش تروح تقرى ايا باغيين نشوفو ريكتور"	"38"	"MADOran_Sentences.tsv"	"CC-BY-NC-3.0-MADORAN"	"canonical"	"source_exact"	"not_started"
"madoran-s6-sentno-0239"	"S6"	"MADOran_Sentences.tsv#Sentno=239"	"239"	"قاله ارواح انا نديك قال لسكريتير قالها بعدي هدا يدخل معايا ايا دخلنا و حكينا له بلي هي فخر جامعة و حقهم يكرموني مشي يشيطوني و يودرولي دوصيي تاعي و كي نكمل نولي فخر لولاية وهران قاع"	"37"	"MADOran_Sentences.tsv"	"CC-BY-NC-3.0-MADORAN"	"canonical"	"source_exact"	"not_started"
"madoran-s6-sentno-0240"	"S6"	"MADOran_Sentences.tsv#Sentno=240"	"240"	"ايا قاله انا معلبلايش بلي راه صاري قاع هاد شي و راهم غابنينك دروك دوك نشوفلك اهدرمع دوايين و فيس غيكتور"	"21"	"MADOran_Sentences.tsv"	"CC-BY-NC-3.0-MADORAN"	"canonical"	"source_exact"	"not_started"
"madoran-s6-sentno-0241"	"S6"	"MADOran_Sentences.tsv#Sentno=241"	"241"	"و قالهم لي كلاست لولا دروك تحوسوا و تجبدولها دوصيي تاعها و لا بلاصتك طير"	"15"	"MADOran_Sentences.tsv"	"CC-BY-NC-3.0-MADORAN"	"canonical"	"source_exact"	"not_started"
"madoran-s6-sentno-0242"	"S6"	"MADOran_Sentences.tsv#Sentno=242"	"242"	"قتله مانيش باغية نخرج حتى نديه عاود عيط قالهم متخرجوش حتى تلقوه اني نقارع حق وقف معانا و فتالي وين لقاوه قايسينهلي فالأرشيف فغبرة"	"24"	"MADOran_Sentences.tsv"	"CC-BY-NC-3.0-MADORAN"	"canonical"	"source_exact"	"not_started"
"madoran-s6-sentno-0243"	"S6"	"MADOran_Sentences.tsv#Sentno=243"	"243"	"و رسلنا عند لي تحته فيس غيكتور ستقبلتنا و قعدت ترقع فهدرة و وصاهم قالهم ليوم تدوه لألجي يقلع عشية و يديه باش يوصل ليوم و يتريتوه غدوة فوزارة"	"29"	"MADOran_Sentences.tsv"	"CC-BY-NC-3.0-MADORAN"	"canonical"	"source_exact"	"not_started"
"madoran-s6-sentno-0244"	"S6"	"MADOran_Sentences.tsv#Sentno=244"	"244"	"رسلوه بعد عناء طويل ايا من بعد وصل ألجي قلعنا حنا تاني لأجي كي وصلنا تاني بروبلام وخداخر دخلت عند واحد لي يشد دوصيات تع لابورس"	"26"	"MADOran_Sentences.tsv"	"CC-BY-NC-3.0-MADORAN"	"canonical"	"source_exact"	"not_started"
"madoran-s6-sentno-0245"	"S6"	"MADOran_Sentences.tsv#Sentno=245"	"245"	"ابري رحت بيرو تع سو ديركتريس لمتخصة في منح في خارج قاتلي لحقتي روطار راه فات ديلي و تنازلتي نتي"	"20"	"MADOran_Sentences.tsv"	"CC-BY-NC-3.0-MADORAN"	"canonical"	"source_exact"	"not_started"
"madoran-s6-sentno-0246"	"S6"	"MADOran_Sentences.tsv#Sentno=246"	"246"	"قتلها كيفاش وينتا هادي انا متنازلتش قاتلي ما جانا حتى رد من جامعة تع وهران قتلها باسكو دفعته و ودروهلي كل خطرة يقولولي بلي رسلناه حتى لقيتاه"	"27"	"MADOran_Sentences.tsv"	"CC-BY-NC-3.0-MADORAN"	"canonical"	"source_exact"	"not_started"
"madoran-s6-sentno-0247"	"S6"	"MADOran_Sentences.tsv#Sentno=247"	"247"	"قاتلي اه حنا خاطينا قتلها واه انا مانيش نحصل فيك اني نقولك شا صرا دروك جبتهلك باش ترسلوهلي عاونوني"	"19"	"MADOran_Sentences.tsv"	"CC-BY-NC-3.0-MADORAN"	"canonical"	"source_exact"	"not_started"
"madoran-s6-sentno-0248"	"S6"	"MADOran_Sentences.tsv#Sentno=248"	"248"	"قاتلي صعيبة و ديجا رسلنا دوصيات و منا و قعدو يشكلو عليا قلتلها قتولي لولا غي جيليه و دروك كي جبته خرجتولي بحاجة وخدوخرة"	"24"	"MADOran_Sentences.tsv"	"CC-BY-NC-3.0-MADORAN"	"canonical"	"source_exact"	"not_started"
"madoran-s6-sentno-0249"	"S6"	"MADOran_Sentences.tsv#Sentno=249"	"249"	"قالولي مشي حنا هوما تخافي ميقبلوش قتلهم معليش غي رسلوا ادا مقبلوش معليش مهم رسلو ."	"16"	"MADOran_Sentences.tsv"	"CC-BY-NC-3.0-MADORAN"	"canonical"	"source_exact"	"not_started"
"madoran-s6-sentno-0250"	"S6"	"MADOran_Sentences.tsv#Sentno=250"	"250"	"هوما بلعاني مبغاوش يعيوا رواحهم و يرسلوا ايا قعدوا يديرولي فسبايب . ايا قالولي حنا نرسلو و نشوفوا مكانش حاجا قارونتي و انا غاضتني عمري واحد يعيا و ربي يكتبله حاجا و يجو يدوله حقه"	"35"	"MADOran_Sentences.tsv"	"CC-BY-NC-3.0-MADORAN"	"canonical"	"source_exact"	"not_started"
"madoran-s6-sentno-0251"	"S6"	"MADOran_Sentences.tsv#Sentno=251"	"251"	"باسكو نستاهل قريت و عييت ايا ولينا لدار مضمرين رفعت يدي و قلت يا ربي ادا فيها خير كتبهالي و انا ندير لي عليا"	"24"	"MADOran_Sentences.tsv"	"CC-BY-NC-3.0-MADORAN"	"canonical"	"source_exact"	"not_started"
"madoran-s6-sentno-0252"	"S6"	"MADOran_Sentences.tsv#Sentno=252"	"252"	"ايا تشاورت مع بويا و قتله اني حاسة كون نقعد غي هاك ماغديش يرسلوهلي غي شوفلي عمي لي يخدم فبرلمان غي باش يرسلوه هوما كون يزيدو يديرو لروطار و ميرسلوهش للأردن ماغديش قاع نروح و تطفر فيا ."	"38"	"MADOran_Sentences.tsv"	"CC-BY-NC-3.0-MADORAN"	"canonical"	"source_exact"	"not_started"
"madoran-s6-sentno-0253"	"S6"	"MADOran_Sentences.tsv#Sentno=253"	"253"	"ايا حكا مع عمي قاله كوزين تاعي كلاست ماجوغ دو برومو في جامعة تع وهران و صرالها بروبلام و ودرولها دوصيي"	"21"	"MADOran_Sentences.tsv"	"CC-BY-NC-3.0-MADORAN"	"canonical"	"source_exact"	"not_started"
"madoran-s6-sentno-0254"	"S6"	"MADOran_Sentences.tsv#Sentno=254"	"254"	"حكيناله قاع شا صرا حق وقف معانا و عيط لصاحبه صيناتور و خلانا نتلاقو مع مستشارة وزير فكابين تاعها شكون يوصللها تا واحد ما يشوفها تخدم مع وزير تعليم العالي حجار حاجة كبيرة"	"33"	"MADOran_Sentences.tsv"	"CC-BY-NC-3.0-MADORAN"	"canonical"	"source_exact"	"not_started"
"madoran-s6-sentno-0255"	"S6"	"MADOran_Sentences.tsv#Sentno=255"	"255"	"حق استقبلتنا 7 بيبان باش وصلنا و حكينالها قلنالها رانا باغيين غي دوصيي رسلوه"	"14"	"MADOran_Sentences.tsv"	"CC-BY-NC-3.0-MADORAN"	"canonical"	"source_exact"	"not_started"
"madoran-s6-sentno-0256"	"S6"	"MADOran_Sentences.tsv#Sentno=256"	"256"	"راه ملخميس قاعد و راه يفوت وقت قاتلي غي متتقلقيش نتي رايحة رايحة خرجتي فمنيستار مكانش لي يقلعهالك"	"18"	"MADOran_Sentences.tsv"	"CC-BY-NC-3.0-MADORAN"	"canonical"	"source_exact"	"not_started"
"madoran-s6-sentno-0257"	"S6"	"MADOran_Sentences.tsv#Sentno=257"	"257"	"انا تاني كنت كيفك و مدولي لابورس لفرنسا عشيت في مصر مي مهم رحت تسما نشاء الله بربي تروحي"	"19"	"MADOran_Sentences.tsv"	"CC-BY-NC-3.0-MADORAN"	"canonical"	"source_exact"	"not_started"
"madoran-s6-sentno-0258"	"S6"	"MADOran_Sentences.tsv#Sentno=258"	"258"	"عيطت لسكرتير جنيرال س . ج يقوله و هو عيط لسو ديركتريس لي مدتاهش فيا و قاتلي فات ديلي قالتلها دروك ترسلو دوصيي تاعها ايا قاتلي ولي عندها أيا لخرا معجبهاش حال"	"32"	"MADOran_Sentences.tsv"	"CC-BY-NC-3.0-MADORAN"	"canonical"	"source_exact"	"not_started"
"madoran-s6-sentno-0259"	"S6"	"MADOran_Sentences.tsv#Sentno=259"	"259"	"مي شفت لي فوقها زعما فوتها من شقها باسكو هي قعدت تتلعب عليا"	"13"	"MADOran_Sentences.tsv"	"CC-BY-NC-3.0-MADORAN"	"canonical"	"source_exact"	"not_started"
"madoran-s6-sentno-0260"	"S6"	"MADOran_Sentences.tsv#Sentno=260"	"260"	"مهم حمد لله لقيت فقروب تع فيسبوك بلي هادوك دوسيات لي رسلوهم مشي كاملين و الأردن عاودت رجعتهم للجزاير قاتلهم مينقبلوش حتى يكملو وثاى ءق"	"24"	"MADOran_Sentences.tsv"	"CC-BY-NC-3.0-MADORAN"	"canonical"	"source_exact"	"not_started"
"madoran-s6-sentno-0261"	"S6"	"MADOran_Sentences.tsv#Sentno=261"	"261"	"كي شفتها فرحت قلت سبحان الله هاكا كي يعودوا يرسلو للجامعة الأردنية يرسلودوصيي تاعي معاهم باسكو تاعي كامل فيه كلشي ماغديش يرفضوه حمد الله"	"24"	"MADOran_Sentences.tsv"	"CC-BY-NC-3.0-MADORAN"	"canonical"	"source_exact"	"not_started"
"madoran-s6-sentno-0262"	"S6"	"MADOran_Sentences.tsv#Sentno=262"	"262"	"فرحت و ترسل و قرعت شويا أيا ابري عيطولي قالولي حمد الله بصحتك سنييت كونطرا تع 4 سنين و جبت فيزا هداك نهار و ميتة بفرحة حمد لله ربي كتبهالي و رحت و حمد لله ."	"36"	"MADOran_Sentences.tsv"	"CC-BY-NC-3.0-MADORAN"	"canonical"	"source_exact"	"not_started"
"madoran-s6-sentno-0263"	"S6"	"MADOran_Sentences.tsv#Sentno=263"	"263"	"كي يكتبهالك ربي حتى عبد ميقلهالك ادا عطاك عاطي جبال ليكي طاطي و هدي هيا واحد يسعى و ربي يكمله انشاء لله ."	"23"	"MADOran_Sentences.tsv"	"CC-BY-NC-3.0-MADORAN"	"canonical"	"source_exact"	"not_started"
"madoran-s6-sentno-0264"	"S6"	"MADOran_Sentences.tsv#Sentno=264"	"264"	"سلام عليكم صحا رمضانكم وصلوني بزاف لي مساج من عند متتبعين تع مسلسل ولاد حلال و تكلموا على هداك لقالو بيان بلي مضمون مسلسل مايليقش يبث في لي شان تع تلفزيون"	"31"	"MADOran_Sentences.tsv"	"CC-BY-NC-3.0-MADORAN"	"canonical"	"source_exact"	"not_started"
"madoran-s6-sentno-0265"	"S6"	"MADOran_Sentences.tsv#Sentno=265"	"265"	"و رسلولي ناس بزاف من مدينة وهران يقولك بلي حنا متبرى ءين من هدا شي"	"14"	"MADOran_Sentences.tsv"	"CC-BY-NC-3.0-MADORAN"	"canonical"	"source_exact"	"not_started"
"madoran-s6-sentno-0266"	"S6"	"MADOran_Sentences.tsv#Sentno=266"	"266"	"و علبالي باسكو هاديك قناة بنعمي حلبتوها و الله معنديش كي نوصفكم راك فاهم كنت قايلكم كنت امجينكم بلي نتوما قناة كيما يقولو زيقو بصح هاد قناة كاين رخس للاشتي جيب واحد 3000 متر تحتها تجي قناة نهار"	"38"	"MADOran_Sentences.tsv"	"CC-BY-NC-3.0-MADORAN"	"canonical"	"source_exact"	"not_started"
"madoran-s6-sentno-0267"	"S6"	"MADOran_Sentences.tsv#Sentno=267"	"267"	"تسما فوتو رخس زعما مانيش مأمن درتو واحد زعما دار ورقة هادوك تجمعات فبلاسدارم"	"14"	"MADOran_Sentences.tsv"	"CC-BY-NC-3.0-MADORAN"	"canonical"	"source_exact"	"not_started"
"madoran-s6-sentno-0268"	"S6"	"MADOran_Sentences.tsv#Sentno=268"	"268"	"هدوك راهم يتجمعو للحراك نتوما راكم ضد حراك راهم كل يوم يتجمعوا و عرضوني تماك باش نشوف دي سبكتاكل دو تياتر راهم يجو كل يوم يتجمعو للحراك خاطي قاع مسلسل"	"30"	"MADOran_Sentences.tsv"	"CC-BY-NC-3.0-MADORAN"	"canonical"	"source_exact"	"not_started"
"madoran-s6-sentno-0269"	"S6"	"MADOran_Sentences.tsv#Sentno=269"	"269"	"هادوك ناس راهم يخرجوا كل يوم فليل هادوك مناضلين تع بصح و جا واحد كتب ورقة و حطها هكا و زعما دار تصويرة و خلا شعب موراه و قال هادو سكان مدينة وهران"	"33"	"MADOran_Sentences.tsv"	"CC-BY-NC-3.0-MADORAN"	"canonical"	"source_exact"	"not_started"
"madoran-s6-sentno-0270"	"S6"	"MADOran_Sentences.tsv#Sentno=270"	"270"	"داك بيان ما راه ممضي ما فيه قاى مة اسمية ما والو زعما فوق رخس مكاينش راك فاهمني نتوما قناة حطيتو معلومات مشي نيشان على شعب و أروزمون شعب يعرفكم كيدايرين"	"30"	"MADOran_Sentences.tsv"	"CC-BY-NC-3.0-MADORAN"	"canonical"	"source_exact"	"not_started"
"madoran-s6-sentno-0271"	"S6"	"MADOran_Sentences.tsv#Sentno=271"	"271"	"كيما قتلكم رخس من بعد واحد 3000 و لا 10000 كلم تجي قناة نهار و بنسبة كاين لي هكا"	"19"	"MADOran_Sentences.tsv"	"CC-BY-NC-3.0-MADORAN"	"canonical"	"source_exact"	"not_started"
"madoran-s6-sentno-0272"	"S6"	"MADOran_Sentences.tsv#Sentno=272"	"272"	"انا و الله منزعف باسكو كاين ممثلين مراهمش يخدموا و ممثلين فاشلين حنا صحابنا نعرفوهم ما راهمش يخدموا قاع و الله منزعف عليهم"	"23"	"MADOran_Sentences.tsv"	"CC-BY-NC-3.0-MADORAN"	"canonical"	"source_exact"	"not_started"
"madoran-s6-sentno-0273"	"S6"	"MADOran_Sentences.tsv#Sentno=273"	"273"	"معليش غيرة و شعال من حاجة بصح كاين وحدين يلعبوها نقاد كيما واحد مثلا يسموه سليم اغا هدر انا و الله ما نشوفه هو اللي كتب لصحافة الالكترونية هادي باسكو هو اللي يكتب فدوك مواقع تع نهار دونك سليم أغا شعب جزايري ما يعرفهش ."	"45"	"MADOran_Sentences.tsv"	"CC-BY-NC-3.0-MADORAN"	"canonical"	"source_exact"	"not_started"
"madoran-s6-sentno-0274"	"S6"	"MADOran_Sentences.tsv#Sentno=274"	"274"	"هو كان باغي يعرفوه بس واحد ميعرفه كرطون و ميعرفهش شوف كاين فشل منبعد كاين وحد 6000 و 10000 كلم تحت من بعد يجي هو دونك هادو ناس نشفق عليهم"	"30"	"MADOran_Sentences.tsv"	"CC-BY-NC-3.0-MADORAN"	"canonical"	"source_exact"	"not_started"
"madoran-s6-sentno-0275"	"S6"	"MADOran_Sentences.tsv#Sentno=275"	"275"	"دونك هاد مسلسل ولاد حلال مسلسل حمد لله تعبنا عليه بزاف صافي 6 موا رانا نخدموا فيه ."	"18"	"MADOran_Sentences.tsv"	"CC-BY-NC-3.0-MADORAN"	"canonical"	"source_exact"	"not_started"
"madoran-s6-sentno-0276"	"S6"	"MADOran_Sentences.tsv#Sentno=276"	"276"	"حنا مجاتش غير هكا مزية و لا 6 مو و حنا نخدموا قريب 16 ساعة فنهار سي با غيان في سيناريو"	"21"	"MADOran_Sentences.tsv"	"CC-BY-NC-3.0-MADORAN"	"canonical"	"source_exact"	"not_started"
"madoran-s6-sentno-0277"	"S6"	"MADOran_Sentences.tsv#Sentno=277"	"277"	"خدمنا بزاف و عيينا و في تورناج تاني عيينا و تعبنا رانا نصوروا فنهارو فليل حتى يوم كملنا حتى 7 تع صباح خدمنا قاع لانوي بلونش"	"26"	"MADOran_Sentences.tsv"	"CC-BY-NC-3.0-MADORAN"	"canonical"	"source_exact"	"not_started"
"madoran-s6-sentno-0278"	"S6"	"MADOran_Sentences.tsv#Sentno=278"	"278"	"و حمد الله نجاح رانا نشوفو فيه فشارع في مدينة وهران"	"11"	"MADOran_Sentences.tsv"	"CC-BY-NC-3.0-MADORAN"	"canonical"	"source_exact"	"not_started"
"madoran-s6-sentno-0279"	"S6"	"MADOran_Sentences.tsv#Sentno=279"	"279"	"و هادو ناس الي راهم يهدروا و يقولو لا وهران و قاع هادو ناس باغيين تفرقة باغينا نتفركتوا قناة نهار معروفة بمشروع تاعها تحوس تفركت بكل طرق"	"27"	"MADOran_Sentences.tsv"	"CC-BY-NC-3.0-MADORAN"	"canonical"	"source_exact"	"not_started"
"madoran-s6-sentno-0280"	"S6"	"MADOran_Sentences.tsv#Sentno=280"	"280"	"وهران مدينة جزاى ءرية كيما تصور فوهران قادر تصور في بجاية في شلف كيما قادر تصور في قسنطينة بلعباس"	"18"	"MADOran_Sentences.tsv"	"CC-BY-NC-3.0-MADORAN"	"canonical"	"source_exact"	"not_started"
"madoran-s6-sentno-0281"	"S6"	"MADOran_Sentences.tsv#Sentno=281"	"281"	"مناش فهدا مستوى دونك هاد مسلسل لقا نجاح باسكو فيه صدق كبير و فيه تعب كبير و هدرناش بفيلتر حنا منهدروش بلفيتر"	"22"	"MADOran_Sentences.tsv"	"CC-BY-NC-3.0-MADORAN"	"canonical"	"source_exact"	"not_started"
"madoran-s6-sentno-0282"	"S6"	"MADOran_Sentences.tsv#Sentno=282"	"282"	"خطاش فنان لازم يكون صادق مع مجتمع تاعه دونك ميرسي حنا رنا كل يوم غدوة مام يوم فليل غادي نكونو في بلاصدارم نتمنى من بيبليك تاعنا ردوا هادو اللي راهم يهدروا باسم وهران"	"33"	"MADOran_Sentences.tsv"	"CC-BY-NC-3.0-MADORAN"	"canonical"	"source_exact"	"not_started"
"madoran-s6-sentno-0283"	"S6"	"MADOran_Sentences.tsv#Sentno=283"	"283"	"نتوما تاني قال انا راني نتفرج في ولاد حلال زكارة في قناة نهار يغمو اوفندوكونت باسكو هادو تصرفات ميقدرش يديرها مواطن نزيه يديرها غير مواطن اللي ذرة تاعه ذرة تع واحد حركي"	"32"	"MADOran_Sentences.tsv"	"CC-BY-NC-3.0-MADORAN"	"canonical"	"source_exact"	"not_started"
"madoran-s6-sentno-0284"	"S6"	"MADOran_Sentences.tsv#Sentno=284"	"284"	"متقدتش تكون و انا منخدمش معاكم يا قناة نهار و الله عظيم لوكان نموت بشر هدرتوا معيا و رسلتولي مع جماعتكم و قتولي أرواح معليش و هاد هدرة نروح نقولها فقناة تاعنا ارواح تقد تنتقدنا فقناة تاعنا أنا منفوتش فقناة تاعكم"	"41"	"MADOran_Sentences.tsv"	"CC-BY-NC-3.0-MADORAN"	"canonical"	"source_exact"	"not_started"
"madoran-s6-sentno-0285"	"S6"	"MADOran_Sentences.tsv#Sentno=285"	"285"	"و ليباج اللي كانو يسبوني من قبل بلي ديت 135 مليار و كنت ضد حراك هوما نفسهم صفحات راهم يهاجموا فولاد حلال"	"22"	"MADOran_Sentences.tsv"	"CC-BY-NC-3.0-MADORAN"	"canonical"	"source_exact"	"not_started"
"madoran-s6-sentno-0286"	"S6"	"MADOran_Sentences.tsv#Sentno=286"	"286"	"باسكو ولاد حلال مشروع ناجح بفضل الجميع و فيه كوكبة من ممثلين راى عين ممثلين توب و هاربين نيفو طالع"	"19"	"MADOran_Sentences.tsv"	"CC-BY-NC-3.0-MADORAN"	"canonical"	"source_exact"	"not_started"
"madoran-s6-sentno-0287"	"S6"	"MADOran_Sentences.tsv#Sentno=287"	"287"	"كاين مخرج خدم مع ممثلين بزاف و يعطيه الصحة و كاين شركة انتاج امنت بمشروع دونك مشروع ناجح"	"18"	"MADOran_Sentences.tsv"	"CC-BY-NC-3.0-MADORAN"	"canonical"	"source_exact"	"not_started"
"madoran-s6-sentno-0288"	"S6"	"MADOran_Sentences.tsv#Sentno=288"	"288"	"حنا غادي فليل نكونوا أنا و صحابي نكونو فوهران نكونو في بلسدارم بدات مور طراويح رانا نروحو نقصرو تما و قاع و اللي يبغي يجي يشوفنا مرحبا بيه"	"28"	"MADOran_Sentences.tsv"	"CC-BY-NC-3.0-MADORAN"	"canonical"	"source_exact"	"not_started"
"madoran-s6-sentno-0289"	"S6"	"MADOran_Sentences.tsv#Sentno=289"	"289"	"غادي نكون انا و زينو و مصطفى لعريبي و خساني و قاع ايكيب تاعنا تاني امين بابيلون غادي نكونو تما اللي يبغي يجي عندنا مرحبا بيه و اللي مراهش ضد ولاد حلال يجي يشوفنا"	"34"	"MADOran_Sentences.tsv"	"CC-BY-NC-3.0-MADORAN"	"canonical"	"source_exact"	"not_started"
"madoran-s6-sentno-0290"	"S6"	"MADOran_Sentences.tsv#Sentno=290"	"290"	"دونك مرسي بو صحا رمضانكم و نزيد كيما قلت هاد قناة تبغي فشل و متبغيش نجاح"	"16"	"MADOran_Sentences.tsv"	"CC-BY-NC-3.0-MADORAN"	"canonical"	"source_exact"	"not_started"
"madoran-s6-sentno-0291"	"S6"	"MADOran_Sentences.tsv#Sentno=291"	"291"	"هادي تنتعد من قنوات أعداء نجاح و نظام فاشل ميسوقش للنجاح دونك بارك الله فيكم و تصومو بصحة و ها انشاء الله ."	"23"	"MADOran_Sentences.tsv"	"CC-BY-NC-3.0-MADORAN"	"canonical"	"source_exact"	"not_started"
"madoran-s6-sentno-0292"	"S6"	"MADOran_Sentences.tsv#Sentno=292"	"292"	"وي هواري سمحلي على روطار ."	"6"	"MADOran_Sentences.tsv"	"CC-BY-NC-3.0-MADORAN"	"canonical"	"source_exact"	"not_started"
"madoran-s6-sentno-0293"	"S6"	"MADOran_Sentences.tsv#Sentno=293"	"293"	"متتقلقيش مكانش مشكل ."	"4"	"MADOran_Sentences.tsv"	"CC-BY-NC-3.0-MADORAN"	"canonical"	"source_exact"	"not_started"
"madoran-s6-sentno-0294"	"S6"	"MADOran_Sentences.tsv#Sentno=294"	"294"	"حلاب ."	"2"	"MADOran_Sentences.tsv"	"CC-BY-NC-3.0-MADORAN"	"canonical"	"source_exact"	"not_started"
"madoran-s6-sentno-0295"	"S6"	"MADOran_Sentences.tsv#Sentno=295"	"295"	"صحيت ."	"2"	"MADOran_Sentences.tsv"	"CC-BY-NC-3.0-MADORAN"	"canonical"	"source_exact"	"not_started"
"madoran-s6-sentno-0296"	"S6"	"MADOran_Sentences.tsv#Sentno=296"	"296"	"خلي انا نخلص"	"3"	"MADOran_Sentences.tsv"	"CC-BY-NC-3.0-MADORAN"	"canonical"	"source_exact"	"not_started"
"madoran-s6-sentno-0297"	"S6"	"MADOran_Sentences.tsv#Sentno=297"	"297"	"اوه صحيت"	"2"	"MADOran_Sentences.tsv"	"CC-BY-NC-3.0-MADORAN"	"canonical"	"source_exact"	"not_started"
"madoran-s6-sentno-0298"	"S6"	"MADOran_Sentences.tsv#Sentno=298"	"298"	"فوت وقت شباب معاك و مدابيا نعاودو نتلاقوا ."	"9"	"MADOran_Sentences.tsv"	"CC-BY-NC-3.0-MADORAN"	"canonical"	"source_exact"	"not_started"
"madoran-s6-sentno-0299"	"S6"	"MADOran_Sentences.tsv#Sentno=299"	"299"	"أنا تاني . نعيطلك ياك ايا باي باي"	"8"	"MADOran_Sentences.tsv"	"CC-BY-NC-3.0-MADORAN"	"canonical"	"source_exact"	"not_started"
"madoran-s6-sentno-0300"	"S6"	"MADOran_Sentences.tsv#Sentno=300"	"300"	"ايا كيفاش فاتت"	"3"	"MADOran_Sentences.tsv"	"CC-BY-NC-3.0-MADORAN"	"canonical"	"source_exact"	"not_started"
"madoran-s6-sentno-0301"	"S6"	"MADOran_Sentences.tsv#Sentno=301"	"301"	"بزاف حنين بزاف ناس ملاح مي مشكيتش نعاودو نتشاوفوا"	"9"	"MADOran_Sentences.tsv"	"CC-BY-NC-3.0-MADORAN"	"canonical"	"source_exact"	"not_started"
"madoran-s6-sentno-0302"	"S6"	"MADOran_Sentences.tsv#Sentno=302"	"302"	"صفا 45 دقيقة تع روطار بديت نتقلق ."	"8"	"MADOran_Sentences.tsv"	"CC-BY-NC-3.0-MADORAN"	"canonical"	"source_exact"	"not_started"
"madoran-s6-sentno-0303"	"S6"	"MADOran_Sentences.tsv#Sentno=303"	"303"	"شولا كنت نهدر معا صاحبي"	"5"	"MADOran_Sentences.tsv"	"CC-BY-NC-3.0-MADORAN"	"canonical"	"source_exact"	"not_started"
"madoran-s6-sentno-0304"	"S6"	"MADOran_Sentences.tsv#Sentno=304"	"304"	"وي صاحبي ايا نروحو ناكلو اني ميت بجوع . وي منسيتكش نتلاقو عند هداك قنت على زوج"	"17"	"MADOran_Sentences.tsv"	"CC-BY-NC-3.0-MADORAN"	"canonical"	"source_exact"	"not_started"
"madoran-s6-sentno-0305"	"S6"	"MADOran_Sentences.tsv#Sentno=305"	"305"	"وي يا ودي هداصاحبك مهبول متسمعلهش . غير خلصي مجبتش دراهم معايا ."	"13"	"MADOran_Sentences.tsv"	"CC-BY-NC-3.0-MADORAN"	"canonical"	"source_exact"	"not_started"
"madoran-s6-sentno-0306"	"S6"	"MADOran_Sentences.tsv#Sentno=306"	"306"	"لا خويا اني معاك فتليفون ما راني ندير والو"	"9"	"MADOran_Sentences.tsv"	"CC-BY-NC-3.0-MADORAN"	"canonical"	"source_exact"	"not_started"
"madoran-s6-sentno-0307"	"S6"	"MADOran_Sentences.tsv#Sentno=307"	"307"	"راني ناكل بعين . سهيلة متزعفيش راني نقصر معاه صاحبي برك . بون اني رايح اوك . سلام ."	"19"	"MADOran_Sentences.tsv"	"CC-BY-NC-3.0-MADORAN"	"canonical"	"source_exact"	"not_started"
"madoran-s6-sentno-0308"	"S6"	"MADOran_Sentences.tsv#Sentno=308"	"308"	"ايا كي فاتت ?"	"4"	"MADOran_Sentences.tsv"	"CC-BY-NC-3.0-MADORAN"	"canonical"	"source_exact"	"not_started"
"madoran-s6-sentno-0309"	"S6"	"MADOran_Sentences.tsv#Sentno=309"	"309"	"غامض , رجلة , ميحلبش . لقيت راجل حياتي ."	"10"	"MADOran_Sentences.tsv"	"CC-BY-NC-3.0-MADORAN"	"canonical"	"source_exact"	"not_started"
"madoran-s6-sentno-0310"	"S6"	"MADOran_Sentences.tsv#Sentno=310"	"310"	"يا عمري هاد عام تاعك . تستاهلي"	"7"	"MADOran_Sentences.tsv"	"CC-BY-NC-3.0-MADORAN"	"canonical"	"source_exact"	"not_started"
"madoran-s6-sentno-0311"	"S6"	"MADOran_Sentences.tsv#Sentno=311"	"311"	"عرفت واحد بزاف شباب في انستاغرام . شاولا حاجا وحدة دايمن يهدر فتليفون مع صاحبه ايا تفكرت لي كانت معاه تاني يهدر فتليفون هادي هي حالة لي يخلط خليت الي يبغيها و يتهلا فيها و راحت تجري مور اللي مدايهاش فيها"	"41"	"MADOran_Sentences.tsv"	"CC-BY-NC-3.0-MADORAN"	"canonical"	"source_exact"	"not_started"
"madoran-s6-sentno-0312"	"S6"	"MADOran_Sentences.tsv#Sentno=312"	"312"	"شعال بكات كي شافته مع وخدوخرا و تمنت لوكان قعدت مع لاول غرها فاني و ماتريال سبو رسا ابري تو الحب هو الاهتمام احترام و الحب و اكثرحاجة احترام"	"29"	"MADOran_Sentences.tsv"	"CC-BY-NC-3.0-MADORAN"	"canonical"	"source_exact"	"not_started"
"madoran-s6-sentno-0313"	"S6"	"MADOran_Sentences.tsv#Sentno=313"	"313"	"و نوصي مديروش كيفي و كونو مع واحد اللي يسبق لي يبغيها قبله هو و نشاء لله ديتو عبرة ."	"20"	"MADOran_Sentences.tsv"	"CC-BY-NC-3.0-MADORAN"	"canonical"	"source_exact"	"not_started"
"madoran-s6-sentno-0314"	"S6"	"MADOran_Sentences.tsv#Sentno=314"	"314"	"يا ما . شاخصك يا ولدي ."	"7"	"MADOran_Sentences.tsv"	"CC-BY-NC-3.0-MADORAN"	"canonical"	"source_exact"	"not_started"
"madoran-s6-sentno-0315"	"S6"	"MADOran_Sentences.tsv#Sentno=315"	"315"	"راني باغي نتزوج . لا حمبوك لا . بصح علاه . صحا نزوجك بنت خالتك . منتزوجهاش . بنت خالتي تتشبه لجيلالي شوفيلي واحدة تكون شابة ."	"27"	"MADOran_Sentences.tsv"	"CC-BY-NC-3.0-MADORAN"	"canonical"	"source_exact"	"not_started"
"madoran-s6-sentno-0316"	"S6"	"MADOran_Sentences.tsv#Sentno=316"	"316"	"يا ولدي غادي نخطبلك وحدة شابة بزاف . ايا تروح معايا نخطبلك . أيا نروحو ."	"16"	"MADOran_Sentences.tsv"	"CC-BY-NC-3.0-MADORAN"	"canonical"	"source_exact"	"not_started"
"madoran-s6-sentno-0317"	"S6"	"MADOran_Sentences.tsv#Sentno=317"	"317"	"سلام عليكم . وعليكم سلام ."	"6"	"MADOran_Sentences.tsv"	"CC-BY-NC-3.0-MADORAN"	"canonical"	"source_exact"	"not_started"
"madoran-s6-sentno-0318"	"S6"	"MADOran_Sentences.tsv#Sentno=318"	"318"	"جيناكم بالحسب و النسب باه نخطبو بنتكم بصح كاين شروط و شوالا هادو شروط ."	"15"	"MADOran_Sentences.tsv"	"CC-BY-NC-3.0-MADORAN"	"canonical"	"source_exact"	"not_started"
"madoran-s6-sentno-0319"	"S6"	"MADOran_Sentences.tsv#Sentno=319"	"319"	"مهر تاعها 50 مليون و تعطينا 20 مليون . تزيد تعطي لخوها 30 مليون خطارش مارهش خدام و زيد تشريلها 80 مليون تع ذهب و تزيد سكنة و لوطو ."	"30"	"MADOran_Sentences.tsv"	"CC-BY-NC-3.0-MADORAN"	"canonical"	"source_exact"	"not_started"
"madoran-s6-sentno-0320"	"S6"	"MADOran_Sentences.tsv#Sentno=320"	"320"	"بعد ساعة من شروط . يا انا زوالي و قليل معنديش مين باغي نجيب دراهم . روح و خدم و جيبلنا دراهم و لا منعطوكش بنتنا . نروح نخدم و كي نلم دراهم نتزوج بنتكم . اوك ."	"38"	"MADOran_Sentences.tsv"	"CC-BY-NC-3.0-MADORAN"	"canonical"	"source_exact"	"not_started"
"madoran-s6-sentno-0321"	"S6"	"MADOran_Sentences.tsv#Sentno=321"	"321"	"بعد سنتين مع خدمة . لراني جبت دراهم . ايا تعطوني نتزوج بنتكم واه رانا قابلين روح اتزوجها"	"18"	"MADOran_Sentences.tsv"	"CC-BY-NC-3.0-MADORAN"	"canonical"	"source_exact"	"not_started"
"madoran-s6-sentno-0322"	"S6"	"MADOran_Sentences.tsv#Sentno=322"	"322"	"ه حشينهاله اول يوم بعد زوجي و اخيرا وليتي مرتى اجمل نهار في حياتي و انا تاني راجلي ودروك روحي ديري فطور واه بصح ندوش و نجي نديره اوك ."	"30"	"MADOran_Sentences.tsv"	"CC-BY-NC-3.0-MADORAN"	"canonical"	"source_exact"	"not_started"
"madoran-s6-sentno-0323"	"S6"	"MADOran_Sentences.tsv#Sentno=323"	"323"	"كي خرجت قالها شكون نتا ومين جيت ? و شكون جابك ?"	"12"	"MADOran_Sentences.tsv"	"CC-BY-NC-3.0-MADORAN"	"canonical"	"source_exact"	"not_started"
"madoran-s6-sentno-0324"	"S6"	"MADOran_Sentences.tsv#Sentno=324"	"324"	"قاتله انا غي مرتك معرفتنيش غي مين قلعت مكياج قال حشاوهلي ولاد حرام مدولي جيلالي ب 250 مليون الله لا تربحهم روحي خرجي عليا ."	"25"	"MADOran_Sentences.tsv"	"CC-BY-NC-3.0-MADORAN"	"canonical"	"source_exact"	"not_started"
"madoran-s6-sentno-0325"	"S6"	"MADOran_Sentences.tsv#Sentno=325"	"325"	"فرق بين قاورية و جزايرية . قاورية كي تجي تولد يدوها لسبيطار تلقا رجلها شادها من يدها و هي تقوله جاك جوفي موغيغ . جو بو با"	"27"	"MADOran_Sentences.tsv"	"CC-BY-NC-3.0-MADORAN"	"canonical"	"source_exact"	"not_started"
"madoran-s6-sentno-0326"	"S6"	"MADOran_Sentences.tsv#Sentno=326"	"326"	"و هو يقولها تنفسي غسبيغ بيان بيبي تو فا بيان و عي تقوله اومون ديو . جاك راني مدرارة لي دولوغ بزاف"	"22"	"MADOran_Sentences.tsv"	"CC-BY-NC-3.0-MADORAN"	"canonical"	"source_exact"	"not_started"
"madoran-s6-sentno-0327"	"S6"	"MADOran_Sentences.tsv#Sentno=327"	"327"	"و هو يقولها نو مون بيبي تو فا بيان راني معاك افيك توا توجوغ ."	"15"	"MADOran_Sentences.tsv"	"CC-BY-NC-3.0-MADORAN"	"canonical"	"source_exact"	"not_started"
"madoran-s6-sentno-0328"	"S6"	"MADOran_Sentences.tsv#Sentno=328"	"328"	"دروك الجزاى ءرية ديجا تكون نورمال حتى طيح و تزقي عبدقا عبدقا هو يجري مسكين يرفدها في كلونديستان للسبيطار كي تلحق ينزلوها على كرعيها يمشوها كاش 400 متر باش تلحق ليغجونس و هي تعيط لربي لي خلقها"	"36"	"MADOran_Sentences.tsv"	"CC-BY-NC-3.0-MADORAN"	"canonical"	"source_exact"	"not_started"
"madoran-s6-sentno-0329"	"S6"	"MADOran_Sentences.tsv#Sentno=329"	"329"	"و راجلها يقولها اسكتي فاطيمة بهدلتينا و هي تضبح مسكينة و عبدقا يتبع ويسمع في دعاوي شر يا عبدقا الله لا تربحك يا عبدقا نتا سبابي يا عبدقا لوكان علبالي ما نديرهاش يا عبدقا روح الله يعطيك ضربة"	"38"	"MADOran_Sentences.tsv"	"CC-BY-NC-3.0-MADORAN"	"canonical"	"source_exact"	"not_started"
"madoran-s6-sentno-0330"	"S6"	"MADOran_Sentences.tsv#Sentno=330"	"330"	"كي يدخلوها باش يجبدو بيبي يلقاوها في نص لادات مازلها شهرين باش تولد نحير ه ."	"16"	"MADOran_Sentences.tsv"	"CC-BY-NC-3.0-MADORAN"	"canonical"	"source_exact"	"not_started"
"madoran-s6-sentno-0331"	"S6"	"MADOran_Sentences.tsv#Sentno=331"	"331"	"حكيلنا موقف صرالك فبحر . عندي صاحبي رسام يخرج عجب من يده كان يروح معانا للبحر بلا ما يدي سنتيم واحد يشور بزوج ملايين يترفح في نهار"	"27"	"MADOran_Sentences.tsv"	"CC-BY-NC-3.0-MADORAN"	"canonical"	"source_exact"	"not_started"
"madoran-s6-sentno-0332"	"S6"	"MADOran_Sentences.tsv#Sentno=332"	"332"	"كان يدي معاه ماركار و يتكل على ربي و كان تاتواج بشنوية شايع و هو ميعرفش حروف تع شناوة راح دبر قابسة تع لتاي فيها كتبة بشنوية"	"27"	"MADOran_Sentences.tsv"	"CC-BY-NC-3.0-MADORAN"	"canonical"	"source_exact"	"not_started"
"madoran-s6-sentno-0333"	"S6"	"MADOran_Sentences.tsv#Sentno=333"	"333"	"المهم لابلاج قاع تدور بتاتواج مكتوب فيه شاي اخضر صيني لول شفت كومارس كيفاش داير ه ."	"17"	"MADOran_Sentences.tsv"	"CC-BY-NC-3.0-MADORAN"	"canonical"	"source_exact"	"not_started"
"madoran-s6-sentno-0334"	"S6"	"MADOran_Sentences.tsv#Sentno=334"	"334"	"شوف كاين ثلاثة كاتيغوري تاع لي جان في الجزائر لول و هو لي كاين بزاف منه في وقتنا هو لي يضل راقد فالدار و مينوضش حتي 2 و لا 3 يروح يفطر"	"32"	"MADOran_Sentences.tsv"	"CC-BY-NC-3.0-MADORAN"	"canonical"	"source_exact"	"not_started"
"madoran-s6-sentno-0335"	"S6"	"MADOran_Sentences.tsv#Sentno=335"	"335"	"من بعد يغلبها كونيكسيون فالدار كي يجي وقت القهوه يعيط لصحابه يتلاقو فقهوه يضل يمنشر مع صحابه و يكمي نقولك ينسف حتي ميقدش"	"23"	"MADOran_Sentences.tsv"	"CC-BY-NC-3.0-MADORAN"	"canonical"	"source_exact"	"not_started"
"madoran-s6-sentno-0336"	"S6"	"MADOran_Sentences.tsv#Sentno=336"	"336"	"منبعد يدخل يتعشا و يعاود يخرج يشري زطلة و يبات برا يشرب و يدابز فالناس تجي 4 تاع صباح يدخل يرقد و هي كيما هاك ."	"26"	"MADOran_Sentences.tsv"	"CC-BY-NC-3.0-MADORAN"	"canonical"	"source_exact"	"not_started"
"madoran-s6-sentno-0337"	"S6"	"MADOran_Sentences.tsv#Sentno=337"	"337"	"صنف الزاوج هو لي ينوض صباح يبكر باش يقرى مسكين و لا يكحل و يرندف مهم تلقاه جايب وقتاه قاع في الجامعة حتي حشيا يفطر برا دي فوا كي يكون مدرهم و لا في ريسطو تاع الجامعة ."	"38"	"MADOran_Sentences.tsv"	"CC-BY-NC-3.0-MADORAN"	"canonical"	"source_exact"	"not_started"
"madoran-s6-sentno-0338"	"S6"	"MADOran_Sentences.tsv#Sentno=338"	"338"	"مهم كي يروح لدار يدخل جيعان متوحش لماكلا تاع دار يفطر و يتقهوا ديراكت بلا ميقارع من بعد يخرج يقصر برا مع صحابه يدورو يتقهو"	"25"	"MADOran_Sentences.tsv"	"CC-BY-NC-3.0-MADORAN"	"canonical"	"source_exact"	"not_started"
"madoran-s6-sentno-0339"	"S6"	"MADOran_Sentences.tsv#Sentno=339"	"339"	"مي تلقاهم يهدرو علي قراية و لي بروف و لا على شيرات لي يقرو معاهم و يحطو فلي صطوري فالانستغرام و لا سناب من بعد يدخلو يتعشو و يلصقوا فالفيسبوك حتي لل 2 يرقدو و يبكرو حياة زيروا ."	"39"	"MADOran_Sentences.tsv"	"CC-BY-NC-3.0-MADORAN"	"canonical"	"source_exact"	"not_started"
"madoran-s6-sentno-0340"	"S6"	"MADOran_Sentences.tsv#Sentno=340"	"340"	"كاتقوري 3 هوما صحاب دراهم يبكر صباح يلقا قهوا واجدة لوطو واجدة لاقيها طايبة ميدير والو"	"16"	"MADOran_Sentences.tsv"	"CC-BY-NC-3.0-MADORAN"	"canonical"	"source_exact"	"not_started"
"madoran-s6-sentno-0341"	"S6"	"MADOran_Sentences.tsv#Sentno=341"	"341"	"بصح متلقاهش مهني مسكين يضل يشرب و يسكر و يجري بلوطو تع بوه قاع نهار مغلبه و يحوس عليه و هو مغموم حاجة متعمرله قلبه يسموها دعوة شر و عياذ بالله"	"31"	"MADOran_Sentences.tsv"	"CC-BY-NC-3.0-MADORAN"	"canonical"	"source_exact"	"not_started"
"madoran-s6-sentno-0342"	"S6"	"MADOran_Sentences.tsv#Sentno=342"	"342"	"وينها كاتقوري فيهم انا تشوف روحك فيها . انا قاع مسييهم و مكانش كيما واحد يرفد غيسوبسبليتي و يكون راجل يضرب بذراعه و يلايم و يتكل على روحه . مشي يقابل شيرات و معنده حتى هدف فحياته و والدين ربي يخليهوملي ."	"42"	"MADOran_Sentences.tsv"	"CC-BY-NC-3.0-MADORAN"	"canonical"	"source_exact"	"not_started"
"madoran-s6-sentno-0343"	"S6"	"MADOran_Sentences.tsv#Sentno=343"	"343"	"أنا شيرة في عمري خمسا وعشرين عام زدت قبل الوقت ه ست شهر و نص حاشاكم ماما ما خلاتنيش ف السبيطار خاطرش خافت ما يتهلوش فيا سما خرجتني معاها للدار و كبرتني هي و جدتي الله يرحمها"	"37"	"MADOran_Sentences.tsv"	"CC-BY-NC-3.0-MADORAN"	"canonical"	"source_exact"	"not_started"
"madoran-s6-sentno-0344"	"S6"	"MADOran_Sentences.tsv#Sentno=344"	"344"	"بستة و ستين كشفة كانو خايفين ما نعيش سماوني بيبي ميراكل مي الحمد الله عشت سي با تو باش يسموني ناضت الحرب ماما بغات اسم شهرزاد هي و جدتي ناضلهم جدي كيفاش هادي شهرزاد هادا قاع ماشي اسم و منا و ملهيه ه"	"43"	"MADOran_Sentences.tsv"	"CC-BY-NC-3.0-MADORAN"	"canonical"	"source_exact"	"not_started"
"madoran-s6-sentno-0345"	"S6"	"MADOran_Sentences.tsv#Sentno=345"	"345"	"و بابا الله يرحمه غير يتفرج المخلوق كي شاف الدعوة تخلطت قالهم نسموها أميرة ايا الحمد لله قبلو و قاع عجبهم"	"21"	"MADOran_Sentences.tsv"	"CC-BY-NC-3.0-MADORAN"	"canonical"	"source_exact"	"not_started"
"madoran-s6-sentno-0346"	"S6"	"MADOran_Sentences.tsv#Sentno=346"	"346"	"راح بابا لاميري علاش ماشي كي تسقسيه لي تكتب في بلاصت أميرة قالها أمينة سما إسمي جا شكلة ه بون هي مكاتيب يقولك نكونو مسميين ف السما عند ربي"	"29"	"MADOran_Sentences.tsv"	"CC-BY-NC-3.0-MADORAN"	"canonical"	"source_exact"	"not_started"
"madoran-s6-sentno-0347"	"S6"	"MADOran_Sentences.tsv#Sentno=347"	"347"	"حمد لله كبرت الحمد لله و قريت ديت السيزيام ب تمنطاهش قريب تساطاعش و البيام ب خمسكاعش و الباك ب تناعش الحمد لله و لافاك ضربت فيها خمس سنين و سوتنيت و جبت ماستير شيمي ب سباطاعش و كيما قتلكم دروك راه في عمري قريب ست"	"46"	"MADOran_Sentences.tsv"	"CC-BY-NC-3.0-MADORAN"	"canonical"	"source_exact"	"not_started"
"madoran-s6-sentno-0348"	"S6"	"MADOran_Sentences.tsv#Sentno=348"	"348"	"وعشرين عام خاصني خدمة و ولد الحلال ه ايوا خوتي هادي هي قصتي ."	"14"	"MADOran_Sentences.tsv"	"CC-BY-NC-3.0-MADORAN"	"canonical"	"source_exact"	"not_started"
"madoran-s6-sentno-0349"	"S6"	"MADOran_Sentences.tsv#Sentno=349"	"349"	"سييتي كاش نهار تروحي وين يبيعو سردين شفتي غير توقفي عند سيد لي يبيع كيفاش تتمشى ريحة تقتل بصح بصح بعد مدة توالفها و كي تزيدي طولي ماغاديش تحسي بيها أصلا"	"31"	"MADOran_Sentences.tsv"	"CC-BY-NC-3.0-MADORAN"	"canonical"	"source_exact"	"not_started"
"madoran-s6-sentno-0350"	"S6"	"MADOran_Sentences.tsv#Sentno=350"	"350"	"و لو كان تروحي لعند لي يبيعو و تقوليله أعق شا هادي ريحة غادي يقولك تاعش ريحة ? شاركي تقولي ! ! مشكيتش غادي يفهمك أصلا"	"26"	"MADOran_Sentences.tsv"	"CC-BY-NC-3.0-MADORAN"	"canonical"	"source_exact"	"not_started"
"madoran-s6-sentno-0351"	"S6"	"MADOran_Sentences.tsv#Sentno=351"	"351"	"طريقة وحيدة لي تخليه يفهم و يشم و يحس بالشي لي راه فيه هي تبعديه على بلاصة هاذي وتديه با اقزومبل وين يبيعو ورد كي يرجع وين يبيع سردينا غادي يقول شا هادي ريحة لي كنت فيها ! ! أو كيفاش كنت عايش هنا ! ! ."	"47"	"MADOran_Sentences.tsv"	"CC-BY-NC-3.0-MADORAN"	"canonical"	"source_exact"	"not_started"
"madoran-s6-sentno-0352"	"S6"	"MADOran_Sentences.tsv#Sentno=352"	"352"	"نفس شي كي تكون عايش و لا عايشة ختي كريمة حياتك بطولها و عرضها في حرام و صحابك و لا صحباتك ماشي من نوع لي يفطنوك بمعنى مشي صحبة مليحة و صالحة هكا ما غاديش تحسوا بلي كاين مشكل"	"39"	"MADOran_Sentences.tsv"	"CC-BY-NC-3.0-MADORAN"	"canonical"	"source_exact"	"not_started"
"madoran-s6-sentno-0353"	"S6"	"MADOran_Sentences.tsv#Sentno=353"	"353"	"و ما غاديش تعرفوا مرورة معصية و صحبة مش مليحة غير كي تذوق و لا تدوقي حلاوة طاعة و صحبة صالحة غادي تقولوا كيفاش كنت عايشة هاك ."	"28"	"MADOran_Sentences.tsv"	"CC-BY-NC-3.0-MADORAN"	"canonical"	"source_exact"	"not_started"
"madoran-s6-sentno-0354"	"S6"	"MADOran_Sentences.tsv#Sentno=354"	"354"	"خطرة جدي ربي يرحمه و يوسع عليه مدلي 10 دج و انا كنت صغيرة ماما قاتلي هاتي انا ندسهوملك و انا مبغيتش حطيتها في فمي راحتلي هديك الف فرنك في قرجومتي وجهي زراق جيت نروح عند ماما خفت منها تضربني"	"39"	"MADOran_Sentences.tsv"	"CC-BY-NC-3.0-MADORAN"	"canonical"	"source_exact"	"not_started"
"madoran-s6-sentno-0355"	"S6"	"MADOran_Sentences.tsv#Sentno=355"	"355"	"من بعد روحت عند بابا حتى سمعتني ماما نطلع فروح عرفتني بلي سرطتها من بعد حطت يدها في قرجومتي و جبدتها حمد لله سلكت بشعرة علابيها واحد دايمن ليق يعس بزوز باسكو ميعرفوش شعال من بز مات هاك مسكين"	"39"	"MADOran_Sentences.tsv"	"CC-BY-NC-3.0-MADORAN"	"canonical"	"source_exact"	"not_started"
"madoran-s6-sentno-0356"	"S6"	"MADOran_Sentences.tsv#Sentno=356"	"356"	"واحد دايمن يعس و يحرزهم من اس حاجا ."	"9"	"MADOran_Sentences.tsv"	"CC-BY-NC-3.0-MADORAN"	"canonical"	"source_exact"	"not_started"
"madoran-s6-sentno-0357"	"S6"	"MADOran_Sentences.tsv#Sentno=357"	"357"	"خطرة ماما كانت رايحة لطبيب حنا كنا نسكنو في كازيرنا تاع لي جونداغم كنت صغيرة و كان عندي وحد 7 سنين هكا"	"22"	"MADOran_Sentences.tsv"	"CC-BY-NC-3.0-MADORAN"	"canonical"	"source_exact"	"not_started"
"madoran-s6-sentno-0358"	"S6"	"MADOran_Sentences.tsv#Sentno=358"	"358"	"كنت مع ختي و عطاتني مفتاح تاع الدار قاتلي ريحي فالدار بصح انا خليتهاو خرجت و خرجنا برا نلعبو حتى طاحلي مفتاح"	"22"	"MADOran_Sentences.tsv"	"CC-BY-NC-3.0-MADORAN"	"canonical"	"source_exact"	"not_started"
"madoran-s6-sentno-0359"	"S6"	"MADOran_Sentences.tsv#Sentno=359"	"359"	"لحق مغرب و جات ماما و انا خايفة ميتة بالخوف قاتلي وين راه مفتاح قلتلها طاحلي و معرفتش وين"	"19"	"MADOran_Sentences.tsv"	"CC-BY-NC-3.0-MADORAN"	"canonical"	"source_exact"	"not_started"
"madoran-s6-sentno-0360"	"S6"	"MADOran_Sentences.tsv#Sentno=360"	"360"	"و بدات تزقي برا و حطتلي سعدي في يدي و بهدلتني برا و قاتلي كيفاش انا نقولك شدي بنتك غي نقضي صوالحي و نجي رحتي خرجتي انا قتلك خرجي ا هدري بركي ما دمعي فدوك عينين دروك نتي متساعفيش و منا و ملهيه"	"43"	"MADOran_Sentences.tsv"	"CC-BY-NC-3.0-MADORAN"	"canonical"	"source_exact"	"not_started"
"madoran-s6-sentno-0361"	"S6"	"MADOran_Sentences.tsv#Sentno=361"	"361"	"من بعدا ايماجيني شا صرا قاتلي دروك تحوسي عليه و انا رحت نحوس عليه هيا جابت حديدة صغيرة و قعدت دير كيما خيان لي يحلو بيبان حتى نتحل و انا فرحت كي جيت داخلة"	"34"	"MADOran_Sentences.tsv"	"CC-BY-NC-3.0-MADORAN"	"canonical"	"source_exact"	"not_started"
"madoran-s6-sentno-0362"	"S6"	"MADOran_Sentences.tsv#Sentno=362"	"362"	"قاتلي برا حتى تلقي مفتاح باش تدخلي و انا قعدت قدام باب نبكي و بابا كان بيرمانونص كي جا ملخدمة 10 تاع ليل لقاني راقدة تحت دروج كي طلع لدار حكاتله ماما لحكايا الي صرا و بدا يضحك حسيت روحي مشي بنادم المهم حتى غدوة صباح لقاه عساس تاع كازيرنا و فاتت على خير ه ."	"56"	"MADOran_Sentences.tsv"	"CC-BY-NC-3.0-MADORAN"	"canonical"	"source_exact"	"not_started"
"madoran-s6-sentno-0363"	"S6"	"MADOran_Sentences.tsv#Sentno=363"	"363"	"سلام و عليكم ختي مرحبا بيكم معايا في وصفة جديدة ليوم نشاء الله جبتلكم طبق بزاف نبغوه قاع حنا جزايريين من شرق للغرب و من شمال لجنوب ."	"28"	"MADOran_Sentences.tsv"	"CC-BY-NC-3.0-MADORAN"	"canonical"	"source_exact"	"not_started"
"madoran-s6-sentno-0364"	"S6"	"MADOran_Sentences.tsv#Sentno=364"	"364"	"جبتلكم حريرة بطريقة وهرانية و لحم غلمي و قو بزاف شباب كيما تع عراس تنجمو تقولو كيما تع عراس تكلوها و متشبعوهاش خواتتي نخليكم مع وصفة وكيفاش نخدموها على بركة الله"	"31"	"MADOran_Sentences.tsv"	"CC-BY-NC-3.0-MADORAN"	"canonical"	"source_exact"	"not_started"
"madoran-s6-sentno-0365"	"S6"	"MADOran_Sentences.tsv#Sentno=365"	"365"	"نبدو بسم الله ديركت فحريرة تعنا لولا نديروا زيت 3 مغارف تع ماكلة زيت حنا عندي مورصو لحم انا خيرت ليوم لحم تع غلمي بصح تقدو ديروا تع دجاج كل وحدة و طاقة تعها"	"34"	"MADOran_Sentences.tsv"	"CC-BY-NC-3.0-MADORAN"	"canonical"	"source_exact"	"not_started"
"madoran-s6-sentno-0366"	"S6"	"MADOran_Sentences.tsv#Sentno=366"	"366"	"نحطو زوج حبات بصل متوسطين و لا حبة كبيرة . قطعتها غي هاك طراف طراف باسكو ابري غادي تنطحن و حطيت تاني معها ثوم ."	"25"	"MADOran_Sentences.tsv"	"CC-BY-NC-3.0-MADORAN"	"canonical"	"source_exact"	"not_started"
"madoran-s6-sentno-0367"	"S6"	"MADOran_Sentences.tsv#Sentno=367"	"367"	"ثوم درت صنيفة تكون كبيرة درت زوج حبات كروطة نقيتهم وقطعتهم مورصيات صغار طماطيس و كرافس راه سيزون تاعه و مليح بزاف طيبو بيه باسكو فيه فايدة كبيرة"	"28"	"MADOran_Sentences.tsv"	"CC-BY-NC-3.0-MADORAN"	"canonical"	"source_exact"	"not_started"
"madoran-s6-sentno-0368"	"S6"	"MADOran_Sentences.tsv#Sentno=368"	"368"	"هنا خيرت راس تحتاني وديت شوية من سيقان هنا عندي حبة بطاطا صغيرة لي عندها كابوية خضرة ديرها و عندي حبة تع لفت كاين لي تقول نقد منديرش لفت و انا نقولك ختي حبة هنا متأترش على بنة قواية و لا متحسبيش قاع راكي دايرة لفت مهم فايدة تاعه ."	"50"	"MADOran_Sentences.tsv"	"CC-BY-NC-3.0-MADORAN"	"canonical"	"source_exact"	"not_started"
"madoran-s6-sentno-0369"	"S6"	"MADOran_Sentences.tsv#Sentno=369"	"369"	"هايلة خصرة تاعنا أخواتي مننساوش نديرو شوية تع ملح و نزيدو معها مغرف تع ماكلة طماطيس كونسوتري نحطو كلشي فوق نار ينقلى و نولو ."	"25"	"MADOran_Sentences.tsv"	"CC-BY-NC-3.0-MADORAN"	"canonical"	"source_exact"	"not_started"
"madoran-s6-sentno-0370"	"S6"	"MADOran_Sentences.tsv#Sentno=370"	"370"	"دروك حريرة تاعي راهي تتقلى هنا لولا نعطروها نديرولها حرور نص مغرف , بابريكا تاني نص مغرف مغرف تع قهوة سكنجبير نص مغرف كركم"	"24"	"MADOran_Sentences.tsv"	"CC-BY-NC-3.0-MADORAN"	"canonical"	"source_exact"	"not_started"
"madoran-s6-sentno-0371"	"S6"	"MADOran_Sentences.tsv#Sentno=371"	"371"	"هنا ليزبيس هوما صح تع حريرة متقلوليش راكي تكتري و لا باسكو هادي هي حريرة تجي منكهة و متبلة بهم"	"20"	"MADOran_Sentences.tsv"	"CC-BY-NC-3.0-MADORAN"	"canonical"	"source_exact"	"not_started"
"madoran-s6-sentno-0372"	"S6"	"MADOran_Sentences.tsv#Sentno=372"	"372"	"هنا كاين لي تقول بلي كترتي بزاف فحريرة ليزبيس شارم تع حريرة تاكلوها معطرة و بنة بليزبيس نزيدو 2 رشات زعفران نزيد شويا تع ملح درت لولا و نزيد ربع مغرف و ادا خصني نزيد و ندوق و نديرو كروية نص مغرف و من بعد نزيد خاطرش هي دوا تع حريرة"	"51"	"MADOran_Sentences.tsv"	"CC-BY-NC-3.0-MADORAN"	"canonical"	"source_exact"	"not_started"
"madoran-s6-sentno-0373"	"S6"	"MADOran_Sentences.tsv#Sentno=373"	"373"	"دروك نخلطو قاع ليزبيس خفيف باش متنحرقليش كيما راكم تشوفو بدات تغلي بادت تتلقلي داك ما مع خضرة و كلشي"	"20"	"MADOran_Sentences.tsv"	"CC-BY-NC-3.0-MADORAN"	"canonical"	"source_exact"	"not_started"
"madoran-s6-sentno-0374"	"S6"	"MADOran_Sentences.tsv#Sentno=374"	"374"	"غي باش مينحرقش نقعدو نقلبو فيها و ربطة تع قسبر تحطيها مع خضرة انا كي نشري ربطة كبيرة تكون مليحة نقسمها على زوج واحدة نحطها لولا طيب مع خضرا و زوجة نحطها مع تالي كي نطحن و نكمل نحطها باش تتلق بنة"	"42"	"MADOran_Sentences.tsv"	"CC-BY-NC-3.0-MADORAN"	"canonical"	"source_exact"	"not_started"
"madoran-s6-sentno-0375"	"S6"	"MADOran_Sentences.tsv#Sentno=375"	"375"	"انا هكا ندير و نزيد شوية حشيش تع كرافس الي درناه خطرة لولا"	"13"	"MADOran_Sentences.tsv"	"CC-BY-NC-3.0-MADORAN"	"canonical"	"source_exact"	"not_started"
"madoran-s6-sentno-0376"	"S6"	"MADOran_Sentences.tsv#Sentno=376"	"376"	"من بعد هادو نقلعوهم غي باش يتلقو بنة دروك بالما حامي نمرق حريرة تاعي متكتريش بزاف غي باش ليزبيس مينحرقوش و تكون مرقة نخلوها تغلي"	"25"	"MADOran_Sentences.tsv"	"CC-BY-NC-3.0-MADORAN"	"canonical"	"source_exact"	"not_started"
"madoran-s6-sentno-0377"	"S6"	"MADOran_Sentences.tsv#Sentno=377"	"377"	"كي تسمعي هداك حس تع بلي غلات تعاودي تمرقيها حتى يتغطى لحم و خضرا عينك هي ميزانك و تخليها تطيب ساعة هكا شوفها ساعة على ساعة ."	"27"	"MADOran_Sentences.tsv"	"CC-BY-NC-3.0-MADORAN"	"canonical"	"source_exact"	"not_started"
"madoran-s6-sentno-0378"	"S6"	"MADOran_Sentences.tsv#Sentno=378"	"378"	"كي طيب لولا تشوفي لحم ادا طاب توخريه على جهة و تشوفي ادا طابت تفي عليها باش تميكسيها و لا تطحنيها ف رحة تاني خير"	"25"	"MADOran_Sentences.tsv"	"CC-BY-NC-3.0-MADORAN"	"canonical"	"source_exact"	"not_started"
"madoran-s6-sentno-0379"	"S6"	"MADOran_Sentences.tsv#Sentno=379"	"379"	"كي تطحنيها ادا خرجت تقيلة تزيدلها غير شوية ما حامي بزاف غير ادا شفتيها تقيلة"	"15"	"MADOran_Sentences.tsv"	"CC-BY-NC-3.0-MADORAN"	"canonical"	"source_exact"	"not_started"
"madoran-s6-sentno-0380"	"S6"	"MADOran_Sentences.tsv#Sentno=380"	"380"	"و ترمي تشيشة انا ندير يا ربي فنجان صغير ."	"10"	"MADOran_Sentences.tsv"	"CC-BY-NC-3.0-MADORAN"	"canonical"	"source_exact"	"not_started"
"madoran-s6-sentno-0381"	"S6"	"MADOran_Sentences.tsv#Sentno=381"	"381"	"تاع قهوة على حساب كونتيتي تع حريرة تاعك تبغيها تقيلة تكتري تبغيها خفيفة ديري غير شوية"	"16"	"MADOran_Sentences.tsv"	"CC-BY-NC-3.0-MADORAN"	"canonical"	"source_exact"	"not_started"
"madoran-s6-sentno-0382"	"S6"	"MADOran_Sentences.tsv#Sentno=382"	"382"	"كيما قتلك حساب فنجان غير صغير تع قهوة و حركي و شوفي باسكو كي غادي طيب تزيد تنتفخ نحتوها فوق نارو نروحو نديرو درسة تاعنا باش نكملو حريرة فدرسة ندو ربطة صغيرة شوبة عروش تع قسبر نزيدو معاها 3 صنيفات توم منقيين نقطعهم مع هدا قسبر و نزيدو جامبو تع دجاج كيما تبغي تبغي ديريه ديره مشي مشروط"	"58"	"MADOran_Sentences.tsv"	"CC-BY-NC-3.0-MADORAN"	"canonical"	"source_exact"	"not_started"
"madoran-s6-sentno-0383"	"S6"	"MADOran_Sentences.tsv#Sentno=383"	"383"	"قاع درتي غلمي تقدي ديريه معاه يمد قو شباب انا منديرهش بصح كاين لي يبغي يديره ."	"17"	"MADOran_Sentences.tsv"	"CC-BY-NC-3.0-MADORAN"	"canonical"	"source_exact"	"not_started"
"madoran-s6-sentno-0384"	"S6"	"MADOran_Sentences.tsv#Sentno=384"	"384"	"نديرو شوية كروية ومغرف تع قهوة ايبيس تاع حريرة تنباع واجدة عند عشاب و لا لي يقوله راس حانوت تع حريرة و في تالي مغرف طماطيس كوسنتري و زوج كيسان ماء على حساب مرقة لي خاصتكم ."	"37"	"MADOran_Sentences.tsv"	"CC-BY-NC-3.0-MADORAN"	"canonical"	"source_exact"	"not_started"
"madoran-s6-sentno-0385"	"S6"	"MADOran_Sentences.tsv#Sentno=385"	"385"	"نخلطو كلشي في رحبا و نمكسيهم قاع في رحبا . حريرة لي راه فوف نار هادية تبدى تغلي نحطو لحم تاعنا طايب و نجيبو ديك درسة نخلطو مليح ديك درسة و نكبوها فحريرة"	"33"	"MADOran_Sentences.tsv"	"CC-BY-NC-3.0-MADORAN"	"canonical"	"source_exact"	"not_started"
"madoran-s6-sentno-0386"	"S6"	"MADOran_Sentences.tsv#Sentno=386"	"386"	"و نخلطو كلشي و منبعد نخلو تشيشة تاعنا طيب لربع ساعة هاكا و نطفو عليها تخرج مترتقة و بنينة ."	"20"	"MADOran_Sentences.tsv"	"CC-BY-NC-3.0-MADORAN"	"canonical"	"source_exact"	"not_started"
"madoran-s6-sentno-0387"	"S6"	"MADOran_Sentences.tsv#Sentno=387"	"387"	"حنا هاكا نديروها مقومة و تشد وقت بصح تخرج غاية حنا فرمضان هي صح تجي هي و بوراك بكفتة و لا دجاج و سلاطة و خطراتش فلفلة مقلية تشكشوكة خطراتش نديرو كيش غراتان خطراتش طاجين بزيتون حلو طابلة مخملة فرمضان و براكة تنزل"	"43"	"MADOran_Sentences.tsv"	"CC-BY-NC-3.0-MADORAN"	"canonical"	"source_exact"	"not_started"
"madoran-s6-sentno-0388"	"S6"	"MADOran_Sentences.tsv#Sentno=388"	"388"	"باش ديري شرمولة تع كروطة نقي كروطة و قطعيها دوار دوار ملحيها رابي ثوم و قسبر و معدنوس في رحبا"	"20"	"MADOran_Sentences.tsv"	"CC-BY-NC-3.0-MADORAN"	"canonical"	"source_exact"	"not_started"
"madoran-s6-sentno-0389"	"S6"	"MADOran_Sentences.tsv#Sentno=389"	"389"	"قدبي قدرة و ديري فيها ماء و فرغي ديك كروطة بيها بصوالحها فكسكاس وخليها تفور"	"15"	"MADOran_Sentences.tsv"	"CC-BY-NC-3.0-MADORAN"	"canonical"	"source_exact"	"not_started"
"madoran-s6-sentno-0390"	"S6"	"MADOran_Sentences.tsv#Sentno=390"	"390"	"كي تفوروخري قدرة و قبضي مقلة ديري شوية زيت و فرغيها فيها و ديري شويا كمون و كروية قبضي قارفو و قعدي مرسي وحد 10 دقايق و طفي و غطيها ببلاع و شهية طيبة ."	"35"	"MADOran_Sentences.tsv"	"CC-BY-NC-3.0-MADORAN"	"canonical"	"source_exact"	"not_started"
"madoran-s6-sentno-0391"	"S6"	"MADOran_Sentences.tsv#Sentno=391"	"391"	"وفاء بغيت نسقسيك هديك كلمار بروز لي درتيها بغيت لاغوسات كي درتيلها غي بشوية باغية نديرها جات فخاطري ."	"19"	"MADOran_Sentences.tsv"	"CC-BY-NC-3.0-MADORAN"	"canonical"	"source_exact"	"not_started"
"madoran-s6-sentno-0392"	"S6"	"MADOran_Sentences.tsv#Sentno=392"	"392"	"واه شوفي توجدي كيلو تع كلمار تنقيه قاع من داخل و من برا و وخريه على جهة"	"17"	"MADOran_Sentences.tsv"	"CC-BY-NC-3.0-MADORAN"	"canonical"	"source_exact"	"not_started"
"madoran-s6-sentno-0393"	"S6"	"MADOran_Sentences.tsv#Sentno=393"	"393"	"و طيبي غرفية تع روز غايا روز بشوية ملح صفيه و ديري فيه شوية معدنوس و قسبر وحرور و شوية كمون و شوية تع فلفلة حمرة و فتيتة زعفران قاع فتيتة فتيتة و ثلات صنيفات توم مرابيين و تخلطيهم قاع مع بعض"	"42"	"MADOran_Sentences.tsv"	"CC-BY-NC-3.0-MADORAN"	"canonical"	"source_exact"	"not_started"
"madoran-s6-sentno-0394"	"S6"	"MADOran_Sentences.tsv#Sentno=394"	"394"	"و تقضبي كل كلمار تعمرها بلفاخص تع روز و تبلعيها بكيردون ."	"12"	"MADOran_Sentences.tsv"	"CC-BY-NC-3.0-MADORAN"	"canonical"	"source_exact"	"not_started"
"madoran-s6-sentno-0395"	"S6"	"MADOran_Sentences.tsv#Sentno=395"	"395"	"كيلي راكي تخيطي فيها باش متخرجش لافاخص قضبي كيكوطة و رابي حبة بصل و خمس سنيفات تع ثوم يترابو مع بعض و ديري زوج مغارف ماكلة زيت و قليهم و زيدي معاهم تلت حبات طماطيس مرابيين و قليهم قاع"	"39"	"MADOran_Sentences.tsv"	"CC-BY-NC-3.0-MADORAN"	"canonical"	"source_exact"	"not_started"
"madoran-s6-sentno-0396"	"S6"	"MADOran_Sentences.tsv#Sentno=396"	"396"	"و فتيتة ملح متكتريش باسكو را نا ديجا دايريين فروز و فتيتة حرور فتيتة كركب و نص عود قرفة و ورقة تع رند"	"23"	"MADOran_Sentences.tsv"	"CC-BY-NC-3.0-MADORAN"	"canonical"	"source_exact"	"not_started"
"madoran-s6-sentno-0397"	"S6"	"MADOran_Sentences.tsv#Sentno=397"	"397"	"وديري مغرف تع قهوة طماطيس كوسنتري و ديري زوج كيسان تع ما و خلي هاديك لاصوص طيب غايا ."	"19"	"MADOran_Sentences.tsv"	"CC-BY-NC-3.0-MADORAN"	"canonical"	"source_exact"	"not_started"
"madoran-s6-sentno-0398"	"S6"	"MADOran_Sentences.tsv#Sentno=398"	"398"	"متخليهاش لاصوص تنشف بزاف تخسرلك واحد عشر دقايق هادا مكان و قضبي قاع كلمار و ستفيه فلكيكوطة مع ديك لاصوص و تبلعي عليه"	"23"	"MADOran_Sentences.tsv"	"CC-BY-NC-3.0-MADORAN"	"canonical"	"source_exact"	"not_started"
"madoran-s6-sentno-0399"	"S6"	"MADOran_Sentences.tsv#Sentno=399"	"399"	"خليه وحد 10 دقابق حتى ربع ساعة و طفي و بصحتك بنينة بزاف فدار كي سييته مشبعوش منها و سييها و ردلي خبر صحيتي لا بلا جميل ."	"28"	"MADOran_Sentences.tsv"	"CC-BY-NC-3.0-MADORAN"	"canonical"	"source_exact"	"not_started"
"madoran-s6-sentno-0400"	"S6"	"MADOran_Sentences.tsv#Sentno=400"	"400"	"بوحد نهار بويكاند جمعة كان حمان بزاف حرقة ديسيدينا نروحو للبحر و نوفتو قاع نهار و نبحروا ايا وجدنا كسكروطات توعنا فريت اومليت و جي و ماء بارد و طيبنا لتاي و قاطو و فطيرة و قاليتات و قضبنا طريق ."	"41"	"MADOran_Sentences.tsv"	"CC-BY-NC-3.0-MADORAN"	"canonical"	"source_exact"	"not_started"
"madoran-s6-sentno-0401"	"S6"	"MADOran_Sentences.tsv#Sentno=401"	"401"	"طلعنا فصباح باش يقدنا وقت ايا كي كنا طريق نتمشو حتا شفنا قدام سيغكيلاسيون كحلة و لواطا بزاف حابسين ثقلنا كي حبسنا لقينا اكسيدون لوطو مع كاميون مكرفسة و بنيادم مقيسة و دمومات الله لا يشوفك ."	"37"	"MADOran_Sentences.tsv"	"CC-BY-NC-3.0-MADORAN"	"canonical"	"source_exact"	"not_started"
"madoran-s6-sentno-0402"	"S6"	"MADOran_Sentences.tsv#Sentno=402"	"402"	"كي سقسينا قالك كانو يجرو و كاميون باش يجبد دخل فلوطو تخابطو ايا جاو بومبيا رفدهوم مساكين و بعدو لوطو و كاميون باش يدوهم لافراي باش يحلو طريق و نفوتو ."	"31"	"MADOran_Sentences.tsv"	"CC-BY-NC-3.0-MADORAN"	"canonical"	"source_exact"	"not_started"
"madoran-s6-sentno-0403"	"S6"	"MADOran_Sentences.tsv#Sentno=403"	"403"	"كي وصلنا للبحر كان مهلك شويا مي حال كان غايا . سطاسيونينا فبارك غلو فيه كان لولا غي 50 دج و"	"21"	"MADOran_Sentences.tsv"	"CC-BY-NC-3.0-MADORAN"	"canonical"	"source_exact"	"not_started"
"madoran-s6-sentno-0404"	"S6"	"MADOran_Sentences.tsv#Sentno=404"	"404"	"من بعد طلعوا فيه ردوه ديميل و ابري مرقوها ولا 400 دج و كون غي بارك كي ناس مسقم و لا جاي كي بيست و ما فيها والو حتى قدرون و مكانش قلنا معليش مهم يعسها ."	"37"	"MADOran_Sentences.tsv"	"CC-BY-NC-3.0-MADORAN"	"canonical"	"source_exact"	"not_started"
"madoran-s6-sentno-0405"	"S6"	"MADOran_Sentences.tsv#Sentno=405"	"405"	"كرينا باغاصول و كراسى و ريحنا مجاتنش ندخلو ديراكت قابلنا بحرو فطرنا وزدنا قصرنا باش تهود ماكلة"	"17"	"MADOran_Sentences.tsv"	"CC-BY-NC-3.0-MADORAN"	"canonical"	"source_exact"	"not_started"
"madoran-s6-sentno-0406"	"S6"	"MADOran_Sentences.tsv#Sentno=406"	"406"	"كي دخلنا رانا نعومو حتى نشوفو واحد يتخبط فماء و يقول سلكوني ايا قلت لخويا عندك راه يختر غادي يغرق حمبوك روح شوفه"	"23"	"MADOran_Sentences.tsv"	"CC-BY-NC-3.0-MADORAN"	"canonical"	"source_exact"	"not_started"
"madoran-s6-sentno-0407"	"S6"	"MADOran_Sentences.tsv#Sentno=407"	"407"	"ايا خويا راحله خاطش سيد تاح في واد ايا تسما قعد يدور غي فبلاصته و يجبده ماء حتى سلكه خويا و خرجه و حماية مدنية جات داروله تنفس اصطناعي باش يرجعوله روح باسكو سيد تغاشى قلعوله ماء الي كان فيه حتى ولتله روح و فطن لبسوله قشه و داوه ."	"50"	"MADOran_Sentences.tsv"	"CC-BY-NC-3.0-MADORAN"	"canonical"	"source_exact"	"not_started"
"madoran-s6-sentno-0408"	"S6"	"MADOran_Sentences.tsv#Sentno=408"	"408"	"هو غلط حسب روحه عوام بورتون كان مهلك وعلام كان حمر مي مزية شفناه و خويا سلكه و فاتت على خير ولينا عمنا غي فشط تكلما بحر قاع"	"28"	"MADOran_Sentences.tsv"	"CC-BY-NC-3.0-MADORAN"	"canonical"	"source_exact"	"not_started"
"madoran-s6-sentno-0409"	"S6"	"MADOran_Sentences.tsv#Sentno=409"	"409"	"و ابري جعنا خرجنا شربنا لاتاي و فطيرة و قاطو لعبنا لي غاكيت و ابري درنا بارتيا تع دومينو نسا ملهيه تلايمو و يحكو بزوز يلعبو برملة فات نهار شباب مترتق و جينا موليين"	"34"	"MADOran_Sentences.tsv"	"CC-BY-NC-3.0-MADORAN"	"canonical"	"source_exact"	"not_started"
"madoran-s6-sentno-0410"	"S6"	"MADOran_Sentences.tsv#Sentno=410"	"410"	"قاع فليل تاني بموسيقى وزهو تصفاق درنا حالة قاع طريق بغات خلود صغيورة لاكريم حبسنا كملناها بلاكريم خطاش حنا شبعانين"	"20"	"MADOran_Sentences.tsv"	"CC-BY-NC-3.0-MADORAN"	"canonical"	"source_exact"	"not_started"
"madoran-s6-sentno-0411"	"S6"	"MADOran_Sentences.tsv#Sentno=411"	"411"	"تبردنا بداك لاكريم انا بغيت اسكيمو ليم و كملنا طريق وصلنا لدار عيانين كاو دوشنا و رقدنا ."	"18"	"MADOran_Sentences.tsv"	"CC-BY-NC-3.0-MADORAN"	"canonical"	"source_exact"	"not_started"
"madoran-s6-sentno-0412"	"S6"	"MADOran_Sentences.tsv#Sentno=412"	"412"	"مين واحد يبغي يستبيت و ينوي شيرة فحلال . يروح يخطب شيرة من عند مليها يدي معاه غشيه و يدوا تارتا و بوكي تع فلوغ و خاتم كلمة و كاين لي يدي معاه كورباي تع شوكولا و حلوى و يروحوا"	"40"	"MADOran_Sentences.tsv"	"CC-BY-NC-3.0-MADORAN"	"canonical"	"source_exact"	"not_started"
"madoran-s6-sentno-0413"	"S6"	"MADOran_Sentences.tsv#Sentno=413"	"413"	"كي تعجبهم يكملو عليها و يتفهموا على شروط كيما دراهم و حدايد و من بعد يحدوا نهار لي يديروا فاتحة ."	"21"	"MADOran_Sentences.tsv"	"CC-BY-NC-3.0-MADORAN"	"canonical"	"source_exact"	"not_started"
"madoran-s6-sentno-0414"	"S6"	"MADOran_Sentences.tsv#Sentno=414"	"414"	"و كي يجي داك نهار قبل فاتحة مت عريس تديلهم كباش و خضرا فاكية و قاع شا خاصهم باش يطيبوا و تدي معاها طبق لعروسة يكون فيه اما كاركو و لا قسنطينية بلوزة وهرانية و منصورية و لا قفطان كل واحد على حساب طاقته و كل لبسة بصباطها و صاكها و معاهم جلابة و برنوس مي برسك قاع يديرو برنوس"	"60"	"MADOran_Sentences.tsv"	"CC-BY-NC-3.0-MADORAN"	"canonical"	"source_exact"	"not_started"
"madoran-s6-sentno-0415"	"S6"	"MADOran_Sentences.tsv#Sentno=415"	"415"	"و شنقلى تاني لبسة تحتانية كيما كوبينزويات كيلوطات بيجامات . حزامة . و طبق وخداخور معمر بمكياج و ريحة شامبوان و صابون ."	"23"	"MADOran_Sentences.tsv"	"CC-BY-NC-3.0-MADORAN"	"canonical"	"source_exact"	"not_started"
"madoran-s6-sentno-0416"	"S6"	"MADOran_Sentences.tsv#Sentno=416"	"416"	"و سني فيه قالب سكر و زوج كيسان و شمع و حنة و حليب و قطنة و طبسي فيه تمر . و سنياوات تاع قاطو . و كي يجي نهار فاتحة تدي قاع صوالح لي وجدتهم معاها لصالا ."	"39"	"MADOran_Sentences.tsv"	"CC-BY-NC-3.0-MADORAN"	"canonical"	"source_exact"	"not_started"
"madoran-s6-sentno-0417"	"S6"	"MADOran_Sentences.tsv#Sentno=417"	"417"	"و تدي معاها نسا لي معروضين يكونو جوارين حباب و فاميليا و بو عريس يدي رجالا لي عرضهم باش يحضروا للفاتحة خاطرش هوما لي يفتحو و يكون معاهم امام و شهود باش يفتح و عروسة تاني يكونو عارضين غاشي توعها ."	"41"	"MADOran_Sentences.tsv"	"CC-BY-NC-3.0-MADORAN"	"canonical"	"source_exact"	"not_started"
"madoran-s6-sentno-0418"	"S6"	"MADOran_Sentences.tsv#Sentno=418"	"418"	"نبدوا بفاتحة و يفتحوا عليها و من بعد ناس تزغرت يوكلوا رجال و يشوروا و من بعد نسا يقعدوا ويفطروهم تاني و كي نكملو يبدا زهو و ركس على ددجي وكل خطرة نشوفوا عروسة جاية بتبديلة مع راجلها حداها مقودها و ناس زغرت و زاهين حتى عشية"	"47"	"MADOran_Sentences.tsv"	"CC-BY-NC-3.0-MADORAN"	"canonical"	"source_exact"	"not_started"
"madoran-s6-sentno-0419"	"S6"	"MADOran_Sentences.tsv#Sentno=419"	"419"	"و منبعد يقسمو علينا قاطو منوع و قهوة و لاتاي و تكمل سهرة و ناس تشور ."	"17"	"MADOran_Sentences.tsv"	"CC-BY-NC-3.0-MADORAN"	"canonical"	"source_exact"	"not_started"
"madoran-s6-sentno-0420"	"S6"	"MADOran_Sentences.tsv#Sentno=420"	"420"	"و من بعد عريس يحدد لادت تع عرس تاعه باسكو فاتحة عندنا تكون لشيرة و عاد ابري عرس ."	"19"	"MADOran_Sentences.tsv"	"CC-BY-NC-3.0-MADORAN"	"canonical"	"source_exact"	"not_started"
"madoran-s6-sentno-0421"	"S6"	"MADOran_Sentences.tsv#Sentno=421"	"421"	"و كيما يقولو عرس ليلة تدبيرته عام غير يصدق و لا كيما يقولو في الصيف قاطو والمشتة بوقاطو . و كيما يقولو عرس ساهل دبحلها جدي و عيطلها لتجي . صح فلعشرة لي مور عريس ."	"36"	"MADOran_Sentences.tsv"	"CC-BY-NC-3.0-MADORAN"	"canonical"	"source_exact"	"not_started"
"madoran-s6-sentno-0422"	"S6"	"MADOran_Sentences.tsv#Sentno=422"	"422"	"خطرة كنت مسافر و كي وليت من فوياج لقيت بنت جارتنا كنت نبغيها زوجها بوها تاع بسيف عليها و هي دست عليا باسكو خافت من بوها يا خوتي دخلت لدارنا شفت ما ماشي نورمال قتلها مالكي قاتلي يا ولدي حبيبتك زوجوها و نقيس كابة من سدي و نخرج نجري عند بوها"	"51"	"MADOran_Sentences.tsv"	"CC-BY-NC-3.0-MADORAN"	"canonical"	"source_exact"	"not_started"
"madoran-s6-sentno-0423"	"S6"	"MADOran_Sentences.tsv#Sentno=423"	"423"	"قالي مديتها و تبقا غير نتا ما تدهاش"	"8"	"MADOran_Sentences.tsv"	"CC-BY-NC-3.0-MADORAN"	"canonical"	"source_exact"	"not_started"
"madoran-s6-sentno-0424"	"S6"	"MADOran_Sentences.tsv#Sentno=424"	"424"	"و تخرج هي من صالون تبكي قاتلي نذير سلكني ونيكي و دم خارج من نيفها و لحمها زرقة بالضرب و نحكم بوها ردخته بالضرب و حكمتها من يدها و خرجتها ديتها لدارنا قتلها قعدي هنا مع ما دوك نولي حطي كيتمان في ودنيك و سمعي لغنا باش متسمعش الضرب"	"49"	"MADOran_Sentences.tsv"	"CC-BY-NC-3.0-MADORAN"	"canonical"	"source_exact"	"not_started"
"madoran-s6-sentno-0425"	"S6"	"MADOran_Sentences.tsv#Sentno=425"	"425"	"و قفلت الباب عليهم و خرجت لقيت خطيبها زدم هو وصحابو للحومة و نرفد بالا و ندخل بيناتهم طيحت منهم اتناعش نواحد تالي غدرني في ظهري تشجعت و نوضت ليهم ميزامي قتلهم لا لا مشي هكا ارواحو نديروحاجة شابة و نحكمهم بالضرب هربو قاع"	"44"	"MADOran_Sentences.tsv"	"CC-BY-NC-3.0-MADORAN"	"canonical"	"source_exact"	"not_started"
"madoran-s6-sentno-0426"	"S6"	"MADOran_Sentences.tsv#Sentno=426"	"426"	"حكمت لي خطبها قالي نتا رجلة عليا نتا لي تستاهلها تع صح انا قاع لاتاي تاعي و قوي بصح نتا حبك كبير و تستاهل حبها ربي يكملك و كي شغل فيلم هندي ضرا دروك ه و الي يعرف كاش مخرج هندي يجيبهلنا راه كاين فيلم واجد يضحكو عباد ربي ه ."	"51"	"MADOran_Sentences.tsv"	"CC-BY-NC-3.0-MADORAN"	"canonical"	"source_exact"	"not_started"
"madoran-s6-sentno-0427"	"S6"	"MADOran_Sentences.tsv#Sentno=427"	"427"	"كنت مريحة مع جماعة و جبدو على بولتيك مين جزايريين ناضو على قبايل و على علام بلي حنا منستعرفوش بهداك علام تاعهم ليبريسونتي زواوا"	"24"	"MADOran_Sentences.tsv"	"CC-BY-NC-3.0-MADORAN"	"canonical"	"source_exact"	"not_started"
"madoran-s6-sentno-0428"	"S6"	"MADOran_Sentences.tsv#Sentno=428"	"428"	"و مكانش هادي قبايلي و عربي قاع جزايريين و ترفدنا لرض واحد و ناضت قبايلية تهدر و تقول بركو من تكونو راسيست و جهالا 20 سنة راقدين و عاجبكم ذل و كي بداو يفتو خلاو فقر و ميزيرية و نيفو با في قاع مجالات متعليم لصحة لسياحة لتجارة كلشي مخرود و دروك جاو يفتو على علام و معلبليش شاه ."	"60"	"MADOran_Sentences.tsv"	"CC-BY-NC-3.0-MADORAN"	"canonical"	"source_exact"	"not_started"
"madoran-s6-sentno-0429"	"S6"	"MADOran_Sentences.tsv#Sentno=429"	"429"	"ابسط الامور جاهل ميهدرش و من مفروض يتقف روحه و يفرق بين علام و راية هوية و ابري يقد يهدر و يناقش صحا باغي نسقسيكم كي ترفدو علام فلسطين تابع لجزاير ! ! ! !"	"35"	"MADOran_Sentences.tsv"	"CC-BY-NC-3.0-MADORAN"	"canonical"	"source_exact"	"not_started"
"madoran-s6-sentno-0430"	"S6"	"MADOran_Sentences.tsv#Sentno=430"	"430"	"جهل هو الي خلانا توالا و لوكان يجيبو يجي واحد مخ باش يجي يحكم جزاير نبقاو هكا توالا و اخر عباد"	"21"	"MADOran_Sentences.tsv"	"CC-BY-NC-3.0-MADORAN"	"canonical"	"source_exact"	"not_started"
"madoran-s6-sentno-0431"	"S6"	"MADOran_Sentences.tsv#Sentno=431"	"431"	"و تلقى دكتور و فاهم يقولك علم فلسطين حاجة وخدوخرا و ليق يترفع و راية تع هوية أمازيغية لا ديجا هوما جزء لا يتجزأ من جزاير"	"26"	"MADOran_Sentences.tsv"	"CC-BY-NC-3.0-MADORAN"	"canonical"	"source_exact"	"not_started"
"madoran-s6-sentno-0432"	"S6"	"MADOran_Sentences.tsv#Sentno=432"	"432"	"انا قتلها بانتلي مكانش فرق قبالي و لا عربي و لا ترقي تع صحرا قاع كتلة وحدة قاع مكتوبين جزاييرين فلكواعط تواعك كاتبين جزايري مشي مفرقين أيا صايي هادو غير لي عقولهم خاوية يحوسو ينوضو تفرقة ."	"37"	"MADOran_Sentences.tsv"	"CC-BY-NC-3.0-MADORAN"	"canonical"	"source_exact"	"not_started"
"madoran-s6-sentno-0433"	"S6"	"MADOran_Sentences.tsv#Sentno=433"	"433"	"هدي غير جهوية و راسيست و قاع خاوة خاوة أيا نطقت و قاتلي واه عندك صح يحقو قبل مطالب لي ناض عليها شعب و منبعد يلهو بصوالح تفوت فهامتهم يا جاهلين لي ميفهمو حبة ."	"35"	"MADOran_Sentences.tsv"	"CC-BY-NC-3.0-MADORAN"	"canonical"	"source_exact"	"not_started"
"madoran-s6-sentno-0434"	"S6"	"MADOran_Sentences.tsv#Sentno=434"	"434"	"قالو ناس بكري مطرق ملفوف فوق ظهر حلوف واحد ياكل و لاخر يشوف زعما ناس ولات تاكل لحرام و قليل يشوف و ميلقاش شا ياكل ."	"26"	"MADOran_Sentences.tsv"	"CC-BY-NC-3.0-MADORAN"	"canonical"	"source_exact"	"not_started"
"madoran-s6-sentno-0435"	"S6"	"MADOran_Sentences.tsv#Sentno=435"	"435"	"واه يا وهران واه"	"4"	"MADOran_Sentences.tsv"	"CC-BY-NC-3.0-MADORAN"	"canonical"	"source_exact"	"not_started"
"madoran-s6-sentno-0436"	"S6"	"MADOran_Sentences.tsv#Sentno=436"	"436"	"كنتي الساقية وفيك الما وبين لجبال ويشربوا فيك الفرسان"	"9"	"MADOran_Sentences.tsv"	"CC-BY-NC-3.0-MADORAN"	"canonical"	"source_exact"	"not_started"
"madoran-s6-sentno-0437"	"S6"	"MADOran_Sentences.tsv#Sentno=437"	"437"	"وليتي قلتة فيك الحلحال وعايشين فيك الفيران"	"7"	"MADOran_Sentences.tsv"	"CC-BY-NC-3.0-MADORAN"	"canonical"	"source_exact"	"not_started"
"madoran-s6-sentno-0438"	"S6"	"MADOran_Sentences.tsv#Sentno=438"	"438"	"عيش يا براك في بلاد الحيوان"	"6"	"MADOran_Sentences.tsv"	"CC-BY-NC-3.0-MADORAN"	"canonical"	"source_exact"	"not_started"
"madoran-s6-sentno-0439"	"S6"	"MADOran_Sentences.tsv#Sentno=439"	"439"	"قندورة و شاش و تربيعة تع فراش و ندور بيه لعراش و نحفظوه 60 حزب بركعة و شمعة و اللي كيما انا ميقراش يقضب كيما انا يدور وليداته و جيران و يجيبلهم حكم ."	"34"	"MADOran_Sentences.tsv"	"CC-BY-NC-3.0-MADORAN"	"canonical"	"source_exact"	"not_started"
"madoran-s6-sentno-0440"	"S6"	"MADOran_Sentences.tsv#Sentno=440"	"440"	"اسمع وجهك نقيه ما دري واش تلاقي بيه الي فاتك بزين فوته بتبسيمة و اللي فاتك بلبسة فوته بنظافة و اللي فات بعلم فوته بظرافة و اللي فاتك بمال فوته بقناعة"	"31"	"MADOran_Sentences.tsv"	"CC-BY-NC-3.0-MADORAN"	"canonical"	"source_exact"	"not_started"
"madoran-s6-sentno-0441"	"S6"	"MADOran_Sentences.tsv#Sentno=441"	"441"	"هداك خلص مليون بات راقد و انا خالص ملايير ها بنات منزدوش ها ولاد مارحوش ها تريسنتي مخلصتوهش"	"18"	"MADOran_Sentences.tsv"	"CC-BY-NC-3.0-MADORAN"	"canonical"	"source_exact"	"not_started"
"madoran-s6-sentno-0442"	"S6"	"MADOran_Sentences.tsv#Sentno=442"	"442"	"سيدنا رمضان قرب ها مصروف قليل عليا ها كبش عيد لحق معنديش ضحية اي خلات عليا باسكو مكانش قناعة ولد اصلي ما يجي مشحاح و شجرة دفلة ما تجيبش تفاح ."	"31"	"MADOran_Sentences.tsv"	"CC-BY-NC-3.0-MADORAN"	"canonical"	"source_exact"	"not_started"
"madoran-s6-sentno-0443"	"S6"	"MADOran_Sentences.tsv#Sentno=443"	"443"	"دير روحك مهبول تشبع كسور"	"5"	"MADOran_Sentences.tsv"	"CC-BY-NC-3.0-MADORAN"	"canonical"	"source_exact"	"not_started"
"madoran-s6-sentno-0444"	"S6"	"MADOran_Sentences.tsv#Sentno=444"	"444"	"ماشي كل اللي يلمع ذهب و ماشي كل خضر حشيش"	"10"	"MADOran_Sentences.tsv"	"CC-BY-NC-3.0-MADORAN"	"canonical"	"source_exact"	"not_started"
"madoran-s6-sentno-0445"	"S6"	"MADOran_Sentences.tsv#Sentno=445"	"445"	"كبرت النمالة ولات تحوس في الزبالة ( حاشاكم )"	"9"	"MADOran_Sentences.tsv"	"CC-BY-NC-3.0-MADORAN"	"canonical"	"source_exact"	"not_started"
"madoran-s6-sentno-0446"	"S6"	"MADOran_Sentences.tsv#Sentno=446"	"446"	"الواد ماديه وهو يقول ماحلى البرودة"	"6"	"MADOran_Sentences.tsv"	"CC-BY-NC-3.0-MADORAN"	"canonical"	"source_exact"	"not_started"
"madoran-s6-sentno-0447"	"S6"	"MADOran_Sentences.tsv#Sentno=447"	"447"	"قهوة وقارو خير من السلطان في دارو"	"7"	"MADOran_Sentences.tsv"	"CC-BY-NC-3.0-MADORAN"	"canonical"	"source_exact"	"not_started"
"madoran-s6-sentno-0448"	"S6"	"MADOran_Sentences.tsv#Sentno=448"	"448"	"مهما كبرت العين الحاجب ديما فوقها"	"6"	"MADOran_Sentences.tsv"	"CC-BY-NC-3.0-MADORAN"	"canonical"	"source_exact"	"not_started"
"madoran-s6-sentno-0449"	"S6"	"MADOran_Sentences.tsv#Sentno=449"	"449"	"جيب ولدك مليح لي والا يبوسو"	"6"	"MADOran_Sentences.tsv"	"CC-BY-NC-3.0-MADORAN"	"canonical"	"source_exact"	"not_started"
"madoran-s6-sentno-0450"	"S6"	"MADOran_Sentences.tsv#Sentno=450"	"450"	"يتعلم الحجامة في راس اليتامة"	"5"	"MADOran_Sentences.tsv"	"CC-BY-NC-3.0-MADORAN"	"canonical"	"source_exact"	"not_started"
"madoran-s6-sentno-0451"	"S6"	"MADOran_Sentences.tsv#Sentno=451"	"451"	"القط يعلم بوه ينط"	"4"	"MADOran_Sentences.tsv"	"CC-BY-NC-3.0-MADORAN"	"canonical"	"source_exact"	"not_started"
"madoran-s6-sentno-0452"	"S6"	"MADOran_Sentences.tsv#Sentno=452"	"452"	"ولد الفار يطلع حفار"	"4"	"MADOran_Sentences.tsv"	"CC-BY-NC-3.0-MADORAN"	"canonical"	"source_exact"	"not_started"
"madoran-s6-sentno-0453"	"S6"	"MADOran_Sentences.tsv#Sentno=453"	"453"	"ادا شفت الطويل يجري اعرف او القصير ديما وراه"	"9"	"MADOran_Sentences.tsv"	"CC-BY-NC-3.0-MADORAN"	"canonical"	"source_exact"	"not_started"
"madoran-s6-sentno-0454"	"S6"	"MADOran_Sentences.tsv#Sentno=454"	"454"	"حشيشة طالبة المعيشة"	"3"	"MADOran_Sentences.tsv"	"CC-BY-NC-3.0-MADORAN"	"canonical"	"source_exact"	"not_started"
"madoran-s6-sentno-0455"	"S6"	"MADOran_Sentences.tsv#Sentno=455"	"455"	"سكران ويعرف باب دارو"	"4"	"MADOran_Sentences.tsv"	"CC-BY-NC-3.0-MADORAN"	"canonical"	"source_exact"	"not_started"
"madoran-s6-sentno-0456"	"S6"	"MADOran_Sentences.tsv#Sentno=456"	"456"	"كبرت القطة ولبست كرافاطا"	"4"	"MADOran_Sentences.tsv"	"CC-BY-NC-3.0-MADORAN"	"canonical"	"source_exact"	"not_started"
"madoran-s6-sentno-0457"	"S6"	"MADOran_Sentences.tsv#Sentno=457"	"457"	"ماخاص العمشة غير الكحل وماخاص القرد غير الورد"	"8"	"MADOran_Sentences.tsv"	"CC-BY-NC-3.0-MADORAN"	"canonical"	"source_exact"	"not_started"
"madoran-s6-sentno-0458"	"S6"	"MADOran_Sentences.tsv#Sentno=458"	"458"	"الحمار عطاوه القرنفل يشمو كلاه"	"5"	"MADOran_Sentences.tsv"	"CC-BY-NC-3.0-MADORAN"	"canonical"	"source_exact"	"not_started"
"madoran-s6-sentno-0459"	"S6"	"MADOran_Sentences.tsv#Sentno=459"	"459"	"ما خص الفرطاس غير حكان الراس"	"6"	"MADOran_Sentences.tsv"	"CC-BY-NC-3.0-MADORAN"	"canonical"	"source_exact"	"not_started"
"madoran-s6-sentno-0460"	"S6"	"MADOran_Sentences.tsv#Sentno=460"	"460"	"العود اللي تحقرو يعورك"	"4"	"MADOran_Sentences.tsv"	"CC-BY-NC-3.0-MADORAN"	"canonical"	"source_exact"	"not_started"
"madoran-s6-sentno-0461"	"S6"	"MADOran_Sentences.tsv#Sentno=461"	"461"	"كسكسلو يرجع لأصلو"	"3"	"MADOran_Sentences.tsv"	"CC-BY-NC-3.0-MADORAN"	"canonical"	"source_exact"	"not_started"
"madoran-s6-sentno-0462"	"S6"	"MADOran_Sentences.tsv#Sentno=462"	"462"	"اللي حي قسمو"	"3"	"MADOran_Sentences.tsv"	"CC-BY-NC-3.0-MADORAN"	"canonical"	"source_exact"	"not_started"
"madoran-s6-sentno-0463"	"S6"	"MADOran_Sentences.tsv#Sentno=463"	"463"	"الي فاتو الحديث يقول سمعت و الي فاتو الطعام يقول شبعت"	"11"	"MADOran_Sentences.tsv"	"CC-BY-NC-3.0-MADORAN"	"canonical"	"source_exact"	"not_started"
"madoran-s6-sentno-0464"	"S6"	"MADOran_Sentences.tsv#Sentno=464"	"464"	"الي دارها بيديه يحلها بسنيه"	"5"	"MADOran_Sentences.tsv"	"CC-BY-NC-3.0-MADORAN"	"canonical"	"source_exact"	"not_started"
"madoran-s6-sentno-0465"	"S6"	"MADOran_Sentences.tsv#Sentno=465"	"465"	"الحديث معايا و المعنى على جارتي ( ناس الوسط يقولوها بزاف )"	"12"	"MADOran_Sentences.tsv"	"CC-BY-NC-3.0-MADORAN"	"canonical"	"source_exact"	"not_started"
"madoran-s6-sentno-0466"	"S6"	"MADOran_Sentences.tsv#Sentno=466"	"466"	"البكى عند راس الميت ( هذي يقولوها سيرتو في الشرق )"	"11"	"MADOran_Sentences.tsv"	"CC-BY-NC-3.0-MADORAN"	"canonical"	"source_exact"	"not_started"
"madoran-s6-sentno-0467"	"S6"	"MADOran_Sentences.tsv#Sentno=467"	"467"	"الي يبغي الشباح ما يقول آح ( توجور ناس دزاير )"	"11"	"MADOran_Sentences.tsv"	"CC-BY-NC-3.0-MADORAN"	"canonical"	"source_exact"	"not_started"
"madoran-s6-sentno-0468"	"S6"	"MADOran_Sentences.tsv#Sentno=468"	"468"	"انا نحفرلو في قبر امو و هو هاربلي بالفاس ( في الشرق )"	"13"	"MADOran_Sentences.tsv"	"CC-BY-NC-3.0-MADORAN"	"canonical"	"source_exact"	"not_started"
"madoran-s6-sentno-0469"	"S6"	"MADOran_Sentences.tsv#Sentno=469"	"469"	"دير كيما جارك ولا حول باب دارك"	"7"	"MADOran_Sentences.tsv"	"CC-BY-NC-3.0-MADORAN"	"canonical"	"source_exact"	"not_started"
"madoran-s6-sentno-0470"	"S6"	"MADOran_Sentences.tsv#Sentno=470"	"470"	"كي كان حي مشتاق تمرو وكي مات جابولو عرجون"	"9"	"MADOran_Sentences.tsv"	"CC-BY-NC-3.0-MADORAN"	"canonical"	"source_exact"	"not_started"
"madoran-s6-sentno-0471"	"S6"	"MADOran_Sentences.tsv#Sentno=471"	"471"	"قلب البرمة على فمها تخرج الطفلة لأمها"	"7"	"MADOran_Sentences.tsv"	"CC-BY-NC-3.0-MADORAN"	"canonical"	"source_exact"	"not_started"
"madoran-s6-sentno-0472"	"S6"	"MADOran_Sentences.tsv#Sentno=472"	"472"	"حوحو يشكر روحو"	"3"	"MADOran_Sentences.tsv"	"CC-BY-NC-3.0-MADORAN"	"canonical"	"source_exact"	"not_started"
"madoran-s6-sentno-0473"	"S6"	"MADOran_Sentences.tsv#Sentno=473"	"473"	"الطريق بعينيها والغابة بوذنيها"	"4"	"MADOran_Sentences.tsv"	"CC-BY-NC-3.0-MADORAN"	"canonical"	"source_exact"	"not_started"
"madoran-s6-sentno-0474"	"S6"	"MADOran_Sentences.tsv#Sentno=474"	"474"	"قالو للعمية واش يخصك قالتلهم لكحل"	"6"	"MADOran_Sentences.tsv"	"CC-BY-NC-3.0-MADORAN"	"canonical"	"source_exact"	"not_started"
"madoran-s6-sentno-0475"	"S6"	"MADOran_Sentences.tsv#Sentno=475"	"475"	"زواج ليلة ودبارتو عام"	"4"	"MADOran_Sentences.tsv"	"CC-BY-NC-3.0-MADORAN"	"canonical"	"source_exact"	"not_started"
"madoran-s6-sentno-0476"	"S6"	"MADOran_Sentences.tsv#Sentno=476"	"476"	"زين زين لفعايل"	"3"	"MADOran_Sentences.tsv"	"CC-BY-NC-3.0-MADORAN"	"canonical"	"source_exact"	"not_started"
"madoran-s6-sentno-0477"	"S6"	"MADOran_Sentences.tsv#Sentno=477"	"477"	"ضربني و بكى وسبقني وشكى"	"5"	"MADOran_Sentences.tsv"	"CC-BY-NC-3.0-MADORAN"	"canonical"	"source_exact"	"not_started"
"madoran-s6-sentno-0478"	"S6"	"MADOran_Sentences.tsv#Sentno=478"	"478"	"اللي فاتك بليلة فاتك بحيلة"	"5"	"MADOran_Sentences.tsv"	"CC-BY-NC-3.0-MADORAN"	"canonical"	"source_exact"	"not_started"
"madoran-s6-sentno-0479"	"S6"	"MADOran_Sentences.tsv#Sentno=479"	"479"	"العروسة تشكرها امها ولا فمها"	"5"	"MADOran_Sentences.tsv"	"CC-BY-NC-3.0-MADORAN"	"canonical"	"source_exact"	"not_started"
"madoran-s6-sentno-0480"	"S6"	"MADOran_Sentences.tsv#Sentno=480"	"480"	"مال المشحاح ياكلوا مرتاح"	"4"	"MADOran_Sentences.tsv"	"CC-BY-NC-3.0-MADORAN"	"canonical"	"source_exact"	"not_started"
"madoran-s6-sentno-0481"	"S6"	"MADOran_Sentences.tsv#Sentno=481"	"481"	"لتكل على نسيبتو يبات بلا عشاء"	"6"	"MADOran_Sentences.tsv"	"CC-BY-NC-3.0-MADORAN"	"canonical"	"source_exact"	"not_started"
"madoran-s6-sentno-0482"	"S6"	"MADOran_Sentences.tsv#Sentno=482"	"482"	"راح الواد لقاه ناشف"	"4"	"MADOran_Sentences.tsv"	"CC-BY-NC-3.0-MADORAN"	"canonical"	"source_exact"	"not_started"
"madoran-s6-sentno-0483"	"S6"	"MADOran_Sentences.tsv#Sentno=483"	"483"	"قبل ما تشري دار أشري جار"	"6"	"MADOran_Sentences.tsv"	"CC-BY-NC-3.0-MADORAN"	"canonical"	"source_exact"	"not_started"
"madoran-s6-sentno-0484"	"S6"	"MADOran_Sentences.tsv#Sentno=484"	"484"	"فردة ولقات ختها"	"3"	"MADOran_Sentences.tsv"	"CC-BY-NC-3.0-MADORAN"	"canonical"	"source_exact"	"not_started"
"madoran-s6-sentno-0485"	"S6"	"MADOran_Sentences.tsv#Sentno=485"	"485"	"اللي حبني مابنالي قصر . . واللي كرهني مابنالي قبر @@Lاط@@ذ"	"11"	"MADOran_Sentences.tsv"	"CC-BY-NC-3.0-MADORAN"	"canonical"	"source_exact"	"not_started"
"madoran-s6-sentno-0486"	"S6"	"MADOran_Sentences.tsv#Sentno=486"	"486"	"اللي باعك بالفول بيعو بقشورو @@Lاط@@ذ"	"6"	"MADOran_Sentences.tsv"	"CC-BY-NC-3.0-MADORAN"	"canonical"	"source_exact"	"not_started"
"madoran-s6-sentno-0487"	"S6"	"MADOran_Sentences.tsv#Sentno=487"	"487"	"اللي يحبنا نحبوه . . ونحطوه فوق الراس عمامة"	"9"	"MADOran_Sentences.tsv"	"CC-BY-NC-3.0-MADORAN"	"canonical"	"source_exact"	"not_started"
"madoran-s6-sentno-0488"	"S6"	"MADOran_Sentences.tsv#Sentno=488"	"488"	"واللي يكرهنا نكرهوه . . . حتى ليوم القيامة @@Lاط@@ذ"	"10"	"MADOran_Sentences.tsv"	"CC-BY-NC-3.0-MADORAN"	"canonical"	"source_exact"	"not_started"
"madoran-s6-sentno-0489"	"S6"	"MADOran_Sentences.tsv#Sentno=489"	"489"	"لاعاد صاحبك عسل . . . ماتلحسوش الكل"	"8"	"MADOran_Sentences.tsv"	"CC-BY-NC-3.0-MADORAN"	"canonical"	"source_exact"	"not_started"
"madoran-s6-sentno-0490"	"S6"	"MADOran_Sentences.tsv#Sentno=490"	"490"	"الي ليك ليك والي خاطيك يعييك"	"6"	"MADOran_Sentences.tsv"	"CC-BY-NC-3.0-MADORAN"	"canonical"	"source_exact"	"not_started"
"madoran-s6-sentno-0491"	"S6"	"MADOran_Sentences.tsv#Sentno=491"	"491"	"@@Lاط@@ذ دير الخير وانساه"	"4"	"MADOran_Sentences.tsv"	"CC-BY-NC-3.0-MADORAN"	"canonical"	"source_exact"	"not_started"
"madoran-s6-sentno-0492"	"S6"	"MADOran_Sentences.tsv#Sentno=492"	"492"	"المندبة كبيرة و الميت فار تاني الدنيا بالوجوه ولاخرة بالفعايل ."	"11"	"MADOran_Sentences.tsv"	"CC-BY-NC-3.0-MADORAN"	"canonical"	"source_exact"	"not_started"
"madoran-s6-sentno-0493"	"S6"	"MADOran_Sentences.tsv#Sentno=493"	"493"	"أولاد الكلبة كلهم كلاب ."	"5"	"MADOran_Sentences.tsv"	"CC-BY-NC-3.0-MADORAN"	"canonical"	"source_exact"	"not_started"
"madoran-s6-sentno-0494"	"S6"	"MADOran_Sentences.tsv#Sentno=494"	"494"	"القط يعلم ابوه النط . بات مع الدجاج , أصبح ايقاقي"	"11"	"MADOran_Sentences.tsv"	"CC-BY-NC-3.0-MADORAN"	"canonical"	"source_exact"	"not_started"
"madoran-s6-sentno-0495"	"S6"	"MADOran_Sentences.tsv#Sentno=495"	"495"	"الجمل يضحك من حدبة خوه ونسى حدبته ."	"8"	"MADOran_Sentences.tsv"	"CC-BY-NC-3.0-MADORAN"	"canonical"	"source_exact"	"not_started"
"madoran-s6-sentno-0496"	"S6"	"MADOran_Sentences.tsv#Sentno=496"	"496"	"الخنفوس في عين أمه غزال"	"5"	"MADOran_Sentences.tsv"	"CC-BY-NC-3.0-MADORAN"	"canonical"	"source_exact"	"not_started"
"madoran-s6-sentno-0497"	"S6"	"MADOran_Sentences.tsv#Sentno=497"	"497"	"المندبة كبيرة والميت فار ."	"5"	"MADOran_Sentences.tsv"	"CC-BY-NC-3.0-MADORAN"	"canonical"	"source_exact"	"not_started"
"madoran-s6-sentno-0498"	"S6"	"MADOran_Sentences.tsv#Sentno=498"	"498"	"ولد الفار حفار"	"3"	"MADOran_Sentences.tsv"	"CC-BY-NC-3.0-MADORAN"	"canonical"	"source_exact"	"not_started"
"madoran-s6-sentno-0499"	"S6"	"MADOran_Sentences.tsv#Sentno=499"	"499"	"ما خص الذيب غير النديب وما خص الاعمى غير الكحل ."	"11"	"MADOran_Sentences.tsv"	"CC-BY-NC-3.0-MADORAN"	"canonical"	"source_exact"	"not_started"
"madoran-s6-sentno-0500"	"S6"	"MADOran_Sentences.tsv#Sentno=500"	"500"	"كالديك , يعرف كل الأوقات وما يصليش ."	"8"	"MADOran_Sentences.tsv"	"CC-BY-NC-3.0-MADORAN"	"canonical"	"source_exact"	"not_started"
"madoran-s6-sentno-0501"	"S6"	"MADOran_Sentences.tsv#Sentno=501"	"501"	"الذيب كي شاف العنقود بعيد قال حامض ."	"8"	"MADOran_Sentences.tsv"	"CC-BY-NC-3.0-MADORAN"	"canonical"	"source_exact"	"not_started"
"madoran-s6-sentno-0502"	"S6"	"MADOran_Sentences.tsv#Sentno=502"	"502"	"القط كي ما تطيرلوش الشحمة يقول مخنزة"	"7"	"MADOran_Sentences.tsv"	"CC-BY-NC-3.0-MADORAN"	"canonical"	"source_exact"	"not_started"
"madoran-s6-sentno-0503"	"S6"	"MADOran_Sentences.tsv#Sentno=503"	"503"	"راح البعير وما ترك غير بعره"	"6"	"MADOran_Sentences.tsv"	"CC-BY-NC-3.0-MADORAN"	"canonical"	"source_exact"	"not_started"
"madoran-s6-sentno-0504"	"S6"	"MADOran_Sentences.tsv#Sentno=504"	"504"	"حتى يشيب الغراب"	"3"	"MADOran_Sentences.tsv"	"CC-BY-NC-3.0-MADORAN"	"canonical"	"source_exact"	"not_started"
"madoran-s6-sentno-0505"	"S6"	"MADOran_Sentences.tsv#Sentno=505"	"505"	"عين تعس على القط والأخرى تقلي في السردين"	"8"	"MADOran_Sentences.tsv"	"CC-BY-NC-3.0-MADORAN"	"canonical"	"source_exact"	"not_started"
"madoran-s6-sentno-0506"	"S6"	"MADOran_Sentences.tsv#Sentno=506"	"506"	"الي قراه الديب حافظوا السلوقي ."	"6"	"MADOran_Sentences.tsv"	"CC-BY-NC-3.0-MADORAN"	"canonical"	"source_exact"	"not_started"
"madoran-s6-sentno-0507"	"S6"	"MADOran_Sentences.tsv#Sentno=507"	"507"	"الي قرساتو اللفعى من الحبل يخاف"	"6"	"MADOran_Sentences.tsv"	"CC-BY-NC-3.0-MADORAN"	"canonical"	"source_exact"	"not_started"
"madoran-s6-sentno-0508"	"S6"	"MADOran_Sentences.tsv#Sentno=508"	"508"	"لا يعجبك نوار الدفلة في الواد داير ضلاليل ولا يعجبك زين الطفلة حتى تشوف الفعايل ."	"16"	"MADOran_Sentences.tsv"	"CC-BY-NC-3.0-MADORAN"	"canonical"	"source_exact"	"not_started"
"madoran-s6-sentno-0509"	"S6"	"MADOran_Sentences.tsv#Sentno=509"	"509"	"الخدمة مع النصارى ولا القعاد فى الخسارة / المعاونة ولو مع النصارى ولا القعاد خسارة . ( تخدم و تجيب رزق حتى و مع النصارى خير من البطالة ز شومير ."	"31"	"MADOran_Sentences.tsv"	"CC-BY-NC-3.0-MADORAN"	"canonical"	"source_exact"	"not_started"
"madoran-s6-sentno-0510"	"S6"	"MADOran_Sentences.tsv#Sentno=510"	"510"	"جاء يسعى , ودر تسعة ."	"6"	"MADOran_Sentences.tsv"	"CC-BY-NC-3.0-MADORAN"	"canonical"	"source_exact"	"not_started"
"madoran-s6-sentno-0511"	"S6"	"MADOran_Sentences.tsv#Sentno=511"	"511"	"هرب من قاطعي اليدين , طاح في قاطعي الريسان ."	"10"	"MADOran_Sentences.tsv"	"CC-BY-NC-3.0-MADORAN"	"canonical"	"source_exact"	"not_started"
"madoran-s6-sentno-0512"	"S6"	"MADOran_Sentences.tsv#Sentno=512"	"512"	"جاء يكحلها اعماها . ( زعما جا يديرلها كحل في عينيها حتى عماها واحد يجي يسقم حاجة يهردلها والديها ه"	"20"	"MADOran_Sentences.tsv"	"CC-BY-NC-3.0-MADORAN"	"canonical"	"source_exact"	"not_started"
"madoran-s6-sentno-0513"	"S6"	"MADOran_Sentences.tsv#Sentno=513"	"513"	"من لحيته وبخر له ."	"5"	"MADOran_Sentences.tsv"	"CC-BY-NC-3.0-MADORAN"	"canonical"	"source_exact"	"not_started"
"madoran-s6-sentno-0514"	"S6"	"MADOran_Sentences.tsv#Sentno=514"	"514"	"دعوة بلا ذنوب في رأس مولاها تذوب ."	"8"	"MADOran_Sentences.tsv"	"CC-BY-NC-3.0-MADORAN"	"canonical"	"source_exact"	"not_started"
"madoran-s6-sentno-0515"	"S6"	"MADOran_Sentences.tsv#Sentno=515"	"515"	"شوي من الحنة وشوي من رطابة اليدين ."	"8"	"MADOran_Sentences.tsv"	"CC-BY-NC-3.0-MADORAN"	"canonical"	"source_exact"	"not_started"
"madoran-s6-sentno-0516"	"S6"	"MADOran_Sentences.tsv#Sentno=516"	"516"	"يد وحدة ما تصفق . بمعنى كي نساندو واحد و نتعاونو نديروا لامبوسيبل"	"13"	"MADOran_Sentences.tsv"	"CC-BY-NC-3.0-MADORAN"	"canonical"	"source_exact"	"not_started"
"madoran-s6-sentno-0517"	"S6"	"MADOran_Sentences.tsv#Sentno=517"	"517"	"تخطي راسي وتفوت ."	"4"	"MADOran_Sentences.tsv"	"CC-BY-NC-3.0-MADORAN"	"canonical"	"source_exact"	"not_started"
"madoran-s6-sentno-0518"	"S6"	"MADOran_Sentences.tsv#Sentno=518"	"518"	"غطى الشمس بالغربال ."	"4"	"MADOran_Sentences.tsv"	"CC-BY-NC-3.0-MADORAN"	"canonical"	"source_exact"	"not_started"
"madoran-s6-sentno-0519"	"S6"	"MADOran_Sentences.tsv#Sentno=519"	"519"	"دار النساء والقصعة يابسة ."	"5"	"MADOran_Sentences.tsv"	"CC-BY-NC-3.0-MADORAN"	"canonical"	"source_exact"	"not_started"
"madoran-s6-sentno-0520"	"S6"	"MADOran_Sentences.tsv#Sentno=520"	"520"	"ما يبقى في الواد غير حجاره . ( الدنيا فانية لا يبقى منها غير فعايل تكون كي الحجارة تلازمك مثلما تلازم الواد حتى والا نشف ."	"26"	"MADOran_Sentences.tsv"	"CC-BY-NC-3.0-MADORAN"	"canonical"	"source_exact"	"not_started"
"madoran-s6-sentno-0521"	"S6"	"MADOran_Sentences.tsv#Sentno=521"	"521"	"حكيلنا لقطة مقودة صراتلك في حياتك ركبت في بيس و شوفور كان طالق موسيقى راي و مزيدلها بزاف حرت و ناس قاع ما قاتله والو"	"25"	"MADOran_Sentences.tsv"	"CC-BY-NC-3.0-MADORAN"	"canonical"	"source_exact"	"not_started"
"madoran-s6-sentno-0522"	"S6"	"MADOran_Sentences.tsv#Sentno=522"	"522"	"ايا كلاني قلبي قلت نهدر معاه و منبعد قلت شدخلني دوك يقول كاش واحد يهدر معاه ما نربحش عيب"	"19"	"MADOran_Sentences.tsv"	"CC-BY-NC-3.0-MADORAN"	"canonical"	"source_exact"	"not_started"
"madoran-s6-sentno-0523"	"S6"	"MADOran_Sentences.tsv#Sentno=523"	"523"	"صبرت و ماكين والو تقلقت نوضت نزقي عليه نقص شوية و الله عيب نخلع شوفور و الي راكبين قاع قعدو يخزروا فيا و ساكتين دارلي شوفور"	"26"	"MADOran_Sentences.tsv"	"CC-BY-NC-3.0-MADORAN"	"canonical"	"source_exact"	"not_started"
"madoran-s6-sentno-0524"	"S6"	"MADOran_Sentences.tsv#Sentno=524"	"524"	"و قالي راكي راكبة في بيس تاع عايلة هادي عايلتي رايحة للعرس"	"12"	"MADOran_Sentences.tsv"	"CC-BY-NC-3.0-MADORAN"	"canonical"	"source_exact"	"not_started"
"madoran-s6-sentno-0525"	"S6"	"MADOran_Sentences.tsv#Sentno=525"	"525"	"و كي جيت فايت و صبتك واقفة تقارعي في بيس حشمت قلت نحبس نوصلك من شوك و حشمة ضربتها بتزغريتة طويلة وعريضة و نضت نصفق و نرقص حسيتها في جنابي هه ."	"32"	"MADOran_Sentences.tsv"	"CC-BY-NC-3.0-MADORAN"	"canonical"	"source_exact"	"not_started"
"madoran-s6-sentno-0526"	"S6"	"MADOran_Sentences.tsv#Sentno=526"	"526"	"ناس بكري كيفاش كانوي عايشين زين في زين و اخوك رزين قلوب بيضاء كي الحليب و احلامهم لومبا أحمر كي النوير و خيالهم واسع كالريام و مخهم طاير كالحمام ."	"30"	"MADOran_Sentences.tsv"	"CC-BY-NC-3.0-MADORAN"	"canonical"	"source_exact"	"not_started"
"madoran-s6-sentno-0527"	"S6"	"MADOran_Sentences.tsv#Sentno=527"	"527"	"سمحيلي ختي ! شاخصكم الله يخليك ختي لاطبل . فوالا . شا تشربوا ? لما الله يخليك نجيبلك ما جاغيف . و مينو تاني ."	"25"	"MADOran_Sentences.tsv"	"CC-BY-NC-3.0-MADORAN"	"canonical"	"source_exact"	"not_started"
"madoran-s6-sentno-0528"	"S6"	"MADOran_Sentences.tsv#Sentno=528"	"528"	"عجباتك كاين باش ملبا كاين باش بصح ماكنش ملبا صحا شزكولا ليجوا مكانش مم كرام بنان كراميل ? كاين غير لاكريم بنان و كراميل مكانش ."	"26"	"MADOran_Sentences.tsv"	"CC-BY-NC-3.0-MADORAN"	"canonical"	"source_exact"	"not_started"
"madoran-s6-sentno-0529"	"S6"	"MADOran_Sentences.tsv#Sentno=529"	"529"	"براوني كاليبسو تاني مكانش صحا بواسون ? واه عندنا قاع ليجيو . جيبيلي جي د بنان مبقاش جيو دورغونج مبقاش كوكتيل ? مبقاش عندنا غير حمود ."	"27"	"MADOran_Sentences.tsv"	"CC-BY-NC-3.0-MADORAN"	"canonical"	"source_exact"	"not_started"
"madoran-s6-sentno-0530"	"S6"	"MADOran_Sentences.tsv#Sentno=530"	"530"	"نجيبلك حمود ? جيبلي حمود هادي مالها تعوج فروحها . مادم ?"	"12"	"MADOran_Sentences.tsv"	"CC-BY-NC-3.0-MADORAN"	"canonical"	"source_exact"	"not_started"
"madoran-s6-sentno-0531"	"S6"	"MADOran_Sentences.tsv#Sentno=531"	"531"	"اه اني نهدر معاك . قارعي راني نحوسلك على حمود . هادا شاه شوالا هادا شاه فهميني يا هدا نيميروا تاعي ."	"22"	"MADOran_Sentences.tsv"	"CC-BY-NC-3.0-MADORAN"	"canonical"	"source_exact"	"not_started"
"madoran-s6-sentno-0532"	"S6"	"MADOran_Sentences.tsv#Sentno=532"	"532"	"و فليكسيلي اون بليس ! الله غالب راني اونميتون معنديش حمبوك بعديني . متحشميش تقابريلي صاحبي قدام عيني يا وحد قحبة حسبتينس منمرقلكش أيا طيري بعيد صاي خطيني حمبوك ."	"30"	"MADOran_Sentences.tsv"	"CC-BY-NC-3.0-MADORAN"	"canonical"	"source_exact"	"not_started"
"madoran-s6-sentno-0533"	"S6"	"MADOran_Sentences.tsv#Sentno=533"	"533"	"مكانش حاجا حلوة فدا دنيا كيما سبور نحي قاع ليسبورتيف بصح شوالا كاين ناس خسروها علينا نيشان واه ."	"19"	"MADOran_Sentences.tsv"	"CC-BY-NC-3.0-MADORAN"	"canonical"	"source_exact"	"not_started"
"madoran-s6-sentno-0534"	"S6"	"MADOran_Sentences.tsv#Sentno=534"	"534"	"تلقى عنده سيمانة ملي بدا يدير سبور مشي عيب نأكوراجوك خويا بصح شوالا مشي زعما تدخل لا صال دي سبور تضربلنا فيها 33 تصويرة كيما هاكا بألتار تع 2 كيلو"	"30"	"MADOran_Sentences.tsv"	"CC-BY-NC-3.0-MADORAN"	"canonical"	"source_exact"	"not_started"
"madoran-s6-sentno-0535"	"S6"	"MADOran_Sentences.tsv#Sentno=535"	"535"	"و أيا تقول سي دير دو دوفينيغ اسبورتيف لا دو دوفينيغ فوتوغراف"	"12"	"MADOran_Sentences.tsv"	"CC-BY-NC-3.0-MADORAN"	"canonical"	"source_exact"	"not_started"
"madoran-s6-sentno-0536"	"S6"	"MADOran_Sentences.tsv#Sentno=536"	"536"	"تصورتنا فقاع قنوتا تع صالا هداك التار تع 2 كيلو لوكان رحت عونت بيه"	"14"	"MADOran_Sentences.tsv"	"CC-BY-NC-3.0-MADORAN"	"canonical"	"source_exact"	"not_started"
"madoran-s6-sentno-0537"	"S6"	"MADOran_Sentences.tsv#Sentno=537"	"537"	"موك طلعت معاها قوضيان لوكان خدمت برا 2 كيلو بطاطا"	"10"	"MADOran_Sentences.tsv"	"CC-BY-NC-3.0-MADORAN"	"canonical"	"source_exact"	"not_started"
"madoran-s6-sentno-0538"	"S6"	"MADOran_Sentences.tsv#Sentno=538"	"538"	"بروبلام مشي هنا بروبلام كي يروح يقلي على مدامته شا يقولها عمري كانت في خاطري ديك لقطة تع مين نديرك في ظهري و ندير بيك لبومب كيكونغ نتا ايلك نتا حمبوك مين جاك جهد نتا باه ترفدها قولي !"	"39"	"MADOran_Sentences.tsv"	"CC-BY-NC-3.0-MADORAN"	"canonical"	"source_exact"	"not_started"
"madoran-s6-sentno-0539"	"S6"	"MADOran_Sentences.tsv#Sentno=539"	"539"	"شا يقولها عمري تمشي و عرضي راكي مع واحد حدايدي"	"10"	"MADOran_Sentences.tsv"	"CC-BY-NC-3.0-MADORAN"	"canonical"	"source_exact"	"not_started"
"madoran-s6-sentno-0540"	"S6"	"MADOran_Sentences.tsv#Sentno=540"	"540"	"اه حي راه مع واحد نحايسي بروتيني طالع غير بلميغاماس قولها كيما هاكا مشقاقش تقلي على شيرا"	"17"	"MADOran_Sentences.tsv"	"CC-BY-NC-3.0-MADORAN"	"canonical"	"source_exact"	"not_started"
"madoran-s6-sentno-0541"	"S6"	"MADOran_Sentences.tsv#Sentno=541"	"541"	"داخلها عليها غير عمري اليكي برا كيداير أليكي ميسكل عمري و مين يجو يتبلاوكم تشوف غير لافيتس و جبيد هه ."	"21"	"MADOran_Sentences.tsv"	"CC-BY-NC-3.0-MADORAN"	"canonical"	"source_exact"	"not_started"
"madoran-s6-sentno-0542"	"S6"	"MADOran_Sentences.tsv#Sentno=542"	"542"	"شارم تع بحر جاي وحده بعدا حنا عندنا شيرات حنا شيرات مين نروحو للبحر جنيغالمون غادي نروحو مع دارنا و والدينا و قاع"	"23"	"MADOran_Sentences.tsv"	"CC-BY-NC-3.0-MADORAN"	"canonical"	"source_exact"	"not_started"
"madoran-s6-sentno-0543"	"S6"	"MADOran_Sentences.tsv#Sentno=543"	"543"	"أيا تبغي تبدلي قشك باش تدخلي للبحر ممعانش داك مايو و 2 بياس حنا عندنا حرمة ختي نلبسو 33 بياس زيد فولارا زيد لوي روحك في سربيتا و تجي زادم ."	"31"	"MADOran_Sentences.tsv"	"CC-BY-NC-3.0-MADORAN"	"canonical"	"source_exact"	"not_started"
"madoran-s6-sentno-0544"	"S6"	"MADOran_Sentences.tsv#Sentno=544"	"544"	"معلي تجي داخلا غادي ديريلهم غير هاك تحسب كاترينا كيف بداك شعر أيا بوك يا هو راه يقسم فدلاع يا هو يولي غير يشوف فيك"	"25"	"MADOran_Sentences.tsv"	"CC-BY-NC-3.0-MADORAN"	"canonical"	"source_exact"	"not_started"
"madoran-s6-sentno-0545"	"S6"	"MADOran_Sentences.tsv#Sentno=545"	"545"	"خوك ملهيه يلعب بولا دايرك نتي بارا تي بوج تي موت براس ما تموت ."	"15"	"MADOran_Sentences.tsv"	"CC-BY-NC-3.0-MADORAN"	"canonical"	"source_exact"	"not_started"
"madoran-s6-sentno-0546"	"S6"	"MADOran_Sentences.tsv#Sentno=546"	"546"	"حوجيانا عومة و تلفتوهالي بنعمي ها خلوني نعوم قاع كيما هاكا ميكرهش قرش جزايري يخرجلك يقرسك ملكرع يقولك اوي عمري نعلمك تعومي نعلمك ?"	"24"	"MADOran_Sentences.tsv"	"CC-BY-NC-3.0-MADORAN"	"canonical"	"source_exact"	"not_started"
"madoran-s6-sentno-0547"	"S6"	"MADOran_Sentences.tsv#Sentno=547"	"547"	"راك منيتك خويا ها روح عله تعلمني نعوم حمبوك نتا متناجور نتا موجة راه كبيرة عليك اني خايفة عليك ديجا بويا راه غير يشوف فيك غير روح ."	"28"	"MADOran_Sentences.tsv"	"CC-BY-NC-3.0-MADORAN"	"canonical"	"source_exact"	"not_started"
"madoran-s6-sentno-0548"	"S6"	"MADOran_Sentences.tsv#Sentno=548"	"548"	"أيا بوك مين يشوفك كيمنهاك يقعد يصفر خوك يقلع تريكو و يجي داخل نتي قاع تبانيكي تلعبيها خترتي و صايي"	"20"	"MADOran_Sentences.tsv"	"CC-BY-NC-3.0-MADORAN"	"canonical"	"source_exact"	"not_started"
"madoran-s6-sentno-0549"	"S6"	"MADOran_Sentences.tsv#Sentno=549"	"549"	"قاع بكينا مع سندريلا واك مين كنا صغار بكينا دموع وخناين كانت شافتنا كانت كي حالتنا كنا نشبهولها و شا شانها سندريون حنا تاني نشبهولها شاولا كنا نشبهولها غير فلفروطوار و جفافة حنا قاع ملحقناش ديك ليتاب يجي يخطبك امير و يلقى فردة تع صباط"	"45"	"MADOran_Sentences.tsv"	"CC-BY-NC-3.0-MADORAN"	"canonical"	"source_exact"	"not_started"
"madoran-s6-sentno-0550"	"S6"	"MADOran_Sentences.tsv#Sentno=550"	"550"	"اي شيرات راكي تقارعي زعما ولد بلادك شاشراتاعنا يلقو صباطك لا غير قلعيها من راسك ختي يا شاشر اتعنا راحو للبحر يلقوه ناشف"	"23"	"MADOran_Sentences.tsv"	"CC-BY-NC-3.0-MADORAN"	"canonical"	"source_exact"	"not_started"
"madoran-s6-sentno-0551"	"S6"	"MADOran_Sentences.tsv#Sentno=551"	"551"	"اي انا نقولك ختي متقارعيش ليزيزتوار و تاريخ تاريخ كتبيه وحدك يا دروك غادي نولو نقايسو شاشرا غادي ندوروهالكم عقلية شيرات قضبي تالون كيما هاكا جاي كومبونسي دخليه فساك و خرجي لي تلقيه ارتيست قايسيه قايسيه نورمال ختي ربي ميسالك غير خير"	"42"	"MADOran_Sentences.tsv"	"CC-BY-NC-3.0-MADORAN"	"canonical"	"source_exact"	"not_started"
"madoran-s6-sentno-0552"	"S6"	"MADOran_Sentences.tsv#Sentno=552"	"552"	"شوالا زعما كتبي ليكوردوني من تحت نيميرو و قاع و شريه جديد ختي حمبوك مخصناش نرهجوه رانا باغيين غير نصيدوه شاشرا زعما ادا كنت تتمشى و لقيت روحم جات فيك غير فهم روحك ."	"34"	"MADOran_Sentences.tsv"	"CC-BY-NC-3.0-MADORAN"	"canonical"	"source_exact"	"not_started"
"madoran-s6-sentno-0553"	"S6"	"MADOran_Sentences.tsv#Sentno=553"	"553"	"سلام و عليكم كيراكم لاباس غايا حمد لله هادي حاجا باينة كي بديت نهدر بديتو تقولو هادي مالها شاراها تهدر شا هادي لغة لي راها تهدر بيها انايا ."	"29"	"MADOran_Sentences.tsv"	"CC-BY-NC-3.0-MADORAN"	"canonical"	"source_exact"	"not_started"
"madoran-s6-sentno-0554"	"S6"	"MADOran_Sentences.tsv#Sentno=554"	"554"	"ليوم غادي نديلكم ارجيرين تاغ و بزاف منكم قتولي هدري بجزايرية"	"11"	"MADOran_Sentences.tsv"	"CC-BY-NC-3.0-MADORAN"	"canonical"	"source_exact"	"not_started"
"madoran-s6-sentno-0555"	"S6"	"MADOran_Sentences.tsv#Sentno=555"	"555"	"تسما غادي نهدرلكم بجزايرية شويا بزاف غريبة عليا باسكو مشي مداري نهدر بجزايرية فدار اوفا مشي بزاف و صافي عامين مروحتش لجزاير تسما راحتلي شويا"	"25"	"MADOran_Sentences.tsv"	"CC-BY-NC-3.0-MADORAN"	"canonical"	"source_exact"	"not_started"
"madoran-s6-sentno-0556"	"S6"	"MADOran_Sentences.tsv#Sentno=556"	"556"	"راها شويا تقيلة عليا تسما الا شغل زلجت فكلمة فوالا ."	"11"	"MADOran_Sentences.tsv"	"CC-BY-NC-3.0-MADORAN"	"canonical"	"source_exact"	"not_started"
"madoran-s6-sentno-0557"	"S6"	"MADOran_Sentences.tsv#Sentno=557"	"557"	"عندي صوالح نقولهم لكم قبل ما نبدو هاد فيديو . لاولا هي كل يلاد عندها لغة تاعها و كل مدينة في كل بلاد عندها لغة و لا لهجة تاعها"	"29"	"MADOran_Sentences.tsv"	"CC-BY-NC-3.0-MADORAN"	"canonical"	"source_exact"	"not_started"
"madoran-s6-sentno-0558"	"S6"	"MADOran_Sentences.tsv#Sentno=558"	"558"	"نتوما عرب و متفهمونيش سي نورمال باسكو مشي جايين من وهران"	"11"	"MADOran_Sentences.tsv"	"CC-BY-NC-3.0-MADORAN"	"canonical"	"source_exact"	"not_started"
"madoran-s6-sentno-0559"	"S6"	"MADOran_Sentences.tsv#Sentno=559"	"559"	"دايوغ نبريزونتي وهران نبغيكم ناس وهران و تاني حنايا في جزاير نهدرو بزاف"	"13"	"MADOran_Sentences.tsv"	"CC-BY-NC-3.0-MADORAN"	"canonical"	"source_exact"	"not_started"
"madoran-s6-sentno-0560"	"S6"	"MADOran_Sentences.tsv#Sentno=560"	"560"	"نخلطو شويا بزاف فرونسي و عربيا كلشي نورمال عندنا كلش نورمال مهم سي بارتي ."	"15"	"MADOran_Sentences.tsv"	"CC-BY-NC-3.0-MADORAN"	"canonical"	"source_exact"	"not_started"
"madoran-s6-sentno-0561"	"S6"	"MADOran_Sentences.tsv#Sentno=561"	"561"	"سؤال لوال هو يكون ز شا هي احسن غنية جزايرية تعجبك ?"	"12"	"MADOran_Sentences.tsv"	"CC-BY-NC-3.0-MADORAN"	"canonical"	"source_exact"	"not_started"
"madoran-s6-sentno-0562"	"S6"	"MADOran_Sentences.tsv#Sentno=562"	"562"	"كيما قتلكم انا جاية منوهران و هادي حاجة باينة بلي في وهران نسمعو راي . . غضبتك بزاف اني زعفان ابار نتي منديرش لمان جرحتي قلبي كل يوم نبكي نبغيك بزاف مشي غرضي سمحيلي عمري ."	"36"	"MADOran_Sentences.tsv"	"CC-BY-NC-3.0-MADORAN"	"canonical"	"source_exact"	"not_started"
"madoran-s6-sentno-0563"	"S6"	"MADOran_Sentences.tsv#Sentno=563"	"563"	"سؤال زاوج هو يكون شا هي احسن ماكلة جزايرية تعجبك ?"	"11"	"MADOran_Sentences.tsv"	"CC-BY-NC-3.0-MADORAN"	"canonical"	"source_exact"	"not_started"
"madoran-s6-sentno-0564"	"S6"	"MADOran_Sentences.tsv#Sentno=564"	"564"	"عندي ليستا طويلا بزاف لولا شوربة و حريرة هادي حاجا باينة و مراقي منبغيش قاع مراقي تاع زيتون نموت على تع زيتون طاجين تع جلبان منبغيش بزاف تع حمص تاني طعام حاجا باينة بلمرقة و لا غير سفة و هدا مكان ."	"42"	"MADOran_Sentences.tsv"	"CC-BY-NC-3.0-MADORAN"	"canonical"	"source_exact"	"not_started"
"madoran-s6-sentno-0565"	"S6"	"MADOran_Sentences.tsv#Sentno=565"	"565"	"سؤال تالت اسكو تعرفي طيبي ?"	"6"	"MADOran_Sentences.tsv"	"CC-BY-NC-3.0-MADORAN"	"canonical"	"source_exact"	"not_started"
"madoran-s6-sentno-0566"	"S6"	"MADOran_Sentences.tsv#Sentno=566"	"566"	"نعرف نطيب قاع مراقي منعرفش نطيب غايا طعام اونفيت سييت نطيبه خطرة سيتي بون بزاف قاع ناس لي ندوقها حريرة تاعي ولا شوربة تاعي تموت عليها تسما نجم نقول بلي نعرف نطيب حريرة و شوربة وقيلا باغيين يزوجوني خصني غير عريس منهدروش على هادا موضوع"	"45"	"MADOran_Sentences.tsv"	"CC-BY-NC-3.0-MADORAN"	"canonical"	"source_exact"	"not_started"
"madoran-s6-sentno-0567"	"S6"	"MADOran_Sentences.tsv#Sentno=567"	"567"	"سؤال رابع احسن حلو جزايري يعجبك ?"	"7"	"MADOran_Sentences.tsv"	"CC-BY-NC-3.0-MADORAN"	"canonical"	"source_exact"	"not_started"
"madoran-s6-sentno-0568"	"S6"	"MADOran_Sentences.tsv#Sentno=568"	"568"	"تشارك بقلاوة كنت نموت على بقلاوة كي كنت صغيرة بصح دروك لا تبانلي حلوة يزاف و غليضة بزاف و طويلة باش نديروها تسما اخ نو . اه قريوش مجهد ."	"30"	"MADOran_Sentences.tsv"	"CC-BY-NC-3.0-MADORAN"	"canonical"	"source_exact"	"not_started"
"madoran-s6-sentno-0569"	"S6"	"MADOran_Sentences.tsv#Sentno=569"	"569"	"سؤال خامس شا هو حلو لي درتيه ?"	"8"	"MADOran_Sentences.tsv"	"CC-BY-NC-3.0-MADORAN"	"canonical"	"source_exact"	"not_started"
"madoran-s6-sentno-0570"	"S6"	"MADOran_Sentences.tsv#Sentno=570"	"570"	"اونفت نعرف ندير غير صامصا حيا صاهلة قاع فعالم هي صامصا لخطارش جامي لسييت ندير حلوة تع جزاير نعرف ندير تع مريكان نعرف ندير تاع قور لي فرونسي مي منعرفش ندير تع عرب ."	"34"	"MADOran_Sentences.tsv"	"CC-BY-NC-3.0-MADORAN"	"canonical"	"source_exact"	"not_started"
"madoran-s6-sentno-0571"	"S6"	"MADOran_Sentences.tsv#Sentno=571"	"571"	"تعرفي تزغرتي ?"	"3"	"MADOran_Sentences.tsv"	"CC-BY-NC-3.0-MADORAN"	"canonical"	"source_exact"	"not_started"
"madoran-s6-sentno-0572"	"S6"	"MADOran_Sentences.tsv#Sentno=572"	"572"	"اه لا . اونفات مانيش عارفة جامي سييتها كي غادي نفهمكوم انا حشامة حشامة بلبزاف بصح ماغديش نسي قدامكم غير مكاله متسيوش مام با لا هه ما غديش نسيي قدامكم ."	"31"	"MADOran_Sentences.tsv"	"CC-BY-NC-3.0-MADORAN"	"canonical"	"source_exact"	"not_started"
"madoran-s6-sentno-0573"	"S6"	"MADOran_Sentences.tsv#Sentno=573"	"573"	"فعرس تلبسي غوب دو سواغي و لا دجين ?"	"9"	"MADOran_Sentences.tsv"	"CC-BY-NC-3.0-MADORAN"	"canonical"	"source_exact"	"not_started"
"madoran-s6-sentno-0574"	"S6"	"MADOran_Sentences.tsv#Sentno=574"	"574"	"لا جيست عرس تاع ناس لي منعرفهومش شتي عرس تاع لافامي تاع لافامي نلبس غي لباس واحد تع عرب نموت نبغي نلبس لباسات تع عرب منبغيش نلبس هاكا سفيليسي احم انا اميقرية بصح بصح عرس تاع فاميلتي ندير حالا ."	"40"	"MADOran_Sentences.tsv"	"CC-BY-NC-3.0-MADORAN"	"canonical"	"source_exact"	"not_started"
"madoran-s6-sentno-0575"	"S6"	"MADOran_Sentences.tsv#Sentno=575"	"575"	"لا نتوما قور و متعرفوش لي تخاديسيون تع عرب مداري لعروس تبدل خمسة سبعة حتى لتسعة تع خطرات تسعة بزاف ."	"21"	"MADOran_Sentences.tsv"	"CC-BY-NC-3.0-MADORAN"	"canonical"	"source_exact"	"not_started"
"madoran-s6-sentno-0576"	"S6"	"MADOran_Sentences.tsv#Sentno=576"	"576"	"نبدل هكا تلت خطرات فلعرس باسكو كاين سيستام قارعي نقولك فلكورتاج سيرتو نتيا لافامي تاع لافامي تاع لعروسة و لا تع عريس"	"22"	"MADOran_Sentences.tsv"	"CC-BY-NC-3.0-MADORAN"	"canonical"	"source_exact"	"not_started"
"madoran-s6-sentno-0577"	"S6"	"MADOran_Sentences.tsv#Sentno=577"	"577"	"مهم خص نشوفو بلي نتيا لافمي تاع عريس و لا تع عروسة تبريسونتي لافمي تاعك تسما نبغي نلبس حيا في مور دهب سمق حيا تبان و حيا شاية تع عرب تروبريزونتينا"	"31"	"MADOran_Sentences.tsv"	"CC-BY-NC-3.0-MADORAN"	"canonical"	"source_exact"	"not_started"
"madoran-s6-sentno-0578"	"S6"	"MADOran_Sentences.tsv#Sentno=578"	"578"	"من بعد كي نكملو كورتاج كي نكملو عشا نبغي نلبس حيا تع قور غادي نقولو غوب دي سواري"	"18"	"MADOran_Sentences.tsv"	"CC-BY-NC-3.0-MADORAN"	"canonical"	"source_exact"	"not_started"
"madoran-s6-sentno-0579"	"S6"	"MADOran_Sentences.tsv#Sentno=579"	"579"	"فريمو حاجا شابة حاية فريمو تكون مترتقة نكون فيها شويا اليز باسكو هما لي يبدا رقيص و نا يبدا أي و ديدجي و يكون ماكياج تاعك اوكوغ شباب اوكوغ راكي برسونتبل راكي غاية راكي شابة"	"35"	"MADOran_Sentences.tsv"	"CC-BY-NC-3.0-MADORAN"	"canonical"	"source_exact"	"not_started"
"madoran-s6-sentno-0580"	"S6"	"MADOran_Sentences.tsv#Sentno=580"	"580"	"و من بعد كي زعما تقرب لافان تع عرس كي تكوني تسيلي بعرق عطشانة مهم كي تكوني فريمون فريمون عيانة نلبس حيا سامبل منديرش دجين كي تكوني تسيلي بعرق ميدخولكش ."	"31"	"MADOran_Sentences.tsv"	"CC-BY-NC-3.0-MADORAN"	"canonical"	"source_exact"	"not_started"
"madoran-s6-sentno-0581"	"S6"	"MADOran_Sentences.tsv#Sentno=581"	"581"	"متل شعبي دايمن تتمشي بيه ?"	"6"	"MADOran_Sentences.tsv"	"CC-BY-NC-3.0-MADORAN"	"canonical"	"source_exact"	"not_started"
"madoran-s6-sentno-0582"	"S6"	"MADOran_Sentences.tsv#Sentno=582"	"582"	"الوغ غادي نقولك حيا منعرفش بزاف متل اه مانيش عارفة كي يقولو هاد كلمة بصح هاد صبحية كي بغيت نفيلمي هاد فيديو طحت في هدا كي قريتاه قلت هادي حياتي كيما هكا ."	"33"	"MADOran_Sentences.tsv"	"CC-BY-NC-3.0-MADORAN"	"canonical"	"source_exact"	"not_started"
"madoran-s6-sentno-0583"	"S6"	"MADOran_Sentences.tsv#Sentno=583"	"583"	"هو ليام ناقصة من عمري و انا نعد فيها . ليام معنتها خص نحبسو نخمو فمستقبل ف لافونيغ لي راها لي غادي تجي لينا خصنا نعيشو حياتنا من دروك"	"29"	"MADOran_Sentences.tsv"	"CC-BY-NC-3.0-MADORAN"	"canonical"	"source_exact"	"not_started"
"madoran-s6-sentno-0584"	"S6"	"MADOran_Sentences.tsv#Sentno=584"	"584"	"حياتنا تنجم تحبس فكل وقت تسما خصنا نبروفيتو من دروك من حياتنا و نعيشوها سون بور سون و مشي نقعدو غير راقدين و مدمرين و نتفرجوا فتليفيزيون لا خص نعيشو حياتنا ."	"32"	"MADOran_Sentences.tsv"	"CC-BY-NC-3.0-MADORAN"	"canonical"	"source_exact"	"not_started"
"madoran-s6-sentno-0585"	"S6"	"MADOran_Sentences.tsv#Sentno=585"	"585"	"كاستيون تالية حاجا مشي كاينة فجزاير مدابيك تكون موجودة ?"	"10"	"MADOran_Sentences.tsv"	"CC-BY-NC-3.0-MADORAN"	"canonical"	"source_exact"	"not_started"
"madoran-s6-sentno-0586"	"S6"	"MADOran_Sentences.tsv#Sentno=586"	"586"	"ألوغ ليا غادي نهدر غير على وهران في هاد مدينة كاين بزاف صوالح نديروهم لولا نظام نظام فجزاير سيرتو فوهران مكانش راني حاسبة بلي وهارنة ميعرفوش شوالا نظام ."	"29"	"MADOran_Sentences.tsv"	"CC-BY-NC-3.0-MADORAN"	"canonical"	"source_exact"	"not_started"
"madoran-s6-sentno-0587"	"S6"	"MADOran_Sentences.tsv#Sentno=587"	"587"	"زنق مسخين ابري مشي جانقل بصح مسخين كومام اون فات غادي نقولك غادي نفهمكم حيا ادا نتوما مشي جايين من وهران حنا وهارنة معروفين بليناغ توعنا شيرات و شاشرا يهدروا بزور يبغوا يدابزوا يبغو يتعافرو و يبغو يدافعو على بعضهم بعض ."	"42"	"MADOran_Sentences.tsv"	"CC-BY-NC-3.0-MADORAN"	"canonical"	"source_exact"	"not_started"
"madoran-s6-sentno-0588"	"S6"	"MADOran_Sentences.tsv#Sentno=588"	"588"	"حنا مشي غير شيكي شيكي حنايا نبغو دبزا بصح حيا لي نموت عليها بصح مانيش باغيتها تتبدل فجزاير هي وهرانيات . قارعي نقولك وهرانيات كي تتمشى و كي تهدر ."	"30"	"MADOran_Sentences.tsv"	"CC-BY-NC-3.0-MADORAN"	"canonical"	"source_exact"	"not_started"
"madoran-s6-sentno-0589"	"S6"	"MADOran_Sentences.tsv#Sentno=589"	"589"	"وهرانية صحيحة ديجا لابستلك . كاين لي مود تع جلاليب جلابة كحلة جلابة غوز جلابة صفرا مهم دايرتلك عصابة عاقدتها و دايرتها بابيون و رافدتلك تزدام قارعو خاصني تزادم خليني نشوف و عاقدة جلابة كيما هكا شادتها"	"37"	"MADOran_Sentences.tsv"	"CC-BY-NC-3.0-MADORAN"	"canonical"	"source_exact"	"not_started"
"madoran-s6-sentno-0590"	"S6"	"MADOran_Sentences.tsv#Sentno=590"	"590"	"وهرانية جايا شويا معمرة شوية عندها منا و منا مهم معمرة تتمشى كيما هكا بصح ادا طحتي في وهرانية منارفية نهارك راح حياتك ضاعت ."	"25"	"MADOran_Sentences.tsv"	"CC-BY-NC-3.0-MADORAN"	"canonical"	"source_exact"	"not_started"
"madoran-s6-sentno-0591"	"S6"	"MADOran_Sentences.tsv#Sentno=591"	"591"	"خليني نفهمك علاه باسكو نتي تكوني هكا لابسا سفيليزي نورمال و واقفة ومعلبلكش بحياة و تشوفيها فايت عينك"	"18"	"MADOran_Sentences.tsv"	"CC-BY-NC-3.0-MADORAN"	"canonical"	"source_exact"	"not_started"
"madoran-s6-sentno-0592"	"S6"	"MADOran_Sentences.tsv#Sentno=592"	"592"	"ك طيح في عينها تشوفيها تفوت قدامك نورمال هنا في فرنسا تشوفي فواحد معلبلهش يفوت و نتي تفوتي منا تواحد ما يشوف فواحد"	"23"	"MADOran_Sentences.tsv"	"CC-BY-NC-3.0-MADORAN"	"canonical"	"source_exact"	"not_started"
"madoran-s6-sentno-0593"	"S6"	"MADOran_Sentences.tsv#Sentno=593"	"593"	"مهم تشوفك راكي تشوفي فيها بصح ماكيش تشوفي فيها وعما بعين مشي شابة و لا متديهاش ت"	"17"	"MADOran_Sentences.tsv"	"CC-BY-NC-3.0-MADORAN"	"canonical"	"source_exact"	"not_started"
"madoran-s6-sentno-0594"	"S6"	"MADOran_Sentences.tsv#Sentno=594"	"594"	"حبس تشدلك داك تزدام تحطلك دراعها كيمانهاك لتاي زعما و تقولك . . خصني ندير هاد وجه مالكي ختي قارعي قارعي خصني نديرها غايا"	"24"	"MADOran_Sentences.tsv"	"CC-BY-NC-3.0-MADORAN"	"canonical"	"source_exact"	"not_started"
"madoran-s6-sentno-0595"	"S6"	"MADOran_Sentences.tsv#Sentno=595"	"595"	"صاي تقول هاك مالكي ختي كي بنتلك معجبتكش مالكي و الله ماني نكدب عليكم بصح مام ناس اقريسيف و يعرفو غير يضربو و يعايرو بعضهم بعض و يدابزو كل يوم وهران تقعد حياتي"	"33"	"MADOran_Sentences.tsv"	"CC-BY-NC-3.0-MADORAN"	"canonical"	"source_exact"	"not_started"
"madoran-s6-sentno-0596"	"S6"	"MADOran_Sentences.tsv#Sentno=596"	"596"	"و وهران تقعد بلادي و تقعد مدينتي و ولاية تاعي نموت عليها كاين نسمة علامة فوهران"	"16"	"MADOran_Sentences.tsv"	"CC-BY-NC-3.0-MADORAN"	"canonical"	"source_exact"	"not_started"
"madoran-s6-sentno-0597"	"S6"	"MADOran_Sentences.tsv#Sentno=597"	"597"	"لنتيا جزايرية و راكي باغية ديري هاد لو تاق ديره هنايا فلي كومنتار و ديري فيديو فيوتيب و رسلهالي في انتسغرام و لا تويتر و لا فايس بوك"	"28"	"MADOran_Sentences.tsv"	"CC-BY-NC-3.0-MADORAN"	"canonical"	"source_exact"	"not_started"
"madoran-s6-sentno-0598"	"S6"	"MADOran_Sentences.tsv#Sentno=598"	"598"	"فولا هادي خطرة لولا تاعي جاسبيغ عجبتكم و الا عجبتكم و باغيين نكتر فيديو بالعربية قولولي تاني فكمونتار و هادي هيا كمل فيديو تري بزار رديت ما فوا اون فرونسي ميرسي ."	"32"	"MADOran_Sentences.tsv"	"CC-BY-NC-3.0-MADORAN"	"canonical"	"source_exact"	"not_started"
"madoran-s6-sentno-0599"	"S6"	"MADOran_Sentences.tsv#Sentno=599"	"599"	"ولي لعقلك يا نعيمة سو سطارة ماشي ميلانو . ماشي ميلانو نتي من بكري معندك قيمة ولادك حركى فالقصبة بانو . ."	"22"	"MADOran_Sentences.tsv"	"CC-BY-NC-3.0-MADORAN"	"canonical"	"source_exact"	"not_started"
"madoran-s6-sentno-0600"	"S6"	"MADOran_Sentences.tsv#Sentno=600"	"600"	"سقسي علينا فكوليج ما نشرو ما نبيعو يامت فريحة ديتي خمسة بنات بهجة وين كانو و مع حداد باينة ليستوار ألي روتور كلشي مخروج سمعي عمري ديفولي فنهار ديري رايك جا عليك بوديوم ."	"34"	"MADOran_Sentences.tsv"	"CC-BY-NC-3.0-MADORAN"	"canonical"	"source_exact"	"not_started"
"madoran-s6-sentno-0601"	"S6"	"MADOran_Sentences.tsv#Sentno=601"	"601"	"وهران دولة مستقلة خاطينا و خاطيكم هاربين عليكم و لي يخرب فينا يخلا رجال من بكري شواكركم خارجين فيكم . وهران قعدة فيها تحلى حنا كابيطال حلبناكم . . قريناكم قولي وين كنت وقت غفلة فوتناها و راها ليكم . . الله يهديكم ."	"44"	"MADOran_Sentences.tsv"	"CC-BY-NC-3.0-MADORAN"	"canonical"	"source_exact"	"not_started"
"madoran-s6-sentno-0602"	"S6"	"MADOran_Sentences.tsv#Sentno=602"	"602"	"وهران حضارة و تاريخها كبير جابت زوعاما فالبال توجور هاديك بلادي و عليها نغير هي ما ففيارتي عليها نكتب سطور ."	"21"	"MADOran_Sentences.tsv"	"CC-BY-NC-3.0-MADORAN"	"canonical"	"source_exact"	"not_started"
"madoran-s6-sentno-0603"	"S6"	"MADOran_Sentences.tsv#Sentno=603"	"603"	"إدارة مزطولة لا علاقة بالبولا معاكم رانا قطعنا لياس . ديرو مزيا و خطونا بغينا نجيبو شومبيونا . يزها حمري و نولو لباس . مولدية نبغوها واقفين جامي نخلوها . هدرة قليلة و لحديت قياس . و مسيرة نديروها كي بكري حنا نرودوها و لي خدعنا يلقى لخلاص ."	"49"	"MADOran_Sentences.tsv"	"CC-BY-NC-3.0-MADORAN"	"canonical"	"source_exact"	"not_started"
"madoran-s6-sentno-0604"	"S6"	"MADOran_Sentences.tsv#Sentno=604"	"604"	"روحي يا وهران بسلاما بسلاما قلب لي كان يبغيك انا نكويه ."	"12"	"MADOran_Sentences.tsv"	"CC-BY-NC-3.0-MADORAN"	"canonical"	"source_exact"	"not_started"
"madoran-s6-sentno-0605"	"S6"	"MADOran_Sentences.tsv#Sentno=605"	"605"	"دعوة لجدود انا راهي مبلية جميع اللي يتعدى انا راها تديه"	"11"	"MADOran_Sentences.tsv"	"CC-BY-NC-3.0-MADORAN"	"canonical"	"source_exact"	"not_started"
"madoran-s6-sentno-0606"	"S6"	"MADOran_Sentences.tsv#Sentno=606"	"606"	"ايه روحي يا وهران روحي بالسلامه بالسلامه بالسلامه القلب اللي كان يبغيك انا نكويه دعوتي للجدود انا راهي مبليه"	"19"	"MADOran_Sentences.tsv"	"CC-BY-NC-3.0-MADORAN"	"canonical"	"source_exact"	"not_started"
"madoran-s6-sentno-0607"	"S6"	"MADOran_Sentences.tsv#Sentno=607"	"607"	"جميع اللي يتعدى انا راها تديه"	"6"	"MADOran_Sentences.tsv"	"CC-BY-NC-3.0-MADORAN"	"canonical"	"source_exact"	"not_started"
"madoran-s6-sentno-0608"	"S6"	"MADOran_Sentences.tsv#Sentno=608"	"608"	"اييه في بلاد وهران كثروا الهزيه . . الهزيه . . الهزيه هالآخر منا واحد من لهيه يظلوا يطاوعوا يانا في البوليسيا و اذا طاح الليل انا نخاف عليه"	"29"	"MADOran_Sentences.tsv"	"CC-BY-NC-3.0-MADORAN"	"canonical"	"source_exact"	"not_started"
"madoran-s6-sentno-0609"	"S6"	"MADOran_Sentences.tsv#Sentno=609"	"609"	"يا ا . . . هاهاي . . . آهاي . . . يا اها آه"	"14"	"MADOran_Sentences.tsv"	"CC-BY-NC-3.0-MADORAN"	"canonical"	"source_exact"	"not_started"
"madoran-s6-sentno-0610"	"S6"	"MADOran_Sentences.tsv#Sentno=610"	"610"	"حتى الحمري ولا شيكاغو ايه الليل مع النهار الرصاص يعايط فيه يظلوا يطاوعوا في الكافيا و اذا طاح الليل انا نخاف عليه اييه حتى الكمين و لا شيكاغو ايه الليل مع النهار الرصاص يعايط فيه يظلوا يطاوعوا يانا في البوليسيا و اذا طاح الليل انا نخاف عليه"	"47"	"MADOran_Sentences.tsv"	"CC-BY-NC-3.0-MADORAN"	"canonical"	"source_exact"	"not_started"
"madoran-s6-sentno-0611"	"S6"	"MADOran_Sentences.tsv#Sentno=611"	"611"	"آه ها ها ها ها هاهاآ . . . آها . . . يا ا ليل . . . يا ا . . . يا ا . . . يا ا . يا ا ليل"	"30"	"MADOran_Sentences.tsv"	"CC-BY-NC-3.0-MADORAN"	"canonical"	"source_exact"	"not_started"
"madoran-s6-sentno-0612"	"S6"	"MADOran_Sentences.tsv#Sentno=612"	"612"	"شحال نحبك انتي يا بنيا ايه الجيبا و الصاك تتزعبل بيه . ذراعها جولي كيف البوبيا . و اذا طاح الليل انا نخاف عليه ايه شحال نحبك انتي يا بنيه يا بنيه يا بنيه الجيبه و الصاك تتزعبل بيه ذراعها جولي كيف البوبيه و اذا طاح الليل انا نخاف عليه"	"50"	"MADOran_Sentences.tsv"	"CC-BY-NC-3.0-MADORAN"	"canonical"	"source_exact"	"not_started"
"madoran-s6-sentno-0613"	"S6"	"MADOran_Sentences.tsv#Sentno=613"	"613"	"يايايايا هيهيهيهي يا لييليلي"	"4"	"MADOran_Sentences.tsv"	"CC-BY-NC-3.0-MADORAN"	"canonical"	"source_exact"	"not_started"
"madoran-s6-sentno-0614"	"S6"	"MADOran_Sentences.tsv#Sentno=614"	"614"	"آها . . . هاها . . . هاها"	"9"	"MADOran_Sentences.tsv"	"CC-BY-NC-3.0-MADORAN"	"canonical"	"source_exact"	"not_started"
"madoran-s6-sentno-0615"	"S6"	"MADOran_Sentences.tsv#Sentno=615"	"615"	"آهه . . . يا ا . . . يا ا . . . يا لييل"	"14"	"MADOran_Sentences.tsv"	"CC-BY-NC-3.0-MADORAN"	"canonical"	"source_exact"	"not_started"
"madoran-s6-sentno-0616"	"S6"	"MADOran_Sentences.tsv#Sentno=616"	"616"	"امان امان"	"2"	"MADOran_Sentences.tsv"	"CC-BY-NC-3.0-MADORAN"	"canonical"	"source_exact"	"not_started"
"madoran-s6-sentno-0617"	"S6"	"MADOran_Sentences.tsv#Sentno=617"	"617"	"أرواح نديرو دورة لوهران الباهية وردة و رموزها وهران يا بلاد همة و قمنة يا سعد لزارها و قصدها ليجان . يا خاطر يرتاح فيها يتهنا تمتع و شوف و نتا في امان . مين تبغي تدخل مرحبا يا خونا . وهران لقديمة فيها ربع بيبان . يا بلاد شهيد احمد زبانة ."	"53"	"MADOran_Sentences.tsv"	"CC-BY-NC-3.0-MADORAN"	"canonical"	"source_exact"	"not_started"
"madoran-s6-sentno-0618"	"S6"	"MADOran_Sentences.tsv#Sentno=618"	"618"	"عربي بن مهيدي لي قهر عدوان مننسوش لي رفدو رايتنا اخوان نياطي و تاني بن سليمان شهادى لحرار جابو حريتنا و بصمة تاريخ خلوها برهان ."	"26"	"MADOran_Sentences.tsv"	"CC-BY-NC-3.0-MADORAN"	"canonical"	"source_exact"	"not_started"
"madoran-s6-sentno-0619"	"S6"	"MADOran_Sentences.tsv#Sentno=619"	"619"	"ربي يرحمهم و مثواهم فالجنة انشاء الله يدخلو من باب ريان فيها شعال من شيوخ كلامهم ونسنا و تربى فيها شاعر ولهان شعال منهم من قصبة نغمتنا و قلال يقول حقه باوزان إبراهيم حمادة بونا خلى قصاى ءد كتبوها من زمان ."	"41"	"MADOran_Sentences.tsv"	"CC-BY-NC-3.0-MADORAN"	"canonical"	"source_exact"	"not_started"
"madoran-s6-sentno-0620"	"S6"	"MADOran_Sentences.tsv#Sentno=620"	"620"	"وهبي و بلاوي و شيوختنا احمد صابر تاني و بن زرقة فنان . يا صحاب بارود بطبل و زرنة شعلو موسيقى طرب و الحان فرقة قرقابة لفراح و حنة يديرلهم زهوة للفال للعرسان و حنا درنا حزب واحد يجمعنا ."	"40"	"MADOran_Sentences.tsv"	"CC-BY-NC-3.0-MADORAN"	"canonical"	"source_exact"	"not_started"
"madoran-s6-sentno-0621"	"S6"	"MADOran_Sentences.tsv#Sentno=621"	"621"	"جمع مشياخ شابات و شبان وهراني و راي بيه تمتعنا و موسيقة وهران على كل لوان . رجال صلاح ربي يحفظنا و الله زيدهم فحسبان ."	"26"	"MADOran_Sentences.tsv"	"CC-BY-NC-3.0-MADORAN"	"canonical"	"source_exact"	"not_started"
"madoran-s6-sentno-0622"	"S6"	"MADOran_Sentences.tsv#Sentno=622"	"622"	"سيدي هواري فمقامو زرنا شيدو بيه ندخلو حفيان في سيدي حسني نديرو وعدتنا يا قعدة اهل ليل بزرقة تزيان ."	"20"	"MADOran_Sentences.tsv"	"CC-BY-NC-3.0-MADORAN"	"canonical"	"source_exact"	"not_started"
"madoran-s6-sentno-0623"	"S6"	"MADOran_Sentences.tsv#Sentno=623"	"623"	"مولاي عبدق عجبنا و طلعنا و شعال من قبة فيك يا وهران ."	"13"	"MADOran_Sentences.tsv"	"CC-BY-NC-3.0-MADORAN"	"canonical"	"source_exact"	"not_started"
"madoran-s6-sentno-0624"	"S6"	"MADOran_Sentences.tsv#Sentno=624"	"624"	"نقولو لزوار و بيهم رحبنا ناس جزاير و جميع اوطان و الي ضيفناه يسعد بينا نكرمو بضيف ببر و احسان و اللي جا حواس يجي يعقبنا زاير وهران راك فيها سلطان ."	"32"	"MADOran_Sentences.tsv"	"CC-BY-NC-3.0-MADORAN"	"canonical"	"source_exact"	"not_started"
"madoran-s6-sentno-0625"	"S6"	"MADOran_Sentences.tsv#Sentno=625"	"625"	"يا الكرمة و جدود هادي عادتنا و جميع ما قصدنا يولي فرحان الله يرحم قاع مشيخة شيخ احمد قروابي و شيخ فتحي يرحمهم ربي في ديك رقدة و ربي يخلينا شيخ بلاوي و ربي يطول في عمره ."	"38"	"MADOran_Sentences.tsv"	"CC-BY-NC-3.0-MADORAN"	"canonical"	"source_exact"	"not_started"
"madoran-s6-sentno-0626"	"S6"	"MADOran_Sentences.tsv#Sentno=626"	"626"	"نديرو راحة و كملت دورتنا عزمت نخليكم هنايا نخوان . هادي غير ساعة و معاكم لمتنا قول ماشي كلمات بحلاوة لسان ."	"22"	"MADOran_Sentences.tsv"	"CC-BY-NC-3.0-MADORAN"	"canonical"	"source_exact"	"not_started"
"madoran-s6-sentno-0627"	"S6"	"MADOran_Sentences.tsv#Sentno=627"	"627"	"روبورتاج صغير على وهران بلاد قصيدة فاجينا محاين يعطيهم خير الي سمعونا و ربي يلقينا انشاء الله في امان ."	"20"	"MADOran_Sentences.tsv"	"CC-BY-NC-3.0-MADORAN"	"canonical"	"source_exact"	"not_started"
"madoran-s6-sentno-0628"	"S6"	"MADOran_Sentences.tsv#Sentno=628"	"628"	"صحا غير بلواحد هاديك كي تحكمو مجرمين هكا و كلشي بغيت نسقسيك حمبوك عندي ولدي اني دافعله دوصيي تاع لبوليس زعما الا تنجمو تشوفو كي ديرو باه تعونوني ."	"29"	"MADOran_Sentences.tsv"	"CC-BY-NC-3.0-MADORAN"	"canonical"	"source_exact"	"not_started"
"madoran-s6-sentno-0629"	"S6"	"MADOran_Sentences.tsv#Sentno=629"	"629"	"واه هاديك من بعد نهدرو عليها بس دروك ليق نصفقو انا و صاحبي رباعي خطير . حتا خويا نتا مخصكش واحدة فدار ديرلك مساج و لا هاكا لا ختي ماريي بصح معليش ارواحي ."	"34"	"MADOran_Sentences.tsv"	"CC-BY-NC-3.0-MADORAN"	"canonical"	"source_exact"	"not_started"
"madoran-s6-sentno-0630"	"S6"	"MADOran_Sentences.tsv#Sentno=630"	"630"	"صاحبي خاصني جيلية الا كاين باغي نخدم باركينق الا كاين فيف لالجيري . قعد تتبهلل . صاحبي قتلك غير جيلية تحسب قتلك جيلي بال صحا صايي صايي . متقلوليش راها تسهر غادي نسكر و نجي نخسر شعال تسوى عندي هادي هادي ."	"42"	"MADOran_Sentences.tsv"	"CC-BY-NC-3.0-MADORAN"	"canonical"	"source_exact"	"not_started"
"madoran-s6-sentno-0631"	"S6"	"MADOran_Sentences.tsv#Sentno=631"	"631"	"مشتوهاش اني ننضر حسنو عوني قلبي تعمر نصرف عليها عادي نقص موسيقى صايي نقص شوية يا ليوم صواري فمرجاجو غادي يكون معانا شاب رضوان شابة دليلة وي حسني صغيرحكماته لادياغي معليش يجي لابروشان فوا . تبع اه بغل ."	"39"	"MADOran_Sentences.tsv"	"CC-BY-NC-3.0-MADORAN"	"canonical"	"source_exact"	"not_started"
"madoran-s6-sentno-0632"	"S6"	"MADOran_Sentences.tsv#Sentno=632"	"632"	"مالك ? كاين واحد شونتور رانا جايبيناهلكم سيربريزتع قصبة اه سكت و غادي يغني شرع بقصيدة شكون كريمو ?"	"19"	"MADOran_Sentences.tsv"	"CC-BY-NC-3.0-MADORAN"	"canonical"	"source_exact"	"not_started"
"madoran-s6-sentno-0633"	"S6"	"MADOran_Sentences.tsv#Sentno=633"	"633"	"ها بلع فمك اه سيدي أيا هدر معاهم نتا دروك نتا أيا ليسونسايل ليوم غادي نحتافلو مع خونا بحبز و في نفس وقت ليوم علمي لتبعبيز و شوربوة بشوارب دجاج مع كرعين تاع بزلوف عدس ب سلوكا و روز مقلي بدلاعمهم غادي نشرفوكم ."	"44"	"MADOran_Sentences.tsv"	"CC-BY-NC-3.0-MADORAN"	"canonical"	"source_exact"	"not_started"
"madoran-s6-sentno-0634"	"S6"	"MADOran_Sentences.tsv#Sentno=634"	"634"	"باغي نروح لتواليت معليش ? نتايا بلع فمك شعال من خطرة نقولك مين نكونو نهدرو على ماكلة متجبدش على تواليت مالك زايد في كابيني و لا شاه . تزيرت . صايي روح وجه عود أيا ابري شومبوا ."	"38"	"MADOran_Sentences.tsv"	"CC-BY-NC-3.0-MADORAN"	"canonical"	"source_exact"	"not_started"
"madoran-s6-sentno-0635"	"S6"	"MADOran_Sentences.tsv#Sentno=635"	"635"	"سلام عليكم شبيبة مرحبا بيكم معاكم لمين ايميليو نورمالمون عرفتو وين راني دروك واه انها مدينة وهران رانا حلقة 2 من مطعم رحمة لي دايرته جمعية خيرية يسموها ناس خير في ووهران مع محمد جمال طلحة أيا نروحو نتلاقو فمطعم ."	"41"	"MADOran_Sentences.tsv"	"CC-BY-NC-3.0-MADORAN"	"canonical"	"source_exact"	"not_started"
"madoran-s6-sentno-0636"	"S6"	"MADOran_Sentences.tsv#Sentno=636"	"636"	"راني لابس يا خويا رانا هنا في اعرق حي في وهران رانا في حمري و من مورايا كيما راكم تشوفو جمعية ناس خير تع وهران رانا واجدين باش نديرو ليزاشا كيما عادة جمال ليزوم كيما عادة واح موتي متقدش تاماجينيه حاجا فور ."	"43"	"MADOran_Sentences.tsv"	"CC-BY-NC-3.0-MADORAN"	"canonical"	"source_exact"	"not_started"
"madoran-s6-sentno-0637"	"S6"	"MADOran_Sentences.tsv#Sentno=637"	"637"	"راني مع حبيبي سفيان من ناس خير يفهمناعقلية و شراه يكون و شا نديرو تفضل سفيان مرحبا بيكم خويا فوهران الله يسلمك وهران تاعكم . الله ينورك ."	"28"	"MADOran_Sentences.tsv"	"CC-BY-NC-3.0-MADORAN"	"canonical"	"source_exact"	"not_started"
"madoran-s6-sentno-0638"	"S6"	"MADOran_Sentences.tsv#Sentno=638"	"638"	"تقعدو عندنا معندم وين تروحو انشاء الله خويا عبى حساب مينو لي شفناه غادي نريحو ه ."	"17"	"MADOran_Sentences.tsv"	"CC-BY-NC-3.0-MADORAN"	"canonical"	"source_exact"	"not_started"
"madoran-s6-sentno-0639"	"S6"	"MADOran_Sentences.tsv#Sentno=639"	"639"	"كنا فلوكال تاعنا وين ديجا رانا دايريين كوزينة و قاع تماك نطيبو دروك"	"13"	"MADOran_Sentences.tsv"	"CC-BY-NC-3.0-MADORAN"	"canonical"	"source_exact"	"not_started"
"madoran-s6-sentno-0640"	"S6"	"MADOran_Sentences.tsv#Sentno=640"	"640"	"رانا رايحيين لمرشي نديرو قضيان تاعنا و غادي نزيدو بارح سيد الله يبارك يعطيه الصحة شرالنا كبش دبحه و قطعه و وجدهلنا و جابهلنا مشاء الله كاين واحد تاني دونتور جابلنا دجاج الله يبارك يكتر خيره ."	"37"	"MADOran_Sentences.tsv"	"CC-BY-NC-3.0-MADORAN"	"canonical"	"source_exact"	"not_started"
"madoran-s6-sentno-0641"	"S6"	"MADOran_Sentences.tsv#Sentno=641"	"641"	"جابولنا جلبان بطاطا لي زاليمون نتأمنش عقلك و دروك نروحو نشرو و نجيبو غير شا خصنا باش نبدو نطيبو و نوجدو للمساكين فقارى"	"23"	"MADOran_Sentences.tsv"	"CC-BY-NC-3.0-MADORAN"	"canonical"	"source_exact"	"not_started"
"madoran-s6-sentno-0642"	"S6"	"MADOran_Sentences.tsv#Sentno=642"	"642"	"ديجا هاد جمعية متخصة في نشاطات إنسانية كيما زيارة مرضى الي يتبروعو بدم . إفطار صاى ءم في رمضان يشرو قش عيد اللي ميعيدوش يعاونوهم و تاني كبش عيد في عيد كبير و قش دخلة لبزوز لي يدخلو يقرو تاني في سبتومبر ."	"42"	"MADOran_Sentences.tsv"	"CC-BY-NC-3.0-MADORAN"	"canonical"	"source_exact"	"not_started"
"madoran-s6-sentno-0643"	"S6"	"MADOran_Sentences.tsv#Sentno=643"	"643"	"نشاطها كبير الله يبارك و اجرها كبير انشاء الله . أيا نطييو كلش هنا و من بعد يدو كيما لاكزورون تما يستفو طوابل اون بلانار كيما تع ترك هاديكيديروها برا و بلاصة بزاف شابة"	"34"	"MADOran_Sentences.tsv"	"CC-BY-NC-3.0-MADORAN"	"canonical"	"source_exact"	"not_started"
"madoran-s6-sentno-0644"	"S6"	"MADOran_Sentences.tsv#Sentno=644"	"644"	"مرحبا بيكم في عدد جديد من صريح جدا ليوم رانا فولاية وهران و غادي نهدرو على كرا تع ديار لي راه غالي بزاف للشبيبة لي غاديين يتزوجوا و نشوفو رايهم منولش عليكم تبعو معانا . كرا تع منازل فوهران كيفاش راك تشوفه ?"	"43"	"MADOran_Sentences.tsv"	"CC-BY-NC-3.0-MADORAN"	"canonical"	"source_exact"	"not_started"
"madoran-s6-sentno-0645"	"S6"	"MADOran_Sentences.tsv#Sentno=645"	"645"	"غالي غالي بزاف . متقدش تكري امبوسيبل ديجا زواج و متقدش تتزوج في وهران . متنجمش تتزوج . تخدم صباح و عشية و متلحقش ."	"25"	"MADOran_Sentences.tsv"	"CC-BY-NC-3.0-MADORAN"	"canonical"	"source_exact"	"not_started"
"madoran-s6-sentno-0646"	"S6"	"MADOran_Sentences.tsv#Sentno=646"	"646"	"يكدب عليك كادب يقولك انا في وهران كاري و عايش غايا و عندي 5 ولاد هادا غير يكدب . لو موا ديسمبر انشاء الله غادي نتزوج . انشاء الله . انشاء الله ربي يحفظك . كيفاش كرية ?"	"38"	"MADOran_Sentences.tsv"	"CC-BY-NC-3.0-MADORAN"	"canonical"	"source_exact"	"not_started"
"madoran-s6-sentno-0647"	"S6"	"MADOran_Sentences.tsv#Sentno=647"	"647"	"لا زعما نقولك صح متقدش تكري صاحبي تكري و لا تعيش لافامي تاعك و لا تعيش مرا تاعك امبوسيبل تكري . كي شغل هاد حاجة ليقلها حل . ادا راك باغي تكري حاجا موان شير ليق تبعد اوغ وهران قاع تخرج ."	"42"	"MADOran_Sentences.tsv"	"CC-BY-NC-3.0-MADORAN"	"canonical"	"source_exact"	"not_started"
"madoran-s6-sentno-0648"	"S6"	"MADOran_Sentences.tsv#Sentno=648"	"648"	"ستيديو نديك غير هنا فدورة يكروه بزوج ملايين . انا واحد مناس مابقيلي والو على عرسي بصح منكدبش عليك منقدش نكري . غادي نعيش مع دارنا ."	"27"	"MADOran_Sentences.tsv"	"CC-BY-NC-3.0-MADORAN"	"canonical"	"source_exact"	"not_started"
"madoran-s6-sentno-0649"	"S6"	"MADOran_Sentences.tsv#Sentno=649"	"649"	"مين يكري شا ياكل ? مكانش كيفاش . شوف كرية تالية هنا في وهران 3 ملايين ."	"17"	"MADOran_Sentences.tsv"	"CC-BY-NC-3.0-MADORAN"	"canonical"	"source_exact"	"not_started"
"madoran-s6-sentno-0650"	"S6"	"MADOran_Sentences.tsv#Sentno=650"	"650"	"و صاليغ دو باز راه مليون و تمنمية وين يقد يكري و وين يقد يتزوج !"	"16"	"MADOran_Sentences.tsv"	"CC-BY-NC-3.0-MADORAN"	"canonical"	"source_exact"	"not_started"
"madoran-s6-sentno-0651"	"S6"	"MADOran_Sentences.tsv#Sentno=651"	"651"	"كرية , باش تقولي نتزوج و نكري متزوجش خويا لازم تكون عندك دارك خويا سينو متقولش نكري باش نربح في لافير غادي تغبن روحك برك و تتميزر و ما تتمتع بزواج تاعك ما والو ."	"35"	"MADOran_Sentences.tsv"	"CC-BY-NC-3.0-MADORAN"	"canonical"	"source_exact"	"not_started"
"madoran-s6-sentno-0652"	"S6"	"MADOran_Sentences.tsv#Sentno=652"	"652"	"كرا في وهران كات مليون سانسون . تعطيه افونس تاع عام سينو ميقضبلكش . اف 3 و لا شاه ? واه اف 3 و مليحة زعما في باصة كيما حنا نقولو هنا في مرامار و لا تلقى حاجا شغل مليحة 45 ."	"42"	"MADOran_Sentences.tsv"	"CC-BY-NC-3.0-MADORAN"	"canonical"	"source_exact"	"not_started"
"madoran-s6-sentno-0653"	"S6"	"MADOran_Sentences.tsv#Sentno=653"	"653"	"تقد نتا تكري ب 45 و تتزوج ? هه 45 و نتزوج لا جو بونس با . كرا في وهران 4 ملايين حتى خمسة اف 3 واه ديجا معندهاش بزاف سقسيت واحد هنايا عنده اف 4 قالي 6 ميليون 800 فشهر"	"41"	"MADOran_Sentences.tsv"	"CC-BY-NC-3.0-MADORAN"	"canonical"	"source_exact"	"not_started"
"madoran-s6-sentno-0654"	"S6"	"MADOran_Sentences.tsv#Sentno=654"	"654"	"تسما واحد عنده صاليغ قليل يخلص 3 ملايين سانسو ماغديش ينجم يكريها قاع ."	"14"	"MADOran_Sentences.tsv"	"CC-BY-NC-3.0-MADORAN"	"canonical"	"source_exact"	"not_started"
"madoran-s6-sentno-0655"	"S6"	"MADOran_Sentences.tsv#Sentno=655"	"655"	"يخلص زوج ملايين يخلص كرية و زيد ولاده و صوالح دنيا متحصيش قاع مع لي دروك كلش راه غالي ميقدش يعيش صاحبي و الله غالب دي هي و علابيها ناس راها تحرق مشي باطل ."	"35"	"MADOran_Sentences.tsv"	"CC-BY-NC-3.0-MADORAN"	"canonical"	"source_exact"	"not_started"
"madoran-s6-sentno-0656"	"S6"	"MADOran_Sentences.tsv#Sentno=656"	"656"	"اف 3 متقدش قاع دخل راسك فيها من 4 ملايين عقبة يا ولد عمي . اف 3 و زيد كي تكريها ب 4 ملايين تزيد تدخل تزيد خدمة وخوخرة تع 50 مليون بيا 13 و ضالضوصول ."	"37"	"MADOran_Sentences.tsv"	"CC-BY-NC-3.0-MADORAN"	"canonical"	"source_exact"	"not_started"
"madoran-s6-sentno-0657"	"S6"	"MADOran_Sentences.tsv#Sentno=657"	"657"	"ىمنجمش نتزوج في وقت لي رانا فيه كلية غالية و كلش غالي مشي غير كرية قاع معيشة غالية في د البلاد ."	"22"	"MADOran_Sentences.tsv"	"CC-BY-NC-3.0-MADORAN"	"canonical"	"source_exact"	"not_started"
"madoran-s6-sentno-0658"	"S6"	"MADOran_Sentences.tsv#Sentno=658"	"658"	"3 ملايين و لا 2 ملايين و نص و متكونش بيان زعما مسقدة تكون فيها مهدمة يعاود قاع هو يسقدها من جديد عاد بش يكري"	"25"	"MADOran_Sentences.tsv"	"CC-BY-NC-3.0-MADORAN"	"canonical"	"source_exact"	"not_started"
"madoran-s6-sentno-0659"	"S6"	"MADOran_Sentences.tsv#Sentno=659"	"659"	"تسما دوك دراهم تع كرية تاوعه غادي يخلص 3 ملايين و يزيد يسقمها تسما شاه نورمالمون تنقامله واحد 5 ملايين و لا عقبة عاد باش يسكن داك شهر خص يمد افونس عام"	"32"	"MADOran_Sentences.tsv"	"CC-BY-NC-3.0-MADORAN"	"canonical"	"source_exact"	"not_started"
"madoran-s6-sentno-0660"	"S6"	"MADOran_Sentences.tsv#Sentno=660"	"660"	"تسما شعال غادي تنقام بقرة و بنتها بزاف ."	"9"	"MADOran_Sentences.tsv"	"CC-BY-NC-3.0-MADORAN"	"canonical"	"source_exact"	"not_started"
"madoran-s6-sentno-0661"	"S6"	"MADOran_Sentences.tsv#Sentno=661"	"661"	"اف 3 كاين حوست على اف 4 تلقيتها 7 ملايين شوف تامني تلاقيت كرية اف 4 ب 8 ملايين فشهر ."	"21"	"MADOran_Sentences.tsv"	"CC-BY-NC-3.0-MADORAN"	"canonical"	"source_exact"	"not_started"
"madoran-s6-sentno-0662"	"S6"	"MADOran_Sentences.tsv#Sentno=662"	"662"	"انا نقول ايلفو يسكن مع والديه . تقبلي نتيا يسكنك مع والديه ?"	"13"	"MADOran_Sentences.tsv"	"CC-BY-NC-3.0-MADORAN"	"canonical"	"source_exact"	"not_started"
"madoran-s6-sentno-0663"	"S6"	"MADOran_Sentences.tsv#Sentno=663"	"663"	"واه . بروحي انا رليحة نسكن مع والديه . اغلبية قاع راهم يروحو فوضوي و لا يكري في سيدي بشير , شطيبو هادو علاه تخلص غير باغ موا شغل معاونين قليل . اف 2 ب 25 ياك اف ب زوج ملايين و خمسمية ."	"44"	"MADOran_Sentences.tsv"	"CC-BY-NC-3.0-MADORAN"	"canonical"	"source_exact"	"not_started"
"madoran-s6-sentno-0664"	"S6"	"MADOran_Sentences.tsv#Sentno=664"	"664"	"شعال ليق تخلصي تكري هاكا با و تعيشي ولاد و قاع ? ليق خلصة 6 عقبة . وين باغي توصل بيها يا خويا شا تاكل شا تخلص امبوسيبل مكانش حنا نطلبو من دولة ديرلنا صوليصيون شابة خويا هدا مكان ."	"40"	"MADOran_Sentences.tsv"	"CC-BY-NC-3.0-MADORAN"	"canonical"	"source_exact"	"not_started"
"madoran-s6-sentno-0665"	"S6"	"MADOran_Sentences.tsv#Sentno=665"	"665"	"انا جيسك ماتنو مشي مرييليق سكنة ليق تكون عندك خدمة شابة باي تعيشك . واحد دروك ميخممش فزواج قبل ما يخمم يبني لافونير تاعه يدبر سكنته يدبر بلاصة لي يكون فيها ستابل عاد باش بنجم يخمم فزواج ."	"38"	"MADOran_Sentences.tsv"	"CC-BY-NC-3.0-MADORAN"	"canonical"	"source_exact"	"not_started"
"madoran-s6-sentno-0666"	"S6"	"MADOran_Sentences.tsv#Sentno=666"	"666"	"هنا باش تكري زعما و تتزوج و دير دار و مسؤولية ليق يكون عندك مدخول ."	"16"	"MADOran_Sentences.tsv"	"CC-BY-NC-3.0-MADORAN"	"canonical"	"source_exact"	"not_started"
"madoran-s6-sentno-0667"	"S6"	"MADOran_Sentences.tsv#Sentno=667"	"667"	"انا بالنسبة ليا مقبل على زواج ميقدش قاع يتقدم باش يتزوج باش يكري دار و باش يعيش مرته و شا ياكل و شا يشرب و ما و ضو بزاف صوالح ."	"31"	"MADOran_Sentences.tsv"	"CC-BY-NC-3.0-MADORAN"	"canonical"	"source_exact"	"not_started"
"madoran-s6-sentno-0668"	"S6"	"MADOran_Sentences.tsv#Sentno=668"	"668"	"مرحبا بيكم في عدد جيديد من صريح جدا ليوم رانا بر باش نسقسو شباب جزايري شا هي أسباب الي خلاتهم ميتزوجوش حتى دروك منطولش عليكم تبعو معانا شا كانت إجابات تاعهم ."	"32"	"MADOran_Sentences.tsv"	"CC-BY-NC-3.0-MADORAN"	"canonical"	"source_exact"	"not_started"
"madoran-s6-sentno-0669"	"S6"	"MADOran_Sentences.tsv#Sentno=669"	"669"	"متزوج خويا ? لا . علاه متزوجتش لحد الان ? باسكو كاين أمور ميخلوكش باش تتزوج باغيقزوبل خدمة شوف حياتك كومبلي و انت تقرى و منبعد تلحق 24 و لا 25 عام تنوي تخدم بصح خدمة اوبلي في بلادنا ."	"40"	"MADOran_Sentences.tsv"	"CC-BY-NC-3.0-MADORAN"	"canonical"	"source_exact"	"not_started"
"madoran-s6-sentno-0670"	"S6"	"MADOran_Sentences.tsv#Sentno=670"	"670"	"والو ليق دير بروجي و ادا صدق . يا خويا حاجا لولانية شبيبة قاع مارهاش خدامة معندناش خدمة لي نضمنو بها لافونير ."	"23"	"MADOran_Sentences.tsv"	"CC-BY-NC-3.0-MADORAN"	"canonical"	"source_exact"	"not_started"
"madoran-s6-sentno-0671"	"S6"	"MADOran_Sentences.tsv#Sentno=671"	"671"	"بلاك ملقيتش بنت لي تناسبني و لا مازال مكتبش ربي . حوست و ملقيتش و لا شاه ? لا راني مريبيري وحدة بنت حومة والله اعلم منعرف ."	"28"	"MADOran_Sentences.tsv"	"CC-BY-NC-3.0-MADORAN"	"canonical"	"source_exact"	"not_started"
"madoran-s6-sentno-0672"	"S6"	"MADOran_Sentences.tsv#Sentno=672"	"672"	"شوف ادا لقيت خدمة صليغ قليل 18 هاكا أيا تقد تتزوج بمليون و خمسمية تقد دير دار متقدش باش تشريها لرض متشريهالكش تخدم شهر باش تجيب مليون و تمنمية لا متعيشكش ."	"32"	"MADOran_Sentences.tsv"	"CC-BY-NC-3.0-MADORAN"	"canonical"	"source_exact"	"not_started"
"madoran-s6-sentno-0673"	"S6"	"MADOran_Sentences.tsv#Sentno=673"	"673"	"جا في بالي زواج شعال من خطرة يالعكس واحد راه يخمم باش يدير حياته بصح مازال مسيناش دومان مروحناش نخطبو ما تقد تقول والو ."	"25"	"MADOran_Sentences.tsv"	"CC-BY-NC-3.0-MADORAN"	"canonical"	"source_exact"	"not_started"
"madoran-s6-sentno-0674"	"S6"	"MADOran_Sentences.tsv#Sentno=674"	"674"	"حاجا لي مخلاتنيش نتزوج خدمة دار لوطو مكانش . فبلاد هادي لي موايا ناقصين بزاف و عيشة غالية . مكانشكيما لوروب باش فايتينا مي عايشين كلش بيان عندك حقوق تاعك هنايا لا ."	"33"	"MADOran_Sentences.tsv"	"CC-BY-NC-3.0-MADORAN"	"canonical"	"source_exact"	"not_started"
"madoran-s6-sentno-0675"	"S6"	"MADOran_Sentences.tsv#Sentno=675"	"675"	"سكنة لا مازال عندي خوتي لازم يتزوجو قبلي كبار بزاف واحد ترونت واحد فانتويت باش تلحق ليا انا . واه يعطيك صحا انشاء الله . راك شايف كل واحد و تروته ."	"32"	"MADOran_Sentences.tsv"	"CC-BY-NC-3.0-MADORAN"	"canonical"	"source_exact"	"not_started"
"madoran-s6-sentno-0676"	"S6"	"MADOran_Sentences.tsv#Sentno=676"	"676"	"عبدق ? . شوالا ? تبرادي سروال كي رديته انا بركاني بل بسينة نده نده . ختك وين راهي ?"	"20"	"MADOran_Sentences.tsv"	"CC-BY-NC-3.0-MADORAN"	"canonical"	"source_exact"	"not_started"
"madoran-s6-sentno-0677"	"S6"	"MADOran_Sentences.tsv#Sentno=677"	"677"	"راهي مع شاشرا و تبرادي شوف كون منزرقلهاش دوك فخاد انا مسمونيش روح لغالها . أيا ساردينا ساردينا تالية . ايا خويا جديدة فريتابل ."	"25"	"MADOran_Sentences.tsv"	"CC-BY-NC-3.0-MADORAN"	"canonical"	"source_exact"	"not_started"
"madoran-s6-sentno-0678"	"S6"	"MADOran_Sentences.tsv#Sentno=678"	"678"	"اه مول ساردينا عندك بوربو ? مراكيش تسمعي نقول ساردين انا بربو منخدمهش بوربو لي يمص بنيادم هجر ملبلاد و خلفوه ناس وخدوخرين يا وحد بولبة ."	"27"	"MADOran_Sentences.tsv"	"CC-BY-NC-3.0-MADORAN"	"canonical"	"source_exact"	"not_started"
"madoran-s6-sentno-0679"	"S6"	"MADOran_Sentences.tsv#Sentno=679"	"679"	"انا مقتلكش حكيلي حياتك فهمتني و لا انا قتلك على بولبو لكاين و لا مكانش جاوني ناس من فرنسا بغيت نديلهم بولبو شرمولا ما سردينا ديتها عليك بارح و درتها معقودة مازال راهي عندي فالفريجيدار ."	"36"	"MADOran_Sentences.tsv"	"CC-BY-NC-3.0-MADORAN"	"canonical"	"source_exact"	"not_started"
"madoran-s6-sentno-0680"	"S6"	"MADOran_Sentences.tsv#Sentno=680"	"680"	"نتيا وجه بولبو ادي روحي دخلي غاديكينا خيما دوك نخرطك . علاه حاسب روحك راكليطة باغي تكرطني ? مصطفى ? اه أرواح اه خويا هادا مول سردينا راه حاسب روحه ارلوند ."	"32"	"MADOran_Sentences.tsv"	"CC-BY-NC-3.0-MADORAN"	"canonical"	"source_exact"	"not_started"
"madoran-s6-sentno-0681"	"S6"	"MADOran_Sentences.tsv#Sentno=681"	"681"	"أي هاكا ياه ? غير هرب قلع يدك على سنسلة قلع يدك . وي تغاشيت شوف روحله قلعله ماه . فرحني فيه وياحي مصطفى فوق و تحت بونية كوتبي بندره ."	"31"	"MADOran_Sentences.tsv"	"CC-BY-NC-3.0-MADORAN"	"canonical"	"source_exact"	"not_started"
"madoran-s6-sentno-0682"	"S6"	"MADOran_Sentences.tsv#Sentno=682"	"682"	"مالك صاحبي متحشمش تعاير مرا ها قولي . يا حمبوك دير روحك بلي نغلبك الله يرحملك شوابين . اهه ستغلي ستغلي اه سمعي براس ما سردينا ياكلها حب حب ليوم ."	"31"	"MADOran_Sentences.tsv"	"CC-BY-NC-3.0-MADORAN"	"canonical"	"source_exact"	"not_started"
"madoran-s6-sentno-0683"	"S6"	"MADOran_Sentences.tsv#Sentno=683"	"683"	"براس ما مراها فارية لمك لمك دور مجيت حيط حمبوك ندي عليك قاع سردين متحشمنيش قدامها هادي دونجي هادي . ستغلي اه لمك ها شوفي قلتي مصطفى مكان والو ليوم نبينلك براس ما تعرفي شكون مصطفى هشه انفضه روليه اضربه دوره ."	"42"	"MADOran_Sentences.tsv"	"CC-BY-NC-3.0-MADORAN"	"canonical"	"source_exact"	"not_started"
"madoran-s6-sentno-0684"	"S6"	"MADOran_Sentences.tsv#Sentno=684"	"684"	"عطيها ماه عطيها و لا نجيك . مالك من صباح عطيها عطيها تاكل في روحك مالك ارنوبة مالك غير تزير في روحك هاكا شاولا غادي تخلعني ? دوخني ? مدوخنيش قاع عسلوش غابة أيا ريح ."	"36"	"MADOran_Sentences.tsv"	"CC-BY-NC-3.0-MADORAN"	"canonical"	"source_exact"	"not_started"
"madoran-s6-sentno-0685"	"S6"	"MADOran_Sentences.tsv#Sentno=685"	"685"	"ها راني نقولك ها عطيها ملك هليك كي راني نولي كيما ايلك ها قمجة راهي تتقتع هاليك شوف اليك عينيا كي راهم يزراقو ها ربي ها عطيها مغاديش تفرا ليوم ."	"31"	"MADOran_Sentences.tsv"	"CC-BY-NC-3.0-MADORAN"	"canonical"	"source_exact"	"not_started"
"madoran-s6-sentno-0686"	"S6"	"MADOran_Sentences.tsv#Sentno=686"	"686"	"مصطفى مقتلكش انا قبش حيط و لا ضرب ريدو فهمتني روحله هو خبطه بدماغ ديله كروش بي ديله هاك عطيه فلعين هاه يا ربي هاه ."	"26"	"MADOran_Sentences.tsv"	"CC-BY-NC-3.0-MADORAN"	"canonical"	"source_exact"	"not_started"
"madoran-s6-sentno-0687"	"S6"	"MADOran_Sentences.tsv#Sentno=687"	"687"	"اه ستغلي مبغيتش تروح وحدة زوج تلاتة اه لمك تلق تلق ها والديك تلقني . اليكي روحي يا وهران روحي بسلامة بسلامة أي أي تشقفت ."	"26"	"MADOran_Sentences.tsv"	"CC-BY-NC-3.0-MADORAN"	"canonical"	"source_exact"	"not_started"
"madoran-s6-sentno-0688"	"S6"	"MADOran_Sentences.tsv#Sentno=688"	"688"	"اه تبرادي على مصطفى حقرته شوف ليوم انا غادي نتفاهم معاك . هكدا ديله هكا تشقفه حقرته ? ادي روحي نتي حاجا نتيا ما عندي هدرة معاك روحي لياه ? درتني في قدرة و مطبتش ."	"36"	"MADOran_Sentences.tsv"	"CC-BY-NC-3.0-MADORAN"	"canonical"	"source_exact"	"not_started"
"madoran-s6-sentno-0689"	"S6"	"MADOran_Sentences.tsv#Sentno=689"	"689"	"اه تواحد ما يسلك غادي تعطيه فلعين واحد ميسلكش ليوم والو عطيه فلعين . عاوديها عاوديها اه فلعين في ليستوما ليستوما هاكك زيده ردحيه يستاهل مكان ني سلالكة ني والو ."	"31"	"MADOran_Sentences.tsv"	"CC-BY-NC-3.0-MADORAN"	"canonical"	"source_exact"	"not_started"
"madoran-s6-sentno-0690"	"S6"	"MADOran_Sentences.tsv#Sentno=690"	"690"	"هاي ! ني سلاكة ني والو ياه قزة لحم دار فيك حالة نص براد دار فيك حالة ياه ?"	"19"	"MADOran_Sentences.tsv"	"CC-BY-NC-3.0-MADORAN"	"canonical"	"source_exact"	"not_started"
"madoran-s6-sentno-0691"	"S6"	"MADOran_Sentences.tsv#Sentno=691"	"691"	"هادي هيا اه تبرادي ! خبرني كي نديلك دروك لراس راه بعيد عليا نقبضك قرسة من فخاد ماجياش نندبه نندبه ما لمك باغي تاكلينا"	"24"	"MADOran_Sentences.tsv"	"CC-BY-NC-3.0-MADORAN"	"canonical"	"source_exact"	"not_started"
"madoran-s6-sentno-0692"	"S6"	"MADOran_Sentences.tsv#Sentno=692"	"692"	"أيا واي طيحتني براس ما ما راني قاعدها ."	"9"	"MADOran_Sentences.tsv"	"CC-BY-NC-3.0-MADORAN"	"canonical"	"source_exact"	"not_started"
"madoran-s6-sentno-0693"	"S6"	"MADOran_Sentences.tsv#Sentno=693"	"693"	"ها سردينا ها سردينا ميقاتش صايي . ها مول ساردينا و شح فمول بولبو جيب بولبو و لا متفراش ."	"20"	"MADOran_Sentences.tsv"	"CC-BY-NC-3.0-MADORAN"	"canonical"	"source_exact"	"not_started"
"madoran-s6-sentno-0694"	"S6"	"MADOran_Sentences.tsv#Sentno=694"	"694"	"و الله لغاية المنوض حتى 10 تع صباح مقابلتلي مرايا ماكياج ستيكاج ما قالت نجي نطل عليها نشوف شا راها ديرو لا شا خاصهاما والو حتى داك راجل منهدرو عليه ."	"31"	"MADOran_Sentences.tsv"	"CC-BY-NC-3.0-MADORAN"	"canonical"	"source_exact"	"not_started"
"madoran-s6-sentno-0695"	"S6"	"MADOran_Sentences.tsv#Sentno=695"	"695"	"يا ناضت تنقرش . ياه سعد ياه . علامن راكي كي نجي نتفاهم معاه برا و متلقتيهش باغيا تاكلي كل حد نتيا وين راكي رايحة بهاد عقلية ?"	"28"	"MADOran_Sentences.tsv"	"CC-BY-NC-3.0-MADORAN"	"canonical"	"source_exact"	"not_started"
"madoran-s6-sentno-0696"	"S6"	"MADOran_Sentences.tsv#Sentno=696"	"696"	"ارواحي نقولك اه لالا في عشنا و ينشنا داري و نزقي كيما نبغي ماعندك ما دخلك ختي راكي تتفاعلي نديري في بالك هنا راني في دار حمايا ما رانيش عندك كي تكون سكنة محطوطة على اسمك تما قوليلي في عشنا و ينشنا صحا ."	"44"	"MADOran_Sentences.tsv"	"CC-BY-NC-3.0-MADORAN"	"canonical"	"source_exact"	"not_started"
"madoran-s6-sentno-0697"	"S6"	"MADOran_Sentences.tsv#Sentno=697"	"697"	"اي ارواحي نقولك ديري حاجا في راسك بلي راكي عندي أيا بلعيه . بنعمي شولا هدا حس . تعلمتي تهدري . واه ."	"23"	"MADOran_Sentences.tsv"	"CC-BY-NC-3.0-MADORAN"	"canonical"	"source_exact"	"not_started"
"madoran-s6-sentno-0698"	"S6"	"MADOran_Sentences.tsv#Sentno=698"	"698"	"وليتي تهدري بمعاني توعنا ارواحي نقولك مارهش عندي هادو صوالح نرفدهم في راسي الي رافيا بزاف معندي حتى هدرة معاك ."	"21"	"MADOran_Sentences.tsv"	"CC-BY-NC-3.0-MADORAN"	"canonical"	"source_exact"	"not_started"
"madoran-s6-sentno-0699"	"S6"	"MADOran_Sentences.tsv#Sentno=699"	"699"	"شوفي عقرب درتي لسان مكنتيش كيما هاك نهار لول كي دخلتي كي نمس ارواحي نقولك اه مصيبة راني نهدر معاك لا ? و الله لغاية في داري و تعاير املي كي يجي حماك نتفاهم معاه ."	"36"	"MADOran_Sentences.tsv"	"CC-BY-NC-3.0-MADORAN"	"canonical"	"source_exact"	"not_started"
"madoran-s6-sentno-0700"	"S6"	"MADOran_Sentences.tsv#Sentno=700"	"700"	"صباح خير . والله ما تحشمو من خدمة لزقا راني من برا جاي نسمع فزقا بهدلتوني مع جوارين و كشفتوني شا عندكم ? شا كاين تاني ?"	"27"	"MADOran_Sentences.tsv"	"CC-BY-NC-3.0-MADORAN"	"canonical"	"source_exact"	"not_started"
"madoran-s6-sentno-0701"	"S6"	"MADOran_Sentences.tsv#Sentno=701"	"701"	"يا رجل خافي ربي راني نهدرمعاها نقولها نوضي قضي ولا ديري حاجا شت كي خرجت شتها ها منهدروش ?"	"19"	"MADOran_Sentences.tsv"	"CC-BY-NC-3.0-MADORAN"	"canonical"	"source_exact"	"not_started"
"madoran-s6-sentno-0702"	"S6"	"MADOran_Sentences.tsv#Sentno=702"	"702"	". صحا شفت مرا كي كانت خارجة و انا راني داخل دروك غي فهميني مشكل اللي بينك و بينها شتاولا صارحيني نيشان شا كاين ?"	"25"	"MADOran_Sentences.tsv"	"CC-BY-NC-3.0-MADORAN"	"canonical"	"source_exact"	"not_started"
"madoran-s6-sentno-0703"	"S6"	"MADOran_Sentences.tsv#Sentno=703"	"703"	"مازال معرفتش شا هو مشكل خوك راه يخدم ولا و راه عندنا ضيق فسكنة خوك قاع ميفهمش روحه بنعمي ها فهميني قوليلي مجيت خويا"	"24"	"MADOran_Sentences.tsv"	"CC-BY-NC-3.0-MADORAN"	"canonical"	"source_exact"	"not_started"
"madoran-s6-sentno-0704"	"S6"	"MADOran_Sentences.tsv#Sentno=704"	"704"	"اسمعي تلاقيت مع واحد سيد مين جيت جاي بخير عليه و لاباس بيه و عنده وحد سكنة"	"17"	"MADOran_Sentences.tsv"	"CC-BY-NC-3.0-MADORAN"	"canonical"	"source_exact"	"not_started"
"madoran-s6-sentno-0705"	"S6"	"MADOran_Sentences.tsv#Sentno=705"	"705"	"و راه يحوس شكون يعسله فيها و او مام تون يريحله فيها ضربة وحدة ديركت بلاك نشوف و نحاول كي ندير باش نليكيده بيه بزوجة تاعه و نتي تريحي و انا نريح من هاد مشكل يا سيدي ."	"38"	"MADOran_Sentences.tsv"	"CC-BY-NC-3.0-MADORAN"	"canonical"	"source_exact"	"not_started"
"madoran-s6-sentno-0706"	"S6"	"MADOran_Sentences.tsv#Sentno=706"	"706"	"ادي ما دبيك شراك تقارع . شوف على هدا خبر شباب نديلك قهوك شابة أرواح معايا . أيا بسم الله خطاش عندي رونديفو معاه دروك ."	"26"	"MADOran_Sentences.tsv"	"CC-BY-NC-3.0-MADORAN"	"canonical"	"source_exact"	"not_started"
"madoran-s6-sentno-0707"	"S6"	"MADOran_Sentences.tsv#Sentno=707"	"707"	"سلام عليكم سلام خويا حمد لاباس ? سلام عليكم . تفضل . بلاهيم كيراك ? خويا حمد متشكرش . إبراهيم مراكش عاجبني ليوم مراكش غايا قاع سي باسا شا عندك ?"	"31"	"MADOran_Sentences.tsv"	"CC-BY-NC-3.0-MADORAN"	"canonical"	"source_exact"	"not_started"
"madoran-s6-sentno-0708"	"S6"	"MADOran_Sentences.tsv#Sentno=708"	"708"	"راك عارف مشكل تاعي حتا نقولك على مشكل تاعي فدار نقولك و نحكو ."	"14"	"MADOran_Sentences.tsv"	"CC-BY-NC-3.0-MADORAN"	"canonical"	"source_exact"	"not_started"
"madoran-s6-sentno-0709"	"S6"	"MADOran_Sentences.tsv#Sentno=709"	"709"	"براهيم خويا جيستمون جيتك على هاد مشكل نسيت مقدمتلكش اخ هواري . متشرفين سي هواري يزيد فضلك ."	"18"	"MADOran_Sentences.tsv"	"CC-BY-NC-3.0-MADORAN"	"canonical"	"source_exact"	"not_started"
"madoran-s6-sentno-0710"	"S6"	"MADOran_Sentences.tsv#Sentno=710"	"710"	"في امان الله مهود ملخدمة عيان نتلاقى سيد انا وياه فطريق حبا حبا جبهلي رب عالمين صدفة تلاقينا هدرة تجبد هدرة دخلنا فامر تاعك ."	"25"	"MADOran_Sentences.tsv"	"CC-BY-NC-3.0-MADORAN"	"canonical"	"source_exact"	"not_started"
"madoran-s6-sentno-0711"	"S6"	"MADOran_Sentences.tsv#Sentno=711"	"711"	"امر سكن ? نعم أيا هدرة تجيب هدرة و قتله عندي شير خويا مغبون في وحد غبينة كبيرة غبينة كحلة زعما زعما بمعنى كلمة ."	"25"	"MADOran_Sentences.tsv"	"CC-BY-NC-3.0-MADORAN"	"canonical"	"source_exact"	"not_started"
"madoran-s6-sentno-0712"	"S6"	"MADOran_Sentences.tsv#Sentno=712"	"712"	"كمل معايا طريق مسكين مهودين قالي مشكل كيفاش و قتله راه مردف معايا و راه في مشكل كبير بمعنى كلمة"	"20"	"MADOran_Sentences.tsv"	"CC-BY-NC-3.0-MADORAN"	"canonical"	"source_exact"	"not_started"
"madoran-s6-sentno-0713"	"S6"	"MADOran_Sentences.tsv#Sentno=713"	"713"	"أيا براهيم خويا وصل معايا حتى لدار معييت فيه على قهوة قالي وأبو وصل غير صوالحك و نطلعو ها طلعنا انا وياه و رنا جايين عندك ديركت باش تحكيله مشكل تاعك شا هو ."	"34"	"MADOran_Sentences.tsv"	"CC-BY-NC-3.0-MADORAN"	"canonical"	"source_exact"	"not_started"
"madoran-s6-sentno-0714"	"S6"	"MADOran_Sentences.tsv#Sentno=714"	"714"	"سي هواري انا مغبون في امر سكن ستاديغ سكنة كاين و كرية كاينة بصح خلصة تاعي ميسمحليش باش نكري . سي براهيم انا انسان مولا خير و نبغي ندير خير فناس ."	"32"	"MADOran_Sentences.tsv"	"CC-BY-NC-3.0-MADORAN"	"canonical"	"source_exact"	"not_started"
"madoran-s6-sentno-0715"	"S6"	"MADOran_Sentences.tsv#Sentno=715"	"715"	"درت خير في شي ناس من قبل و مين شفتك مغبون غادي ندير فيك خير سي براهيم . بارك الله فيك سي هواري . وينت نجم نجي نسكن ? بون من غدوة انشاء الله تنجم تسكن نتا و زوجة تاعك ."	"41"	"MADOran_Sentences.tsv"	"CC-BY-NC-3.0-MADORAN"	"canonical"	"source_exact"	"not_started"
"madoran-s6-sentno-0716"	"S6"	"MADOran_Sentences.tsv#Sentno=716"	"716"	"بارك الله فيك سي هواري . خويا حمد الله ينورك . مننساش قاع خير تاعك . أيا نكملوها فدار انشاء الله ."	"22"	"MADOran_Sentences.tsv"	"CC-BY-NC-3.0-MADORAN"	"canonical"	"source_exact"	"not_started"
"madoran-s6-sentno-0717"	"S6"	"MADOran_Sentences.tsv#Sentno=717"	"717"	"ايا خويا في لمان انشاء الله . الله يحفظكم . اييه كي يجي خير يجي بصح خويا حمد مننساش خير تاعه قاع . غبنته معايا حمد لله ."	"28"	"MADOran_Sentences.tsv"	"CC-BY-NC-3.0-MADORAN"	"canonical"	"source_exact"	"not_started"
"madoran-s6-sentno-0718"	"S6"	"MADOran_Sentences.tsv#Sentno=718"	"718"	"ناس بكري شا قالو ?"	"5"	"MADOran_Sentences.tsv"	"CC-BY-NC-3.0-MADORAN"	"canonical"	"source_exact"	"not_started"
"madoran-s6-sentno-0719"	"S6"	"MADOran_Sentences.tsv#Sentno=719"	"719"	"كي تبدا قول بسم الله و كي تكمل قول حمد الله"	"11"	"MADOran_Sentences.tsv"	"CC-BY-NC-3.0-MADORAN"	"canonical"	"source_exact"	"not_started"
"madoran-s6-sentno-0720"	"S6"	"MADOran_Sentences.tsv#Sentno=720"	"720"	"ما تتعراش و نتا عرقان و متشربش ماء و نتا عرقان و متكسلش كرعيك وسط جماعة , و ما متوكلش ولادك وسط جماعة ."	"24"	"MADOran_Sentences.tsv"	"CC-BY-NC-3.0-MADORAN"	"canonical"	"source_exact"	"not_started"
"madoran-s6-sentno-0721"	"S6"	"MADOran_Sentences.tsv#Sentno=721"	"721"	"ما تشربش بالواقف , وجهك نقيه ماتدري واش تلاقي بيه و لي فاتك بالزين فوته بالتبسيمة ولي فاتك بالصيغة فوته بالسياسة , و لي فاتك بالمال فوته بالقناعة ."	"29"	"MADOran_Sentences.tsv"	"CC-BY-NC-3.0-MADORAN"	"canonical"	"source_exact"	"not_started"
"madoran-s6-sentno-0722"	"S6"	"MADOran_Sentences.tsv#Sentno=722"	"722"	"ولد سبع مايجي مشحاح و دفلة ما تجيب تفاح , دقيق البشنة ما يجي منه طعام و صوف الكلاب ما يجي منه البرنوس و كبير لعرش طيعو , و كبير الراس و الكرش بالرخس بيعو ."	"36"	"MADOran_Sentences.tsv"	"CC-BY-NC-3.0-MADORAN"	"canonical"	"source_exact"	"not_started"
"madoran-s6-sentno-0723"	"S6"	"MADOran_Sentences.tsv#Sentno=723"	"723"	"زين السوق قعاده , و زين فراش أولاده , و زينة الحديث كي يعود موش في الصواب سكاته ."	"19"	"MADOran_Sentences.tsv"	"CC-BY-NC-3.0-MADORAN"	"canonical"	"source_exact"	"not_started"
"madoran-s6-sentno-0724"	"S6"	"MADOran_Sentences.tsv#Sentno=724"	"724"	"عرة فاكية برقوق , و عرة نسا لي طيب و تدوق , و عرة رجال لي سوق بعد سوق ."	"20"	"MADOran_Sentences.tsv"	"CC-BY-NC-3.0-MADORAN"	"canonical"	"source_exact"	"not_started"
"madoran-s6-sentno-0725"	"S6"	"MADOran_Sentences.tsv#Sentno=725"	"725"	"ادا كنت شين استر فضايحك و ادا كنت زين استر روحك من العين ."	"14"	"MADOran_Sentences.tsv"	"CC-BY-NC-3.0-MADORAN"	"canonical"	"source_exact"	"not_started"
"madoran-s6-sentno-0726"	"S6"	"MADOran_Sentences.tsv#Sentno=726"	"726"	"ادا طاحو سنين تروح البنة و ادا راحو عينين تروح الدنيا و ادا راح النيف تروح الهمة . و ادا راحو رجال تروح حرمة و ادا راحو الوالدين تروح اللمة ."	"31"	"MADOran_Sentences.tsv"	"CC-BY-NC-3.0-MADORAN"	"canonical"	"source_exact"	"not_started"
"madoran-s6-sentno-0727"	"S6"	"MADOran_Sentences.tsv#Sentno=727"	"727"	"قالو ناس زمان ."	"4"	"MADOran_Sentences.tsv"	"CC-BY-NC-3.0-MADORAN"	"canonical"	"source_exact"	"not_started"
"madoran-s6-sentno-0728"	"S6"	"MADOran_Sentences.tsv#Sentno=728"	"728"	"الي ما يدبح شاته و ما يحكم في مرته و ما يقوم صلاته موته خير من حياته ."	"18"	"MADOran_Sentences.tsv"	"CC-BY-NC-3.0-MADORAN"	"canonical"	"source_exact"	"not_started"
"madoran-s6-sentno-0729"	"S6"	"MADOran_Sentences.tsv#Sentno=729"	"729"	"و الي ما يعرف لا دبيحة لا سليخة زواجه من بنت ناس فضيحة ."	"14"	"MADOran_Sentences.tsv"	"CC-BY-NC-3.0-MADORAN"	"canonical"	"source_exact"	"not_started"
"madoran-s6-sentno-0730"	"S6"	"MADOran_Sentences.tsv#Sentno=730"	"730"	"و الي ما تعرف تخدم لا بوزلوف لا دوارة زواجها من وليد الناس خسارة ."	"15"	"MADOran_Sentences.tsv"	"CC-BY-NC-3.0-MADORAN"	"canonical"	"source_exact"	"not_started"
"madoran-s6-sentno-0731"	"S6"	"MADOran_Sentences.tsv#Sentno=731"	"731"	"في الجامعة جزايرية كاين 7 أنواع من الطلبة ,"	"9"	"MADOran_Sentences.tsv"	"CC-BY-NC-3.0-MADORAN"	"canonical"	"source_exact"	"not_started"
"madoran-s6-sentno-0732"	"S6"	"MADOran_Sentences.tsv#Sentno=732"	"732"	"واحد تلقاه رافد قيتارة و قاعد مع بنات يغنيلهم دايمن تلقا شعره مكشرد و لبنات لي معاه كامل سيفيليزي هاد قروب دايمن مكروه فالجامعة ."	"25"	"MADOran_Sentences.tsv"	"CC-BY-NC-3.0-MADORAN"	"canonical"	"source_exact"	"not_started"
"madoran-s6-sentno-0733"	"S6"	"MADOran_Sentences.tsv#Sentno=733"	"733"	"نوع زاوج هو لي يبغو تعراض . تلقاهم يعرضو بلوطو تاع بوهم طالع هاود بيها و جيعانات يكحلو و هو حلاب يحلب فيهم ."	"24"	"MADOran_Sentences.tsv"	"CC-BY-NC-3.0-MADORAN"	"canonical"	"source_exact"	"not_started"
"madoran-s6-sentno-0734"	"S6"	"MADOran_Sentences.tsv#Sentno=734"	"734"	"تروازيام كاتقوري تلقاهم تلاتة تلاتة حاكمين قنت و يلعبو فكارطا و لا دومينو معلابلهمش بالدنيا و لبنات تلقاهم يحكو فقصص حياتهم مأسوية ."	"23"	"MADOran_Sentences.tsv"	"CC-BY-NC-3.0-MADORAN"	"canonical"	"source_exact"	"not_started"
"madoran-s6-sentno-0735"	"S6"	"MADOran_Sentences.tsv#Sentno=735"	"735"	"كاتيقوري 4 تلقاه يظل وحده ياكل وحده يقرى وحده يروح وحده دايمن وحده ."	"14"	"MADOran_Sentences.tsv"	"CC-BY-NC-3.0-MADORAN"	"canonical"	"source_exact"	"not_started"
"madoran-s6-sentno-0736"	"S6"	"MADOran_Sentences.tsv#Sentno=736"	"736"	"قروب 5 تلقاهم كوبل يضلو مع بعضهم صباح نص نهار عشية فالكور ميخطوش بعضهم قاع"	"15"	"MADOran_Sentences.tsv"	"CC-BY-NC-3.0-MADORAN"	"canonical"	"source_exact"	"not_started"
"madoran-s6-sentno-0737"	"S6"	"MADOran_Sentences.tsv#Sentno=737"	"737"	"لوخرين تلقاهم زوج صحاب يظلو يدورو الجامعة يعرفوها شبر شبر و عبد بعبد تقول عليهم بلدية عندهم ميزة يقدرو يعرفو عباد ربي لي ميقروش تم . وين تروح تلقاهم و هدا نوع تلقاهم يدوروغير مع بعضهم ما يحلبوش غاشي ."	"40"	"MADOran_Sentences.tsv"	"CC-BY-NC-3.0-MADORAN"	"canonical"	"source_exact"	"not_started"
"madoran-s6-sentno-0738"	"S6"	"MADOran_Sentences.tsv#Sentno=738"	"738"	"و قروب تالي تلقاهم تلاتة تلاتة و لا ربعة قاعدين و يعسو فالي رايح و جاي و يمنشرو على خلق ربي شكون فيهم نتا ه ."	"26"	"MADOran_Sentences.tsv"	"CC-BY-NC-3.0-MADORAN"	"canonical"	"source_exact"	"not_started"
"madoran-s6-sentno-0739"	"S6"	"MADOran_Sentences.tsv#Sentno=739"	"739"	"تصرالكم تع كي تتعرفي على بنادم سوا شير و لا شيرة مع لول يعجبك تضحكي و تقصري و تحلالك ابري تكرهيه بلا سبة و كلما تعرفي بنادم يصرالك معاه نفس سيناريو ."	"32"	"MADOran_Sentences.tsv"	"CC-BY-NC-3.0-MADORAN"	"canonical"	"source_exact"	"not_started"
"madoran-s6-sentno-0740"	"S6"	"MADOran_Sentences.tsv#Sentno=740"	"740"	"و ادا وليت اون كوبل جامي نعيطله و قاع دارولي هاد رومارك نتي متعيطي متحوسي ."	"16"	"MADOran_Sentences.tsv"	"CC-BY-NC-3.0-MADORAN"	"canonical"	"source_exact"	"not_started"
"madoran-s6-sentno-0741"	"S6"	"MADOran_Sentences.tsv#Sentno=741"	"741"	"و نكره نهدر فتليفون فليل و نكره يعيطلي كل دقيقة و ادا بدا يقولي عمري و بب نولي نشوفه كححل و ادا قالي نحبك و بدا فتحلاب الباسل ."	"29"	"MADOran_Sentences.tsv"	"CC-BY-NC-3.0-MADORAN"	"canonical"	"source_exact"	"not_started"
"madoran-s6-sentno-0742"	"S6"	"MADOran_Sentences.tsv#Sentno=742"	"742"	"هداك تاع تعلوب الألماني نحس من داخل وحد الإحساس تاع نبغي نتقيا على وجهه الماكلة تع 2015 و نبدا نحوس على مشاكل حتا نحبسو ."	"25"	"MADOran_Sentences.tsv"	"CC-BY-NC-3.0-MADORAN"	"canonical"	"source_exact"	"not_started"
"madoran-s6-sentno-0743"	"S6"	"MADOran_Sentences.tsv#Sentno=743"	"743"	"بديت نتوسوس لروحي و راني حايرة كيش تقو تكونو فغولاصيون بربعة سنين خمسة هل انا انسان طبيعي لا خويا غي روح جري على روحك مرضك صعيب و الله يجيب شيفة نشاء الله ."	"33"	"MADOran_Sentences.tsv"	"CC-BY-NC-3.0-MADORAN"	"canonical"	"source_exact"	"not_started"
"madoran-s6-sentno-0744"	"S6"	"MADOran_Sentences.tsv#Sentno=744"	"744"	"الرومنسية جزايرية"	"2"	"MADOran_Sentences.tsv"	"CC-BY-NC-3.0-MADORAN"	"canonical"	"source_exact"	"not_started"
"madoran-s6-sentno-0745"	"S6"	"MADOran_Sentences.tsv#Sentno=745"	"745"	"اون كوبل"	"2"	"MADOran_Sentences.tsv"	"CC-BY-NC-3.0-MADORAN"	"canonical"	"source_exact"	"not_started"
"madoran-s6-sentno-0746"	"S6"	"MADOran_Sentences.tsv#Sentno=746"	"746"	"علاه متشدليش يدي كي نتمشو برا"	"6"	"MADOran_Sentences.tsv"	"CC-BY-NC-3.0-MADORAN"	"canonical"	"source_exact"	"not_started"
"madoran-s6-sentno-0747"	"S6"	"MADOran_Sentences.tsv#Sentno=747"	"747"	"اواه نخاف عليك يشوفنا واحد يعرفك نولو في مشاكل كي نخطبك نشدلك يدك و واحد ما يسالنا ."	"18"	"MADOran_Sentences.tsv"	"CC-BY-NC-3.0-MADORAN"	"canonical"	"source_exact"	"not_started"
"madoran-s6-sentno-0748"	"S6"	"MADOran_Sentences.tsv#Sentno=748"	"748"	"كي ينخطبو تسقسيه نفس سؤال يقولها شا راكي باغية يقولو تخطبو يديرو رايهم كي نتزوجو نشدلك يدك كيما تبغي ."	"20"	"MADOran_Sentences.tsv"	"CC-BY-NC-3.0-MADORAN"	"canonical"	"source_exact"	"not_started"
"madoran-s6-sentno-0749"	"S6"	"MADOran_Sentences.tsv#Sentno=749"	"749"	"كي يتزوجو تعاود تسقسيه يقولها ياك عندنا دار و مستروين الحمد الله ديري فيها شا تبغي ."	"17"	"MADOran_Sentences.tsv"	"CC-BY-NC-3.0-MADORAN"	"canonical"	"source_exact"	"not_started"
"madoran-s6-sentno-0750"	"S6"	"MADOran_Sentences.tsv#Sentno=750"	"750"	"كي يولو متزوجين بولاد تسقسيه و دروك علاه متشدليش يدي"	"10"	"MADOran_Sentences.tsv"	"CC-BY-NC-3.0-MADORAN"	"canonical"	"source_exact"	"not_started"
"madoran-s6-sentno-0751"	"S6"	"MADOran_Sentences.tsv#Sentno=751"	"751"	"نشدك نتي و لانشد بنتك و لا نشد قضيان"	"9"	"MADOran_Sentences.tsv"	"CC-BY-NC-3.0-MADORAN"	"canonical"	"source_exact"	"not_started"
"madoran-s6-sentno-0752"	"S6"	"MADOran_Sentences.tsv#Sentno=752"	"752"	"ابري 25 عام تع زواج يقولها تاني شارك باغية راجل بنتك يقول علينا كبرو و خرفو"	"16"	"MADOran_Sentences.tsv"	"CC-BY-NC-3.0-MADORAN"	"canonical"	"source_exact"	"not_started"
"madoran-s6-sentno-0753"	"S6"	"MADOran_Sentences.tsv#Sentno=753"	"753"	"ابري 50 عام تع زواج مسكينة تقوله و دروك كيفاش متشدليش يدي"	"12"	"MADOran_Sentences.tsv"	"CC-BY-NC-3.0-MADORAN"	"canonical"	"source_exact"	"not_started"
"madoran-s6-sentno-0754"	"S6"	"MADOran_Sentences.tsv#Sentno=754"	"754"	"يعاود يقولها بغيتي نشدلك يدك و نخلي خزرانة تاعي باش نطيح و نموت و تورتيني علابالي باغية تتهني مني أيا أرواح نتا و فهم كيما دير ما تسلك حب فجزاير فقط تحير . . ."	"35"	"MADOran_Sentences.tsv"	"CC-BY-NC-3.0-MADORAN"	"canonical"	"source_exact"	"not_started"
"madoran-s6-sentno-0755"	"S6"	"MADOran_Sentences.tsv#Sentno=755"	"755"	"ارواحو نحكيلكم على خويا الصباح كي ناض نورمال في عشية جا لماما قالها باغي نتزوج اخطبيلي قاتله اوكي ."	"19"	"MADOran_Sentences.tsv"	"CC-BY-NC-3.0-MADORAN"	"canonical"	"source_exact"	"not_started"
"madoran-s6-sentno-0756"	"S6"	"MADOran_Sentences.tsv#Sentno=756"	"756"	"بصح قالها باغي تخطبيلي صحبتي فلانة و هادي شيرة موالف يجيباهلنا للدار مالا ماما قاتله كيفاه شيرة موالفة تجي معاك تحوس تزوج بيها ."	"24"	"MADOran_Sentences.tsv"	"CC-BY-NC-3.0-MADORAN"	"canonical"	"source_exact"	"not_started"
"madoran-s6-sentno-0757"	"S6"	"MADOran_Sentences.tsv#Sentno=757"	"757"	"قالها واه و بدا يزقي قاتله خليني انا نخير لك قالها باش تجبيلي وحدة عندها حبيبها نهار نخطبها تولي تبكي على حبيبها و تخدعني مالا خليني ندي حبيبتي لي نعرفها و ربيتها على يدي ه"	"35"	"MADOran_Sentences.tsv"	"CC-BY-NC-3.0-MADORAN"	"canonical"	"source_exact"	"not_started"
"madoran-s6-sentno-0758"	"S6"	"MADOran_Sentences.tsv#Sentno=758"	"758"	"المهم اليوم تشوكيت في خويا تع بصح هاو شيرات حشا لي ميستهلوش قحبات دايمن فلواطا كاش ما ينيطو واحد و تلزق فيها حتى تديه و شير تاني يلعب ينقز من شيرة لختها ."	"33"	"MADOran_Sentences.tsv"	"CC-BY-NC-3.0-MADORAN"	"canonical"	"source_exact"	"not_started"
"madoran-s6-sentno-0759"	"S6"	"MADOran_Sentences.tsv#Sentno=759"	"759"	"ابري يدي غير لي ماه شفتهاله كيما عادة و يهدرو على رجولة حاي الله يطيحنا في ولد حلال و صايي ."	"21"	"MADOran_Sentences.tsv"	"CC-BY-NC-3.0-MADORAN"	"canonical"	"source_exact"	"not_started"
"madoran-s6-sentno-0760"	"S6"	"MADOran_Sentences.tsv#Sentno=760"	"760"	"تزوجها وهرانية تلقاها حنينة و حساسة دارها دايمن نقية و تغرس ورد فالتاقة و طيبلك حريرة و بوراك و المعقودة ."	"21"	"MADOran_Sentences.tsv"	"CC-BY-NC-3.0-MADORAN"	"canonical"	"source_exact"	"not_started"
"madoran-s6-sentno-0761"	"S6"	"MADOran_Sentences.tsv#Sentno=761"	"761"	"الله الله ولي قغاتان و طاجين زيتون و ضولما و سوغتو مين تلبس طابلية تع كوزينة و تزير جبهتها بفونارة وديك بدعية قليع قلبي"	"24"	"MADOran_Sentences.tsv"	"CC-BY-NC-3.0-MADORAN"	"canonical"	"source_exact"	"not_started"
"madoran-s6-sentno-0762"	"S6"	"MADOran_Sentences.tsv#Sentno=762"	"762"	"و تخدملك لي سيقاغ تاع لوز تشرب بيهم لتاي و تزيد ديلك طعام بالزبيب سفة و لا مرقة فالصحور يكون هداك وين فوراته و تقولك كول راجلي راس مالي ,"	"30"	"MADOran_Sentences.tsv"	"CC-BY-NC-3.0-MADORAN"	"canonical"	"source_exact"	"not_started"
"madoran-s6-sentno-0763"	"S6"	"MADOran_Sentences.tsv#Sentno=763"	"763"	"هو انت قلبي و عملاي ربي يخليك ليا و تزيد طيبلك خبز دار لي ما يكلهش براني هه بسانوج و لمطلوع حامي هاداك وين طيباته كل صبع بصنعة ."	"29"	"MADOran_Sentences.tsv"	"CC-BY-NC-3.0-MADORAN"	"canonical"	"source_exact"	"not_started"
"madoran-s6-sentno-0764"	"S6"	"MADOran_Sentences.tsv#Sentno=764"	"764"	"الله الله و كي يلحق العيد تشبعك حلوى هادي بقلاوة هادا قريوش , المقروط , المسمن و طورنو , و عرايش قاع أنواع . . يرحم بوك شا يجيك من وحدة حلوة اونباغسون و لا شا قال وهرانية مولاة همة و شان ."	"43"	"MADOran_Sentences.tsv"	"CC-BY-NC-3.0-MADORAN"	"canonical"	"source_exact"	"not_started"
"madoran-s6-sentno-0765"	"S6"	"MADOran_Sentences.tsv#Sentno=765"	"765"	"مالكي يا وهران ?"	"4"	"MADOran_Sentences.tsv"	"CC-BY-NC-3.0-MADORAN"	"canonical"	"source_exact"	"not_started"
"madoran-s6-sentno-0766"	"S6"	"MADOran_Sentences.tsv#Sentno=766"	"766"	"حنا ولادك زايدين فالحواش كابرين في الحومات رحلونا و سكنونا في بطيمات ."	"13"	"MADOran_Sentences.tsv"	"CC-BY-NC-3.0-MADORAN"	"canonical"	"source_exact"	"not_started"
"madoran-s6-sentno-0767"	"S6"	"MADOran_Sentences.tsv#Sentno=767"	"767"	"وهران وساعت و على ولادها ضياقت بناو فيك حي شباب و جديد و سماوه العقيد ."	"16"	"MADOran_Sentences.tsv"	"CC-BY-NC-3.0-MADORAN"	"canonical"	"source_exact"	"not_started"
"madoran-s6-sentno-0768"	"S6"	"MADOran_Sentences.tsv#Sentno=768"	"768"	"سكنو لي جاي من بعيد و ولادك في براريك تع حديد مالكي يا وهران ? ! ! لي يزورك يتصور مع سبع و في زينك ينخلع . ترحبي بالضيف فالمشتة و الصيف ,"	"33"	"MADOran_Sentences.tsv"	"CC-BY-NC-3.0-MADORAN"	"canonical"	"source_exact"	"not_started"
"madoran-s6-sentno-0769"	"S6"	"MADOran_Sentences.tsv#Sentno=769"	"769"	"يجو يبحرو و يسهروا و ممبعد فيك يعايرو ."	"9"	"MADOran_Sentences.tsv"	"CC-BY-NC-3.0-MADORAN"	"canonical"	"source_exact"	"not_started"
"madoran-s6-sentno-0770"	"S6"	"MADOran_Sentences.tsv#Sentno=770"	"770"	"مالكي يا وهران ? ! ! حواشك هدموهم و ليسوفنير ضيعوهم . بنت وهران بنكوتها و غاشيها و كشفة خاطيها مسنة فالدار و حصلتو كلشي فيها"	"26"	"MADOran_Sentences.tsv"	"CC-BY-NC-3.0-MADORAN"	"canonical"	"source_exact"	"not_started"
"madoran-s6-sentno-0771"	"S6"	"MADOran_Sentences.tsv#Sentno=771"	"771"	"مرزاق راك جايبني هنا باش تهدلي هاد هدرة . زينو متكطعليش هدرة و خليني نفهمك . كي دايرة هادي تبيع لنا دارنا و تقولي متكطعليش هدرة خليتك تبيع لواطا دروك باغي تبيع لنا دارنا"	"34"	"MADOran_Sentences.tsv"	"CC-BY-NC-3.0-MADORAN"	"canonical"	"source_exact"	"not_started"
"madoran-s6-sentno-0772"	"S6"	"MADOran_Sentences.tsv#Sentno=772"	"772"	"صحا بركا ما دير فتبهديل ناس راها تسمع فينا . شا دخلني فناس راك عرف شا صرا في هاد شهر و لا ?"	"23"	"MADOran_Sentences.tsv"	"CC-BY-NC-3.0-MADORAN"	"canonical"	"source_exact"	"not_started"
"madoran-s6-sentno-0773"	"S6"	"MADOran_Sentences.tsv#Sentno=773"	"773"	"خسرنا بونا و بونك سيزتنا شركة و دروك باغي تبيع لنا دارنا نقعدو بلا دار و لا شاه ."	"19"	"MADOran_Sentences.tsv"	"CC-BY-NC-3.0-MADORAN"	"canonical"	"source_exact"	"not_started"
"madoran-s6-sentno-0774"	"S6"	"MADOran_Sentences.tsv#Sentno=774"	"774"	"عندك حل وخداخر مدهلي . مشي مشكلتي هادي نتا لقا حل باش تبيع دارنا غير قلعها من راسك ."	"19"	"MADOran_Sentences.tsv"	"CC-BY-NC-3.0-MADORAN"	"canonical"	"source_exact"	"not_started"
"madoran-s6-sentno-0775"	"S6"	"MADOran_Sentences.tsv#Sentno=775"	"775"	"يا زينو بشوية و خليني نفهمك مشقاقش تقعد تيبس في راسك فيلا كبيرة بزاف منقدوش على مصاريفها ما نقدوش مامبا نقوها ."	"22"	"MADOran_Sentences.tsv"	"CC-BY-NC-3.0-MADORAN"	"canonical"	"source_exact"	"not_started"
"madoran-s6-sentno-0776"	"S6"	"MADOran_Sentences.tsv#Sentno=776"	"776"	"انا قلت خلينا نبيعو فيلا و نشرو دار صغيرة انا وياك على حسابنا و دراهم الي بقاو نديرو بيهم كاش بروجي ندورو بيه شوية بيلاما وقفنا على كرعينا ."	"29"	"MADOran_Sentences.tsv"	"CC-BY-NC-3.0-MADORAN"	"canonical"	"source_exact"	"not_started"
"madoran-s6-sentno-0777"	"S6"	"MADOran_Sentences.tsv#Sentno=777"	"777"	"أيا نديرو بلي هدا هو حل تبيعها فزوج ملايير ? علاه لقيت شاري وخداخور و قلت لا . أي دارنا شابة و جاية في بلاصة شابة تحطها في واد كنيس تجيبلك 10 نورمال ."	"34"	"MADOran_Sentences.tsv"	"CC-BY-NC-3.0-MADORAN"	"canonical"	"source_exact"	"not_started"
"madoran-s6-sentno-0778"	"S6"	"MADOran_Sentences.tsv#Sentno=778"	"778"	"يا مكانش البيع مكانش الي عطانا رانا في خمس شهر و حنا نقارعو ماكنش رحت عند اجونس ايموبلياغ قالي مكانش مكانش الي بغى يشريها لقينا شاري ميليقش نبدلوه ."	"29"	"MADOran_Sentences.tsv"	"CC-BY-NC-3.0-MADORAN"	"canonical"	"source_exact"	"not_started"
"madoran-s6-sentno-0779"	"S6"	"MADOran_Sentences.tsv#Sentno=779"	"779"	"صباح الخير لي جون صافا ? واه صافا نجم نريح معاكم شوية ? لا راني نهدر مع خويا الله يفتح عليك . باغي نحكي معاكم شوية تفضل تفضل . ميرسي ."	"31"	"MADOran_Sentences.tsv"	"CC-BY-NC-3.0-MADORAN"	"canonical"	"source_exact"	"not_started"
"madoran-s6-sentno-0780"	"S6"	"MADOran_Sentences.tsv#Sentno=780"	"780"	"هادي هي فيلا واه راك تشوف راك في كارتي كالم و عندك كلشي حداك . مرحبا بيك . نقدندخلو نشوفو ?"	"21"	"MADOran_Sentences.tsv"	"CC-BY-NC-3.0-MADORAN"	"canonical"	"source_exact"	"not_started"
"madoran-s6-sentno-0781"	"S6"	"MADOran_Sentences.tsv#Sentno=781"	"781"	"واه دوك ندخلو بص ندخلو مالباب . حمبوك قولي سي جمال هادي فيلا تع 3 مليار . ساهل حال نشوفو و منبعد نهدرو . ادي و الله ما تلقاها بهاد سومة قاع . تفضل . صحيت ."	"37"	"MADOran_Sentences.tsv"	"CC-BY-NC-3.0-MADORAN"	"canonical"	"source_exact"	"not_started"
"madoran-s6-sentno-0782"	"S6"	"MADOran_Sentences.tsv#Sentno=782"	"782"	"سي الياس سمحلي علابالي مشي وقتها بصح لازم تقول للوالدة غدوة نشاء الله تجيني للمكتب في موضوع مهم سمحلي ."	"20"	"MADOran_Sentences.tsv"	"CC-BY-NC-3.0-MADORAN"	"canonical"	"source_exact"	"not_started"
"madoran-s6-sentno-0783"	"S6"	"MADOran_Sentences.tsv#Sentno=783"	"783"	"مشي مشكل استاد مشي مشكل . بارك الله فيك و كوراج سيرتو . ميرسي ربي معاك انشاء الله ."	"19"	"MADOran_Sentences.tsv"	"CC-BY-NC-3.0-MADORAN"	"canonical"	"source_exact"	"not_started"
"madoran-s6-sentno-0784"	"S6"	"MADOran_Sentences.tsv#Sentno=784"	"784"	"اني نقارع بطاو . الو نعم استاد ا سمع راني فهمتك حتى يوصلو و منبعد انا نهدر معاك باش توجد لي زاكت اوك . واه عيطت و مرادوش خايف الا لقاو كاش واحد و مدلهم كتر معليش معليش . اقطع اقطع راهم دخلو ."	"44"	"MADOran_Sentences.tsv"	"CC-BY-NC-3.0-MADORAN"	"canonical"	"source_exact"	"not_started"
"madoran-s6-sentno-0785"	"S6"	"MADOran_Sentences.tsv#Sentno=785"	"785"	"منبعد نهدرو اوك ."	"4"	"MADOran_Sentences.tsv"	"CC-BY-NC-3.0-MADORAN"	"canonical"	"source_exact"	"not_started"
"madoran-s6-sentno-0786"	"S6"	"MADOran_Sentences.tsv#Sentno=786"	"786"	"السلام عليكم سلام و رحمته الله . لاباس ? شا كاين قلقتوني يا جماعة ياك غير خير ? ادي غير خير اني حشمان نهدر معاك ملقيتش شا نقولك . ا بطيتو شويا و انا عندي طيارة نديها أ ميدي . و الله غير سمحلنا ."	"45"	"MADOran_Sentences.tsv"	"CC-BY-NC-3.0-MADORAN"	"canonical"	"source_exact"	"not_started"
"madoran-s6-sentno-0787"	"S6"	"MADOran_Sentences.tsv#Sentno=787"	"787"	"شا كاين ? هاولاهدر معاه ."	"6"	"MADOran_Sentences.tsv"	"CC-BY-NC-3.0-MADORAN"	"canonical"	"source_exact"	"not_started"
"madoran-s6-sentno-0788"	"S6"	"MADOran_Sentences.tsv#Sentno=788"	"788"	"سليم شا تشرب ? شوف سي جمال انا نجيك ملخر انا هاد لفير مدخلتش راسي و مانيش قابل بيها . درتو في رايكم ? مشي بارك اتفقنا نورمالمون نتلاقو اليوم باش نكملو شرية ."	"34"	"MADOran_Sentences.tsv"	"CC-BY-NC-3.0-MADORAN"	"canonical"	"source_exact"	"not_started"
"madoran-s6-sentno-0789"	"S6"	"MADOran_Sentences.tsv#Sentno=789"	"789"	"شوف انا ما درت في رايي ما والو ,"	"9"	"MADOran_Sentences.tsv"	"CC-BY-NC-3.0-MADORAN"	"canonical"	"source_exact"	"not_started"
"madoran-s6-sentno-0790"	"S6"	"MADOran_Sentences.tsv#Sentno=790"	"790"	"انا راني عارف كي داير بيع و شرا خويا صغير ما يعرفش هاد صوالح شغل راها باينتله بلي نتايا راك تبروفيتي م لاسيتياسيون تاعه . اه تسما درتو في رايكم ."	"31"	"MADOran_Sentences.tsv"	"CC-BY-NC-3.0-MADORAN"	"canonical"	"source_exact"	"not_started"
"madoran-s6-sentno-0791"	"S6"	"MADOran_Sentences.tsv#Sentno=791"	"791"	"هاولا قدامك و هدر معاه . سليم نورمالمون بارح كملنا هدرة و اتفقنا باش نكملو اليوم معليش نقدر ظروفكم عارف راكم دورو في ظروف حرجة شوية"	"26"	"MADOran_Sentences.tsv"	"CC-BY-NC-3.0-MADORAN"	"canonical"	"source_exact"	"not_started"
"madoran-s6-sentno-0792"	"S6"	"MADOran_Sentences.tsv#Sentno=792"	"792"	"انا نزيدكم 500 مليون و منزيدوش نهدرو ."	"8"	"MADOran_Sentences.tsv"	"CC-BY-NC-3.0-MADORAN"	"canonical"	"source_exact"	"not_started"
"madoran-s6-sentno-0793"	"S6"	"MADOran_Sentences.tsv#Sentno=793"	"793"	"هادي كلمتك تالية ? اخر كلمة . ادي غير خليها تلات ملايير و ستمية و لا 4 ملايير لا شد كلمة لولا تاعك 3 ملايير و 600 بون كو اوك ? أيا صايي ما عندك ما تهدر ."	"38"	"MADOran_Sentences.tsv"	"CC-BY-NC-3.0-MADORAN"	"canonical"	"source_exact"	"not_started"
"madoran-s6-sentno-0794"	"S6"	"MADOran_Sentences.tsv#Sentno=794"	"794"	"ادي تعرف دارنا شعال تجيب غادس غدوة يبيعها تجيبله عشر ملايير نورمال . مكانش بيع مالك راك تهبل فينا . نتكلو على الله . انا راني موافق نقول مبروك ادا بغيت ."	"32"	"MADOran_Sentences.tsv"	"CC-BY-NC-3.0-MADORAN"	"canonical"	"source_exact"	"not_started"
"madoran-s6-sentno-0795"	"S6"	"MADOran_Sentences.tsv#Sentno=795"	"795"	"لا انا ما نقول مبروك حتى نسني لاكت . اسمعو كاين مليار واجد هداك غادي نمدهلكم اكيفالون بالاورو . مكانش مشكل ندوه بالاورو مهم نتا كواعط تاع فيلا شفتهم و ليزوغجينو جبتوهم"	"32"	"MADOran_Sentences.tsv"	"CC-BY-NC-3.0-MADORAN"	"canonical"	"source_exact"	"not_started"
"madoran-s6-sentno-0796"	"S6"	"MADOran_Sentences.tsv#Sentno=796"	"796"	"? رانا جايبين ليزوغيجينو واه و نكوة عندكم ? عندنا لي كارت توعنا أيا تري بيان لي كلي ? راهم عندي تبغي قاع روح معاك لفيلا بلاك كاش ما تحتاج و لا متعرفش ."	"34"	"MADOran_Sentences.tsv"	"CC-BY-NC-3.0-MADORAN"	"canonical"	"source_exact"	"not_started"
"madoran-s6-sentno-0797"	"S6"	"MADOran_Sentences.tsv#Sentno=797"	"797"	"لا معنديش وقت عندي انافيون نخي ايرجون تلفون تاعك راه عندي نهدر معاك وقت لي نسحقك . مكانش مشكل وقت لي تبغي مانش مشكل في ليل عيطلي نجيك ما كانش مشكل ."	"32"	"MADOran_Sentences.tsv"	"CC-BY-NC-3.0-MADORAN"	"canonical"	"source_exact"	"not_started"
"madoran-s6-sentno-0798"	"S6"	"MADOran_Sentences.tsv#Sentno=798"	"798"	"أيا صحا دراهم وين راهم ? اه دراهم دراهم راهم عند نوتار تو سيني تدي دراهمك سي بون ? نروحو دروك لا بغيت . أيا نتكلو على الله ."	"29"	"MADOran_Sentences.tsv"	"CC-BY-NC-3.0-MADORAN"	"canonical"	"source_exact"	"not_started"
"madoran-s6-sentno-0799"	"S6"	"MADOran_Sentences.tsv#Sentno=799"	"799"	"سليمة تبغي نزيدلك شوية قهوة . لا صحيتي حقا حبيتي مقلتليش شا رايك فالديكور و فيلا ? عجبك قو تاعي ? أمم علامة ."	"24"	"MADOran_Sentences.tsv"	"CC-BY-NC-3.0-MADORAN"	"canonical"	"source_exact"	"not_started"
"madoran-s6-sentno-0800"	"S6"	"MADOran_Sentences.tsv#Sentno=800"	"800"	"تعرفي شركت لخالد قتله نبغي ديكور مخير تاع الجي . تعرفي خوك ميقوليش لا . مازال مينوضش ? لا دخل مع فجر و راه عيان بزاف ."	"27"	"MADOran_Sentences.tsv"	"CC-BY-NC-3.0-MADORAN"	"canonical"	"source_exact"	"not_started"
"madoran-s6-sentno-0801"	"S6"	"MADOran_Sentences.tsv#Sentno=801"	"801"	"صبيحة ? واه اروحو تشوفو عمتكم يا عمري على زينة تاعي يا عمري يا عمري على بنتي يا عمري أيا عندي . كي توحشتها بنتي ."	"26"	"MADOran_Sentences.tsv"	"CC-BY-NC-3.0-MADORAN"	"canonical"	"source_exact"	"not_started"
"madoran-s6-sentno-0802"	"S6"	"MADOran_Sentences.tsv#Sentno=802"	"802"	"كيراك راك غاية ? ما تحصو تزيدو تشفوها دوك تتوحشوها . نتي شكون قالك راني رايحة ليوم اه . لا يبغوك و يتوحشوك بصح . راني قاعدة على قلبك واقيلا ."	"31"	"MADOran_Sentences.tsv"	"CC-BY-NC-3.0-MADORAN"	"canonical"	"source_exact"	"not_started"
"madoran-s6-sentno-0803"	"S6"	"MADOran_Sentences.tsv#Sentno=803"	"803"	"حاشا سليمة هادي هدرة دار دار خوك و لي جوغ تقعدي فيها وقت ما تبغي . يلا دوك يفوتهم الحال روحو تقرو ."	"23"	"MADOran_Sentences.tsv"	"CC-BY-NC-3.0-MADORAN"	"canonical"	"source_exact"	"not_started"
"madoran-s6-sentno-0804"	"S6"	"MADOran_Sentences.tsv#Sentno=804"	"804"	"وليتي تعرفي تمتلي بسلامتك ملي جيتي هنا كلشي تبدل نسيتي نسيتي واقيل بلي كابرين مع بعض و لي قاريه ديب حافظه سلوقي ."	"23"	"MADOran_Sentences.tsv"	"CC-BY-NC-3.0-MADORAN"	"canonical"	"source_exact"	"not_started"
"madoran-s6-sentno-0805"	"S6"	"MADOran_Sentences.tsv#Sentno=805"	"805"	"بيضي قلبك يا سليمة نساي سنين باهية و ليام عوجة انا مدابيا ننسى جدها راجلك راجلك هو لي مخلانيش نخرج منها لا انا لا راجلي . ا"	"27"	"MADOran_Sentences.tsv"	"CC-BY-NC-3.0-MADORAN"	"canonical"	"source_exact"	"not_started"
"madoran-s6-sentno-0806"	"S6"	"MADOran_Sentences.tsv#Sentno=806"	"806"	"قالك ما عندهش اللي يقابله صوالحه في وهران صافي كاين غير علي الي سقابله صوالحه كاين مية و متين واحد الي يقابله ."	"23"	"MADOran_Sentences.tsv"	"CC-BY-NC-3.0-MADORAN"	"canonical"	"source_exact"	"not_started"
"madoran-s6-sentno-0807"	"S6"	"MADOran_Sentences.tsv#Sentno=807"	"807"	"يقابل صوالحه يا سيدي علاه شا معنتها نتوما جيتو هنا و خليتونا حنا تماك منستعلوش باش نكبرو و تسقم لنا ليام و لا متجيش علينا ."	"26"	"MADOran_Sentences.tsv"	"CC-BY-NC-3.0-MADORAN"	"canonical"	"source_exact"	"not_started"
"madoran-s6-sentno-0808"	"S6"	"MADOran_Sentences.tsv#Sentno=808"	"808"	"راكي في عقلك سليمة راكي عارفو مليح علاه خالد هرب من وهران لياه تحسبي في يوسف و جماعته يزعقو ?"	"20"	"MADOran_Sentences.tsv"	"CC-BY-NC-3.0-MADORAN"	"canonical"	"source_exact"	"not_started"
"madoran-s6-sentno-0809"	"S6"	"MADOran_Sentences.tsv#Sentno=809"	"809"	"متخافيش على خوك ? نخاف على خويا كتر منك و اني باغية نكون معاه علاه ?"	"16"	"MADOran_Sentences.tsv"	"CC-BY-NC-3.0-MADORAN"	"canonical"	"source_exact"	"not_started"
"madoran-s6-sentno-0810"	"S6"	"MADOran_Sentences.tsv#Sentno=810"	"810"	"نتي غادي تجي خير من ماه و خته و نتي راكي باغية خالد يخلي مرته و ولاده في وهران و يجي خالد ميقدش يعيش بعيد علينا و حنا كي جينا جينا على جال ولاد باش يدخلو ايكول بريفي باش يتربو مليح ."	"42"	"MADOran_Sentences.tsv"	"CC-BY-NC-3.0-MADORAN"	"canonical"	"source_exact"	"not_started"
"madoran-s6-sentno-0811"	"S6"	"MADOran_Sentences.tsv#Sentno=811"	"811"	"و دوك يجو علاه ? ما عندكم علاه هنا و لا لهيه كيف كيف . راكي تعايري فيا كي منولدش علاه انا بغيت على روحي هادي حاجة ربي ."	"29"	"MADOran_Sentences.tsv"	"CC-BY-NC-3.0-MADORAN"	"canonical"	"source_exact"	"not_started"
"madoran-s6-sentno-0812"	"S6"	"MADOran_Sentences.tsv#Sentno=812"	"812"	"الي يقول كلمة حق يعير . كاش وحدة تعاير مرت خوها نعلي بليس خلينا من هاد هدرة نولو في هدرة وخدوخرة ."	"22"	"MADOran_Sentences.tsv"	"CC-BY-NC-3.0-MADORAN"	"canonical"	"source_exact"	"not_started"
"madoran-s6-sentno-0813"	"S6"	"MADOran_Sentences.tsv#Sentno=813"	"813"	"روحي نوضيه . لا منقدش نوضه راكي تعرفيه بلي مقلق . شوفي لي يديني وهران راه قريب يجي و مانيش باغية نروح بلا ما نشوف خويا روحي نوضيه ."	"29"	"MADOran_Sentences.tsv"	"CC-BY-NC-3.0-MADORAN"	"canonical"	"source_exact"	"not_started"
"madoran-s6-sentno-0814"	"S6"	"MADOran_Sentences.tsv#Sentno=814"	"814"	"سليمة دار دار خوك راهي دارك تبغي طلعي نوضيه نوضيه تبغي تقرعي له روحي قرعي له فصالون ."	"18"	"MADOran_Sentences.tsv"	"CC-BY-NC-3.0-MADORAN"	"canonical"	"source_exact"	"not_started"
"madoran-s6-sentno-0815"	"S6"	"MADOran_Sentences.tsv#Sentno=815"	"815"	"تعرفي شا ندير غادي انا نعيط لشوفور هو يرجه لوهران و نتي بقاي حتا لسمانة جاية داكور ? تزعقس عليا واقيلا ."	"22"	"MADOran_Sentences.tsv"	"CC-BY-NC-3.0-MADORAN"	"canonical"	"source_exact"	"not_started"
"madoran-s6-sentno-0816"	"S6"	"MADOran_Sentences.tsv#Sentno=816"	"816"	"اوغفوار سي جمال . اوغفوار مادموزال ميرسي تبقي على خير . مرحبا بيك . ا ماركش تشوف صاحبي ? سمحلي ."	"21"	"MADOran_Sentences.tsv"	"CC-BY-NC-3.0-MADORAN"	"canonical"	"source_exact"	"not_started"
"madoran-s6-sentno-0817"	"S6"	"MADOran_Sentences.tsv#Sentno=817"	"817"	"لا غير خلي صاحبي . باردون ."	"7"	"MADOran_Sentences.tsv"	"CC-BY-NC-3.0-MADORAN"	"canonical"	"source_exact"	"not_started"
"madoran-s6-sentno-0818"	"S6"	"MADOran_Sentences.tsv#Sentno=818"	"818"	"صباح الخير استاد راه هنا ? عندك موعد معاه واه عندي . تفضلو ريحو قارعو شوية ."	"17"	"MADOran_Sentences.tsv"	"CC-BY-NC-3.0-MADORAN"	"canonical"	"source_exact"	"not_started"
"madoran-s6-sentno-0819"	"S6"	"MADOran_Sentences.tsv#Sentno=819"	"819"	"علبالك مادم كنت عندك تلميد بكري . ابون ? سي بورسا دايوغ لي ستدعيتك او باغسون في وحد موضوع . خير انشا الله ."	"24"	"MADOran_Sentences.tsv"	"CC-BY-NC-3.0-MADORAN"	"canonical"	"source_exact"	"not_started"
"madoran-s6-sentno-0820"	"S6"	"MADOran_Sentences.tsv#Sentno=820"	"820"	"بغيت نقولك المرحوم جيست قبل ما يتوفى باع أملاك تاوعه . شا ولا ? نعم مادام . ما عندي حتى فكرة على هادا موضوع . مالوغزمون هادا لي صرا ."	"30"	"MADOran_Sentences.tsv"	"CC-BY-NC-3.0-MADORAN"	"canonical"	"source_exact"	"not_started"
"madoran-s6-sentno-0821"	"S6"	"MADOran_Sentences.tsv#Sentno=821"	"821"	"دوك نفهمك املاك تاوعه باعهم قاع بيع قانوني . كلش راه مسجل كريم ولاد خوه ناصر ."	"17"	"MADOran_Sentences.tsv"	"CC-BY-NC-3.0-MADORAN"	"canonical"	"source_exact"	"not_started"
"madoran-s6-sentno-0822"	"S6"	"MADOran_Sentences.tsv#Sentno=822"	"822"	"و ولده ? سي بوغ سا قتلك قبيلة ستدعيتك اوباغسون باش نقولهالك انا لول اوموان توجدي روحك مادم قبل ما يقولوها لك اهل تاعه و تتشوكي"	"26"	"MADOran_Sentences.tsv"	"CC-BY-NC-3.0-MADORAN"	"canonical"	"source_exact"	"not_started"
"madoran-s6-sentno-0823"	"S6"	"MADOran_Sentences.tsv#Sentno=823"	"823"	"و فيلا لي رانا ساكنين فيها ?"	"7"	"MADOran_Sentences.tsv"	"CC-BY-NC-3.0-MADORAN"	"canonical"	"source_exact"	"not_started"
"madoran-s6-sentno-0824"	"S6"	"MADOran_Sentences.tsv#Sentno=824"	"824"	"تاني باعها كلش مادم . وين غادي نروح انا و ولدي ."	"12"	"MADOran_Sentences.tsv"	"CC-BY-NC-3.0-MADORAN"	"canonical"	"source_exact"	"not_started"
"madoran-s6-sentno-0825"	"S6"	"MADOran_Sentences.tsv#Sentno=825"	"825"	"في هاد شي كونك مهنية هو دومندالي نزيد فعقد تع فيلا بلي تونك راكي فالحياة ما عندهم ما يدوها"	"19"	"MADOran_Sentences.tsv"	"CC-BY-NC-3.0-MADORAN"	"canonical"	"source_exact"	"not_started"
"madoran-s6-sentno-0826"	"S6"	"MADOran_Sentences.tsv#Sentno=826"	"826"	"و سمحيلي على هادي كلمة و الله ما عرفت كيفاش نجيبهالك مدام ربي يطول في عمرك انشا الله على كل الحال ."	"22"	"MADOran_Sentences.tsv"	"CC-BY-NC-3.0-MADORAN"	"canonical"	"source_exact"	"not_started"
"madoran-s6-sentno-0827"	"S6"	"MADOran_Sentences.tsv#Sentno=827"	"827"	"حتى بعد وفاة تاعك ابري اوتوماتيكمون تعاود تولي فيلا لولاد خوه ناصر و هوما لراهم مسنيين عليها هنا لزوج . مافيهش خير داري يدوها ولاد خوه و يقارعوني كي نموت باش يدوها ."	"33"	"MADOran_Sentences.tsv"	"CC-BY-NC-3.0-MADORAN"	"canonical"	"source_exact"	"not_started"
"madoran-s6-sentno-0828"	"S6"	"MADOran_Sentences.tsv#Sentno=828"	"828"	"جو سوي ديزولي مادم هدا لي صرا . و هاد مسكين شاهو دنب تاعه ?"	"15"	"MADOran_Sentences.tsv"	"CC-BY-NC-3.0-MADORAN"	"canonical"	"source_exact"	"not_started"
"madoran-s6-sentno-0829"	"S6"	"MADOran_Sentences.tsv#Sentno=829"	"829"	"على كل حال المرحوم كان كافل سي الياس بصح راكي على علم بلي كفالة متعطيش حق مكفول يورت مام لوكان يكون لو مام نوم ."	"25"	"MADOran_Sentences.tsv"	"CC-BY-NC-3.0-MADORAN"	"canonical"	"source_exact"	"not_started"
"madoran-s6-sentno-0830"	"S6"	"MADOran_Sentences.tsv#Sentno=830"	"830"	"اسمع روح ضربدورة سامينيت و رجع عندي . طولت عليك ليوم واقيلا . مشقاش تزقي ."	"16"	"MADOran_Sentences.tsv"	"CC-BY-NC-3.0-MADORAN"	"canonical"	"source_exact"	"not_started"
"madoran-s6-sentno-0831"	"S6"	"MADOran_Sentences.tsv#Sentno=831"	"831"	"شا جابك عندي حمبوك ? متخافش نتا خاتيك نتا غير زوالي . انا زواليا منقربش ليهم . قلي شكون نتا ? و شا جابك عندي ? متحوسش تفهم اسمع . و يديا هادو ."	"34"	"MADOran_Sentences.tsv"	"CC-BY-NC-3.0-MADORAN"	"canonical"	"source_exact"	"not_started"
"madoran-s6-sentno-0832"	"S6"	"MADOran_Sentences.tsv#Sentno=832"	"832"	"اسمعني متخلينيش ندير حاجا منبغيهاش انا غادي نحلك بصح بلاك تعيط و لا دير حس فهمت ? فهمتني ? اني نهدر معاك . تليفون تاعي مفاتيح لي عطيتهم لي تع فيلا ."	"32"	"MADOran_Sentences.tsv"	"CC-BY-NC-3.0-MADORAN"	"canonical"	"source_exact"	"not_started"
"madoran-s6-sentno-0833"	"S6"	"MADOran_Sentences.tsv#Sentno=833"	"833"	"هاولا تليفونك و مفاتيح تع فيلا طحولي . شوالا ? ودرتهم ? اسكت مشي قتلك متعيطش ?"	"17"	"MADOran_Sentences.tsv"	"CC-BY-NC-3.0-MADORAN"	"canonical"	"source_exact"	"not_started"
"madoran-s6-sentno-0834"	"S6"	"MADOran_Sentences.tsv#Sentno=834"	"834"	"اني نهدر معاك غير بالعقل . ريح و اسمعني مليح اقسم بالله و تبوجي و لا تلحقني كي نخرج اقسم بالله ندبحك فهمتني ? ايا رول صاحبي ."	"28"	"MADOran_Sentences.tsv"	"CC-BY-NC-3.0-MADORAN"	"canonical"	"source_exact"	"not_started"
"madoran-s6-sentno-0835"	"S6"	"MADOran_Sentences.tsv#Sentno=835"	"835"	"دليلة حمبوك عسيلي طابلة تاعي نروح نمشط شعري عند نريمان و نعاود نولي ."	"14"	"MADOran_Sentences.tsv"	"CC-BY-NC-3.0-MADORAN"	"canonical"	"source_exact"	"not_started"
"madoran-s6-sentno-0836"	"S6"	"MADOran_Sentences.tsv#Sentno=836"	"836"	"يا بنتي شايلا هادي نريمان رايحتلها صباح الله تمشطلك شعرك ممشطتيش ? ستفتحي قبل ."	"15"	"MADOran_Sentences.tsv"	"CC-BY-NC-3.0-MADORAN"	"canonical"	"source_exact"	"not_started"
"madoran-s6-sentno-0837"	"S6"	"MADOran_Sentences.tsv#Sentno=837"	"837"	"منبطاش ما قبل ما يجو لي كليون . دليلة احرزي كاش وحدة تخلطلي فسلعة تاعي ياه ."	"17"	"MADOran_Sentences.tsv"	"CC-BY-NC-3.0-MADORAN"	"canonical"	"source_exact"	"not_started"
"madoran-s6-sentno-0838"	"S6"	"MADOran_Sentences.tsv#Sentno=838"	"838"	"صحا ختي روحي . نريان صباح خير . صباح خير حبيبتي كيراكي ? غاية ."	"15"	"MADOran_Sentences.tsv"	"CC-BY-NC-3.0-MADORAN"	"canonical"	"source_exact"	"not_started"
"madoran-s6-sentno-0839"	"S6"	"MADOran_Sentences.tsv#Sentno=839"	"839"	"مالكي شا كي تشوفي . والو والو . كيفاه والو ? منبعد نفهمك ارواحي وقفي هنا درقيني غادي نفري وحد صوالح و نعاود نولي ."	"25"	"MADOran_Sentences.tsv"	"CC-BY-NC-3.0-MADORAN"	"canonical"	"source_exact"	"not_started"
"madoran-s6-sentno-0840"	"S6"	"MADOran_Sentences.tsv#Sentno=840"	"840"	"يا فتاح يا رزاق شوفي نتي كاش نهار غادي تباصيني بخدايمك هادو . حمبوك نريمان هاد خطرة و صايي . أيا صحا ."	"23"	"MADOran_Sentences.tsv"	"CC-BY-NC-3.0-MADORAN"	"canonical"	"source_exact"	"not_started"
"madoran-s6-sentno-0841"	"S6"	"MADOran_Sentences.tsv#Sentno=841"	"841"	"ليا روحي ربي يسهلك . ها بنات لي عندهم زهرتحسب انا ."	"12"	"MADOran_Sentences.tsv"	"CC-BY-NC-3.0-MADORAN"	"canonical"	"source_exact"	"not_started"
"madoran-s6-sentno-0842"	"S6"	"MADOran_Sentences.tsv#Sentno=842"	"842"	"لي راك تسالهم جابولك دراهم ?"	"6"	"MADOran_Sentences.tsv"	"CC-BY-NC-3.0-MADORAN"	"canonical"	"source_exact"	"not_started"
"madoran-s6-sentno-0843"	"S6"	"MADOran_Sentences.tsv#Sentno=843"	"843"	"مازال زوج خطرات و انا نروح عند حسين ."	"9"	"MADOran_Sentences.tsv"	"CC-BY-NC-3.0-MADORAN"	"canonical"	"source_exact"	"not_started"
"madoran-s6-sentno-0844"	"S6"	"MADOran_Sentences.tsv#Sentno=844"	"844"	"علاه راه عطيكم كونتونار ? ربع باليطات ما باعوهمش"	"9"	"MADOran_Sentences.tsv"	"CC-BY-NC-3.0-MADORAN"	"canonical"	"source_exact"	"not_started"
"madoran-s6-sentno-0845"	"S6"	"MADOran_Sentences.tsv#Sentno=845"	"845"	"باعهم و قالي صبر عليا شوية شيبانية كانت محتاجة"	"9"	"MADOran_Sentences.tsv"	"CC-BY-NC-3.0-MADORAN"	"canonical"	"source_exact"	"not_started"
"madoran-s6-sentno-0846"	"S6"	"MADOran_Sentences.tsv#Sentno=846"	"846"	"ايوا تسما انا عندي صوصيال و لا شوف مع توفيق يدبر راسه معاهم هو لي جابهم ."	"17"	"MADOran_Sentences.tsv"	"CC-BY-NC-3.0-MADORAN"	"canonical"	"source_exact"	"not_started"
"madoran-s6-sentno-0847"	"S6"	"MADOran_Sentences.tsv#Sentno=847"	"847"	"وين كنت ? نخدم على شري . نوض كاش ما تنافيقي على روحك نوض قاعد ما دير والو في حياتك ."	"21"	"MADOran_Sentences.tsv"	"CC-BY-NC-3.0-MADORAN"	"canonical"	"source_exact"	"not_started"
"madoran-s6-sentno-0848"	"S6"	"MADOran_Sentences.tsv#Sentno=848"	"848"	"الو ? واه شا كاين صباح ربي شكون ? شا قالوله ? صحا صحا . دوك انا ندبر رلسي معاه هداك رخس . أي تشو نقولك كاش ما كاين سلعة مليحة ? تع بارح تحسب حنة . راسي باغي يترتق . أيا صحا ."	"44"	"MADOran_Sentences.tsv"	"CC-BY-NC-3.0-MADORAN"	"canonical"	"source_exact"	"not_started"
"madoran-s6-sentno-0849"	"S6"	"MADOran_Sentences.tsv#Sentno=849"	"849"	"شا باغية طيبي ? حريرة . حريرة كل يوم حريرة ."	"11"	"MADOran_Sentences.tsv"	"CC-BY-NC-3.0-MADORAN"	"canonical"	"source_exact"	"not_started"
"madoran-s6-sentno-0850"	"S6"	"MADOran_Sentences.tsv#Sentno=850"	"850"	"ميرة . شا راك باغي مني عمي علي ? اني باغيك نتي ."	"13"	"MADOran_Sentences.tsv"	"CC-BY-NC-3.0-MADORAN"	"canonical"	"source_exact"	"not_started"
"madoran-s6-sentno-0851"	"S6"	"MADOran_Sentences.tsv#Sentno=851"	"851"	"ها نقعدو غير نعاودو انا تاني بصح في حلال . أيا صحا نديرو عقد بيناتنا زواج عرفي ."	"18"	"MADOran_Sentences.tsv"	"CC-BY-NC-3.0-MADORAN"	"canonical"	"source_exact"	"not_started"
"madoran-s6-sentno-0852"	"S6"	"MADOran_Sentences.tsv#Sentno=852"	"852"	"منيتك ? لوكان جيت ملكطة و لا ما عنديش اصل بلاك نقبل بصح انا عندي ما و ختي كي غادي ندير معاهم . قلبي راه ينحرق و الحل ? قول لمرتك ادا قبلت أرواح تخطبني تما نشوفو ."	"38"	"MADOran_Sentences.tsv"	"CC-BY-NC-3.0-MADORAN"	"canonical"	"source_exact"	"not_started"
"madoran-s6-sentno-0853"	"S6"	"MADOran_Sentences.tsv#Sentno=853"	"853"	"ها راك باغيني نقيس روحي غير هاك انا مازلني صغيرة نتا كبرت اني باغية نضمن روحي و مرتك غادي نجملها انا راني جاية لدنيا و باغية نعيش و لوكان جابتلك بنت تقبل تقيس روحها مع لوالا . شا هو هدا ?"	"41"	"MADOran_Sentences.tsv"	"CC-BY-NC-3.0-MADORAN"	"canonical"	"source_exact"	"not_started"
"madoran-s6-sentno-0854"	"S6"	"MADOran_Sentences.tsv#Sentno=854"	"854"	"راكي تعايري فيا باسكوري متجيبش دراري . انا ? الله يقطعلي لساني انا قاع منخممش كيما هاك . نتا تاني حس بيا شويا ."	"24"	"MADOran_Sentences.tsv"	"CC-BY-NC-3.0-MADORAN"	"canonical"	"source_exact"	"not_started"
"madoran-s6-sentno-0855"	"S6"	"MADOran_Sentences.tsv#Sentno=855"	"855"	"بصح نتي معلبالك بوالو خليني نفهمك . واه علابالي غادي تقولي خوها دراعه طويل ها نتا تاني ماشي ساهل و لا مين خدمتك و صوالحك معاه ? مرتك ادا قبلت حاجا ما غادي تتبدل و الي راها واقفة قدامك تاني تسوى انا ما ني طالبة غير الهنا ."	"48"	"MADOran_Sentences.tsv"	"CC-BY-NC-3.0-MADORAN"	"canonical"	"source_exact"	"not_started"
"madoran-s6-sentno-0856"	"S6"	"MADOran_Sentences.tsv#Sentno=856"	"856"	"قعد . قتلي واحد سجنك تلات أيام في براكة تع فيلا . نعم حضارات خونلي مفاتيح تع فيلا و بولتابل . كيفاش هاي تلات أيام . كيفاش هادي 3 أيام حتى ليوم باش رجع تفكر و خلاك تخرج ."	"39"	"MADOran_Sentences.tsv"	"CC-BY-NC-3.0-MADORAN"	"canonical"	"source_exact"	"not_started"
"madoran-s6-sentno-0857"	"S6"	"MADOran_Sentences.tsv#Sentno=857"	"857"	"مفاتيح تاع فيلا تودروله بصح كان عندي دوبل و كنت داسه غير طلقني رحت ديركت للفيلا دخلت ضربت طلة ماكان والو كل حاجة في بلاصتها . بلاك كاش حاجا نخونت مي نتا ملاحظتش ."	"34"	"MADOran_Sentences.tsv"	"CC-BY-NC-3.0-MADORAN"	"canonical"	"source_exact"	"not_started"
"madoran-s6-sentno-0858"	"S6"	"MADOran_Sentences.tsv#Sentno=858"	"858"	"فيلا ما فيها والو اصلن حضارات فيها غير قش . و سي توفيق و مدام تاعه دايمن يسافرو لمريكان يروحو يشوفو ولادهم عايشين تما يطلو عليهم و انا معلم تاعي عمره ما خلا سوارد فالفيلا"	"35"	"MADOran_Sentences.tsv"	"CC-BY-NC-3.0-MADORAN"	"canonical"	"source_exact"	"not_started"
"madoran-s6-sentno-0859"	"S6"	"MADOran_Sentences.tsv#Sentno=859"	"859"	"حتى مدام صياغتها قاع فبونكا علاه خونلك مفاتيح و خلاهم عنده تلات أيام . معلبليش . صحا نتا شفت وجهه راك عاقل عليه ."	"24"	"MADOran_Sentences.tsv"	"CC-BY-NC-3.0-MADORAN"	"canonical"	"source_exact"	"not_started"
"madoran-s6-sentno-0860"	"S6"	"MADOran_Sentences.tsv#Sentno=860"	"860"	"لا عمري ما شفت وجهه خطاش كان مغطيه بصح يبان جون و ولد فاميليا ."	"15"	"MADOran_Sentences.tsv"	"CC-BY-NC-3.0-MADORAN"	"canonical"	"source_exact"	"not_started"
"madoran-s6-sentno-0861"	"S6"	"MADOran_Sentences.tsv#Sentno=861"	"861"	"سمحلي مفهمتكش عمره ما قربني و عمره ما ضربني كي كان يجي يطل عليا خطرة على خطرة كان يجيبلي ماكلة و كان يفكلي رباطي و حشاك كان يخليني حتى نروح نقضي حاجتي ."	"33"	"MADOran_Sentences.tsv"	"CC-BY-NC-3.0-MADORAN"	"canonical"	"source_exact"	"not_started"
"madoran-s6-sentno-0862"	"S6"	"MADOran_Sentences.tsv#Sentno=862"	"862"	"صحا و نتا مسيتش تهرب ? تعيط و لا تزقي ."	"11"	"MADOran_Sentences.tsv"	"CC-BY-NC-3.0-MADORAN"	"canonical"	"source_exact"	"not_started"
"madoran-s6-sentno-0863"	"S6"	"MADOran_Sentences.tsv#Sentno=863"	"863"	"هاد قلته فمحضر لول ما قديتش نزقي و لا نعيط خطاش كان رافد كابوس تحته بصح كلمة حق نقولها لك عمره ما ستعمله و موالين فيلا عيطت لهم ? نعم عيطتلهم و قالولي يدخلو فبرومي فول اه مليح ."	"39"	"MADOran_Sentences.tsv"	"CC-BY-NC-3.0-MADORAN"	"canonical"	"source_exact"	"not_started"
"madoran-s6-sentno-0864"	"S6"	"MADOran_Sentences.tsv#Sentno=864"	"864"	"أيا معايا لفيلا نروحو نشوفو حكاية كيدايرا هادي . صحا ."	"11"	"MADOran_Sentences.tsv"	"CC-BY-NC-3.0-MADORAN"	"canonical"	"source_exact"	"not_started"
"madoran-s6-sentno-0865"	"S6"	"MADOran_Sentences.tsv#Sentno=865"	"865"	"حسين صاحبي شا نديرو في افير تع دراهم . و الله ما علبالي ماني فاهم والو هواري خويا ."	"19"	"MADOran_Sentences.tsv"	"CC-BY-NC-3.0-MADORAN"	"canonical"	"source_exact"	"not_started"
"madoran-s6-sentno-0866"	"S6"	"MADOran_Sentences.tsv#Sentno=866"	"866"	"علي ميسمحش في حقه تني نقولك اني خايف ليقارع توفيق . أيا و عفسة كيفاه ? شوف نتا صاحبي ."	"20"	"MADOran_Sentences.tsv"	"CC-BY-NC-3.0-MADORAN"	"canonical"	"source_exact"	"not_started"
"madoran-s6-sentno-0867"	"S6"	"MADOran_Sentences.tsv#Sentno=867"	"867"	"نتا لامافيا نتا راجل و حنا قاع رخاس ."	"9"	"MADOran_Sentences.tsv"	"CC-BY-NC-3.0-MADORAN"	"canonical"	"source_exact"	"not_started"
"madoran-s6-sentno-0868"	"S6"	"MADOran_Sentences.tsv#Sentno=868"	"868"	"و الله والو توفيق خويا راك تعرفني مشي نتا لي نخسر معاك . باع فمك بلع نتا رخيس نتا زعما نتا مجملتش . توفيق يا اقسم بالله يوصلوك دراهم . شوف بلع فمك خيما نغرسه لك في راسك ."	"39"	"MADOran_Sentences.tsv"	"CC-BY-NC-3.0-MADORAN"	"canonical"	"source_exact"	"not_started"
"madoran-s6-sentno-0869"	"S6"	"MADOran_Sentences.tsv#Sentno=869"	"869"	"اسمع نتا عندك ساعة دراهم ميوصلوش لعلي براس ما نقطعلك راسك ."	"12"	"MADOran_Sentences.tsv"	"CC-BY-NC-3.0-MADORAN"	"canonical"	"source_exact"	"not_started"
"madoran-s6-sentno-0870"	"S6"	"MADOran_Sentences.tsv#Sentno=870"	"870"	"سلام خالتي زليخة . سلام ولدي لباس ? غايا حمد الله . أيا كيما قتلك متنسيش مين يكملك خبز باش نجيبهلك من كوشة . لا غير مكلاه رضا خطرة لي فاتت قعدت فيهم ريحة دجاج ."	"36"	"MADOran_Sentences.tsv"	"CC-BY-NC-3.0-MADORAN"	"canonical"	"source_exact"	"not_started"
"madoran-s6-sentno-0871"	"S6"	"MADOran_Sentences.tsv#Sentno=871"	"871"	"كيفاه ريحة دجاج ? انا قبل ما نكمل خدمة نغسل و منبعد نجيب لكم . اني قتلك و صايي . صحا كيما تبغي ."	"24"	"MADOran_Sentences.tsv"	"CC-BY-NC-3.0-MADORAN"	"canonical"	"source_exact"	"not_started"
"madoran-s6-sentno-0872"	"S6"	"MADOran_Sentences.tsv#Sentno=872"	"872"	"روح تخدم ولدي روح ."	"5"	"MADOran_Sentences.tsv"	"CC-BY-NC-3.0-MADORAN"	"canonical"	"source_exact"	"not_started"
"madoran-s6-sentno-0873"	"S6"	"MADOran_Sentences.tsv#Sentno=873"	"873"	"خالتي زوليخة ديري لنا واحد سبيسيال . اه مكانش ولدي كملت كفتة ."	"13"	"MADOran_Sentences.tsv"	"CC-BY-NC-3.0-MADORAN"	"canonical"	"source_exact"	"not_started"
"madoran-s6-sentno-0874"	"S6"	"MADOran_Sentences.tsv#Sentno=874"	"874"	"شاولا هادي كملت كفت غير عليا ? . هادو تع مولاهم كمونداهوم دوك يجي يديهم صحا غير واحد كي يجي انا ندبر راسي معاه . عطيه واحد ."	"28"	"MADOran_Sentences.tsv"	"CC-BY-NC-3.0-MADORAN"	"canonical"	"source_exact"	"not_started"
"madoran-s6-sentno-0875"	"S6"	"MADOran_Sentences.tsv#Sentno=875"	"875"	"اي مانيش نطلب عليكم كون مشي انا كون كلاوكم ليزاباج ."	"11"	"MADOran_Sentences.tsv"	"CC-BY-NC-3.0-MADORAN"	"canonical"	"source_exact"	"not_started"
"madoran-s6-sentno-0876"	"S6"	"MADOran_Sentences.tsv#Sentno=876"	"876"	"ديجا نورمالمون تعطوني بورسونتاج مالفايدة . روح خدم على روحك كي رجال اه مشي جاي هنا تترجل على نسا . بلعي فمك , خلاص ولدي تيتو ربي يهديك روح ."	"30"	"MADOran_Sentences.tsv"	"CC-BY-NC-3.0-MADORAN"	"canonical"	"source_exact"	"not_started"
"madoran-s6-sentno-0877"	"S6"	"MADOran_Sentences.tsv#Sentno=877"	"877"	"مالا مين كيما هاك غادي ندي زوج مليحة . حمبوك تيتو يس بون . أيا روح نتا مدخلش روحك . مالك مالك نتا هادا رزق بوك . بلعي فمك . نتا لي تبلع فمك ."	"35"	"MADOran_Sentences.tsv"	"CC-BY-NC-3.0-MADORAN"	"canonical"	"source_exact"	"not_started"
"madoran-s6-sentno-0878"	"S6"	"MADOran_Sentences.tsv#Sentno=878"	"878"	"مالك شا صرا ? . شد علينا كلب مكلوب تاعك . أيا صايي . في وجه رجال ما فمك نهرسه لك ."	"22"	"MADOran_Sentences.tsv"	"CC-BY-NC-3.0-MADORAN"	"canonical"	"source_exact"	"not_started"
"madoran-s6-sentno-0879"	"S6"	"MADOran_Sentences.tsv#Sentno=879"	"879"	"روح للقهوة اني جاي . قسمن بالله ما راهي خالصة معجبكش حال روحي شكي . قتلك روح صايي . سماح هيالا خلصي . لا مكاله هاكي و قاردي صرف ."	"30"	"MADOran_Sentences.tsv"	"CC-BY-NC-3.0-MADORAN"	"canonical"	"source_exact"	"not_started"
"madoran-s6-sentno-0880"	"S6"	"MADOran_Sentences.tsv#Sentno=880"	"880"	"و نتيا علاه جيتي شا دخلك ? مشفتيش كيفاه كان يهدر معانا . ارجعي لخدمتك أيا ."	"17"	"MADOran_Sentences.tsv"	"CC-BY-NC-3.0-MADORAN"	"canonical"	"source_exact"	"not_started"
"madoran-s6-sentno-0881"	"S6"	"MADOran_Sentences.tsv#Sentno=881"	"881"	"الياس دروك نقعدو هاك ساكتين . شاركي باغيتني نقول . يا وليدي زعاف ما غادي يحل حتى مشكل وسع خاطرك ."	"21"	"MADOran_Sentences.tsv"	"CC-BY-NC-3.0-MADORAN"	"canonical"	"source_exact"	"not_started"
"madoran-s6-sentno-0882"	"S6"	"MADOran_Sentences.tsv#Sentno=882"	"882"	"علبالك اني زعفان عليك و اني زعفان على روحي انا بسبتي تحرمتي من كلش ."	"15"	"MADOran_Sentences.tsv"	"CC-BY-NC-3.0-MADORAN"	"canonical"	"source_exact"	"not_started"
"madoran-s6-sentno-0883"	"S6"	"MADOran_Sentences.tsv#Sentno=883"	"883"	"يا وليدي بك هادوك دراهم و هادك ملك بحر عليه . غدوة ولدي يتخرج من الجامعة يولي خدام و يعوضني على كل حاجة . عمره ما حسسني بلي هو بويا و عمري ما حسيت بحنان تاعه عايش معاه فوق قلبه سبحان الله ."	"43"	"MADOran_Sentences.tsv"	"CC-BY-NC-3.0-MADORAN"	"canonical"	"source_exact"	"not_started"
"madoran-s6-sentno-0884"	"S6"	"MADOran_Sentences.tsv#Sentno=884"	"884"	"مام نتي يما مكانش لازم تفرضي عليه باش يكفلني . انا عمري ما فرضتك عليه بوك كان فرحان بيك و مواقف امني و دليل انه عطاك اسمه بصح عايلته و الله يسمحله ."	"33"	"MADOran_Sentences.tsv"	"CC-BY-NC-3.0-MADORAN"	"canonical"	"source_exact"	"not_started"
"madoran-s6-sentno-0885"	"S6"	"MADOran_Sentences.tsv#Sentno=885"	"885"	"هداك عمك ناصردارو بيه و دوروله راسه حتى جنازة تاعه مقديناش نديروها فالدار ."	"14"	"MADOran_Sentences.tsv"	"CC-BY-NC-3.0-MADORAN"	"canonical"	"source_exact"	"not_started"
"madoran-s6-sentno-0886"	"S6"	"MADOran_Sentences.tsv#Sentno=886"	"886"	"علبالك شا راني باغي . اني باغي نغمض عيني و نعاود نحلهم نلقى روحي في بلاصة بعيدة واحد مايسقصيني مين جيت واحد مايسقسيني كون نتا هادا الياس عبضلة ننساه قاع . الياس ولدي حتى انا و تنساني ."	"38"	"MADOran_Sentences.tsv"	"CC-BY-NC-3.0-MADORAN"	"canonical"	"source_exact"	"not_started"
"madoran-s6-sentno-0887"	"S6"	"MADOran_Sentences.tsv#Sentno=887"	"887"	"دليلة عيطي لختك نسحقها . ليلة ? واه . تكلمي لماما . واه ما كل وحدة فيكم تعطيني تلت مية الف نشرو فريجيدارعلاه مشي قلتي نصنعوه خير ."	"28"	"MADOran_Sentences.tsv"	"CC-BY-NC-3.0-MADORAN"	"canonical"	"source_exact"	"not_started"
"madoran-s6-sentno-0888"	"S6"	"MADOran_Sentences.tsv#Sentno=888"	"888"	"ميتصنعش جا راجل قالك ميتصنعش و لازملي واحد ليوم جديد علاه سلعة لي متنتباعش اني نقيس فيها و انا شا دخلني ? شري فريجيدار و لا لي بغيتي . عاودي شا دخلك ?"	"33"	"MADOran_Sentences.tsv"	"CC-BY-NC-3.0-MADORAN"	"canonical"	"source_exact"	"not_started"
"madoran-s6-sentno-0889"	"S6"	"MADOran_Sentences.tsv#Sentno=889"	"889"	"يا لنل نسيت بلي شيرة راها ضيفة عندي اي راكي ساكنة معانا انا صوالحي ميخسروش . دبرو ريسانكم ."	"19"	"MADOran_Sentences.tsv"	"CC-BY-NC-3.0-MADORAN"	"canonical"	"source_exact"	"not_started"
"madoran-s6-sentno-0890"	"S6"	"MADOran_Sentences.tsv#Sentno=890"	"890"	"علاه ما راكي تحطي فيه ما يبرد ما راكي تاكلي حاجا باردة منه ما والو نتيا . تع ما وينتا حبست ما بارد يديلي ليزونجين ."	"26"	"MADOran_Sentences.tsv"	"CC-BY-NC-3.0-MADORAN"	"canonical"	"source_exact"	"not_started"
"madoran-s6-sentno-0891"	"S6"	"MADOran_Sentences.tsv#Sentno=891"	"891"	"اه حشمي غير دراهم لي تحطيهم . يا ودي منمدش دورو علبالكم منحطش يدي على دراهم لي نلايمهم ."	"19"	"MADOran_Sentences.tsv"	"CC-BY-NC-3.0-MADORAN"	"canonical"	"source_exact"	"not_started"
"madoran-s6-sentno-0892"	"S6"	"MADOran_Sentences.tsv#Sentno=892"	"892"	"وانا علاه نمد منها ? انا و نتي مشي كيف كيف نتي راكي تلايمي فيهم على جال زواجك و انا راني نلايم فيهم على جال كرية راني باغية نحل حانوت تع كوسمتيك هكدا نطلع شوية فنيفو و نخرج مالميزيرية لي راني فيها ."	"43"	"MADOran_Sentences.tsv"	"CC-BY-NC-3.0-MADORAN"	"canonical"	"source_exact"	"not_started"
"madoran-s6-sentno-0893"	"S6"	"MADOran_Sentences.tsv#Sentno=893"	"893"	"طلعي نيفو راكي تسمعي ما . منحوسش نفهم انا غير دراهم لي تحطوهم مالكم منغيضكومش ? كرية , ما حبوبة كلشي طايح على راسي ."	"25"	"MADOran_Sentences.tsv"	"CC-BY-NC-3.0-MADORAN"	"canonical"	"source_exact"	"not_started"
"madoran-s6-sentno-0894"	"S6"	"MADOran_Sentences.tsv#Sentno=894"	"894"	"ما نتي منا و هدا واجبك لا ? واجبي اه تشركي في فمك انا هداك لسان و الله نطيرهلك فهمتي ? روحي جيبي بليغة . و الله غاية هادي . زيقومار كي دايرة مليحة ? غاية سلام و عليكم ."	"40"	"MADOran_Sentences.tsv"	"CC-BY-NC-3.0-MADORAN"	"canonical"	"source_exact"	"not_started"
"madoran-s6-sentno-0895"	"S6"	"MADOran_Sentences.tsv#Sentno=895"	"895"	"واه لاجوناس وي علي كيراكم لاباس ? غاية حمد لله عندكم سيمانة مبنتوش غير خير ? في بالي رانا في اقامة جبرية و ما راناش عابيين . اه سكت ."	"30"	"MADOran_Sentences.tsv"	"CC-BY-NC-3.0-MADORAN"	"canonical"	"source_exact"	"not_started"
"madoran-s6-sentno-0896"	"S6"	"MADOran_Sentences.tsv#Sentno=896"	"896"	"علاه نسكت شا راك باغي كل صباح نجو عندك نبوانتو و لا شاه ? سامحني انا لي غلطت تحيرت عليكم . الله يكتر خيرك روح زينو لدار دوك نجي ."	"30"	"MADOran_Sentences.tsv"	"CC-BY-NC-3.0-MADORAN"	"canonical"	"source_exact"	"not_started"
"madoran-s6-sentno-0897"	"S6"	"MADOran_Sentences.tsv#Sentno=897"	"897"	"مديرش عليه راك تعرفه كي داير . لا منزعفش على زينو خويا صغير تفضل شرب قهوة . و الله راني عيان . لا و الله غير تجي . شوف خليني نطلع لدار ندوش و نعاود نولي نتقو مع خويا ."	"40"	"MADOran_Sentences.tsv"	"CC-BY-NC-3.0-MADORAN"	"canonical"	"source_exact"	"not_started"
"madoran-s6-sentno-0898"	"S6"	"MADOran_Sentences.tsv#Sentno=898"	"898"	"يا ودي ريح . خليني و الله راني عيان نطلع و نهود انا نخلصلك قهوة ايا منبعد . شا راك رافد معاك ? اه هادي امبريمونت شا باغي دير بيها ?"	"31"	"MADOran_Sentences.tsv"	"CC-BY-NC-3.0-MADORAN"	"canonical"	"source_exact"	"not_started"
"madoran-s6-sentno-0899"	"S6"	"MADOran_Sentences.tsv#Sentno=899"	"899"	"لا هاد امبريمونت خاسرة لقيناها بو اوكازيون و زينو يفهم في دو صوالح غادي يعاودها و نعاودولها البيع . اه حطها هنا نشريها عليك ."	"25"	"MADOran_Sentences.tsv"	"CC-BY-NC-3.0-MADORAN"	"canonical"	"source_exact"	"not_started"
"madoran-s6-sentno-0900"	"S6"	"MADOran_Sentences.tsv#Sentno=900"	"900"	"معلباليش ادا تتعاود ولا لا . خليني حتى نعاودها و نجيبهالك . باغي تبيعا لا ? ."	"17"	"MADOran_Sentences.tsv"	"CC-BY-NC-3.0-MADORAN"	"canonical"	"source_exact"	"not_started"
"madoran-s6-sentno-0901"	"S6"	"MADOran_Sentences.tsv#Sentno=901"	"901"	"اه باغي تهبلني عليه دروك , اني نقولك خليني نعاودها , غادي نقولك حاجا كي نعاودها نجي نمدها لك باطل مليحة هاكا ? ايا سلام عليكم . و عليكم سلام ."	"31"	"MADOran_Sentences.tsv"	"CC-BY-NC-3.0-MADORAN"	"canonical"	"source_exact"	"not_started"
"madoran-s6-sentno-0902"	"S6"	"MADOran_Sentences.tsv#Sentno=902"	"902"	"شفت مشينة اللي رافدها معاه ? زعما ميكونوش يدرحو فلي فو بيي و حنا راقدين على ودنينا . علاه زعما فوبيي مظنيتش مرزاق و زينو قلاليل و ولاد حلال خاطيهم فوبيي ."	"32"	"MADOran_Sentences.tsv"	"CC-BY-NC-3.0-MADORAN"	"canonical"	"source_exact"	"not_started"
"madoran-s6-sentno-0903"	"S6"	"MADOran_Sentences.tsv#Sentno=903"	"903"	"كيفاه هادي خاطيهم عندهم كتر من عام و هوما ساكنين هنا مخلصين كراهم اكلين و شاربين و عندهم لوطو هادي مشي فيها لوش ? املي نقولك حاجا ملغدوة نبعت من موراهم حسين يجيبلي عليهم داسة و مدسوسة ."	"38"	"MADOran_Sentences.tsv"	"CC-BY-NC-3.0-MADORAN"	"canonical"	"source_exact"	"not_started"
"madoran-s6-sentno-0904"	"S6"	"MADOran_Sentences.tsv#Sentno=904"	"904"	"لا متقرعش لغدوة دروك . صحا عم علي . كي يهودو روح فتش شومبرا تاعهم هاد ليلة ترقد هاني ."	"20"	"MADOran_Sentences.tsv"	"CC-BY-NC-3.0-MADORAN"	"canonical"	"source_exact"	"not_started"
"madoran-s6-sentno-0905"	"S6"	"MADOran_Sentences.tsv#Sentno=905"	"905"	"خالتي حليمة كيراكي ? كيراك ولدي راكي غاية ? صحتك لاباس . غاية حمد لله . الله يحفظك ميمتي ."	"20"	"MADOran_Sentences.tsv"	"CC-BY-NC-3.0-MADORAN"	"canonical"	"source_exact"	"not_started"
"madoran-s6-sentno-0906"	"S6"	"MADOran_Sentences.tsv#Sentno=906"	"906"	"خالتي زوليخة كيراكي غاية لاباس ? غايا ميمتي الله يحفظك . مرزاق كيراك ? كيراكي دليلة ? وين كنت ? عندك سيمانة مبنتش ."	"24"	"MADOran_Sentences.tsv"	"CC-BY-NC-3.0-MADORAN"	"canonical"	"source_exact"	"not_started"
"madoran-s6-sentno-0907"	"S6"	"MADOran_Sentences.tsv#Sentno=907"	"907"	"واه مكنتش هنا كنت خدام كنت في دزاير تاعش خدمة هادي ? كنت خدام . الله يعاونكم ولدي ."	"19"	"MADOran_Sentences.tsv"	"CC-BY-NC-3.0-MADORAN"	"canonical"	"source_exact"	"not_started"
"madoran-s6-sentno-0908"	"S6"	"MADOran_Sentences.tsv#Sentno=908"	"908"	"صحيتي ميمتي . نديرلكم لي سوندويتش ? واه ديرلي كاش حاجا ناكالها . من عينيا شا ندريلك فيه ? تعرفيني شا نبغي فيه . صحا . زينو هيا ."	"29"	"MADOran_Sentences.tsv"	"CC-BY-NC-3.0-MADORAN"	"canonical"	"source_exact"	"not_started"
"madoran-s6-sentno-0909"	"S6"	"MADOran_Sentences.tsv#Sentno=909"	"909"	"هداك علي ما به لا قهوة لا والو به يعرف غير شا كاين فلمابة و صايي فري صامط . واه هداك يقلب مخ . واه خلينا منه ."	"28"	"MADOran_Sentences.tsv"	"CC-BY-NC-3.0-MADORAN"	"canonical"	"source_exact"	"not_started"
"madoran-s6-sentno-0910"	"S6"	"MADOran_Sentences.tsv#Sentno=910"	"910"	"ارواح تشوف خوك ارواح , أرواح تستعرف بخوك و لا متستعرفش أرواح تشوف , واه بصح كون خليتني نيقوسيي مع هداك بهلول كنت غادي نحشيه للكرعين ."	"27"	"MADOran_Sentences.tsv"	"CC-BY-NC-3.0-MADORAN"	"canonical"	"source_exact"	"not_started"
"madoran-s6-sentno-0911"	"S6"	"MADOran_Sentences.tsv#Sentno=911"	"911"	"ماكان ني كرعين ني والو شوف دراهم . هوالا شا يجيب خوك و الله و ما راك متوشي ستعرف قبل ."	"21"	"MADOran_Sentences.tsv"	"CC-BY-NC-3.0-MADORAN"	"canonical"	"source_exact"	"not_started"
"madoran-s6-sentno-0912"	"S6"	"MADOran_Sentences.tsv#Sentno=912"	"912"	"صايي هاه جبناها غادي نخزنهم فلفريجدار . لا أرواح ريح شم ريحة دراهم كي ملاح شم . اني نتخيل فيه مسكين داخل فيلا تاعه . اي دروك ليلة غادي تسلملي على راسي غادي تقبل بيا فزواج ."	"37"	"MADOran_Sentences.tsv"	"CC-BY-NC-3.0-MADORAN"	"canonical"	"source_exact"	"not_started"
"madoran-s6-sentno-0913"	"S6"	"MADOran_Sentences.tsv#Sentno=913"	"913"	"أرواح قتلك حط دراهم شكون ميبغييش دراهم . واه نبغي عيشة و تفحشيش نبغي ."	"15"	"MADOran_Sentences.tsv"	"CC-BY-NC-3.0-MADORAN"	"canonical"	"source_exact"	"not_started"
"madoran-s6-sentno-0914"	"S6"	"MADOran_Sentences.tsv#Sentno=914"	"914"	"تفضل سي جمال , ريح و كالمي روحك . علابلك خسارة لي غادي نتكبدها لوكان منسافرش ليوم و هدا موتق وين راه ? علاه طول قاع هاكا علاه ? سي جمال حكاية هادي خطرة طولت بزاف و لافوكا ميقد يدير والو ."	"42"	"MADOran_Sentences.tsv"	"CC-BY-NC-3.0-MADORAN"	"canonical"	"source_exact"	"not_started"
"madoran-s6-sentno-0915"	"S6"	"MADOran_Sentences.tsv#Sentno=915"	"915"	"رجعنا لقضية لوزين , لوزين صايي قرار نهائي وبلعته و هوما رافعين قضية ضدي نقارعو محكمة تحكم و نشوفو"	"19"	"MADOran_Sentences.tsv"	"CC-BY-NC-3.0-MADORAN"	"canonical"	"source_exact"	"not_started"
"madoran-s6-sentno-0916"	"S6"	"MADOran_Sentences.tsv#Sentno=916"	"916"	"بصح بارح صدر قرار ضدك قضية مارهيش ساهلة سي جمال هدا طرد تعسفي تع خمسمية خدام و خدامة ضربة وحدة لقاو رواحهم اون شوماج ."	"25"	"MADOran_Sentences.tsv"	"CC-BY-NC-3.0-MADORAN"	"canonical"	"source_exact"	"not_started"
"madoran-s6-sentno-0917"	"S6"	"MADOran_Sentences.tsv#Sentno=917"	"917"	"ما عندي ما نديلهم , مصنع بلعته و غادي نعاوده من جديد عملية دوم على اقل عام . ادا تاخد برايي ردلهم حقهم قاع لتازم باش ترجعلهم باش ترجع خدامين يخدمو ."	"32"	"MADOran_Sentences.tsv"	"CC-BY-NC-3.0-MADORAN"	"canonical"	"source_exact"	"not_started"
"madoran-s6-sentno-0918"	"S6"	"MADOran_Sentences.tsv#Sentno=918"	"918"	"صحافة راها قالبة دنيا عليك . حضارات غادي نجيب دي ماشين يخدمو وحدهم منسحقش عمال و عمال لي عندي لوزين شا يديرو ينقولي صباطي ? !"	"26"	"MADOran_Sentences.tsv"	"CC-BY-NC-3.0-MADORAN"	"canonical"	"source_exact"	"not_started"
"madoran-s6-sentno-0919"	"S6"	"MADOran_Sentences.tsv#Sentno=919"	"919"	"سامحني سي جمال نتا قريب ليا في هاد قضية بصح منقد نعاونك بوالو هدا هو قانون و قانون في هاد حالة يكون مع عمال ادا تاخد برايي رجعلهم حقهم قاع تفاوض معاهم و لم باقي مع نقابة ."	"38"	"MADOran_Sentences.tsv"	"CC-BY-NC-3.0-MADORAN"	"canonical"	"source_exact"	"not_started"
"madoran-s6-sentno-0920"	"S6"	"MADOran_Sentences.tsv#Sentno=920"	"920"	"سمحلي منمدلهم والو راني رايح ."	"6"	"MADOran_Sentences.tsv"	"CC-BY-NC-3.0-MADORAN"	"canonical"	"source_exact"	"not_started"
"madoran-s6-sentno-0921"	"S6"	"MADOran_Sentences.tsv#Sentno=921"	"921"	"هاد وقت وقت حسني الله يرحمه و هادا جمال عواد حكايتك دروك راهي في لابوبال باش هاكا تتربى و متكلش حق مساكين . هو لي جابها لروحه ."	"28"	"MADOran_Sentences.tsv"	"CC-BY-NC-3.0-MADORAN"	"canonical"	"source_exact"	"not_started"
"madoran-s6-sentno-0922"	"S6"	"MADOran_Sentences.tsv#Sentno=922"	"922"	"راك تشوف في هدا انسان ملايري و ياكل حق مساكين لي يخلص زوج ملايين يديله حقه يستاهل باش يتربى و هادي كارطا تع سي شريف متشرفين بيك ه . هادي تاني بلسون في لابوبال ."	"35"	"MADOran_Sentences.tsv"	"CC-BY-NC-3.0-MADORAN"	"canonical"	"source_exact"	"not_started"
"madoran-s6-sentno-0923"	"S6"	"MADOran_Sentences.tsv#Sentno=923"	"923"	"علاه تحرقهم ? لوكان نسحقوهم في افار وخدوخرا . لا كل كارطا مدقوقة نخدمو بيها افار وحدة و نحرقوها مازال متعلمت والو ."	"23"	"MADOran_Sentences.tsv"	"CC-BY-NC-3.0-MADORAN"	"canonical"	"source_exact"	"not_started"
"madoran-s6-sentno-0924"	"S6"	"MADOran_Sentences.tsv#Sentno=924"	"924"	"واه عندك صح نتا تعرف كلشي . مكانش حاجا ناكلوها اني ميت بالجوع ."	"14"	"MADOran_Sentences.tsv"	"CC-BY-NC-3.0-MADORAN"	"canonical"	"source_exact"	"not_started"
"madoran-s6-sentno-0925"	"S6"	"MADOran_Sentences.tsv#Sentno=925"	"925"	"كاين وصيت دليلة تجيبلنا دي سوندويش . قاع دراهم لي عندنا و مازلنا ناكلو لي سوندويتش تع دليلة و دراهم علاه منخزنوهمش هنا ?"	"24"	"MADOran_Sentences.tsv"	"CC-BY-NC-3.0-MADORAN"	"canonical"	"source_exact"	"not_started"
"madoran-s6-sentno-0926"	"S6"	"MADOran_Sentences.tsv#Sentno=926"	"926"	"لا هاد بلاصة يعرفها غاية مليك بلاك قاع راه داير كاميرا و لا هداك مريض ."	"16"	"MADOran_Sentences.tsv"	"CC-BY-NC-3.0-MADORAN"	"canonical"	"source_exact"	"not_started"
"madoran-s6-sentno-0927"	"S6"	"MADOran_Sentences.tsv#Sentno=927"	"927"	"مانيش باغي يعرف دراهم وين و مانيش باغي يعرف شعال نخلصو ."	"12"	"MADOran_Sentences.tsv"	"CC-BY-NC-3.0-MADORAN"	"canonical"	"source_exact"	"not_started"
"madoran-s6-sentno-0928"	"S6"	"MADOran_Sentences.tsv#Sentno=928"	"928"	"حسني حاجا كبيرة علبالك رب كريم هدا يكتلوه . ما نطلعلهم لي سوندويش . واه طلعيلهم و مطوليش و متنسايش دراهم مانيش نخدم باطل بنتي . صحا ماما متخميش . أيا كرانتيكا حامي قدمو ."	"35"	"MADOran_Sentences.tsv"	"CC-BY-NC-3.0-MADORAN"	"canonical"	"source_exact"	"not_started"
"madoran-s6-sentno-0929"	"S6"	"MADOran_Sentences.tsv#Sentno=929"	"929"	"ختي شعال قرعة تع ريحة ? متين الف . اه لا سمحيلي ختي ممنوع تسييها ."	"16"	"MADOran_Sentences.tsv"	"CC-BY-NC-3.0-MADORAN"	"canonical"	"source_exact"	"not_started"
"madoran-s6-sentno-0930"	"S6"	"MADOran_Sentences.tsv#Sentno=930"	"930"	"و انا كي غادي نعرف ادا ريحتها مليحة . ها شوفي قرعتها كي دايرة تعرفي . صحا غادي نديها هاكي . الله يعاونك . صحيتي ."	"26"	"MADOran_Sentences.tsv"	"CC-BY-NC-3.0-MADORAN"	"canonical"	"source_exact"	"not_started"
"madoran-s6-sentno-0931"	"S6"	"MADOran_Sentences.tsv#Sentno=931"	"931"	"هادو دراهم تع ماليك منبعد نعطوهم له ; هدا قاع حقه مشي عطيته من قبل ?"	"16"	"MADOran_Sentences.tsv"	"CC-BY-NC-3.0-MADORAN"	"canonical"	"source_exact"	"not_started"
"madoran-s6-sentno-0932"	"S6"	"MADOran_Sentences.tsv#Sentno=932"	"932"	"تفاهمنا معاه على سومة منقدش دقيقة تالية نبدل رايي . دارنا زوج طارطات و شهادة ملكية و منعرت كي سموها تعطيه قاع هاد دراهم , لا بزاف عليه ."	"29"	"MADOran_Sentences.tsv"	"CC-BY-NC-3.0-MADORAN"	"canonical"	"source_exact"	"not_started"
"madoran-s6-sentno-0933"	"S6"	"MADOran_Sentences.tsv#Sentno=933"	"933"	"وي مالك تاكل في روحك يا خيريكا نتا مدامة نتا داير كي زبي و نتا مك قحبة ظلي مع رجال يا عطاي زيد هدر نوريلك انا شكون اه نيك مك يا نقش"	"32"	"MADOran_Sentences.tsv"	"CC-BY-NC-3.0-MADORAN"	"canonical"	"source_exact"	"not_started"
"madoran-s6-sentno-0934"	"S6"	"MADOran_Sentences.tsv#Sentno=934"	"934"	"تنوض صباح على وجوه نم متخلوش واحد ترونكيل اخطيني مدورش بيا نيك سوة تع مك"	"15"	"MADOran_Sentences.tsv"	"CC-BY-NC-3.0-MADORAN"	"canonical"	"source_exact"	"not_started"
"madoran-s6-sentno-0935"	"S6"	"MADOran_Sentences.tsv#Sentno=935"	"935"	"يا زكي ما يعرف والو ربه صايي حط مشينة و روح عليا يا خرا رفد مساسيطكو روح عليا"	"18"	"MADOran_Sentences.tsv"	"CC-BY-NC-3.0-MADORAN"	"canonical"	"source_exact"	"not_started"
"madoran-s6-sentno-0936"	"S6"	"MADOran_Sentences.tsv#Sentno=936"	"936"	"بيشة ما ديرليش طبايع تاعش طبايع ? رانا جايين نخطبوز اودي بويا خطبة كي دايرة هادي ."	"17"	"MADOran_Sentences.tsv"	"CC-BY-NC-3.0-MADORAN"	"canonical"	"source_exact"	"not_started"
"madoran-s6-sentno-0937"	"S6"	"MADOran_Sentences.tsv#Sentno=937"	"937"	"هادوك اللي ياكلو بفرشيطة و الخدمي دارين كي زبي ماكنش اللي يبغيهم جايين كي خرا حتى حاجا ما تعجبهم ايا نيك مك نبغي نعيش نورمال كيما نبغي مشي كي خريكة ."	"31"	"MADOran_Sentences.tsv"	"CC-BY-NC-3.0-MADORAN"	"canonical"	"source_exact"	"not_started"
"madoran-s6-sentno-0938"	"S6"	"MADOran_Sentences.tsv#Sentno=938"	"938"	"جزائري راح لفرنسا دار عيادة طبية ."	"7"	"MADOran_Sentences.tsv"	"CC-BY-NC-3.0-MADORAN"	"canonical"	"source_exact"	"not_started"
"madoran-s6-sentno-0939"	"S6"	"MADOran_Sentences.tsv#Sentno=939"	"939"	"دار قيمة الفحص   لافيزيت   ب 100 أورو"	"9"	"MADOran_Sentences.tsv"	"CC-BY-NC-3.0-MADORAN"	"canonical"	"source_exact"	"not_started"
"madoran-s6-sentno-0940"	"S6"	"MADOran_Sentences.tsv#Sentno=940"	"940"	"ولي ما يبراش يعطيلو 200 أورو"	"6"	"MADOran_Sentences.tsv"	"CC-BY-NC-3.0-MADORAN"	"canonical"	"source_exact"	"not_started"
"madoran-s6-sentno-0941"	"S6"	"MADOran_Sentences.tsv#Sentno=941"	"941"	"الغاشي ولا يطايح عليه"	"4"	"MADOran_Sentences.tsv"	"CC-BY-NC-3.0-MADORAN"	"canonical"	"source_exact"	"not_started"
"madoran-s6-sentno-0942"	"S6"	"MADOran_Sentences.tsv#Sentno=942"	"942"	"مرة جاء عندو فرنسي حاب يلعبهاله"	"6"	"MADOran_Sentences.tsv"	"CC-BY-NC-3.0-MADORAN"	"canonical"	"source_exact"	"not_started"
"madoran-s6-sentno-0943"	"S6"	"MADOran_Sentences.tsv#Sentno=943"	"943"	"قالو راحتلي حاسة دوق"	"4"	"MADOran_Sentences.tsv"	"CC-BY-NC-3.0-MADORAN"	"canonical"	"source_exact"	"not_started"
"madoran-s6-sentno-0944"	"S6"	"MADOran_Sentences.tsv#Sentno=944"	"944"	"الطبيب قال للسكريتيرة جيبيلي قرعة رقم 22"	"7"	"MADOran_Sentences.tsv"	"CC-BY-NC-3.0-MADORAN"	"canonical"	"source_exact"	"not_started"
"madoran-s6-sentno-0945"	"S6"	"MADOran_Sentences.tsv#Sentno=945"	"945"	"دار شوية في قطن الفرنسي داق"	"6"	"MADOran_Sentences.tsv"	"CC-BY-NC-3.0-MADORAN"	"canonical"	"source_exact"	"not_started"
"madoran-s6-sentno-0946"	"S6"	"MADOran_Sentences.tsv#Sentno=946"	"946"	"قالو أو هدا زيقو"	"4"	"MADOran_Sentences.tsv"	"CC-BY-NC-3.0-MADORAN"	"canonical"	"source_exact"	"not_started"
"madoran-s6-sentno-0947"	"S6"	"MADOran_Sentences.tsv#Sentno=947"	"947"	"قالو مبروك عليك راه ولا عندك دوق"	"7"	"MADOran_Sentences.tsv"	"CC-BY-NC-3.0-MADORAN"	"canonical"	"source_exact"	"not_started"
"madoran-s6-sentno-0948"	"S6"	"MADOran_Sentences.tsv#Sentno=948"	"948"	"الفرنسي غاضه الحال و بغا يرجع دراهمه"	"7"	"MADOran_Sentences.tsv"	"CC-BY-NC-3.0-MADORAN"	"canonical"	"source_exact"	"not_started"
"madoran-s6-sentno-0949"	"S6"	"MADOran_Sentences.tsv#Sentno=949"	"949"	"عاود ولا له قاله راحتلي الداكرة"	"6"	"MADOran_Sentences.tsv"	"CC-BY-NC-3.0-MADORAN"	"canonical"	"source_exact"	"not_started"
"madoran-s6-sentno-0950"	"S6"	"MADOran_Sentences.tsv#Sentno=950"	"950"	"الطبيب قال للسكريتيرة جيبيلي قرعة رقم 22"	"7"	"MADOran_Sentences.tsv"	"CC-BY-NC-3.0-MADORAN"	"canonical"	"source_exact"	"not_started"
"madoran-s6-sentno-0951"	"S6"	"MADOran_Sentences.tsv#Sentno=951"	"951"	"قالو بصح هاديك راهي تع الزيقو"	"6"	"MADOran_Sentences.tsv"	"CC-BY-NC-3.0-MADORAN"	"canonical"	"source_exact"	"not_started"
"madoran-s6-sentno-0952"	"S6"	"MADOran_Sentences.tsv#Sentno=952"	"952"	"قالو ايا مليح راهي ولتلك الداكرة"	"6"	"MADOran_Sentences.tsv"	"CC-BY-NC-3.0-MADORAN"	"canonical"	"source_exact"	"not_started"
"madoran-s6-sentno-0953"	"S6"	"MADOran_Sentences.tsv#Sentno=953"	"953"	"قمة الخبت و زكارة ه"	"5"	"MADOran_Sentences.tsv"	"CC-BY-NC-3.0-MADORAN"	"canonical"	"source_exact"	"not_started"
"madoran-s6-sentno-0954"	"S6"	"MADOran_Sentences.tsv#Sentno=954"	"954"	"( 337 ) فيلم جزائري وهراني كوميدي"	"7"	"MADOran_Sentences.tsv"	"CC-BY-NC-3.0-MADORAN"	"canonical"	"source_exact"	"not_started"
"madoran-s6-sentno-0955"	"S6"	"MADOran_Sentences.tsv#Sentno=955"	"955"	"بركانا من تبهليل تاعك . فيها بزوز . تتزوج هنا و يعطوك 4 دراري تربيهم معاك من عندك ها بنعمي لاكريش و لا باغيين نخطبوا بويا . ايا تبعني تبعني ."	"31"	"MADOran_Sentences.tsv"	"CC-BY-NC-3.0-MADORAN"	"canonical"	"source_exact"	"not_started"
"madoran-s6-sentno-0956"	"S6"	"MADOran_Sentences.tsv#Sentno=956"	"956"	"وين نتبعك بويا . تبعني قتلك ."	"7"	"MADOran_Sentences.tsv"	"CC-BY-NC-3.0-MADORAN"	"canonical"	"source_exact"	"not_started"
"madoran-s6-sentno-0957"	"S6"	"MADOran_Sentences.tsv#Sentno=957"	"957"	"تفضلو . مرحبا بيكم . متقلقوش . راني رايح نخبر شيخ قبيلة و نجي ."	"15"	"MADOran_Sentences.tsv"	"CC-BY-NC-3.0-MADORAN"	"canonical"	"source_exact"	"not_started"
"madoran-s6-sentno-0958"	"S6"	"MADOran_Sentences.tsv#Sentno=958"	"958"	"بويا هادا ماله ياكل في روحه ."	"7"	"MADOran_Sentences.tsv"	"CC-BY-NC-3.0-MADORAN"	"canonical"	"source_exact"	"not_started"
"madoran-s6-sentno-0959"	"S6"	"MADOran_Sentences.tsv#Sentno=959"	"959"	"اسكت رانا في قبيلة تاعهم . علابالي بلي رانا في قبيلة تاعهم بصح رانا جايين نديروا خير باغيين ندوا بنتهم ."	"21"	"MADOran_Sentences.tsv"	"CC-BY-NC-3.0-MADORAN"	"canonical"	"source_exact"	"not_started"
"madoran-s6-sentno-0960"	"S6"	"MADOran_Sentences.tsv#Sentno=960"	"960"	"نعم رانا خطابة . ها ايوه بنتهم شكون غادي يدوها كون ما نديهاش أنا ."	"15"	"MADOran_Sentences.tsv"	"CC-BY-NC-3.0-MADORAN"	"canonical"	"source_exact"	"not_started"
"madoran-s6-sentno-0961"	"S6"	"MADOran_Sentences.tsv#Sentno=961"	"961"	"لا اله الله محمد رسول الله . صلى الله عليه و سلم ."	"13"	"MADOran_Sentences.tsv"	"CC-BY-NC-3.0-MADORAN"	"canonical"	"source_exact"	"not_started"
"madoran-s6-sentno-0962"	"S6"	"MADOran_Sentences.tsv#Sentno=962"	"962"	"من صبحة الله زوج مطلوعات و فتاتة طعام أنا مين كنت فاللاج تاعك انتي يا واه نشوط بوزالوف نقي هيضورة , نقي , نغسل قش , ندير حطب , شا كنتي ديري ? شا كنتي ديري ?"	"37"	"MADOran_Sentences.tsv"	"CC-BY-NC-3.0-MADORAN"	"canonical"	"source_exact"	"not_started"
"madoran-s6-sentno-0963"	"S6"	"MADOran_Sentences.tsv#Sentno=963"	"963"	"اي نتيا اي . اي بركاكم من هاد تنقريش قاع نهار و قاع عام و نتي غير مع بنتك . اي ها بنعمي و قاع عام و قاع قرن و نتيا غير مع بنتك تنقرشي ."	"36"	"MADOran_Sentences.tsv"	"CC-BY-NC-3.0-MADORAN"	"canonical"	"source_exact"	"not_started"
"madoran-s6-sentno-0964"	"S6"	"MADOran_Sentences.tsv#Sentno=964"	"964"	"راك تشوف يا بويا ."	"5"	"MADOran_Sentences.tsv"	"CC-BY-NC-3.0-MADORAN"	"canonical"	"source_exact"	"not_started"
"madoran-s6-sentno-0965"	"S6"	"MADOran_Sentences.tsv#Sentno=965"	"965"	"يا بنتي بنتي راني نربي فيها . مازال راهي . ها اسكتي علينا . خليني شوية نريح . باغي تردها غولة تاكلني ياك ?"	"24"	"MADOran_Sentences.tsv"	"CC-BY-NC-3.0-MADORAN"	"canonical"	"source_exact"	"not_started"
"madoran-s6-sentno-0966"	"S6"	"MADOran_Sentences.tsv#Sentno=966"	"966"	"كيفاش غولة تاكلك اه ! لياه نتيا بعدك شوطتي بوزلاليف و درتي عصبان و غسلتي بطاين و غسلتي كون منعرفكش انا حاي حاي واك نيا كنتي غير غوجيزوقل و تمقاص اظفار و تقوليلها هي . هي بعدا اوموان راهي تخدم ."	"41"	"MADOran_Sentences.tsv"	"CC-BY-NC-3.0-MADORAN"	"canonical"	"source_exact"	"not_started"
"madoran-s6-sentno-0967"	"S6"	"MADOran_Sentences.tsv#Sentno=967"	"967"	"باغي تاكلني نتايا ."	"4"	"MADOran_Sentences.tsv"	"CC-BY-NC-3.0-MADORAN"	"canonical"	"source_exact"	"not_started"
"madoran-s6-sentno-0968"	"S6"	"MADOran_Sentences.tsv#Sentno=968"	"968"	"شاف ! رانا هنا . شا كاين ? ضياف . شكون هادو ضياف ? جماعة من ولاد نهار . ها حاي و قلتلهم راه هنا هاه ! متعرفش ليوم جمعة مانيش خدام ليوم جو سوي روبو . هبلتوني كي نتا كي هي وين راهي جلابتي ? ها ري جلابتي هاري يا . . . و الله تخلصوها مام نتا . هات نديرها لك . أدي وخري . هات . وخري نتي بعدا راكي ديري . نسقد لك . تبعني . تبعه . باغي تاكل لرض ."	"86"	"MADOran_Sentences.tsv"	"CC-BY-NC-3.0-MADORAN"	"canonical"	"source_exact"	"not_started"
"madoran-s6-sentno-0969"	"S6"	"MADOran_Sentences.tsv#Sentno=969"	"969"	"ها هو شيخ قبيلة احضر ."	"6"	"MADOran_Sentences.tsv"	"CC-BY-NC-3.0-MADORAN"	"canonical"	"source_exact"	"not_started"
"madoran-s6-sentno-0970"	"S6"	"MADOran_Sentences.tsv#Sentno=970"	"970"	"مرحبا بيكم . الله يسلمك . خير انشاء الله . جيناكم بعسل و نسب و كونفيتير ه . اسكت . اسكت . صحا بويا ."	"25"	"MADOran_Sentences.tsv"	"CC-BY-NC-3.0-MADORAN"	"canonical"	"source_exact"	"not_started"
"madoran-s6-sentno-0971"	"S6"	"MADOran_Sentences.tsv#Sentno=971"	"971"	"طالبين يد بنتكم لولدنا . طالبها ماشي غير يدها بويا كومبلي . قلتلك اسكت عليا . اني ساكت بويا ."	"20"	"MADOran_Sentences.tsv"	"CC-BY-NC-3.0-MADORAN"	"canonical"	"source_exact"	"not_started"
"madoran-s6-sentno-0972"	"S6"	"MADOran_Sentences.tsv#Sentno=972"	"972"	"ا لمن لشاف سارفيس تاعكم و لا لشاف شونتيي ولا للديراكتور جنيرال و لا للسكريتير جنيرال . لمن ? لولدي بيشا ."	"22"	"MADOran_Sentences.tsv"	"CC-BY-NC-3.0-MADORAN"	"canonical"	"source_exact"	"not_started"
"madoran-s6-sentno-0973"	"S6"	"MADOran_Sentences.tsv#Sentno=973"	"973"	"اهاها شوف يا شيخ قبيلة تع ولاد نهار احنا رجال كي دايرين ما مديناهلهمش و تحارا نص راجل و علاه جيتك على عين عورة . على كل حال شوف أنا ما عندي حكم يعني زعما يليقلي نشاور امها . ريحو تفضلوا . دوك نشاور امها و نجي . الله يسلمك . تفضلوا ."	"53"	"MADOran_Sentences.tsv"	"CC-BY-NC-3.0-MADORAN"	"canonical"	"source_exact"	"not_started"
"madoran-s6-sentno-0974"	"S6"	"MADOran_Sentences.tsv#Sentno=974"	"974"	"الله يبشرنا ببشار الخير . مرحبا بيكم . يسلمك ."	"10"	"MADOran_Sentences.tsv"	"CC-BY-NC-3.0-MADORAN"	"canonical"	"source_exact"	"not_started"
"madoran-s6-sentno-0975"	"S6"	"MADOran_Sentences.tsv#Sentno=975"	"975"	"والو بويا نديها ليوم , دروك ."	"7"	"MADOran_Sentences.tsv"	"CC-BY-NC-3.0-MADORAN"	"canonical"	"source_exact"	"not_started"
"madoran-s6-sentno-0976"	"S6"	"MADOran_Sentences.tsv#Sentno=976"	"976"	"اححم خير انشاء الله شا كاين ? غير الخير ."	"10"	"MADOran_Sentences.tsv"	"CC-BY-NC-3.0-MADORAN"	"canonical"	"source_exact"	"not_started"
"madoran-s6-sentno-0977"	"S6"	"MADOran_Sentences.tsv#Sentno=977"	"977"	"واه . اسمعي نتيا . اه . اني نهدر معاك . واه انا ? من صباح راكي غير فهاد طعام تفتلي فيه مازال مكملتيش دوك نخبطه بكوتبي على راسك . هادو مالهم ليوم ? نوضي جبيلي بريكة من عند مرت عكاشة اجري . بويا اشعل ملهيه ."	"47"	"MADOran_Sentences.tsv"	"CC-BY-NC-3.0-MADORAN"	"canonical"	"source_exact"	"not_started"
"madoran-s6-sentno-0978"	"S6"	"MADOran_Sentences.tsv#Sentno=978"	"978"	"كون عيني نشعل ملهيه نشعل ملهيه قلتلك روحي جيبلي بريكة و صاي . بويا من عند مرت عكاشة و لا من عند عكاشة . اووه من عند مرت عكاشة راهي تكمي . اه صحا ."	"35"	"MADOran_Sentences.tsv"	"CC-BY-NC-3.0-MADORAN"	"canonical"	"source_exact"	"not_started"
"madoran-s6-sentno-0979"	"S6"	"MADOran_Sentences.tsv#Sentno=979"	"979"	"اسمعي نتي علابالك علاه جاوني و لا معلابلكش . خير انشاء الله . جاو يخطبوا البنت"	"16"	"MADOran_Sentences.tsv"	"CC-BY-NC-3.0-MADORAN"	"canonical"	"source_exact"	"not_started"
"madoran-s6-sentno-0980"	"S6"	"MADOran_Sentences.tsv#Sentno=980"	"980"	"مرحبا بيهم . بصح لمن ."	"6"	"MADOran_Sentences.tsv"	"CC-BY-NC-3.0-MADORAN"	"canonical"	"source_exact"	"not_started"
"madoran-s6-sentno-0981"	"S6"	"MADOran_Sentences.tsv#Sentno=981"	"981"	"لمن ? لبيشة ولدهم . شكون بيشة ? هادك . اههم اههم . غاية جابية تع حمام . سلام و عليكم . سلام . بويا . واه وين كنت نتا ? كنت نصيد . شا صيدت ليوم فهمني ? صيدت تعلب . تشاك يا حاي ."	"46"	"MADOran_Sentences.tsv"	"CC-BY-NC-3.0-MADORAN"	"canonical"	"source_exact"	"not_started"
"madoran-s6-sentno-0982"	"S6"	"MADOran_Sentences.tsv#Sentno=982"	"982"	"تعلب تع مك هادي . باش تصيد سبوعا و تصيد نمورا . و تصيد لورسو و تصيدلي . . . راطيتاه سبع هاديك خطرة في الواد . تفوا عليك و على حالتك ."	"33"	"MADOran_Sentences.tsv"	"CC-BY-NC-3.0-MADORAN"	"canonical"	"source_exact"	"not_started"
"madoran-s6-sentno-0983"	"S6"	"MADOran_Sentences.tsv#Sentno=983"	"983"	"المهم خبرني واه ايا شا قلتلهم ? ما قلتلهمش . أنا قلت نشاورك نتيا . لا نكدب عليك ما نمدش بنتي أنا . لا هادي قاع ما تكونش يحلم هاكا يحلم و منعطيهش أنا بنتي . صحا اسكتي . اه فهمونا . اسكتي عليا . شا كاين ? واه ادي جاويخطبوا أختك و امك راهي تنقرش . شكون هوما هادوا . أودي قبيلة ولاد نهار لولدهم بيشة . اللي كان يقرى معايا ? هاداك واه . مدهاله ."	"78"	"MADOran_Sentences.tsv"	"CC-BY-NC-3.0-MADORAN"	"canonical"	"source_exact"	"not_started"
"madoran-s6-sentno-0984"	"S6"	"MADOran_Sentences.tsv#Sentno=984"	"984"	"شا هو ? تزوج مع خته يكدب عليك كادب . خليتلي انا يجيها قلاديتور يجيها الروند . فكرون تع الماء قدلهاك . يكدب عليك هادي قاع ما تكونلهش والو غير روح و قوله ما نعطيهش بنتي . اسمعي اسكتي عليا بركي ما تنقرشي مدها لبريداتور و صايي . واه يستاهلها بيشة ناس ملاح . مدوها له ليكيديها بويا أنا بروحي اني كاره منها ."	"64"	"MADOran_Sentences.tsv"	"CC-BY-NC-3.0-MADORAN"	"canonical"	"source_exact"	"not_started"
"madoran-s6-sentno-0985"	"S6"	"MADOran_Sentences.tsv#Sentno=985"	"985"	"روح خرج عليا غادي نليكيدك نتا نعميلك عين روح اخرج . أنا علاه . أيا أرجي . . مشرك الفم روح قوله بلي لا ."	"25"	"MADOran_Sentences.tsv"	"CC-BY-NC-3.0-MADORAN"	"canonical"	"source_exact"	"not_started"
"madoran-s6-sentno-0986"	"S6"	"MADOran_Sentences.tsv#Sentno=986"	"986"	"معنديش الوجه اللي يقوله لا . روح قوله لا . يا تبرادي . يسالوني بنتي مانمدهالهش . تشيطة قاع نهار و هو فشجورا لياه مشروط عليا أنيا يحلم هاكا ما نعطيلهش بنتي ."	"33"	"MADOran_Sentences.tsv"	"CC-BY-NC-3.0-MADORAN"	"canonical"	"source_exact"	"not_started"
"madoran-s6-sentno-0987"	"S6"	"MADOran_Sentences.tsv#Sentno=987"	"987"	"مالكي تشالي مالكي . ما نعطيش بنتي . مالكي أنا بوها . والو . أنا نحكم . تبرادي ما نعطيش بنتي باغيني نتوغ ما تسالونيش رزقي غايا . صحا أيا منبعد ."	"32"	"MADOran_Sentences.tsv"	"CC-BY-NC-3.0-MADORAN"	"canonical"	"source_exact"	"not_started"
"madoran-s6-sentno-0988"	"S6"	"MADOran_Sentences.tsv#Sentno=988"	"988"	"مرسيدس مبلقة لوزة والو قاع جيبهوم لي و صالة تكون كبيرة باش نعرضوا قاع العائلة صايي بويا ."	"18"	"MADOran_Sentences.tsv"	"CC-BY-NC-3.0-MADORAN"	"canonical"	"source_exact"	"not_started"
"madoran-s6-sentno-0989"	"S6"	"MADOran_Sentences.tsv#Sentno=989"	"989"	"حتى يزيد و نسموه سعيد ."	"6"	"MADOran_Sentences.tsv"	"CC-BY-NC-3.0-MADORAN"	"canonical"	"source_exact"	"not_started"
"madoran-s6-sentno-0990"	"S6"	"MADOran_Sentences.tsv#Sentno=990"	"990"	"لا بويا زاد و سميناه غير معلابلكش نتيا . شوف شعال بويا راني فرحان . انت تحشم من بوك ما تكميش قدامه واطلب علالي ."	"25"	"MADOran_Sentences.tsv"	"CC-BY-NC-3.0-MADORAN"	"canonical"	"source_exact"	"not_started"
"madoran-s6-sentno-0991"	"S6"	"MADOran_Sentences.tsv#Sentno=991"	"991"	"ياضرا سي حزيم . شا غادي نقولكم درت معاها هاك مرا . خير انشاء الله . غير خير"	"18"	"MADOran_Sentences.tsv"	"CC-BY-NC-3.0-MADORAN"	"canonical"	"source_exact"	"not_started"
"madoran-s6-sentno-0992"	"S6"	"MADOran_Sentences.tsv#Sentno=992"	"992"	"الله يحفظك راك معمر ريش تقول داندوا ."	"8"	"MADOran_Sentences.tsv"	"CC-BY-NC-3.0-MADORAN"	"canonical"	"source_exact"	"not_started"
"madoran-s6-sentno-0993"	"S6"	"MADOran_Sentences.tsv#Sentno=993"	"993"	"احترم نفسك راك تهدر مع شيخ القبيلة ."	"8"	"MADOran_Sentences.tsv"	"CC-BY-NC-3.0-MADORAN"	"canonical"	"source_exact"	"not_started"
"madoran-s6-sentno-0994"	"S6"	"MADOran_Sentences.tsv#Sentno=994"	"994"	"بيشة ولي لبلاصتك . حمبوك بويا هدر معاه . قلتلك ولي لبلاصتك ."	"13"	"MADOran_Sentences.tsv"	"CC-BY-NC-3.0-MADORAN"	"canonical"	"source_exact"	"not_started"
"madoran-s6-sentno-0995"	"S6"	"MADOran_Sentences.tsv#Sentno=995"	"995"	"شا غادي نقولكم هي الخبر اللي غلدي نقوله لكم هي شيرة مازالت صغيرة على حساب هدرة أمها ."	"18"	"MADOran_Sentences.tsv"	"CC-BY-NC-3.0-MADORAN"	"canonical"	"source_exact"	"not_started"
"madoran-s6-sentno-0996"	"S6"	"MADOran_Sentences.tsv#Sentno=996"	"996"	"مازال راهي تقرى . معليش نقارعلها و راه عندها ليسانس اون دروا باغي تولي افوكا راهي تقرى على لافوكا انشاء الله و كي تكمل قرايتها راهي متمنية باش تروح لفرنسا تتزوج تما . ما بقى حالة هنا ."	"38"	"MADOran_Sentences.tsv"	"CC-BY-NC-3.0-MADORAN"	"canonical"	"source_exact"	"not_started"
"madoran-s6-sentno-0997"	"S6"	"MADOran_Sentences.tsv#Sentno=997"	"997"	"مام انيا زعما غير تروح بنتي نلحقها ."	"8"	"MADOran_Sentences.tsv"	"CC-BY-NC-3.0-MADORAN"	"canonical"	"source_exact"	"not_started"
"madoran-s6-sentno-0998"	"S6"	"MADOran_Sentences.tsv#Sentno=998"	"998"	"شوالا هاد الهدرة بوياز ديزولي"	"5"	"MADOran_Sentences.tsv"	"CC-BY-NC-3.0-MADORAN"	"canonical"	"source_exact"	"not_started"
"madoran-s6-sentno-0999"	"S6"	"MADOran_Sentences.tsv#Sentno=999"	"999"	"شا هادي ديزولي"	"3"	"MADOran_Sentences.tsv"	"CC-BY-NC-3.0-MADORAN"	"canonical"	"source_exact"	"not_started"
"madoran-s6-sentno-1000"	"S6"	"MADOran_Sentences.tsv#Sentno=1000"	"1000"	"يعني صايي ما نمدوش بنتنا . أنا نديها و ربي كبير"	"11"	"MADOran_Sentences.tsv"	"CC-BY-NC-3.0-MADORAN"	"canonical"	"source_exact"	"not_started"
"madoran-s6-sentno-1001"	"S6"	"MADOran_Sentences.tsv#Sentno=1001"	"1001"	"شت وين وصلتني . ما كان لوصلتها لوالو"	"8"	"MADOran_Sentences.tsv"	"CC-BY-NC-3.0-MADORAN"	"canonical"	"source_exact"	"not_started"
"madoran-s6-sentno-1002"	"S6"	"MADOran_Sentences.tsv#Sentno=1002"	"1002"	"اسمعوا حنا بروحنا قبيلتنا عمرها ما تناسب قبيلتكم ."	"9"	"MADOran_Sentences.tsv"	"CC-BY-NC-3.0-MADORAN"	"canonical"	"source_exact"	"not_started"
"madoran-s6-sentno-1003"	"S6"	"MADOran_Sentences.tsv#Sentno=1003"	"1003"	"نتا بروحك راك غاير مني تحوس نتا تديها ."	"9"	"MADOran_Sentences.tsv"	"CC-BY-NC-3.0-MADORAN"	"canonical"	"source_exact"	"not_started"
"madoran-s6-sentno-1004"	"S6"	"MADOran_Sentences.tsv#Sentno=1004"	"1004"	"تفضلو بلا ما نطردكم"	"4"	"MADOran_Sentences.tsv"	"CC-BY-NC-3.0-MADORAN"	"canonical"	"source_exact"	"not_started"
"madoran-s6-sentno-1005"	"S6"	"MADOran_Sentences.tsv#Sentno=1005"	"1005"	"شت وين وصلتني , لا بغيت ندير حلال ."	"9"	"MADOran_Sentences.tsv"	"CC-BY-NC-3.0-MADORAN"	"canonical"	"source_exact"	"not_started"
"madoran-s6-sentno-1006"	"S6"	"MADOran_Sentences.tsv#Sentno=1006"	"1006"	"بنت خالك مالها ? بنت خالي قرعة ."	"8"	"MADOran_Sentences.tsv"	"CC-BY-NC-3.0-MADORAN"	"canonical"	"source_exact"	"not_started"
"madoran-s6-sentno-1007"	"S6"	"MADOran_Sentences.tsv#Sentno=1007"	"1007"	"بنت عمك . فيها جرب ."	"6"	"MADOran_Sentences.tsv"	"CC-BY-NC-3.0-MADORAN"	"canonical"	"source_exact"	"not_started"
"madoran-s6-sentno-1008"	"S6"	"MADOran_Sentences.tsv#Sentno=1008"	"1008"	"بحرام ما راك دايها"	"4"	"MADOran_Sentences.tsv"	"CC-BY-NC-3.0-MADORAN"	"canonical"	"source_exact"	"not_started"
"madoran-s6-sentno-1009"	"S6"	"MADOran_Sentences.tsv#Sentno=1009"	"1009"	"مولخير راهي محطوطة باش هو يجي يديها لا مولخير ليا أنا ."	"12"	"MADOran_Sentences.tsv"	"CC-BY-NC-3.0-MADORAN"	"canonical"	"source_exact"	"not_started"
"madoran-s6-sentno-1010"	"S6"	"MADOran_Sentences.tsv#Sentno=1010"	"1010"	"حسبتني مت يا وحد طنح ."	"6"	"MADOran_Sentences.tsv"	"CC-BY-NC-3.0-MADORAN"	"canonical"	"source_exact"	"not_started"
"madoran-s6-sentno-1011"	"S6"	"MADOran_Sentences.tsv#Sentno=1011"	"1011"	"شاف رانا حكمناه"	"3"	"MADOran_Sentences.tsv"	"CC-BY-NC-3.0-MADORAN"	"canonical"	"source_exact"	"not_started"
"madoran-s6-sentno-1012"	"S6"	"MADOran_Sentences.tsv#Sentno=1012"	"1012"	"جابك هو يا وحد خاين دور دور و طيح في مولا الفول . متحشموش حملة يا ولد عمي غير اللي ما بانش في الطريق ما طلقتو بقري ما طلقتو دجاج ما طلقنو خرفان . التبن , الحمير , الكلاب وين راكم غاديين وين ."	"44"	"MADOran_Sentences.tsv"	"CC-BY-NC-3.0-MADORAN"	"canonical"	"source_exact"	"not_started"
"madoran-s6-sentno-1013"	"S6"	"MADOran_Sentences.tsv#Sentno=1013"	"1013"	"ما تحشموش حتى النسا راكم تخطفوهم في الفيلاجات و تعاودهم للبيع ."	"12"	"MADOran_Sentences.tsv"	"CC-BY-NC-3.0-MADORAN"	"canonical"	"source_exact"	"not_started"
"madoran-s6-sentno-1014"	"S6"	"MADOran_Sentences.tsv#Sentno=1014"	"1014"	"وين راه المشكل ? 100 كمارته دورو . شا نديروا بيها ?"	"12"	"MADOran_Sentences.tsv"	"CC-BY-NC-3.0-MADORAN"	"canonical"	"source_exact"	"not_started"
"madoran-s6-sentno-1015"	"S6"	"MADOran_Sentences.tsv#Sentno=1015"	"1015"	"راني نقول نعربن بيها فيرما تع كحايلية . علاه منديروش وزين تع الحليب . وزين تع امك ماشي خير ."	"20"	"MADOran_Sentences.tsv"	"CC-BY-NC-3.0-MADORAN"	"canonical"	"source_exact"	"not_started"
"madoran-s6-sentno-1016"	"S6"	"MADOran_Sentences.tsv#Sentno=1016"	"1016"	"وزين تع ياووغت ."	"4"	"MADOran_Sentences.tsv"	"CC-BY-NC-3.0-MADORAN"	"canonical"	"source_exact"	"not_started"
"madoran-s6-sentno-1017"	"S6"	"MADOran_Sentences.tsv#Sentno=1017"	"1017"	"ه يا صاحبي و نقضب لاخور . ديميل دورو تع شعال ندير بيها ."	"14"	"MADOran_Sentences.tsv"	"CC-BY-NC-3.0-MADORAN"	"canonical"	"source_exact"	"not_started"
"madoran-s6-sentno-1018"	"S6"	"MADOran_Sentences.tsv#Sentno=1018"	"1018"	"شا دير بيها زعبطة ?"	"5"	"MADOran_Sentences.tsv"	"CC-BY-NC-3.0-MADORAN"	"canonical"	"source_exact"	"not_started"
"madoran-s6-sentno-1019"	"S6"	"MADOran_Sentences.tsv#Sentno=1019"	"1019"	"مال حيا كيفاه ? غبت عليك دقيقة ياه داك نهار داولك حمار و ليوم داولك كابوسك ."	"17"	"MADOran_Sentences.tsv"	"CC-BY-NC-3.0-MADORAN"	"canonical"	"source_exact"	"not_started"
"madoran-s6-sentno-1020"	"S6"	"MADOran_Sentences.tsv#Sentno=1020"	"1020"	"ياه متشبهش قاع جدك . شد ."	"7"	"MADOran_Sentences.tsv"	"CC-BY-NC-3.0-MADORAN"	"canonical"	"source_exact"	"not_started"
"madoran-s6-sentno-1021"	"S6"	"MADOran_Sentences.tsv#Sentno=1021"	"1021"	"شاف ! شا كاين ? مالها توخدت خير انشاء الله ."	"11"	"MADOran_Sentences.tsv"	"CC-BY-NC-3.0-MADORAN"	"canonical"	"source_exact"	"not_started"
"madoran-s6-sentno-1022"	"S6"	"MADOran_Sentences.tsv#Sentno=1022"	"1022"	"بيشة باغي يقيس روحه من تروازيم . كان علبالي باغي يقيس روحه على خاطرها . تبعوني ."	"17"	"MADOran_Sentences.tsv"	"CC-BY-NC-3.0-MADORAN"	"canonical"	"source_exact"	"not_started"
"madoran-s6-sentno-1023"	"S6"	"MADOran_Sentences.tsv#Sentno=1023"	"1023"	"متجبدوليش على اللي نبغيها متشيطونيش . متزيدونيش دوك تروح انا مقديتش . اهه نبغيها بزاف ."	"16"	"MADOran_Sentences.tsv"	"CC-BY-NC-3.0-MADORAN"	"canonical"	"source_exact"	"not_started"
"madoran-s6-sentno-1024"	"S6"	"MADOran_Sentences.tsv#Sentno=1024"	"1024"	"هاهو شاف ! راك هنا ."	"6"	"MADOran_Sentences.tsv"	"CC-BY-NC-3.0-MADORAN"	"canonical"	"source_exact"	"not_started"
"madoran-s6-sentno-1025"	"S6"	"MADOran_Sentences.tsv#Sentno=1025"	"1025"	"بيشة هود . صايي جيت كي فاكتور راك هنا . راني هنا بويا علاه نتا وين راك ."	"18"	"MADOran_Sentences.tsv"	"CC-BY-NC-3.0-MADORAN"	"canonical"	"source_exact"	"not_started"
"madoran-s6-sentno-1026"	"S6"	"MADOran_Sentences.tsv#Sentno=1026"	"1026"	"هود . ما نهودش . هود ولدي و انعل الشيطان ."	"11"	"MADOran_Sentences.tsv"	"CC-BY-NC-3.0-MADORAN"	"canonical"	"source_exact"	"not_started"
"madoran-s6-sentno-1027"	"S6"	"MADOran_Sentences.tsv#Sentno=1027"	"1027"	"منهودش والو . أمك حلوة ركبتهاى عليها ."	"8"	"MADOran_Sentences.tsv"	"CC-BY-NC-3.0-MADORAN"	"canonical"	"source_exact"	"not_started"
"madoran-s6-sentno-1028"	"S6"	"MADOran_Sentences.tsv#Sentno=1028"	"1028"	"لا بغى ركبتها مرة . جيبولي مولخير نهود . معليش نشوفولك وخدوخرة ."	"13"	"MADOran_Sentences.tsv"	"CC-BY-NC-3.0-MADORAN"	"canonical"	"source_exact"	"not_started"
"madoran-s6-sentno-1029"	"S6"	"MADOran_Sentences.tsv#Sentno=1029"	"1029"	"لا راني باغي مولخير دروك اللي بوها حزيم رئيس قبيلة ما يخصنا والو عندك كيراك داير تقول راك هارب من غسال . معليش يا ولدي غير بشوية و نزايفطوها وحد من عندنا و يروح عندها و بلاك على ربي يجيب الخير"	"41"	"MADOran_Sentences.tsv"	"CC-BY-NC-3.0-MADORAN"	"canonical"	"source_exact"	"not_started"
"madoran-s6-sentno-1030"	"S6"	"MADOran_Sentences.tsv#Sentno=1030"	"1030"	"باغي تبعت واحد أيا روح بويا و أنا نقعد هنا . ها ما طلعليش لينار للراس . بغاو يطلعوا بغاو يهودوا . انعل الشيطان . الله ينعله و يخزيه . ما راكش باغي تهود . مانيش باغي . لا لا . ها طلقني ."	"44"	"MADOran_Sentences.tsv"	"CC-BY-NC-3.0-MADORAN"	"canonical"	"source_exact"	"not_started"
"madoran-s6-sentno-1031"	"S6"	"MADOran_Sentences.tsv#Sentno=1031"	"1031"	"سي ما في و ندير كيما نبغي أملي قطعو بيه شجرة و لا خاوه هنا انقعد هنا ."	"18"	"MADOran_Sentences.tsv"	"CC-BY-NC-3.0-MADORAN"	"canonical"	"source_exact"	"not_started"
"madoran-s6-sentno-1032"	"S6"	"MADOran_Sentences.tsv#Sentno=1032"	"1032"	"مشينة تع عود متزيدش ترقد معايا هنا رقد عند واد . دبان من جهة و نتا من جهة خطرة جاية شوف الحرام فايدة ما عندي نهدر . وين راك رايح ? فالشخير ماتسقسيش و وين غادي تسقسي ."	"38"	"MADOran_Sentences.tsv"	"CC-BY-NC-3.0-MADORAN"	"canonical"	"source_exact"	"not_started"
"madoran-s6-sentno-1033"	"S6"	"MADOran_Sentences.tsv#Sentno=1033"	"1033"	"رقد يا هاما تتبوف . حمامة اللي رسلتهالي غير الخير . غير الخير . شوف غادي نكلفك بمهمة . تفضل"	"20"	"MADOran_Sentences.tsv"	"CC-BY-NC-3.0-MADORAN"	"canonical"	"source_exact"	"not_started"
"madoran-s6-sentno-1034"	"S6"	"MADOran_Sentences.tsv#Sentno=1034"	"1034"	"بنت شاف تاعكم . واه هداك بوفو عنده بنت . عنده غير وحدة و ريكومبونس قهوتك هي غادي نعطيك اربع بقرات"	"21"	"MADOran_Sentences.tsv"	"CC-BY-NC-3.0-MADORAN"	"canonical"	"source_exact"	"not_started"
"madoran-s6-sentno-1035"	"S6"	"MADOran_Sentences.tsv#Sentno=1035"	"1035"	"و اربع دجاجات و خمس حمير باه تسقي فيهم ما و ربع بطاين الا تقد ترونديلي هاد لافير هادي شوف زيدني قلة عسل و قلة دهان و خطاك شي . كوراج خير من عسل و دهان . غير قضيلي لافير و خطاك الشي . ماكنش مشكل ."	"47"	"MADOran_Sentences.tsv"	"CC-BY-NC-3.0-MADORAN"	"canonical"	"source_exact"	"not_started"
"madoran-s6-sentno-1036"	"S6"	"MADOran_Sentences.tsv#Sentno=1036"	"1036"	"أعطيني فليتشة . علاه ? باش نديها لها اشارة . نعم كلمة تع زعما . كلمة تع ليزانديان تع الجيش ."	"21"	"MADOran_Sentences.tsv"	"CC-BY-NC-3.0-MADORAN"	"canonical"	"source_exact"	"not_started"
"madoran-s6-sentno-1037"	"S6"	"MADOran_Sentences.tsv#Sentno=1037"	"1037"	"هاك الى انسة بلغ الرسالة تفضل . على شي يامات يكون عندك الخبر فهمت ."	"15"	"MADOran_Sentences.tsv"	"CC-BY-NC-3.0-MADORAN"	"canonical"	"source_exact"	"not_started"
"madoran-s6-sentno-1038"	"S6"	"MADOran_Sentences.tsv#Sentno=1038"	"1038"	"بويا باغي نسقسيك صيادة تع سبع و نمر كيفكيف ? علاه نتا شفت سبع و ضبع كيفكيف . لا ماشي كيفكيف ."	"22"	"MADOran_Sentences.tsv"	"CC-BY-NC-3.0-MADORAN"	"canonical"	"source_exact"	"not_started"
"madoran-s6-sentno-1039"	"S6"	"MADOran_Sentences.tsv#Sentno=1039"	"1039"	"راني غير نسقسيك الا صيادة كيفكيف . ايوا شوف يا ولدي ."	"12"	"MADOran_Sentences.tsv"	"CC-BY-NC-3.0-MADORAN"	"canonical"	"source_exact"	"not_started"
"madoran-s6-sentno-1040"	"S6"	"MADOran_Sentences.tsv#Sentno=1040"	"1040"	"صيادة تع سبع و تع نمر ماشي كيفكيف ."	"9"	"MADOran_Sentences.tsv"	"CC-BY-NC-3.0-MADORAN"	"canonical"	"source_exact"	"not_started"
"madoran-s6-sentno-1041"	"S6"	"MADOran_Sentences.tsv#Sentno=1041"	"1041"	"السبع أنا بكري كنت نصيده بخاطري فهمتني ندير ليقونات نطيبهم وندير كولا فدوك الباقيطات سبع كي داير نصيده بحلفة و كولا واه . متأمنيش ياك ? نوضي ميما ."	"29"	"MADOran_Sentences.tsv"	"CC-BY-NC-3.0-MADORAN"	"canonical"	"source_exact"	"not_started"
"madoran-s6-sentno-1042"	"S6"	"MADOran_Sentences.tsv#Sentno=1042"	"1042"	"شا هي ما راني نخبز . خلي أنا نكمله غير نوضي هداك مطلوع أنا نكمله ."	"16"	"MADOran_Sentences.tsv"	"CC-BY-NC-3.0-MADORAN"	"canonical"	"source_exact"	"not_started"
"madoran-s6-sentno-1043"	"S6"	"MADOran_Sentences.tsv#Sentno=1043"	"1043"	"هودي للاك روحي غسلي هادو خوط راه محتاجهم خوك غدوة لسبور هاكي و متبطيش ."	"15"	"MADOran_Sentences.tsv"	"CC-BY-NC-3.0-MADORAN"	"canonical"	"source_exact"	"not_started"
"madoran-s6-sentno-1044"	"S6"	"MADOran_Sentences.tsv#Sentno=1044"	"1044"	"اسمعي اه مولخير اسمعي ماتنسيش جيبيلي معاك شمة من عند بارودي . هات دراهم . روحي قوليله منبعد بويا يخلصك . روحي غسلي قش ما كان لا بارودي لا محيرقة . ايا كملي بويا ."	"35"	"MADOran_Sentences.tsv"	"CC-BY-NC-3.0-MADORAN"	"canonical"	"source_exact"	"not_started"
"madoran-s6-sentno-1045"	"S6"	"MADOran_Sentences.tsv#Sentno=1045"	"1045"	"حقا فاش كنا ? يا سيدي مرحبا طلع يديك . اووف هدا وين تبان نتا أمانة جبتها من صباح راني نحوس عليك كرعيا طابوا ."	"25"	"MADOran_Sentences.tsv"	"CC-BY-NC-3.0-MADORAN"	"canonical"	"source_exact"	"not_started"
"madoran-s6-sentno-1046"	"S6"	"MADOran_Sentences.tsv#Sentno=1046"	"1046"	"ايا هات أمانة خويا هات يا خويا كلمة تع ليزانديان"	"10"	"MADOran_Sentences.tsv"	"CC-BY-NC-3.0-MADORAN"	"canonical"	"source_exact"	"not_started"
"madoran-s6-sentno-1047"	"S6"	"MADOran_Sentences.tsv#Sentno=1047"	"1047"	". ما بغاش يعطيهالي . نعرفك فحل دوها نتوما بصحتكم ."	"11"	"MADOran_Sentences.tsv"	"CC-BY-NC-3.0-MADORAN"	"canonical"	"source_exact"	"not_started"
"madoran-s6-sentno-1048"	"S6"	"MADOran_Sentences.tsv#Sentno=1048"	"1048"	"وقتاش ? متنساش اليوم نهار غسيل روحلها للواد تلقاها تهلى في روحك . قضية مقضية . السلام عليكم . مانعطيهالكش اه يا حزيم ."	"24"	"MADOran_Sentences.tsv"	"CC-BY-NC-3.0-MADORAN"	"canonical"	"source_exact"	"not_started"
"madoran-s6-sentno-1049"	"S6"	"MADOran_Sentences.tsv#Sentno=1049"	"1049"	"حزيم يا خلادر شرك من صبحة الله بنتي ما بانت راني فلماكياج و حال بان ديجا قلبي راه دم من صبحة الله ما بانتش"	"24"	"MADOran_Sentences.tsv"	"CC-BY-NC-3.0-MADORAN"	"canonical"	"source_exact"	"not_started"
"madoran-s6-sentno-1050"	"S6"	"MADOran_Sentences.tsv#Sentno=1050"	"1050"	"حوجيانا شوف شا صرالها قلبي راه دم . راني نهدر معاك . روحلي شوفلي بنتي . مانيش خدام ليوم ."	"20"	"MADOran_Sentences.tsv"	"CC-BY-NC-3.0-MADORAN"	"canonical"	"source_exact"	"not_started"
"madoran-s6-sentno-1051"	"S6"	"MADOran_Sentences.tsv#Sentno=1051"	"1051"	"أيا خدام روحلي شوفلي و لا نروح أنا خيرنشوف بنتي . دوك نعميك تروحي للواد نتيا غاية ."	"18"	"MADOran_Sentences.tsv"	"CC-BY-NC-3.0-MADORAN"	"canonical"	"source_exact"	"not_started"
"madoran-s6-sentno-1052"	"S6"	"MADOran_Sentences.tsv#Sentno=1052"	"1052"	"قلبي ما راه مهنيني روح شوفلي بنتي . أرواح هنا اي ."	"12"	"MADOran_Sentences.tsv"	"CC-BY-NC-3.0-MADORAN"	"canonical"	"source_exact"	"not_started"
"madoran-s6-sentno-1053"	"S6"	"MADOran_Sentences.tsv#Sentno=1053"	"1053"	"منعرت كي صرالها . وين كنت ? حاضر شيخ . روح شوف الشيرة راحت للواد منصباح ما بانتش . خف . راهي عند اللاك غير رح خف شوفها ."	"29"	"MADOran_Sentences.tsv"	"CC-BY-NC-3.0-MADORAN"	"canonical"	"source_exact"	"not_started"
"madoran-s6-sentno-1054"	"S6"	"MADOran_Sentences.tsv#Sentno=1054"	"1054"	"غير متهوليش تكون غير عند مرت عكاشة مداري تعلم فيها خياطة لا ."	"13"	"MADOran_Sentences.tsv"	"CC-BY-NC-3.0-MADORAN"	"canonical"	"source_exact"	"not_started"
"madoran-s6-sentno-1055"	"S6"	"MADOran_Sentences.tsv#Sentno=1055"	"1055"	"لا كاينة حاجة . راهي تعلمها مجبود و طريز . راحت تغسل راني فلمجبود أه حزيم تغم فيا . تدهمها جيبيلي مرايا ."	"23"	"MADOran_Sentences.tsv"	"CC-BY-NC-3.0-MADORAN"	"canonical"	"source_exact"	"not_started"
"madoran-s6-sentno-1056"	"S6"	"MADOran_Sentences.tsv#Sentno=1056"	"1056"	"شكون . هدا غير أنا . شكون نتا بينو رواحكم . غادي نتيري وحدة , و الله نتيري زوج , أهدي هدا غير أنا قادة بيقوس ."	"27"	"MADOran_Sentences.tsv"	"CC-BY-NC-3.0-MADORAN"	"canonical"	"source_exact"	"not_started"
"madoran-s6-sentno-1057"	"S6"	"MADOran_Sentences.tsv#Sentno=1057"	"1057"	"هدا غير نتا ميزيرية قعد تما قعد تم راني جاية . ويا شعال منارفية شا كاين ? راك مبكر عليا لا الخير اهدر ."	"24"	"MADOran_Sentences.tsv"	"CC-BY-NC-3.0-MADORAN"	"canonical"	"source_exact"	"not_started"
"madoran-s6-sentno-1058"	"S6"	"MADOran_Sentences.tsv#Sentno=1058"	"1058"	"تعرفني أنا شر ها نجيبلك غير الخير . نهود يدي . هود مقاطيعك . الحقيقة جبتلك سلعة . سلعة من نوع رفيع و لا كيما مداري ."	"27"	"MADOran_Sentences.tsv"	"CC-BY-NC-3.0-MADORAN"	"canonical"	"source_exact"	"not_started"
"madoran-s6-sentno-1059"	"S6"	"MADOran_Sentences.tsv#Sentno=1059"	"1059"	"راني نقولك ماشي طيوان سلعة راني نقولك فن . بيها بكواغطها بلكارت قريز تاعها مسورية بلاسيرونس تاعها كلشي خادمه ."	"20"	"MADOran_Sentences.tsv"	"CC-BY-NC-3.0-MADORAN"	"canonical"	"source_exact"	"not_started"
"madoran-s6-sentno-1060"	"S6"	"MADOran_Sentences.tsv#Sentno=1060"	"1060"	"جيب نشوف سلعة كي دايرة . خويا هيا هيا . شوفي سلعة كي دايرة تبيع روحها . سلعة ماشي طايوان ."	"21"	"MADOran_Sentences.tsv"	"CC-BY-NC-3.0-MADORAN"	"canonical"	"source_exact"	"not_started"
"madoran-s6-sentno-1061"	"S6"	"MADOran_Sentences.tsv#Sentno=1061"	"1061"	"هادي مالها تزعبط كي جدع مالكي . كي دايرة و الحنا . شعال طالب فيها ? شعال هادي . غير مين نتي نتي مرا"	"24"	"MADOran_Sentences.tsv"	"CC-BY-NC-3.0-MADORAN"	"canonical"	"source_exact"	"not_started"
"madoran-s6-sentno-1062"	"S6"	"MADOran_Sentences.tsv#Sentno=1062"	"1062"	"مليحة و نبغيك . 400 دورو . هادي ما تصلحش حتى كياسة فلحمام تقبل 100 ? علاه رانا خاونينها و لا ملكطة هادي"	"23"	"MADOran_Sentences.tsv"	"CC-BY-NC-3.0-MADORAN"	"canonical"	"source_exact"	"not_started"
"madoran-s6-sentno-1063"	"S6"	"MADOran_Sentences.tsv#Sentno=1063"	"1063"	"شا هدره هادا بلع فمك . شا هدرك نتايا خلينا نتفاهموا . شوفي 130 دورو . لا لا 105 اه 130 راه فيها ليزامبو و تيفيا و فيها نخلص خدام و انشاء الله فيها غادي ندخل خدام وخداخور . و عود ماكلة تاعه و كلشي . عللى شحمها و لحمها هادي راهي يابسة . اقبل ما تقبلش و لا دي عليا . و الله صعبتي علينا امور أيا صحا بصح شوفي خطرة جاية انشاء الله تهلي فينا"	"77"	"MADOran_Sentences.tsv"	"CC-BY-NC-3.0-MADORAN"	"canonical"	"source_exact"	"not_started"
"madoran-s6-sentno-1064"	"S6"	"MADOran_Sentences.tsv#Sentno=1064"	"1064"	". ايا تمشي يا معزة جربة تمشي . و الله مرا مليحة مسكينة و قلبها بيض دوك تتهلى فيها . باغي تاكليني باغي تاكلي لرض اه ليزانديان توغي و لا قعدي هنا نقلعلك بوك ."	"35"	"MADOran_Sentences.tsv"	"CC-BY-NC-3.0-MADORAN"	"canonical"	"source_exact"	"not_started"
"madoran-s6-sentno-1065"	"S6"	"MADOran_Sentences.tsv#Sentno=1065"	"1065"	"مولخير داوها . قلتلك . شكون داها ? الله أعلم و بلا شك ولاد النهار . هاي فليتشة ."	"19"	"MADOran_Sentences.tsv"	"CC-BY-NC-3.0-MADORAN"	"canonical"	"source_exact"	"not_started"
"madoran-s6-sentno-1066"	"S6"	"MADOran_Sentences.tsv#Sentno=1066"	"1066"	"كنت عارف يديروها ولاد نهار . ما يكون غير هو اللي خطفها هو و ابوه . روح جيبها . اسكتوا عليا . أري عمامتي . هاك غير خف خير ما نروح أنا ."	"33"	"MADOran_Sentences.tsv"	"CC-BY-NC-3.0-MADORAN"	"canonical"	"source_exact"	"not_started"
"madoran-s6-sentno-1067"	"S6"	"MADOran_Sentences.tsv#Sentno=1067"	"1067"	"اتمشى قدامي . بنتي داوها شميتها . أقعدي في الدار راني قاعدة . شوفي حرام ديني و تبعيني راكي مطلقة . قلبي بروحه انحرق عليها وين راهي ?"	"28"	"MADOran_Sentences.tsv"	"CC-BY-NC-3.0-MADORAN"	"canonical"	"source_exact"	"not_started"
"madoran-s6-sentno-1068"	"S6"	"MADOran_Sentences.tsv#Sentno=1068"	"1068"	"علابالي سي حزيم متبخلنيش و جيت تعطيني البنت . قلبه بيض . شوف انعلو الشيطان خيرلكم الله ينعله و يخزيه ردولي البنت شكون يردلك البنت . اخطفتولي البنت . راك في عقلك يا سي حزيم . شوف مها صباح قالتلها روحي تغسلي كيما مداري فلواد القش . البنت خطفوهالي ."	"50"	"MADOran_Sentences.tsv"	"CC-BY-NC-3.0-MADORAN"	"canonical"	"source_exact"	"not_started"
"madoran-s6-sentno-1069"	"S6"	"MADOran_Sentences.tsv#Sentno=1069"	"1069"	"راك تاهمنا فلباطل سي حزيم . ماشي نتيا ولدك . ولدي كان معايا يصيد كيفاش خطافها لك . بلع ما درت والو . قلت البنت اعطوهالي . مين نعطوهالك . بلاك داها هو . نتا ديتها نعرف بلي نتيا . على خطبة اللي خطبتها و ما اعطيناهالكش حبس ."	"49"	"MADOran_Sentences.tsv"	"CC-BY-NC-3.0-MADORAN"	"canonical"	"source_exact"	"not_started"
"madoran-s6-sentno-1070"	"S6"	"MADOran_Sentences.tsv#Sentno=1070"	"1070"	"رانا مكشوفين في كل رحبة . بيقوس ها دير موسطاش تاعك يا صاحبي باغي تنعرف . أيا زهو راه حيا راها زاهية ."	"23"	"MADOran_Sentences.tsv"	"CC-BY-NC-3.0-MADORAN"	"canonical"	"source_exact"	"not_started"
"madoran-s6-sentno-1071"	"S6"	"MADOran_Sentences.tsv#Sentno=1071"	"1071"	"عومر ما رانيش راقد على ودنيا زوج خطرات تالتة ما تفوتكش . توجوغ باغاي شكون اللي كتله هدا . و الله ما علابالي . قاع معلبالكش شا راك ديرنتا هنا . رحت نشوف مطلوعي جيت لقيت دعوة هاك ."	"39"	"MADOran_Sentences.tsv"	"CC-BY-NC-3.0-MADORAN"	"canonical"	"source_exact"	"not_started"
"madoran-s6-sentno-1072"	"S6"	"MADOran_Sentences.tsv#Sentno=1072"	"1072"	"ما تشوفش نتا بعينيك لا ماشفتاهش . توجوغ مشفتش , ما سمعتش , معرفتش محفظينك الميم نتيا لا النون ."	"20"	"MADOran_Sentences.tsv"	"CC-BY-NC-3.0-MADORAN"	"canonical"	"source_exact"	"not_started"
"madoran-s6-sentno-1073"	"S6"	"MADOran_Sentences.tsv#Sentno=1073"	"1073"	"تحمل مسؤلية تاعك نتا . ماكنش اللي يتحرك فيكم نتوما حتى نجيب دكتور شرعي . ديسامبيسيل . كي نتا كي طبيب تحصلو فيا غير أنا ."	"26"	"MADOran_Sentences.tsv"	"CC-BY-NC-3.0-MADORAN"	"canonical"	"source_exact"	"not_started"
"madoran-s6-sentno-1074"	"S6"	"MADOran_Sentences.tsv#Sentno=1074"	"1074"	"ما بغيتوش تعطوهالي حاجا تع قلوب ماشي تع دراع . بلاك داها واد تع موك . انعلوا الشيطان ."	"19"	"MADOran_Sentences.tsv"	"CC-BY-NC-3.0-MADORAN"	"canonical"	"source_exact"	"not_started"
"madoran-s6-sentno-1075"	"S6"	"MADOran_Sentences.tsv#Sentno=1075"	"1075"	"نتا ديتها خاين . شوف قيس سلاح واه نقيس سلاح صايي . قيرا ناضت . طلقه ."	"17"	"MADOran_Sentences.tsv"	"CC-BY-NC-3.0-MADORAN"	"canonical"	"source_exact"	"not_started"
"madoran-s6-sentno-1076"	"S6"	"MADOran_Sentences.tsv#Sentno=1076"	"1076"	"أرواح خليني نهدر معاه . أسكت نديكلاري قيرة . بسم الله ."	"12"	"MADOran_Sentences.tsv"	"CC-BY-NC-3.0-MADORAN"	"canonical"	"source_exact"	"not_started"
"madoran-s6-sentno-1077"	"S6"	"MADOran_Sentences.tsv#Sentno=1077"	"1077"	"الحرب . ولاد نهار كونترا ولاد الليل نيشان . دوك نتفاهموا عليها احنا نوجدوا رواحنا و وجدوا رواحكم ."	"19"	"MADOran_Sentences.tsv"	"CC-BY-NC-3.0-MADORAN"	"canonical"	"source_exact"	"not_started"
"madoran-s6-sentno-1078"	"S6"	"MADOran_Sentences.tsv#Sentno=1078"	"1078"	"لا للعنف الحرب و منبعد باغي تاكلونا . نتوما باغي تاكلونا تفوا عليكم . على حالتك بداو الحرب و الله غير تخلصوها غالية ."	"24"	"MADOran_Sentences.tsv"	"CC-BY-NC-3.0-MADORAN"	"canonical"	"source_exact"	"not_started"
"madoran-s6-sentno-1079"	"S6"	"MADOran_Sentences.tsv#Sentno=1079"	"1079"	"قدامي أيا عيط ليكيب أيا علاه حرب لحقوهالنا رانا نقارعوكم خير بنتي قوتي لعمر نتي خيتي نتيا منين ? نتي زعما انديانيا حرة راني نشوف فيك مصفارة كولي بنتي كولي هاكي قوتي لعمر كولي و كولي رهج اللي ياكلك انشاء الله ."	"42"	"MADOran_Sentences.tsv"	"CC-BY-NC-3.0-MADORAN"	"canonical"	"source_exact"	"not_started"
"madoran-s6-sentno-1080"	"S6"	"MADOran_Sentences.tsv#Sentno=1080"	"1080"	"مدام سوسن بويا ميكي ماشي هدا اللي نتبع فيه تع سوسن ياروحي زهرة مدام سوسن . شكون ? شاف تع قبيلة ولاد نهار ."	"24"	"MADOran_Sentences.tsv"	"CC-BY-NC-3.0-MADORAN"	"canonical"	"source_exact"	"not_started"
"madoran-s6-sentno-1081"	"S6"	"MADOran_Sentences.tsv#Sentno=1081"	"1081"	"مرحبا و علاه تجوني دروك راني نريبيتي مرحبا شعال راكم ? رانا زوج و نص و لا واحد و نص مرحبا كترتو الحلا ."	"24"	"MADOran_Sentences.tsv"	"CC-BY-NC-3.0-MADORAN"	"canonical"	"source_exact"	"not_started"
"madoran-s6-sentno-1082"	"S6"	"MADOran_Sentences.tsv#Sentno=1082"	"1082"	"كترنا كوتبيات اه الحلا . كاين حاجا جبتلك داندا . و أنا جبتلك كلب بيه بولاده ياكله انشاء الله هو ولاده . أنا و اياك ."	"26"	"MADOran_Sentences.tsv"	"CC-BY-NC-3.0-MADORAN"	"canonical"	"source_exact"	"not_started"
"madoran-s6-sentno-1083"	"S6"	"MADOran_Sentences.tsv#Sentno=1083"	"1083"	"باغي تشوفوا ? نعم هاتولي عيدان . كبار و لا صغار . كبر . هاتولي صغار هاكي حاجا عيدان . هادوا عيدان طريين لا هادوا صباعي وين راهم كون جبتي لعمرك بعد مين تجيبي للناس كون جبتي لعمرك بلاك ضوي شوي ."	"42"	"MADOran_Sentences.tsv"	"CC-BY-NC-3.0-MADORAN"	"canonical"	"source_exact"	"not_started"
"madoran-s6-sentno-1084"	"S6"	"MADOran_Sentences.tsv#Sentno=1084"	"1084"	"اسكت عليا متدخليش فالخيط تاعي . صحا دبري راسك أنا غير من عونك . راهي كحلة . خير انشاء الله ."	"21"	"MADOran_Sentences.tsv"	"CC-BY-NC-3.0-MADORAN"	"canonical"	"source_exact"	"not_started"
"madoran-s6-sentno-1085"	"S6"	"MADOran_Sentences.tsv#Sentno=1085"	"1085"	"كتروا الحلا راها كحلة . يا حفيظ نتوما ولاد نهار نعم , يا بردي راهم جايينكم ولاد الليل على تلاتة ايام تدوا قرارات ."	"24"	"MADOran_Sentences.tsv"	"CC-BY-NC-3.0-MADORAN"	"canonical"	"source_exact"	"not_started"
"madoran-s6-sentno-1086"	"S6"	"MADOran_Sentences.tsv#Sentno=1086"	"1086"	"قلتلك داروها . عولوا علينا . ما عولو والو . شوفيلنا بواش غادي يضربونا شوفي . راه كاين كلاب غير هدري . باش غادي يضربونا . باغي يضربوكم بفليتشات أرض أرض ها شوف عيدان قاع ما و قفوش و أرض جو كاين ? لا عيدان رقدوا تسما أرض أرض أيا حنا غادي نضربوهم بجمرة خبيتة . لا ضربوهم بخبيتة جمرة . تسمى غير هي و راكي قالبتها . لا قلبوا خير . يا ستوتة ."	"75"	"MADOran_Sentences.tsv"	"CC-BY-NC-3.0-MADORAN"	"canonical"	"source_exact"	"not_started"
"madoran-s6-sentno-1087"	"S6"	"MADOran_Sentences.tsv#Sentno=1087"	"1087"	"تبعني نوجدوا رواحنا . شوفي حاجا أنا تساعفيني شوفي لعمرك باه تولي ضوي غاية نتي بروحك راكي طافية اسمعتي و كلاب أنا نجيبهم من برا كلب اللي ياكلك انشاء الله . ياكلك بلا ما يمضغك ."	"36"	"MADOran_Sentences.tsv"	"CC-BY-NC-3.0-MADORAN"	"canonical"	"source_exact"	"not_started"
"madoran-s6-sentno-1088"	"S6"	"MADOran_Sentences.tsv#Sentno=1088"	"1088"	"شا كاين شكون نتوما ? يا ضياف ربي . أرواح أرواح صيادة مليحة تع ليوم نهار شباب . يا عنقي ارفد ارفد ."	"23"	"MADOran_Sentences.tsv"	"CC-BY-NC-3.0-MADORAN"	"canonical"	"source_exact"	"not_started"
"madoran-s6-sentno-1089"	"S6"	"MADOran_Sentences.tsv#Sentno=1089"	"1089"	"تسكت و لا متسكتش باغي تخرجني من عقلي . باغي راسي تنوض فيه الشعر ."	"15"	"MADOran_Sentences.tsv"	"CC-BY-NC-3.0-MADORAN"	"canonical"	"source_exact"	"not_started"
"madoran-s6-sentno-1090"	"S6"	"MADOran_Sentences.tsv#Sentno=1090"	"1090"	"نخبرك و نفهمك راني دايك عند غولا و حرز تهدر غادي نبيعك . تبيعني و ما نهدرش تخونوا ولاد ناس و تبيعوهم و ما نهدروش هارجا عند بويا ولاد نهار غادي تخلصوها غالية بوك و مازال نخونوه و نبيعوه حقك تفرح غادي نعيشك عند غولة فلنعيم كنت عايش غاية عند ولاد نهار أنا نتوما جبتوني هنا راني نقولك اسكت جره ."	"61"	"MADOran_Sentences.tsv"	"CC-BY-NC-3.0-MADORAN"	"canonical"	"source_exact"	"not_started"
"madoran-s6-sentno-1091"	"S6"	"MADOran_Sentences.tsv#Sentno=1091"	"1091"	"أنا رانا جايبين لك سلعة مالك نتا يا شحمة لأرض رايح جاي عليا شاكاين ? راني جبتلك سلعة حياتي و أنا نجيبلك فلسلعات بصح هادي وحدها تنطق وحدها تهدر روحها سلعة مليحة سبحان الله ."	"35"	"MADOran_Sentences.tsv"	"CC-BY-NC-3.0-MADORAN"	"canonical"	"source_exact"	"not_started"
"madoran-s6-sentno-1092"	"S6"	"MADOran_Sentences.tsv#Sentno=1092"	"1092"	"وري تشوف السلعة وريلها هادا سلعة حبة كراوسون هادا من جبتوه يا عود اللي تحقريه يعميك ."	"17"	"MADOran_Sentences.tsv"	"CC-BY-NC-3.0-MADORAN"	"canonical"	"source_exact"	"not_started"
"madoran-s6-sentno-1093"	"S6"	"MADOran_Sentences.tsv#Sentno=1093"	"1093"	"يا لطيف تعرفوا تصيدوا غير ليزانديان ماكان ني بربار ما كان ني تارزو ما كان ني فوندامات جبتولي هادا شا ندير بيه ."	"23"	"MADOran_Sentences.tsv"	"CC-BY-NC-3.0-MADORAN"	"canonical"	"source_exact"	"not_started"
"madoran-s6-sentno-1094"	"S6"	"MADOran_Sentences.tsv#Sentno=1094"	"1094"	"هاد نزقي بيه أنا ديه عليا ديه عليا أعطيني فيه غير 10 دوروا . ما نعطيك والو . ما بغاتش . ارواح صحا اعطينا فيه 8 دوروا ."	"28"	"MADOran_Sentences.tsv"	"CC-BY-NC-3.0-MADORAN"	"canonical"	"source_exact"	"not_started"
"madoran-s6-sentno-1095"	"S6"	"MADOran_Sentences.tsv#Sentno=1095"	"1095"	"ما نعطيك فيه والوا . فيه 6 دوروا والو . يا 4 دوروا غير دراهم التبن ودراهم العلف نعلف العواد ة ."	"22"	"MADOran_Sentences.tsv"	"CC-BY-NC-3.0-MADORAN"	"canonical"	"source_exact"	"not_started"
"madoran-s6-sentno-1096"	"S6"	"MADOran_Sentences.tsv#Sentno=1096"	"1096"	"نقولك حاجة غادي نبيته الا ما نباعش ارواح ديه أيا تمشى هادو غير تع زقا و تواغ واه عضني شوفي ."	"21"	"MADOran_Sentences.tsv"	"CC-BY-NC-3.0-MADORAN"	"canonical"	"source_exact"	"not_started"
"madoran-s6-sentno-1097"	"S6"	"MADOran_Sentences.tsv#Sentno=1097"	"1097"	"هدا راه مكلوب ربي يديك لجهنم انشاء الله و كلاب ياكلوك و نريحو منك ."	"15"	"MADOran_Sentences.tsv"	"CC-BY-NC-3.0-MADORAN"	"canonical"	"source_exact"	"not_started"
"madoran-s6-sentno-1098"	"S6"	"MADOran_Sentences.tsv#Sentno=1098"	"1098"	"ما طلقتوا بنيادم ما والو قاع نهار و نتوما تخونوا فلبز . علاه نتا بز . رزمة تع حمام بز بلع فمك ."	"23"	"MADOran_Sentences.tsv"	"CC-BY-NC-3.0-MADORAN"	"canonical"	"source_exact"	"not_started"
"madoran-s6-sentno-1099"	"S6"	"MADOran_Sentences.tsv#Sentno=1099"	"1099"	"اقعد هنا شوف راني باغية نروح نرقد و الضرسة ضارتني و راني صايمة براس ما تهدر نعطيك للفم ."	"19"	"MADOran_Sentences.tsv"	"CC-BY-NC-3.0-MADORAN"	"canonical"	"source_exact"	"not_started"
"madoran-s6-sentno-1100"	"S6"	"MADOran_Sentences.tsv#Sentno=1100"	"1100"	"ما اني فاهم والو شا ماراكش فاهم . دروك نقعدوا غير نصيدوا في ليزانديان . ما صورنا والو . التعب باطل . ما نصيدوا قلادياتور ولا فيكينق و لا طارطار و لا حاجة . هادي كل يوم تحشيهالنا و لا كيفاش دروك ."	"43"	"MADOran_Sentences.tsv"	"CC-BY-NC-3.0-MADORAN"	"canonical"	"source_exact"	"not_started"
"madoran-s6-sentno-1101"	"S6"	"MADOran_Sentences.tsv#Sentno=1101"	"1101"	"نزيدك حاجة دراهم تع هندية معطيتهومليش يا صاحبي . يا لاسمع . واه ما اعطيتنيش حقي ."	"17"	"MADOran_Sentences.tsv"	"CC-BY-NC-3.0-MADORAN"	"canonical"	"source_exact"	"not_started"
"madoran-s6-sentno-1102"	"S6"	"MADOran_Sentences.tsv#Sentno=1102"	"1102"	"ما تعاودش تهدرلي هاد لهدرة خطرة لخرة اعطاوني فيزا ما نقابلكش و نقابل هاد غولة و نقابل ليزانديان . شوف تبعني انعل بو خدمة هادي ."	"26"	"MADOran_Sentences.tsv"	"CC-BY-NC-3.0-MADORAN"	"canonical"	"source_exact"	"not_started"
"madoran-s6-sentno-1103"	"S6"	"MADOran_Sentences.tsv#Sentno=1103"	"1103"	"يا جابوك كيما جابوك نتا أنا ما جابونيش هوما أنا قلتهم أرواحو دوني درت معاهم روندي فو و قلتهم أرواحوا دوني , اسمعتي خاطرش علاه صحاب فيلاج تاعكم راهم محصلين بلي أحنا ديناك احنا ما ديناكش أنا لي كوبوي نقد نهربلهم ما يغيبوهاليش أنا على خاطرك ريسكست و جيت بارح بيتوني في قادوس كتلني لبرد , الجوع , العطش تستاهل ."	"61"	"MADOran_Sentences.tsv"	"CC-BY-NC-3.0-MADORAN"	"canonical"	"source_exact"	"not_started"
"madoran-s6-sentno-1104"	"S6"	"MADOran_Sentences.tsv#Sentno=1104"	"1104"	"اسمعت راكي هنا جابوني علاه نستاهل أنا نبيغيك و نتي ما تبغنيش . واه ما نبغيكش معليش ."	"18"	"MADOran_Sentences.tsv"	"CC-BY-NC-3.0-MADORAN"	"canonical"	"source_exact"	"not_started"
"madoran-s6-sentno-1105"	"S6"	"MADOran_Sentences.tsv#Sentno=1105"	"1105"	"ربيت موسطاش يا خويا باش متنعقلش ياه ? يا ولدي ديرها مع بوجاديا كيما نتوما ماديروهاش معانا احنا ."	"19"	"MADOran_Sentences.tsv"	"CC-BY-NC-3.0-MADORAN"	"canonical"	"source_exact"	"not_started"
"madoran-s6-sentno-1106"	"S6"	"MADOran_Sentences.tsv#Sentno=1106"	"1106"	"طلع يديك شوف فيا مليح صحح واه زعباطة وين راه صاحبك راه فلغابة قالي راني فلواد راه يصيد مانيش عارف شا راه يدير يخدم على روحه ياه ? أنا خاطيني مانيش خدام راني روبو ليوم . جيت نزهى شوية ليوم هنا . صباح الخير زعباطة قليع جدك تقول توحموا على قط سبع أرواح عندك ."	"55"	"MADOran_Sentences.tsv"	"CC-BY-NC-3.0-MADORAN"	"canonical"	"source_exact"	"not_started"
"madoran-s6-sentno-1107"	"S6"	"MADOran_Sentences.tsv#Sentno=1107"	"1107"	"ها صحا ارجا 24 خطرة و أنا نكتل فيك و ما متش . ها صحا ما تقلقش نتفاهموا . ها ارجا وينتا شفتني مقلق . راس خبيت كرابيل هاد خطرة موت ما نظلش نلاغي معاك . ماكنش غير نتا في دنيا خلادار بوه قربعله باباه ."	"46"	"MADOran_Sentences.tsv"	"CC-BY-NC-3.0-MADORAN"	"canonical"	"source_exact"	"not_started"
"madoran-s6-sentno-1108"	"S6"	"MADOran_Sentences.tsv#Sentno=1108"	"1108"	"اه بنعمي غفلت خمس دقايق كتلتوا واحد قلنالكم ممنوع رصاص هنا ."	"12"	"MADOran_Sentences.tsv"	"CC-BY-NC-3.0-MADORAN"	"canonical"	"source_exact"	"not_started"
"madoran-s6-sentno-1109"	"S6"	"MADOran_Sentences.tsv#Sentno=1109"	"1109"	"ماكانش اللي شاف لعراس تشوفوهم , وعادي تشوفوهم , شهر تع رمضان تشوفوه . قاع معلابالكمش ."	"17"	"MADOran_Sentences.tsv"	"CC-BY-NC-3.0-MADORAN"	"canonical"	"source_exact"	"not_started"
"madoran-s6-sentno-1110"	"S6"	"MADOran_Sentences.tsv#Sentno=1110"	"1110"	"هدا شكون بطحه و الله ما علابالي خويا كنت داخل لاهي . أنا كل 3 جوغ نشوف واحد مبطوح هنا . ما شفتش نظل لاهي داخل ."	"27"	"MADOran_Sentences.tsv"	"CC-BY-NC-3.0-MADORAN"	"canonical"	"source_exact"	"not_started"
"madoran-s6-sentno-1111"	"S6"	"MADOran_Sentences.tsv#Sentno=1111"	"1111"	"نتا ما تشوف ما والو نخدم نجي , نقابل ناس كي نديرنقطع روحي . بليش دو سا ما عندكش روجيستر دو كومارس ."	"23"	"MADOran_Sentences.tsv"	"CC-BY-NC-3.0-MADORAN"	"canonical"	"source_exact"	"not_started"
"madoran-s6-sentno-1112"	"S6"	"MADOran_Sentences.tsv#Sentno=1112"	"1112"	"ما راكش تخلص ليزامبوا . قعدوا كيما راكم نجيب طبيب شرعي ."	"12"	"MADOran_Sentences.tsv"	"CC-BY-NC-3.0-MADORAN"	"canonical"	"source_exact"	"not_started"
"madoran-s6-sentno-1113"	"S6"	"MADOran_Sentences.tsv#Sentno=1113"	"1113"	"و الله ما علابالي بيكم قاع . غدوة نبدل خدمة . يا مولخير سلكتي روحك ايا سلكيني معاك . رانا نلعبوا . نسلكك ?"	"24"	"MADOran_Sentences.tsv"	"CC-BY-NC-3.0-MADORAN"	"canonical"	"source_exact"	"not_started"
"madoran-s6-sentno-1114"	"S6"	"MADOran_Sentences.tsv#Sentno=1114"	"1114"	"واه ماشي نتا قافز أنا على خاطرك جيت . ماشي نتا باغي تغيبها للكوبويز . بغيت نغيباهلم بصح على خاطرك جيت ."	"22"	"MADOran_Sentences.tsv"	"CC-BY-NC-3.0-MADORAN"	"canonical"	"source_exact"	"not_started"
"madoran-s6-sentno-1115"	"S6"	"MADOran_Sentences.tsv#Sentno=1115"	"1115"	"منسلكاكش سلك روحك . علاه حرام عليك يخليك قلبك فيك خير . غير بشوية تسمعنا عواواة ."	"17"	"MADOran_Sentences.tsv"	"CC-BY-NC-3.0-MADORAN"	"canonical"	"source_exact"	"not_started"
"madoran-s6-sentno-1116"	"S6"	"MADOran_Sentences.tsv#Sentno=1116"	"1116"	"منا الطريق . ياضرا سيدي شا قررت ? قررنا الحرب , الشرف , الرجلة , روح منا . وين نروح منا ?"	"22"	"MADOran_Sentences.tsv"	"CC-BY-NC-3.0-MADORAN"	"canonical"	"source_exact"	"not_started"
"madoran-s6-sentno-1117"	"S6"	"MADOran_Sentences.tsv#Sentno=1117"	"1117"	"وين لاصق فيا عند شجرة لاصق فيا روح ز حق اللي سلكتك وين سلكتني . روح صحا غير نيميرو تع تليفون . لا روح . روحي الله يجيبهالك ."	"29"	"MADOran_Sentences.tsv"	"CC-BY-NC-3.0-MADORAN"	"canonical"	"source_exact"	"not_started"
"madoran-s6-sentno-1118"	"S6"	"MADOran_Sentences.tsv#Sentno=1118"	"1118"	"أرواح . متبركاش من زعاقة تاعك هادي . شا درت انا ? علاه ظلي تلاعيلي فلكلاب ."	"17"	"MADOran_Sentences.tsv"	"CC-BY-NC-3.0-MADORAN"	"canonical"	"source_exact"	"not_started"
"madoran-s6-sentno-1119"	"S6"	"MADOran_Sentences.tsv#Sentno=1119"	"1119"	"ما لاعيت كلاب ما والو نتا ما راك تعطيهم ما ياكلوا لا يشربوا . بسبابك ضيعت الصيد . باغي نسقسيك أرواح . هادي تلات ايام وين كنت ? اه حتى لدروك وين علابلك بلي أنا ولدك . حتى لدروك تسقسي هادي تلات ايام وين كنت ."	"46"	"MADOran_Sentences.tsv"	"CC-BY-NC-3.0-MADORAN"	"canonical"	"source_exact"	"not_started"
"madoran-s6-sentno-1120"	"S6"	"MADOran_Sentences.tsv#Sentno=1120"	"1120"	"قول خبرني وين كنت ."	"5"	"MADOran_Sentences.tsv"	"CC-BY-NC-3.0-MADORAN"	"canonical"	"source_exact"	"not_started"
"madoran-s6-sentno-1121"	"S6"	"MADOran_Sentences.tsv#Sentno=1121"	"1121"	"داوني وحدين و كتفوني ما نعرفهم ما والو داوك . واه بيتوني في كادوس راني تلات ايام لا عشا لا فطور عندك كي دارولي نقصت ."	"26"	"MADOran_Sentences.tsv"	"CC-BY-NC-3.0-MADORAN"	"canonical"	"source_exact"	"not_started"
"madoran-s6-sentno-1122"	"S6"	"MADOran_Sentences.tsv#Sentno=1122"	"1122"	"نتا ماشي بويا نتا باين بلي ماشي بويا . صحا ما تبكيش . دوك نتافهم معاهم ."	"17"	"MADOran_Sentences.tsv"	"CC-BY-NC-3.0-MADORAN"	"canonical"	"source_exact"	"not_started"
"madoran-s6-sentno-1123"	"S6"	"MADOran_Sentences.tsv#Sentno=1123"	"1123"	"نتا باين بلي جابوني عندك برك . هاهي جات شاف . اسكت دخلي بنتك وديريلها شوية حلبة"	"17"	"MADOran_Sentences.tsv"	"CC-BY-NC-3.0-MADORAN"	"canonical"	"source_exact"	"not_started"
"madoran-s6-sentno-1124"	"S6"	"MADOran_Sentences.tsv#Sentno=1124"	"1124"	". حمد لله ما درناش قيرا . أيا نتوما . الحرب , ما كان ني حرب ني والو أيا جرو تلعبوا . جري تلعب نتا ."	"26"	"MADOran_Sentences.tsv"	"CC-BY-NC-3.0-MADORAN"	"canonical"	"source_exact"	"not_started"
"madoran-s6-sentno-1125"	"S6"	"MADOran_Sentences.tsv#Sentno=1125"	"1125"	"راني نهدر معاكم أيا روحوا . أرواح نتا قدم هنا قول جيفانتيس شعال دارت بارح . داروا زيروا زيروا شاف ."	"21"	"MADOran_Sentences.tsv"	"CC-BY-NC-3.0-MADORAN"	"canonical"	"source_exact"	"not_started"
"madoran-s6-sentno-1126"	"S6"	"MADOran_Sentences.tsv#Sentno=1126"	"1126"	"هاد خبر جبتهلي روح روح . بورتون أنا نبغي جيفانتيس جاي يهدرلي زيروا زيروا . ها رجا خويا . هادي 120 دوروا في خاطر شيخ زدقدق اللي غايب في هاد ليلة . و هادي 120 دورو في خاطر جماعة كيما درتوا سوا في خاطر كوبوي كبار و صغار و في خاطر كوبوي تحات و فواقة . و في خاطر لاس فيقاس , كاركاس و تكساس ."	"66"	"MADOran_Sentences.tsv"	"CC-BY-NC-3.0-MADORAN"	"canonical"	"source_exact"	"not_started"
"madoran-s6-sentno-1127"	"S6"	"MADOran_Sentences.tsv#Sentno=1127"	"1127"	"و في خاطر جماعة ملمومة اللي راهي الليلة و في خاطر حباب ما تنساش تبرح على صاحبك . اوه و نسيت في خاطر دراعي لايمن اللي ما ينسى ما يغدى من بالي و في خاطر جده عرق صحيح , عرق لحمر و كونترا على شينين و ليزاباج الله يخلف و يبارك فصحة ."	"53"	"MADOran_Sentences.tsv"	"CC-BY-NC-3.0-MADORAN"	"canonical"	"source_exact"	"not_started"
"madoran-s6-sentno-1128"	"S6"	"MADOran_Sentences.tsv#Sentno=1128"	"1128"	"غادي نعطيك وحد قصيدة في خاطرك و في خاطر حباب اللي فاتك بليلة فاتك بحيلة و اسمع شاعر شا يقول في كلامه . حايحاية تعيا ما ما هي حيحاية غير ينوضوا صيد و ما يكتلوهش ."	"36"	"MADOran_Sentences.tsv"	"CC-BY-NC-3.0-MADORAN"	"canonical"	"source_exact"	"not_started"
"madoran-s6-sentno-1129"	"S6"	"MADOran_Sentences.tsv#Sentno=1129"	"1129"	"و اللي مولعين بصيد يجوه قبالة . فايقين من حموم ما يصبروش . و في خاطر زغراتات ."	"18"	"MADOran_Sentences.tsv"	"CC-BY-NC-3.0-MADORAN"	"canonical"	"source_exact"	"not_started"
"madoran-s6-sentno-1130"	"S6"	"MADOran_Sentences.tsv#Sentno=1130"	"1130"	"الله يخلف و يقوي الصحة . الزهو يا خويا . أقلب . من وين جات رصاصة حيا غابت . هيا روح ."	"22"	"MADOran_Sentences.tsv"	"CC-BY-NC-3.0-MADORAN"	"canonical"	"source_exact"	"not_started"
"madoran-s6-sentno-1131"	"S6"	"MADOran_Sentences.tsv#Sentno=1131"	"1131"	"دورتوها على فنانين . شكون اللي كتل هادا . ما شتاهش . ما شت والو نتا . راني فلكوزينة ما شفتش ."	"22"	"MADOran_Sentences.tsv"	"CC-BY-NC-3.0-MADORAN"	"canonical"	"source_exact"	"not_started"
"madoran-s6-sentno-1132"	"S6"	"MADOran_Sentences.tsv#Sentno=1132"	"1132"	"الحيا ما راهيش تعجب لوكي تع الباب . راني نشوف يا قادة . نقولك وحد حاجة كي تشوف مدام مادابيك طلب عليها وحد تحت 10 ميل دوروا قاع ما تطلبش . راك تسمع فيا ولا لا ."	"37"	"MADOran_Sentences.tsv"	"CC-BY-NC-3.0-MADORAN"	"canonical"	"source_exact"	"not_started"
"madoran-s6-sentno-1133"	"S6"	"MADOran_Sentences.tsv#Sentno=1133"	"1133"	"زير روحك معاها . نخبرك و نفهمك . راني نقولك حيا ما رهيش تعجب روح ربطها و متنها و خليني نروح نستخبر روح ."	"24"	"MADOran_Sentences.tsv"	"CC-BY-NC-3.0-MADORAN"	"canonical"	"source_exact"	"not_started"
"madoran-s6-sentno-1134"	"S6"	"MADOran_Sentences.tsv#Sentno=1134"	"1134"	"راني جاي . راهي خاوية بلاصة اسمع تلهى بلاخر و أنا غادي نتلهى بداك مول شابو لكحل . خلادر ما الغالية ."	"22"	"MADOran_Sentences.tsv"	"CC-BY-NC-3.0-MADORAN"	"canonical"	"source_exact"	"not_started"
"madoran-s6-sentno-1135"	"S6"	"MADOran_Sentences.tsv#Sentno=1135"	"1135"	"خلادر الشر شا داك نتي للخيام . قاع نهار و نتي فلخيام و نتيا فلحمام و نتيا منا . بلعي فمك . بلعي ."	"24"	"MADOran_Sentences.tsv"	"CC-BY-NC-3.0-MADORAN"	"canonical"	"source_exact"	"not_started"
"madoran-s6-sentno-1136"	"S6"	"MADOran_Sentences.tsv#Sentno=1136"	"1136"	"مزيا راني هنا تمشي قدامي مازال سوطة نعطيهالك فلدار تمشي ."	"11"	"MADOran_Sentences.tsv"	"CC-BY-NC-3.0-MADORAN"	"canonical"	"source_exact"	"not_started"
"madoran-s6-sentno-1137"	"S6"	"MADOran_Sentences.tsv#Sentno=1137"	"1137"	"وقيلا كرات لكم السكنة مدام . جبتلها غير شوية شربات مع علابالي راهي تصوم هادوا ليامات قلت زعما نجي نطل عليها مسكينة ما عندها حد علابالي تسما غير أنا اللي نجي نطل عليها كيراكم دايرين يا سيدي ."	"38"	"MADOran_Sentences.tsv"	"CC-BY-NC-3.0-MADORAN"	"canonical"	"source_exact"	"not_started"
"madoran-s6-sentno-1138"	"S6"	"MADOran_Sentences.tsv#Sentno=1138"	"1138"	"اسمحلي يا شيخ قبيلة تع ولاد النهار أنا ظلمتك و لافوت تاعي بصح لاسيما ماشي أنا فليتشة هي اللي غرت بيا خاطرش قلت تاعكم داروها بنا عديان و بغاو يشعلو بيناتنا النار الفتنة ."	"34"	"MADOran_Sentences.tsv"	"CC-BY-NC-3.0-MADORAN"	"canonical"	"source_exact"	"not_started"
"madoran-s6-sentno-1139"	"S6"	"MADOran_Sentences.tsv#Sentno=1139"	"1139"	"ما يشعلوا ني نار فتنة بيناتنا ني والو أنا نقولها لك . احنا عمومية , أحنا نسوبية ناس زينين . بويا أحنا ولاد عم حنايا ."	"26"	"MADOran_Sentences.tsv"	"CC-BY-NC-3.0-MADORAN"	"canonical"	"source_exact"	"not_started"
"madoran-s6-sentno-1140"	"S6"	"MADOran_Sentences.tsv#Sentno=1140"	"1140"	"بلعه نتا كي يهدروا كبار يسكتوا صغار . سي دي قوس , سي دي زونفون ايل ساف با سو كي ديز . بصح اللي دارها بينا راك تشوف فيه ليوم ناكلوله لحم . تخلصها غالية . روح تبعني و خاطيك ."	"41"	"MADOran_Sentences.tsv"	"CC-BY-NC-3.0-MADORAN"	"canonical"	"source_exact"	"not_started"
"madoran-s6-sentno-1141"	"S6"	"MADOran_Sentences.tsv#Sentno=1141"	"1141"	"قول كوبوي تاغ تاخر الزمان ياه تخطفوا غير النسا و غراوين صغار . ما جبرتوا ما ديروا ."	"18"	"MADOran_Sentences.tsv"	"CC-BY-NC-3.0-MADORAN"	"canonical"	"source_exact"	"not_started"
"madoran-s6-sentno-1142"	"S6"	"MADOran_Sentences.tsv#Sentno=1142"	"1142"	"أخوني أنا أرواح خطفني و لا خطف هادا . شوف كي راه يتمسكن ."	"14"	"MADOran_Sentences.tsv"	"CC-BY-NC-3.0-MADORAN"	"canonical"	"source_exact"	"not_started"
"madoran-s6-sentno-1143"	"S6"	"MADOran_Sentences.tsv#Sentno=1143"	"1143"	"راني نقولكم اسمحولي . حزيم نطلب منك حاجة باغي نولي أندياني كيفكم . ما نسمعشي أنيا . اسمعتني نقولك حاجة كنت وحدك و لا مع جماعة . اتكلم . كانوا وحدين معايا . وحدين معاك . باغي نولي كيفم اندياني غير اسمحولي . ما توليش أندياني أحنايا كيفنا . عكاشة أيا ارواحوا دوه . ربي جابه تعقل نهار اللي ديتني . وين ديتك أنا . نتا و صاحبك كتفتوني و جبتوني هنايا عند مدام راك عاقل عليها . صايي عقلت . تعرف شا غادي نديروك طاجين , ليوم نشووك نشعلوا عليك النار ."	"93"	"MADOran_Sentences.tsv"	"CC-BY-NC-3.0-MADORAN"	"canonical"	"source_exact"	"not_started"
"madoran-s6-sentno-1144"	"S6"	"MADOran_Sentences.tsv#Sentno=1144"	"1144"	"شوف غادي نديروه ملفوف مرورية تجي بنينة , يا حزيم لا اسمحلي ."	"13"	"MADOran_Sentences.tsv"	"CC-BY-NC-3.0-MADORAN"	"canonical"	"source_exact"	"not_started"
"madoran-s6-sentno-1145"	"S6"	"MADOran_Sentences.tsv#Sentno=1145"	"1145"	"أنا غير ولية طلقوني . ما درت والو . علاه باغي تكتلوني . شا درتلكم يا بويا خي ."	"19"	"MADOran_Sentences.tsv"	"CC-BY-NC-3.0-MADORAN"	"canonical"	"source_exact"	"not_started"
"madoran-s6-sentno-1146"	"S6"	"MADOran_Sentences.tsv#Sentno=1146"	"1146"	"سي حزيم باغي نسقسيك عرفت جاسوس اللي كان داير الخلاط . واه عرفته بصح غادي نخليه مفاجاءة . يعني اين سيربريز . أه بويا حمار خويا كون ماتبوجيش و الله نعطيك كل يوم بيدو ما و كيلو زرع أه حمار خويا ماتبوجيش ."	"43"	"MADOran_Sentences.tsv"	"CC-BY-NC-3.0-MADORAN"	"canonical"	"source_exact"	"not_started"
"madoran-s6-sentno-1147"	"S6"	"MADOran_Sentences.tsv#Sentno=1147"	"1147"	"الا حمار ياكل التبن , نشريلك قوفريط أيا مشي حمار ."	"11"	"MADOran_Sentences.tsv"	"CC-BY-NC-3.0-MADORAN"	"canonical"	"source_exact"	"not_started"
"madoran-s6-sentno-1148"	"S6"	"MADOran_Sentences.tsv#Sentno=1148"	"1148"	"صباح الخير . ما تنخلعي ما والو غير أنا ."	"10"	"MADOran_Sentences.tsv"	"CC-BY-NC-3.0-MADORAN"	"canonical"	"source_exact"	"not_started"
"madoran-s6-sentno-1149"	"S6"	"MADOran_Sentences.tsv#Sentno=1149"	"1149"	"عبد القادر : كيراك داير"	"5"	"MADOran_Sentences.tsv"	"CC-BY-NC-3.0-MADORAN"	"canonical"	"source_exact"	"not_started"
"madoran-s6-sentno-1150"	"S6"	"MADOran_Sentences.tsv#Sentno=1150"	"1150"	"هواري : غايا , الحمد لله , ونتا"	"8"	"MADOran_Sentences.tsv"	"CC-BY-NC-3.0-MADORAN"	"canonical"	"source_exact"	"not_started"
"madoran-s6-sentno-1151"	"S6"	"MADOran_Sentences.tsv#Sentno=1151"	"1151"	"عبد القادر : لاباس"	"4"	"MADOran_Sentences.tsv"	"CC-BY-NC-3.0-MADORAN"	"canonical"	"source_exact"	"not_started"
"madoran-s6-sentno-1152"	"S6"	"MADOran_Sentences.tsv#Sentno=1152"	"1152"	"هواري : كاش جديد ?"	"5"	"MADOran_Sentences.tsv"	"CC-BY-NC-3.0-MADORAN"	"canonical"	"source_exact"	"not_started"
"madoran-s6-sentno-1153"	"S6"	"MADOran_Sentences.tsv#Sentno=1153"	"1153"	"عبد القادر : والو , من عندك"	"7"	"MADOran_Sentences.tsv"	"CC-BY-NC-3.0-MADORAN"	"canonical"	"source_exact"	"not_started"
"madoran-s6-sentno-1154"	"S6"	"MADOran_Sentences.tsv#Sentno=1154"	"1154"	"هواري : كيف كيف , مكانش"	"6"	"MADOran_Sentences.tsv"	"CC-BY-NC-3.0-MADORAN"	"canonical"	"source_exact"	"not_started"
"madoran-s6-sentno-1155"	"S6"	"MADOran_Sentences.tsv#Sentno=1155"	"1155"	"عبدا القادر : ( شا راك تدير"	"7"	"MADOran_Sentences.tsv"	"CC-BY-NC-3.0-MADORAN"	"canonical"	"source_exact"	"not_started"
"madoran-s6-sentno-1156"	"S6"	"MADOran_Sentences.tsv#Sentno=1156"	"1156"	"هواري : والو"	"3"	"MADOran_Sentences.tsv"	"CC-BY-NC-3.0-MADORAN"	"canonical"	"source_exact"	"not_started"
"madoran-s6-sentno-1157"	"S6"	"MADOran_Sentences.tsv#Sentno=1157"	"1157"	"تبغي تلعب معايا ماتش دروك"	"5"	"MADOran_Sentences.tsv"	"CC-BY-NC-3.0-MADORAN"	"canonical"	"source_exact"	"not_started"
"madoran-s6-sentno-1158"	"S6"	"MADOran_Sentences.tsv#Sentno=1158"	"1158"	"هواري : واه , نلعب"	"5"	"MADOran_Sentences.tsv"	"CC-BY-NC-3.0-MADORAN"	"canonical"	"source_exact"	"not_started"
"madoran-s6-sentno-1159"	"S6"	"MADOran_Sentences.tsv#Sentno=1159"	"1159"	"عبد القادر : أيا وجد روحك , غادي _ نفوت عليك"	"11"	"MADOran_Sentences.tsv"	"CC-BY-NC-3.0-MADORAN"	"canonical"	"source_exact"	"not_started"
"madoran-s6-sentno-1160"	"S6"	"MADOran_Sentences.tsv#Sentno=1160"	"1160"	"هواري : صحا"	"3"	"MADOran_Sentences.tsv"	"CC-BY-NC-3.0-MADORAN"	"canonical"	"source_exact"	"not_started"
"madoran-s6-sentno-1161"	"S6"	"MADOran_Sentences.tsv#Sentno=1161"	"1161"	"عبد القادر : راني جاي , كاش ما نجيبلك معايا"	"10"	"MADOran_Sentences.tsv"	"CC-BY-NC-3.0-MADORAN"	"canonical"	"source_exact"	"not_started"
"madoran-s6-sentno-1162"	"S6"	"MADOran_Sentences.tsv#Sentno=1162"	"1162"	"هواري : صحيت , راني نقارعلك"	"6"	"MADOran_Sentences.tsv"	"CC-BY-NC-3.0-MADORAN"	"canonical"	"source_exact"	"not_started"
"madoran-s6-sentno-1163"	"S6"	"MADOran_Sentences.tsv#Sentno=1163"	"1163"	"@@Lاط@@Rَcهِد @@Lاط@@Oر اللهجة الوهرانية @@Lاط@@دَِلecتe @@Lاط@@ْرَنَِس @@Lاط@@آ @@Lاط@@P1 ج 1 - @@Lاط@@ىُْطُبe"	"12"	"MADOran_Sentences.tsv"	"CC-BY-NC-3.0-MADORAN"	"canonical"	"source_exact"	"not_started"
"madoran-s6-sentno-1164"	"S6"	"MADOran_Sentences.tsv#Sentno=1164"	"1164"	"كيما كنت وعدتكم قتلكم بلي غادي نهدر لكم على اللهجة الوهرانية عندك شوالا بروبلام لقيت سي با بوسيبل باسكو لوكان نقعد نهدر 6 سنين و غادي منحبسش و علابالي بلي غاشي ما يبغوش الفيديو اللي يكونوا طوال عليها غادي نسايي باش نختاصر قدر المستطاع . غادي ندخل ديراكت باش منطولش عليكم . علاه بغيت نهدر هدرة تع وهران , الوهرانية باسكو ليقلكم تعرفوا هدرة تع وهرانية حقانية دروك ما راهيش كاينة , راهي قليلة باسكو مع دخول بزاف تع الناس سي نورمال ما فيها والو عادي دخلوا معاهم لهجات و لغات تاعهم و طغاو شوية على الهدرة تع وهارنة تع الحقانية اللي كانت بكري كيما بكري كي تدخل للحانوت ما تلقاش وحدة شيرة تدخل عنده تقوله اعطيني لجافيل تقوله اعطيني ليخية حنا واحد بكري مين كان يلبس شدة تكون شابة كيما يقولو بتزيرية لابس حطة . حنا نقولو راني ضارب فيها تراخية واحد مين يبغي يطيح واحد ميقولهش غادي ندريلك كروش بي لا يقوله غادي نضربك نغاشيك ."	"158"	"MADOran_Sentences.tsv"	"CC-BY-NC-3.0-MADORAN"	"canonical"	"source_exact"	"not_started"
"madoran-s6-sentno-1165"	"S6"	"MADOran_Sentences.tsv#Sentno=1165"	"1165"	"حنا واحد طويل نعيطوله لارقو و طويلة لارقة و بوردو دونك هدرة كانت بزاف فيها الامور تع سبنيول هادي هي هدرة حقانية اللي كانت في وهران نتفاهموا زين زين باسكو علاه في وهران سي تاديغ في لالجيري كي كانت جزاير تحت حماية تع الدولة عتمانية في القرون الوسطى وهران كانت مستعمرتها اسبانيا سيتي ايسبانيول ما عندك ما تهدر ."	"59"	"MADOran_Sentences.tsv"	"CC-BY-NC-3.0-MADORAN"	"canonical"	"source_exact"	"not_started"
"madoran-s6-sentno-1166"	"S6"	"MADOran_Sentences.tsv#Sentno=1166"	"1166"	"و هاد تواجد تع سبانيول اللي كانو في وهران فورت بوبيلاسيون في ليجو اوربيان ."	"15"	"MADOran_Sentences.tsv"	"CC-BY-NC-3.0-MADORAN"	"canonical"	"source_exact"	"not_started"
"madoran-s6-sentno-1167"	"S6"	"MADOran_Sentences.tsv#Sentno=1167"	"1167"	"و ممبعد كي خرجو ليزيزبانيول الاتراكا دخلوا وحد غير 40 عام هدا ماكان الباي محمد الكبير يسموه الباي لكحل منبعد ولاو يعيطوله الكبير . حتى 1831 كي دخلو لفرونسي و 1834 داروا ستاتستيك في لافيل دورون شعال كان ساكنها الناس يافي 5000 دابيتون هادا ماكان باسكو اهالي بقوة تاعهم خرجوا لمعسكر باش يلتاحقوا بجيش تع الأمير عبد القادر و خايفين من ليسوغتي تع قور ."	"65"	"MADOran_Sentences.tsv"	"CC-BY-NC-3.0-MADORAN"	"canonical"	"source_exact"	"not_started"
"madoran-s6-sentno-1168"	"S6"	"MADOran_Sentences.tsv#Sentno=1168"	"1168"	"يافي قور بزاف فوهران نجم نعطيك بقاع كاتيقوري شعال كانو . باغيقزومبل ف 1834 كانت 5000 دابيتون .1042 أوروبيان و 3958 أونتر عرب و قبايل و ليهود ليزوروبيان كانو ديباغتي , 340 فرونسي , 316 ايطاليان ,"	"37"	"MADOran_Sentences.tsv"	"CC-BY-NC-3.0-MADORAN"	"canonical"	"source_exact"	"not_started"
"madoran-s6-sentno-1169"	"S6"	"MADOran_Sentences.tsv#Sentno=1169"	"1169"	"266 اسبانيول , 69 أونقلي , 35 ألمون , 16 برتوقي و هاد الأجناس اللي كانوا صارت وهران عندها ولى عندها سكو اونابل باتوا سيتاديغ ولى عندها وحد لهجة سبيسيال باغلي لوكال كانوا يحكوه ."	"35"	"MADOran_Sentences.tsv"	"CC-BY-NC-3.0-MADORAN"	"canonical"	"source_exact"	"not_started"
"madoran-s6-sentno-1170"	"S6"	"MADOran_Sentences.tsv#Sentno=1170"	"1170"	"و من قاع هادوا الأجناس يافي كل وحدين عندهم كلام ناعه يقولوه و غير سبانيولية اللي كانت بزاف كتر من 60 % طاغية على لهجة تع وهارنة يافي برسيانو و كاستيانو باش تعرف هادي كانت كيما هاك في وهران ."	"40"	"MADOran_Sentences.tsv"	"CC-BY-NC-3.0-MADORAN"	"canonical"	"source_exact"	"not_started"
"madoran-s6-sentno-1171"	"S6"	"MADOran_Sentences.tsv#Sentno=1171"	"1171"	"و زيد كاين باش نحكي لكم عللى هدرة تع كي وهارنة كي كانو يهدروا , في لهجة تع وهارنة ."	"20"	"MADOran_Sentences.tsv"	"CC-BY-NC-3.0-MADORAN"	"canonical"	"source_exact"	"not_started"
"madoran-s6-sentno-1172"	"S6"	"MADOran_Sentences.tsv#Sentno=1172"	"1172"	"تلقى اسبانيول بوكو بليس , تلقى فرونسي , تلقى أونقلي , تلقى ألمون . تلقى برتيقاي , تلقاهم قاع ."	"20"	"MADOran_Sentences.tsv"	"CC-BY-NC-3.0-MADORAN"	"canonical"	"source_exact"	"not_started"
"madoran-s6-sentno-1173"	"S6"	"MADOran_Sentences.tsv#Sentno=1173"	"1173"	"باغي نحكي لكم على ليتارم اللي اون أونقلي اللي كاينين فوهرانية باسكو كون نحكوا على لي تارم اسبانيول ما غاديش نحبس ."	"22"	"MADOran_Sentences.tsv"	"CC-BY-NC-3.0-MADORAN"	"canonical"	"source_exact"	"not_started"
"madoran-s6-sentno-1174"	"S6"	"MADOran_Sentences.tsv#Sentno=1174"	"1174"	"لوكان نحكيلكم عللى فرونسي ما غاديش نحبس عندك شوالا غادي نحكيلكم على أونقلي باسكو يا بوكو دو جوون معلبالهمش باللي في الهدرة تع وهارنة يا بوكو أونقلي و غادي نعطيكم دروك باش منطولش توجوغ ."	"35"	"MADOran_Sentences.tsv"	"CC-BY-NC-3.0-MADORAN"	"canonical"	"source_exact"	"not_started"
"madoran-s6-sentno-1175"	"S6"	"MADOran_Sentences.tsv#Sentno=1175"	"1175"	"غادي نعطيكم أمتلة , ديزيقزومبل على هدرة تع أونقلي اللي كاينة في وهران ."	"14"	"MADOran_Sentences.tsv"	"CC-BY-NC-3.0-MADORAN"	"canonical"	"source_exact"	"not_started"
"madoran-s6-sentno-1176"	"S6"	"MADOran_Sentences.tsv#Sentno=1176"	"1176"	"كاين وحد دوزيام فاكتور ميليقش ننسوه , علابالك وهران , جزاير دخلوها الأتراك فمواياناج و منبعد دخلوها ليفغونسي فان ."	"20"	"MADOran_Sentences.tsv"	"CC-BY-NC-3.0-MADORAN"	"canonical"	"source_exact"	"not_started"
"madoran-s6-sentno-1177"	"S6"	"MADOran_Sentences.tsv#Sentno=1177"	"1177"	"وهران لا , ألي ديفيرونت , وهران دخلوها ليزيزبانيول وحد 40 عام اتراكا , 133 كوم توت لالجيري ليفغونسي و دخلوها ليزامريكان في 1942 , 10 نوفمبر و ديجا في وهران , يا بوكو وقع موتى بزاف من ليزامريكان ."	"40"	"MADOran_Sentences.tsv"	"CC-BY-NC-3.0-MADORAN"	"canonical"	"source_exact"	"not_started"
"madoran-s6-sentno-1178"	"S6"	"MADOran_Sentences.tsv#Sentno=1178"	"1178"	"على بيها كاين مقبرة تع ماريكان . مقبرة مقبرة كيما تشوفها في فيلمات , هداك قازون , لاكروا خارجة و هاد مقيرة كاينة لحد الان فيها دي سونتان موغ ."	"30"	"MADOran_Sentences.tsv"	"CC-BY-NC-3.0-MADORAN"	"canonical"	"source_exact"	"not_started"
"madoran-s6-sentno-1179"	"S6"	"MADOran_Sentences.tsv#Sentno=1179"	"1179"	"راهي مور ستاسيون تع كيران تع بتي لاك . و هادي ايستواغ كبيرة تع ليزامريكان مين دخلو لوهران كاش نهار نحكيها لكم ."	"23"	"MADOran_Sentences.tsv"	"CC-BY-NC-3.0-MADORAN"	"canonical"	"source_exact"	"not_started"
"madoran-s6-sentno-1180"	"S6"	"MADOran_Sentences.tsv#Sentno=1180"	"1180"	"هادو ليزونقلي اللي كانوا بكري وقت 1808 كانوا 69 أونقلي في وهران و دخلوا كلام تاعهم هداك لو باتوا اوراني ."	"21"	"MADOran_Sentences.tsv"	"CC-BY-NC-3.0-MADORAN"	"canonical"	"source_exact"	"not_started"
"madoran-s6-sentno-1181"	"S6"	"MADOran_Sentences.tsv#Sentno=1181"	"1181"	"ديك لهجة وهرانية اللي كانت تنهدر ."	"7"	"MADOran_Sentences.tsv"	"CC-BY-NC-3.0-MADORAN"	"canonical"	"source_exact"	"not_started"
"madoran-s6-sentno-1182"	"S6"	"MADOran_Sentences.tsv#Sentno=1182"	"1182"	"زيد ليزامريكان مين دخلو في 1942 لوهران , كانو يحنوا في لابوبيلاسيون ألجيريان باسكو ليزامريكان كانو يكرهو ليفغونسي علاه ."	"20"	"MADOran_Sentences.tsv"	"CC-BY-NC-3.0-MADORAN"	"canonical"	"source_exact"	"not_started"
"madoran-s6-sentno-1183"	"S6"	"MADOran_Sentences.tsv#Sentno=1183"	"1183"	"دخول تع مريكان في هادي مانيش باغي نحكيها . بصح ليق نحكيها , دخول تع مريكان مين دخلوا وهران دخلوا غير وهران في لالجيري غير وهران و دخلو لألجي سي با باغاي . ليفرونسي اللي كانوا عايشين في ألجي . كانوا تابعين لغيزيستونس , جماعة ديغول باغكونتر ليفرونسي اللي كانو في وهران في ليزاني 40 كانو جماعة فيشي اللي كانوا سي دي كولابوغاتور تابعين لماري شال بيتان علابيها ليزامريكان مين دخلوا وهران وقعت قروند باتاي ايغان ."	"77"	"MADOran_Sentences.tsv"	"CC-BY-NC-3.0-MADORAN"	"canonical"	"source_exact"	"not_started"
"madoran-s6-sentno-1184"	"S6"	"MADOran_Sentences.tsv#Sentno=1184"	"1184"	"30 كاتريام بريزيدون تع ليزيتازيني , ايزان هاور , ولده دخل لوهران , دخلها عوم على مداغ و كاش نهار نقولكم علاه دخلها عوم ."	"25"	"MADOran_Sentences.tsv"	"CC-BY-NC-3.0-MADORAN"	"canonical"	"source_exact"	"not_started"
"madoran-s6-sentno-1185"	"S6"	"MADOran_Sentences.tsv#Sentno=1185"	"1185"	"غادي نعطيكم وحد أمتلة على ليمو أونقلي اللي كاينين في وهران . غادي نحكوا غير على أونقلي ."	"18"	"MADOran_Sentences.tsv"	"CC-BY-NC-3.0-MADORAN"	"canonical"	"source_exact"	"not_started"
"madoran-s6-sentno-1186"	"S6"	"MADOran_Sentences.tsv#Sentno=1186"	"1186"	"كي تروح للشرق جزايري صغار ليزوفون يعطولهم الدر . في لاريجيون تع سونتر ألجي و سي أوفيغون يعيطولهم دراري . وفي لواست معسكر و أوفيغون يعيطولهم غراوين ."	"28"	"MADOran_Sentences.tsv"	"CC-BY-NC-3.0-MADORAN"	"canonical"	"source_exact"	"not_started"
"madoran-s6-sentno-1187"	"S6"	"MADOran_Sentences.tsv#Sentno=1187"	"1187"	"هنا في وهران يعيطولهم بزوز علاه نعيطولهم بزوز سي أونقلي . دو بويز سي ليقاسون ولات يعيطو بزوز وين ما يشوفوا هاكا شاشرا صغار يقولو لهم بزوز ولات بزوز و مفرد تاعها ولات بز ."	"35"	"MADOran_Sentences.tsv"	"CC-BY-NC-3.0-MADORAN"	"canonical"	"source_exact"	"not_started"
"madoran-s6-sentno-1188"	"S6"	"MADOran_Sentences.tsv#Sentno=1188"	"1188"	"متال وخداخور , لاسريرور باش تبلع الباب , اللي يبلعوا بيها الباب ألجيري براسك قاع يقولوها قفل ."	"18"	"MADOran_Sentences.tsv"	"CC-BY-NC-3.0-MADORAN"	"canonical"	"source_exact"	"not_started"
"madoran-s6-sentno-1189"	"S6"	"MADOran_Sentences.tsv#Sentno=1189"	"1189"	"احنا في وهران منقولوش قفل , نقولو زكروم و أنا نقولك من وين جات هاد الكلمة سيتان مو أونقلي معناه كلوزروم , بلع شومبرا اون أونقلي تاوعنا غير سمعوا كلوز روم أيا هاداك قفل ولاو يعطولها زكروم ."	"38"	"MADOran_Sentences.tsv"	"CC-BY-NC-3.0-MADORAN"	"canonical"	"source_exact"	"not_started"
"madoran-s6-sentno-1190"	"S6"	"MADOran_Sentences.tsv#Sentno=1190"	"1190"	"نعطيكم متال وخداخور , كاين وحدة كلمة , كاين وحدين بلا ما علابالهم مساكين يسموا عكلي , هاد عكلي مين جات ."	"22"	"MADOran_Sentences.tsv"	"CC-BY-NC-3.0-MADORAN"	"canonical"	"source_exact"	"not_started"
"madoran-s6-sentno-1191"	"S6"	"MADOran_Sentences.tsv#Sentno=1191"	"1191"	"في لواست يسموا كتر ."	"5"	"MADOran_Sentences.tsv"	"CC-BY-NC-3.0-MADORAN"	"canonical"	"source_exact"	"not_started"
"madoran-s6-sentno-1192"	"S6"	"MADOran_Sentences.tsv#Sentno=1192"	"1192"	"عكلي سيتان مو أنقلي اللي هو يوقلي كيما دو قود اند دو باد أند يوقللي معناتها كي يكون ميشون يقولوله يوقلي تاوعنا مساكين نقلوها يوقلي راحت للعكلي حتى ولاو يسموا ولادهم عكلي ."	"33"	"MADOran_Sentences.tsv"	"CC-BY-NC-3.0-MADORAN"	"canonical"	"source_exact"	"not_started"
"madoran-s6-sentno-1193"	"S6"	"MADOran_Sentences.tsv#Sentno=1193"	"1193"	"هادوا صوالج ليق تعرفهم ليقلك تقرى . راك حاسب ساهلة ولد بلاد ."	"13"	"MADOran_Sentences.tsv"	"CC-BY-NC-3.0-MADORAN"	"canonical"	"source_exact"	"not_started"
"madoran-s6-sentno-1194"	"S6"	"MADOran_Sentences.tsv#Sentno=1194"	"1194"	"غادي نعطيكم دروك متال شباب على تارم أونقلي مستعمل بزاف في منطقة تع لواست ."	"15"	"MADOran_Sentences.tsv"	"CC-BY-NC-3.0-MADORAN"	"canonical"	"source_exact"	"not_started"
"madoran-s6-sentno-1195"	"S6"	"MADOran_Sentences.tsv#Sentno=1195"	"1195"	"واحد مين يكون عنده كارو . يجرها حمار . هداك مول الكارو مين يبغي باش حمار تاعه يتمشي يقوله أريي مان ."	"22"	"MADOran_Sentences.tsv"	"CC-BY-NC-3.0-MADORAN"	"canonical"	"source_exact"	"not_started"
"madoran-s6-sentno-1196"	"S6"	"MADOran_Sentences.tsv#Sentno=1196"	"1196"	"في عوام تع 40 مين كانوا هنا ليزاميركان كي دخلوا لوهران كانوا يخرجوا ما يقعدوش غير في البركي الحي تع وهران اللي هو باركينق عند وين كانوا حاطين ماتيريال تاعهم ."	"31"	"MADOran_Sentences.tsv"	"CC-BY-NC-3.0-MADORAN"	"canonical"	"source_exact"	"not_started"
"madoran-s6-sentno-1197"	"S6"	"MADOran_Sentences.tsv#Sentno=1197"	"1197"	"كانوا يدوروا بليجيب و لواطا كبار و كانو يروحوا لي كارتيي تع العرب يدوروا فيهم , يروحوا الحمري , مدينة الجديدة , يروحوا للدرب , سيدي هواري قلب وهران علابالك هادوا لي كارتيي , جينرالمون طرقان تاعهم ضيقين ."	"39"	"MADOran_Sentences.tsv"	"CC-BY-NC-3.0-MADORAN"	"canonical"	"source_exact"	"not_started"
"madoran-s6-sentno-1198"	"S6"	"MADOran_Sentences.tsv#Sentno=1198"	"1198"	"و العرب مساكيين كانوا الله غالب كانوا عندهم غير كوارا ."	"11"	"MADOran_Sentences.tsv"	"CC-BY-NC-3.0-MADORAN"	"canonical"	"source_exact"	"not_started"
"madoran-s6-sentno-1199"	"S6"	"MADOran_Sentences.tsv#Sentno=1199"	"1199"	"شريطة بحمار يحمل خضرا , يبيع فيها , يديروا فيها كلشي و فالطرقان ضيقين كانوا مين يكونوا كوارا بزاف يبلعوا طريق و كانوا ليزاميركان كي يجوا فايتيين بليجيب و ليكاميون تاعهم . كانوا كي يدخلوا في طريق يلقوا قدامهم كاين كوارا مبلعين طريق . هوما كانوا يبانيكوا , يخافوا باسكو علاه راهم في تريتوار ايمبوا أوستيل , باسكو راهم في جهة العرب يخافوا كاش ما يضربوهم كاش ما يقايسوهم . كانوا يبانيكو , يخوفوا . ألوغ شا والاو يقولوا لهادوك صحاب كوارا و هوما يهدروا لونقلي كانوا يقولولهم هاريوب ارييوب مان معنتها ديبيشي فو , خفوا . تاوعنا ولاو يسمعوا غير اريي اريي اب ما . ولاو يقولو للعود اريي ماه باش يحلوا طريق . بمطول حتى ولات هادي من كلمة أونقلي أريي أب معنتها خفوا ولات هي أرا تع كوارا ولاو يقولوا أرا شا غادي نقولك خاطيني هادا طناز يبغي يقصر بزاف ."	"144"	"MADOran_Sentences.tsv"	"CC-BY-NC-3.0-MADORAN"	"canonical"	"source_exact"	"not_started"
"madoran-s6-sentno-1200"	"S6"	"MADOran_Sentences.tsv#Sentno=1200"	"1200"	"زيد غادي نقولكم وحد حاجة قليل اللي يعرفها . دوك تفهم علاه قليلة ."	"14"	"MADOran_Sentences.tsv"	"CC-BY-NC-3.0-MADORAN"	"canonical"	"source_exact"	"not_started"
"madoran-s6-sentno-1201"	"S6"	"MADOran_Sentences.tsv#Sentno=1201"	"1201"	"كاينة في وهران وحد برسوناج كان عايش بكري في ليزاني 30 و 40 سموه هراندوا ."	"16"	"MADOran_Sentences.tsv"	"CC-BY-NC-3.0-MADORAN"	"canonical"	"source_exact"	"not_started"
"madoran-s6-sentno-1202"	"S6"	"MADOran_Sentences.tsv#Sentno=1202"	"1202"	"هادا هارندوا الله يرحمه و يوسع عليه . هادا وهراني كان عايش في وهران . كان عنده صاحبه يسموه بن يمينة ."	"22"	"MADOran_Sentences.tsv"	"CC-BY-NC-3.0-MADORAN"	"canonical"	"source_exact"	"not_started"
"madoran-s6-sentno-1203"	"S6"	"MADOran_Sentences.tsv#Sentno=1203"	"1203"	"يضرب قمبري و كانوا يدوروا في لسواق . كانو مساكين كسوتهم مقطعة . جايين براقدة بهدرة تاعنا نقولوا كافي ."	"20"	"MADOran_Sentences.tsv"	"CC-BY-NC-3.0-MADORAN"	"canonical"	"source_exact"	"not_started"
"madoran-s6-sentno-1204"	"S6"	"MADOran_Sentences.tsv#Sentno=1204"	"1204"	"كانوا يظلوا يطلبوا في المدينة الجديدة , يظلوا يغنوا تع زوج حويتات من المرشي جايبتهم , شوية ما غاسلتهم , فوق مقلة بالزيت قاليتهم . هاد الأغنية يعرفوها ولاد البلاد . كون نجي نحكيلكم عليها ما غاديش نحبس تاني ."	"40"	"MADOran_Sentences.tsv"	"CC-BY-NC-3.0-MADORAN"	"canonical"	"source_exact"	"not_started"
"madoran-s6-sentno-1205"	"S6"	"MADOran_Sentences.tsv#Sentno=1205"	"1205"	"أنا المشكلة علاه سموه و لا مين جات كلمة هارندوا , ما معنى هارندوا . بزاف يسقسي شوالا هارندوا ."	"20"	"MADOran_Sentences.tsv"	"CC-BY-NC-3.0-MADORAN"	"canonical"	"source_exact"	"not_started"
"madoran-s6-sentno-1206"	"S6"	"MADOran_Sentences.tsv#Sentno=1206"	"1206"	"أنا غادي نقول لخويا شوالا هادي ."	"7"	"MADOran_Sentences.tsv"	"CC-BY-NC-3.0-MADORAN"	"canonical"	"source_exact"	"not_started"
"madoran-s6-sentno-1207"	"S6"	"MADOran_Sentences.tsv#Sentno=1207"	"1207"	"هارندوا تنقسم الى عدة كلمات . أولا , باش تفهم . بكري مين كانت كاينة في بروميار قير مونديال 14 - 18"	"22"	"MADOran_Sentences.tsv"	"CC-BY-NC-3.0-MADORAN"	"canonical"	"source_exact"	"not_started"
"madoran-s6-sentno-1208"	"S6"	"MADOran_Sentences.tsv#Sentno=1208"	"1208"	"و منبعد جات دوزيام قير مونديال 39 - 45 , كانوا لفرونسي بن كلبون كانوا يحقرو أهالي , كانوا يريكريتو و يدخلوا ولاد شعب , مسكين , المستعمر دراع , يدخلوهم باش يحاربوا معاهم في قيرات في حرب العالمية لولى ."	"41"	"MADOran_Sentences.tsv"	"CC-BY-NC-3.0-MADORAN"	"canonical"	"source_exact"	"not_started"
"madoran-s6-sentno-1209"	"S6"	"MADOran_Sentences.tsv#Sentno=1209"	"1209"	"و كانوا لعرب يخزنوا ولادهم عليها تلقى بزاف اللي زايدين في ديك لابريود تلقاه في ليفري دو فامي مسكين دايريناه بريزيمي 1940 باسكو كانوا وحدين ساكنين في بلايص اللي ما فيهمش لاميري ما يسجلوش ولادهم . بصح كاين بوكو بليس في مدينة كبيرة وهران و لا معسكر و لا تلمسان تلقاه بريزيمي . تعرف علاه ."	"56"	"MADOran_Sentences.tsv"	"CC-BY-NC-3.0-MADORAN"	"canonical"	"source_exact"	"not_started"
"madoran-s6-sentno-1210"	"S6"	"MADOran_Sentences.tsv#Sentno=1210"	"1210"	"باسكو والديه ما يروحوش يمركوه . ما يماركوهش باش يبقى اينيوري باغ أوتريتي فرونساز باش ما يدولاهش ولده ."	"19"	"MADOran_Sentences.tsv"	"CC-BY-NC-3.0-MADORAN"	"canonical"	"source_exact"	"not_started"
"madoran-s6-sentno-1211"	"S6"	"MADOran_Sentences.tsv#Sentno=1211"	"1211"	"كانوا يدخلوهم عندهم باش يروحوا يديروا بيهم قيرا في أوروب . باش دخلهم للعسكر ليقلك ديرله فترة تع سسمانة و لا شهر و لا 6 أشهر تعلمه أمور العسكر كيما لوغدسيري و واحد انتين . ليق تعلمهم له"	"38"	"MADOran_Sentences.tsv"	"CC-BY-NC-3.0-MADORAN"	"canonical"	"source_exact"	"not_started"
"madoran-s6-sentno-1212"	"S6"	"MADOran_Sentences.tsv#Sentno=1212"	"1212"	"كانوا يجيبوا وحدين مساكين من البادية عايش فدوار صغير في غابة ما يعرف والو , عنده شوية غنم يصرح ما يعرف والو ."	"23"	"MADOran_Sentences.tsv"	"CC-BY-NC-3.0-MADORAN"	"canonical"	"source_exact"	"not_started"
"madoran-s6-sentno-1213"	"S6"	"MADOran_Sentences.tsv#Sentno=1213"	"1213"	"يجوا لفرونسي يدوه دراع و يدخلوه و كانوا جايبين لهم واحد بياع , واحد خردة , ما يسواش , دلاق تع فرونسا مانيش باغي نقول كلمة وخدوخرا , يعرفوهم بلي ما يعرفوش يهدروا فرونسي يجيبوه يقولوله نتا دربهم هادوا بن عمك نتا تعرف تهدر معاهم . هو تالمون كلب باسكو ديجا جايح , لاش . شا كان يدير كان يطنز عليهم . كان كي يدخلهم للكزيرنة , كي يدربهم كان يقولهم . اسمحولي على عبارة باسكو صرات . هو هادا كلب , أهالي مساكين , قلاليل باسكو كلاش راه فوق راسه . كان يعاملهم كي حمير . مين كان يقولهم افونسي , زعما تمشى كي يعلمهم لوغدسيري يعده كي حمارهارر زعما نتا دابة . منبعد كي يتمشى يقوله , 1 , 2 هارر هي هارندوا . منبعد علاه ولاو تاوعنا يقصروا بها على الناس باسكو تبان ماشي غاية ماشي قافز كون جيت قافز كون راك هربت لهم . كانوا كي يشوفوا واحد كافي فايت للمدينة . كانوا يقولوا هادا مسكين غير هارندوا زعما هادا من جماعة هارر 1 , 2 . هادي بغيت نعرفكم شا هادي كلمة و أعطيتكم هاد ليزيقزومبل ."	"182"	"MADOran_Sentences.tsv"	"CC-BY-NC-3.0-MADORAN"	"canonical"	"source_exact"	"not_started"
"madoran-s6-sentno-1214"	"S6"	"MADOran_Sentences.tsv#Sentno=1214"	"1214"	"باش تعرفوا بخيزونس تع ليزاميركان و عندها ايستوار كبيرة و أنا تعرف علاه درتها . اللي غايدتني ماشي قضية تع اللهجة الوهرانية بدات تروح ماشي على هادي كترة . بصح كترة على جال و الله العظيم اللي تغيد فتاريخ يوقع كدب بزاف و كاين وحدين حكاو على وهران بوحد لافاسون و الله الا تعيف . وهران فيل كبيرة , قروفيل يا جماعة . احكوا عليها بطريقة تكون شابة . بركونا من تخاريف تع بكري اللي تكتبوها في ليفريات و تشوفوها في تليفزيونات و بروبلام هو ناس تأمن , راهي حاسبة كيما يقولوا ألوغ سي فو , كدب فلكدب ."	"99"	"MADOran_Sentences.tsv"	"CC-BY-NC-3.0-MADORAN"	"canonical"	"source_exact"	"not_started"
"madoran-s6-sentno-1215"	"S6"	"MADOran_Sentences.tsv#Sentno=1215"	"1215"	"أنا كون باغي نحكي على وهران نحكي عليها بفاسون شابة خويا . وهران ترازيام مويوغ بالكون أوموند ."	"18"	"MADOran_Sentences.tsv"	"CC-BY-NC-3.0-MADORAN"	"canonical"	"source_exact"	"not_started"
"madoran-s6-sentno-1216"	"S6"	"MADOran_Sentences.tsv#Sentno=1216"	"1216"	"فرودومير ."	"2"	"MADOran_Sentences.tsv"	"CC-BY-NC-3.0-MADORAN"	"canonical"	"source_exact"	"not_started"
"madoran-s6-sentno-1217"	"S6"	"MADOran_Sentences.tsv#Sentno=1217"	"1217"	"وهران باغمي بورميير فيل اللي عرفوا شوالا أرشيتاكتير عتمانية . و هي بورميير فيل الي كانت فيها وزين باستوس المعروف . وهران حية كبيرة ز كي تبغي تحكي , احكي فري ."	"32"	"MADOran_Sentences.tsv"	"CC-BY-NC-3.0-MADORAN"	"canonical"	"source_exact"	"not_started"
"madoran-s6-sentno-1218"	"S6"	"MADOran_Sentences.tsv#Sentno=1218"	"1218"	"مام كي نسمع على هاديك ليستواغ تع كرانتيكا , هي الخرطي فالخرطي . حكاية فوتها ماشي قاع كيما هاك ."	"20"	"MADOran_Sentences.tsv"	"CC-BY-NC-3.0-MADORAN"	"canonical"	"source_exact"	"not_started"
"madoran-s6-sentno-1219"	"S6"	"MADOran_Sentences.tsv#Sentno=1219"	"1219"	"ما تحكيها غاية غاية . سبنيول كانوا محاصرينهم العرب في سانتا كروز ملقاوش ماكلة لقاو الحمص ."	"17"	"MADOran_Sentences.tsv"	"CC-BY-NC-3.0-MADORAN"	"canonical"	"source_exact"	"not_started"
"madoran-s6-sentno-1220"	"S6"	"MADOran_Sentences.tsv#Sentno=1220"	"1220"	"هاديك فوتها . سبنيول ماكنوش محاصرين في وهران . كي دخلوا سبنيول استعمروها عندك شوالا ما نجموش يزيدوا يستعمروا مدن وخدوخرا ما نجموش يقدموا هادا حصار . قعدوا 3 قرون و نتا محاصره و زيد يا سيدي راك محاصره . في ديك لابريود كان أسطول العتماني كان من أقوى أساطيل في العالم . دروك نتا في لأرض راك تقول راك محاصره و عندك أكبر أسطول تع دولة العتمانية . علاه محررتوش وهران ."	"73"	"MADOran_Sentences.tsv"	"CC-BY-NC-3.0-MADORAN"	"canonical"	"source_exact"	"not_started"
"madoran-s6-sentno-1221"	"S6"	"MADOran_Sentences.tsv#Sentno=1221"	"1221"	"بوغ تو ديغ بالي ايستواغ ماشي كيما راهم حاكيينها لكم . ايتواغ بزاف ناس تكدب و تألف و ماشي هديك هي الحقيقة ."	"23"	"MADOran_Sentences.tsv"	"CC-BY-NC-3.0-MADORAN"	"canonical"	"source_exact"	"not_started"
"madoran-s6-sentno-1222"	"S6"	"MADOran_Sentences.tsv#Sentno=1222"	"1222"	"وهران كاين هدرة كبيرة و كاين هدرة بزاف و شابة اللي كي تحكي عليها تحس بلي راك تحكي على حضارة و فيل كبيرة ما ركش تحكي على دوار و سي مالوغوا . و كي راني نقول هاك ما راني قاصد والو . راني قاصد بلي قاع اللي ساكن في وهران , وهراني و يستاهل باش يسكن في وهران و ما عندناش براني . و مرحبا بتولموند و مرحبا بلي جانا و جاب معاه و مام ما جابش معاه يابا دو بروبلام . فيف أورون و اسمحولي أنا ما غاديش نهدر هدرة اللي ماكنش . أنا نهدر لك شا صرا , مانيش نقولك غاية و لا ماشي غاية بكري غاية و لا ماشي غاية . و أنا نقولك شا كان كاين و أنت الله يسهل عليك ."	"126"	"MADOran_Sentences.tsv"	"CC-BY-NC-3.0-MADORAN"	"canonical"	"source_exact"	"not_started"
"madoran-s6-sentno-1223"	"S6"	"MADOran_Sentences.tsv#Sentno=1223"	"1223"	"خطرة جاية غادي نحكيلكم على كلام فرونسي غادي تهبل بالضحك ."	"11"	"MADOran_Sentences.tsv"	"CC-BY-NC-3.0-MADORAN"	"canonical"	"source_exact"	"not_started"
"madoran-s6-sentno-1224"	"S6"	"MADOran_Sentences.tsv#Sentno=1224"	"1224"	"ما تداصرنيش مانيش قدك . الدصارة توصل للخسارة ."	"9"	"MADOran_Sentences.tsv"	"CC-BY-NC-3.0-MADORAN"	"canonical"	"source_exact"	"not_started"
"madoran-s6-sentno-1225"	"S6"	"MADOran_Sentences.tsv#Sentno=1225"	"1225"	"محمد ديقوردي ما تخافش عليه خليه وحده يسلك راسه ."	"10"	"MADOran_Sentences.tsv"	"CC-BY-NC-3.0-MADORAN"	"canonical"	"source_exact"	"not_started"
"madoran-s6-sentno-1226"	"S6"	"MADOran_Sentences.tsv#Sentno=1226"	"1226"	"تجميع فديوهات المضحكة ل @@Lاط@@تِكتْك @@Lاط@@كَمeل @@Lاط@@فِت @@Lاط@@دز @@Lاط@@ةَرت 2 - @@Lاط@@ىُْطُبe"	"12"	"MADOran_Sentences.tsv"	"CC-BY-NC-3.0-MADORAN"	"canonical"	"source_exact"	"not_started"
"madoran-s6-sentno-1227"	"S6"	"MADOran_Sentences.tsv#Sentno=1227"	"1227"	"و أنا هادا زهر عندي أنا , ناس يخونوها المافيا الله الله و أنا طحت فيك نتا . تخوف خويا شوالا هادا ."	"23"	"MADOran_Sentences.tsv"	"CC-BY-NC-3.0-MADORAN"	"canonical"	"source_exact"	"not_started"
"madoran-s6-sentno-1228"	"S6"	"MADOran_Sentences.tsv#Sentno=1228"	"1228"	"شوالا جيب خدمي عابدين . خدمي شا باغي دير بيه خويا . دوك تشوفي شا باغي ندير بيه ."	"19"	"MADOran_Sentences.tsv"	"CC-BY-NC-3.0-MADORAN"	"canonical"	"source_exact"	"not_started"
"madoran-s6-sentno-1229"	"S6"	"MADOran_Sentences.tsv#Sentno=1229"	"1229"	"يا منزعقوش ما تعرفش زعاقة . صحا خويا أنا علاه خونتوني . باش نطلبوا دراهم عليك . اه صحا هادا ماكان ."	"22"	"MADOran_Sentences.tsv"	"CC-BY-NC-3.0-MADORAN"	"canonical"	"source_exact"	"not_started"
"madoran-s6-sentno-1230"	"S6"	"MADOran_Sentences.tsv#Sentno=1230"	"1230"	"نتا خويا و نقولك غير قطع لياس , سيغتوا ادا عيطت لبابا راه يبني ألف ما تشوفهاش منه ."	"19"	"MADOran_Sentences.tsv"	"CC-BY-NC-3.0-MADORAN"	"canonical"	"source_exact"	"not_started"
"madoran-s6-sentno-1231"	"S6"	"MADOran_Sentences.tsv#Sentno=1231"	"1231"	"و ختي شهيناز بالك أنا ما فالحة في والو لا طياب لا تسياق . هاداك نهار ما لقاتني نسيق دار بسربيتا تع الوجه كلاتني تعرف . شا نزيدك ناكل بزاف , نضرب غير ميمة , نهرس شا نقولك ."	"39"	"MADOran_Sentences.tsv"	"CC-BY-NC-3.0-MADORAN"	"canonical"	"source_exact"	"not_started"
"madoran-s6-sentno-1232"	"S6"	"MADOran_Sentences.tsv#Sentno=1232"	"1232"	"راكم دايرين فطور . راكي حاسبة روحك في ريستورون . يا هاو تخونوا عباد ربي في وقت فطور ."	"19"	"MADOran_Sentences.tsv"	"CC-BY-NC-3.0-MADORAN"	"canonical"	"source_exact"	"not_started"
"madoran-s6-sentno-1233"	"S6"	"MADOran_Sentences.tsv#Sentno=1233"	"1233"	"صحا اعطوني شوية خبز بطوماطيس خيما نموتلكم هنا . صحا خويا أنا مسلسل تاعي يبدا على 2 مداري نتفرجه و نقيل , معندكمش ديمو هنا . لا مكانش . صحا اعطيني تليفونك نكونيكتي شوية حمبوك ."	"36"	"MADOran_Sentences.tsv"	"CC-BY-NC-3.0-MADORAN"	"canonical"	"source_exact"	"not_started"
"madoran-s6-sentno-1234"	"S6"	"MADOran_Sentences.tsv#Sentno=1234"	"1234"	"تسما أنا خاونك نكدلك تليفون تكونيكتي ."	"7"	"MADOran_Sentences.tsv"	"CC-BY-NC-3.0-MADORAN"	"canonical"	"source_exact"	"not_started"
"madoran-s6-sentno-1235"	"S6"	"MADOran_Sentences.tsv#Sentno=1235"	"1235"	"يا شا عندي حق ندير . جبتوني تكتلوني بالقنطة , دارنا و لا نتوما . صحا خويا تالية و الله . شا خصك تاني باغي تهبلينا ."	"27"	"MADOran_Sentences.tsv"	"CC-BY-NC-3.0-MADORAN"	"canonical"	"source_exact"	"not_started"
"madoran-s6-sentno-1236"	"S6"	"MADOran_Sentences.tsv#Sentno=1236"	"1236"	"ما تقدوش تخونوا صحبتي تجي ترافقني شوية حمبوك و الله ما ننسالك خيرك ."	"14"	"MADOran_Sentences.tsv"	"CC-BY-NC-3.0-MADORAN"	"canonical"	"source_exact"	"not_started"
"madoran-s6-sentno-1237"	"S6"	"MADOran_Sentences.tsv#Sentno=1237"	"1237"	"اي وين راكي رايحة نتيا كل يوم تخرجي مشعطة , أرواحي طلي عليا شوفي فيا . ماشي مرايا أنا . ديري أوموان شوية حمير راه قدامك . باغي ديري فيا هدرة يقولوا ما عندهاش مرايا فلدار ."	"37"	"MADOran_Sentences.tsv"	"CC-BY-NC-3.0-MADORAN"	"canonical"	"source_exact"	"not_started"
"madoran-s6-sentno-1238"	"S6"	"MADOran_Sentences.tsv#Sentno=1238"	"1238"	"صايي جات عايشة لارقة تتكسل عليا . صايي حوك راح للعسكر لبستي مزير . شوالا هادا سروال نسرين و متلبساهش . يا حمير فلخدود , بيكاتشو . عليك الحمد عريس , ختك وجدت قبلك . رجال تع أخر زمان ."	"40"	"MADOran_Sentences.tsv"	"CC-BY-NC-3.0-MADORAN"	"canonical"	"source_exact"	"not_started"
"madoran-s6-sentno-1239"	"S6"	"MADOran_Sentences.tsv#Sentno=1239"	"1239"	"ريحة دوشتلي بيها خويا شوالا هادا ? هادوا زوج شعيرات راهم عندك راك تمشطلي فيهم ."	"16"	"MADOran_Sentences.tsv"	"CC-BY-NC-3.0-MADORAN"	"canonical"	"source_exact"	"not_started"
"madoran-s6-sentno-1240"	"S6"	"MADOran_Sentences.tsv#Sentno=1240"	"1240"	"ويي سافا كيراكي ? . راني جاي منطولش عليك . كانت باينة بنت الناس مسكينة عليها دعوة الشر . مانيش عارفة شا عجبها فيك . عينيا ضروني هاد الألوان ختي اللي راكي مخلطتهم , قوس قزح . هاهو وجهي الا لقيتي راجل ."	"43"	"MADOran_Sentences.tsv"	"CC-BY-NC-3.0-MADORAN"	"canonical"	"source_exact"	"not_started"
"madoran-s6-sentno-1241"	"S6"	"MADOran_Sentences.tsv#Sentno=1241"	"1241"	"أعود بالله من شيطان الرجيم فقعتيني . هادا شا راكي مطلسة في وجهك . قهوة و كركم تع دار قاع كملتيهم ."	"22"	"MADOran_Sentences.tsv"	"CC-BY-NC-3.0-MADORAN"	"canonical"	"source_exact"	"not_started"
"madoran-s6-sentno-1242"	"S6"	"MADOran_Sentences.tsv#Sentno=1242"	"1242"	"كاش نهار يطردوك من دار نتيا . نخيتك , كاتلة عمرها و تزيد طلس في لعسل . حمبوك هادا وجه يخسروا عليه ناس ."	"24"	"MADOran_Sentences.tsv"	"CC-BY-NC-3.0-MADORAN"	"canonical"	"source_exact"	"not_started"
"madoran-s6-sentno-1243"	"S6"	"MADOran_Sentences.tsv#Sentno=1243"	"1243"	"ما تحشمش على روحك راني غير ساكتة لك من صباح و نتا دير حس كي تاكل . شوالا هادا ما تعرفش تاكل سيلونسيون ."	"24"	"MADOran_Sentences.tsv"	"CC-BY-NC-3.0-MADORAN"	"canonical"	"source_exact"	"not_started"
"madoran-s6-sentno-1244"	"S6"	"MADOran_Sentences.tsv#Sentno=1244"	"1244"	"هاد مرقة مالحة اللي درتوها هنا , ما درتوش حمص فيها . صايي ناضت تلقملي عجوز , ولدي جيب لي مرا عمرلها فريجيدارو طيبلك شا راك باغي . ماما تقصف و لا تبالي . اضرب مرقة و لا تساعفني روح جيب ناكوس من عند قديروا و نتقاسموه أنا و اياك ."	"51"	"MADOran_Sentences.tsv"	"CC-BY-NC-3.0-MADORAN"	"canonical"	"source_exact"	"not_started"
"madoran-s6-sentno-1245"	"S6"	"MADOran_Sentences.tsv#Sentno=1245"	"1245"	"مالكم ما تاكلوش مملحات بدون كريمة اللي درتهم تع ام وليد ."	"12"	"MADOran_Sentences.tsv"	"CC-BY-NC-3.0-MADORAN"	"canonical"	"source_exact"	"not_started"
"madoran-s6-sentno-1246"	"S6"	"MADOran_Sentences.tsv#Sentno=1246"	"1246"	"لا بنتي حمد لله شبعنا . جيبوا ناكلهم وحدي نتوما ماشي وجه مملحات . هودي تحت بيعيهم ."	"18"	"MADOran_Sentences.tsv"	"CC-BY-NC-3.0-MADORAN"	"canonical"	"source_exact"	"not_started"
"madoran-s6-sentno-1247"	"S6"	"MADOran_Sentences.tsv#Sentno=1247"	"1247"	"كون غير ما رانيش داير رجيم , جوعتوني ولا جيبوا نغمس معاكم شوية الموت راها غير ارفد ارفد . مزية جمعتوني معاكم في هاد طابلة ما نبغيش نجمع مع بز في طابلة صغيرة . يهبلوني يهدروا غير على ليجوي ."	"40"	"MADOran_Sentences.tsv"	"CC-BY-NC-3.0-MADORAN"	"canonical"	"source_exact"	"not_started"
"madoran-s6-sentno-1248"	"S6"	"MADOran_Sentences.tsv#Sentno=1248"	"1248"	"أنا نبغي أتويات و جديد ."	"6"	"MADOran_Sentences.tsv"	"CC-BY-NC-3.0-MADORAN"	"canonical"	"source_exact"	"not_started"
"madoran-s6-sentno-1249"	"S6"	"MADOran_Sentences.tsv#Sentno=1249"	"1249"	"نتيا تلقيت محمد تحت قالي قولي لأختك ترفد عليا , تصالحتوا و لا مازال ."	"15"	"MADOran_Sentences.tsv"	"CC-BY-NC-3.0-MADORAN"	"canonical"	"source_exact"	"not_started"
"madoran-s6-sentno-1250"	"S6"	"MADOran_Sentences.tsv#Sentno=1250"	"1250"	"كون جاو نسا يخطبوا ."	"5"	"MADOran_Sentences.tsv"	"CC-BY-NC-3.0-MADORAN"	"canonical"	"source_exact"	"not_started"
"madoran-s6-sentno-1251"	"S6"	"MADOran_Sentences.tsv#Sentno=1251"	"1251"	"زارتنا باركة , يسلمك خالتي علابالي علاه جينا . واه حكالي أنيس ولدي ."	"14"	"MADOran_Sentences.tsv"	"CC-BY-NC-3.0-MADORAN"	"canonical"	"source_exact"	"not_started"
"madoran-s6-sentno-1252"	"S6"	"MADOran_Sentences.tsv#Sentno=1252"	"1252"	"واه هي زعما ما كنتش ناوية على زواج قلت حتى نكمل قرايتي , شوالا راكي عارفة مكتوب و ما بغيتش نفرط فيه . أودي غير اسكتي بنتي من اللي اسمع بيكم بلي راكم جايين و هو يقارع كلشي رده يبقص , حيطان حكهم . و طابيات داهم عند ختي رغواهم , بقاله غير جهاز ما وجدهش ."	"57"	"MADOran_Sentences.tsv"	"CC-BY-NC-3.0-MADORAN"	"canonical"	"source_exact"	"not_started"
"madoran-s6-sentno-1253"	"S6"	"MADOran_Sentences.tsv#Sentno=1253"	"1253"	"ماشاء الله حكاتلي بنتي بلي ساجي الله يبارك . وين راه طاووس تاعنا جيبوه لنا نشوفوه . واه الهدرة و المغزل خالتي ."	"23"	"MADOran_Sentences.tsv"	"CC-BY-NC-3.0-MADORAN"	"canonical"	"source_exact"	"not_started"
"madoran-s6-sentno-1254"	"S6"	"MADOran_Sentences.tsv#Sentno=1254"	"1254"	"عيطي له يجي يشوفنا و لا راه حشمان . سلام عليكم , كيراك ولدي ? أني غاية خالتي يسلمك . يا عمري ما زينه ! تعرفي تخيري جنية ."	"29"	"MADOran_Sentences.tsv"	"CC-BY-NC-3.0-MADORAN"	"canonical"	"source_exact"	"not_started"
"madoran-s6-sentno-1255"	"S6"	"MADOran_Sentences.tsv#Sentno=1255"	"1255"	"ياضرا حبة قليلة . صايي شافوك , روحي لشومبرتك . حلاتلك قعدة خليه ما تقزيهش راه مجمع معانا مسكين ."	"20"	"MADOran_Sentences.tsv"	"CC-BY-NC-3.0-MADORAN"	"canonical"	"source_exact"	"not_started"
"madoran-s6-sentno-1256"	"S6"	"MADOran_Sentences.tsv#Sentno=1256"	"1256"	"المهم الفايدة و الحاصول . الولد راه قابل ."	"9"	"MADOran_Sentences.tsv"	"CC-BY-NC-3.0-MADORAN"	"canonical"	"source_exact"	"not_started"
"madoran-s6-sentno-1257"	"S6"	"MADOran_Sentences.tsv#Sentno=1257"	"1257"	"هي زعما جينا غير نحطوا يد عليه و غدوة انشاء الله ربي يكتب لهم و يبدوا يخدموا , نجيبوله خاتم كلمة . راك فرحان ولدي واه . عندي غير هاد عوينة غادي تدوهالي , تهلولي فيه ."	"37"	"MADOran_Sentences.tsv"	"CC-BY-NC-3.0-MADORAN"	"canonical"	"source_exact"	"not_started"
"madoran-s6-sentno-1258"	"S6"	"MADOran_Sentences.tsv#Sentno=1258"	"1258"	"كون دارنا يلعبوا ماتش مع بعض ."	"7"	"MADOran_Sentences.tsv"	"CC-BY-NC-3.0-MADORAN"	"canonical"	"source_exact"	"not_started"
"madoran-s6-sentno-1259"	"S6"	"MADOran_Sentences.tsv#Sentno=1259"	"1259"	"يباسيلنا قاع , ما يباسيش غير لمرته . تبعوني غاية رانا 5 في ليكيب تاعنا , ما تحوسوش تفهموا خصكم تمركوا في هادا قول بصح بابا هادا قول تاعنا غادي نمركوا على رواحنا . نتا بويا و لا أنا بوك ."	"41"	"MADOran_Sentences.tsv"	"CC-BY-NC-3.0-MADORAN"	"canonical"	"source_exact"	"not_started"
"madoran-s6-sentno-1260"	"S6"	"MADOran_Sentences.tsv#Sentno=1260"	"1260"	"أرواح علمني , راني عارف شا راني نهدر . غادي كي يشوفوا مركينا للقول تاعنا يقولو ما يعرفوش يلعبوا ."	"20"	"MADOran_Sentences.tsv"	"CC-BY-NC-3.0-MADORAN"	"canonical"	"source_exact"	"not_started"
"madoran-s6-sentno-1261"	"S6"	"MADOran_Sentences.tsv#Sentno=1261"	"1261"	"ماشي لا . مزية ما داروكش في بلاصة بلماضي ما تزاقات ."	"12"	"MADOran_Sentences.tsv"	"CC-BY-NC-3.0-MADORAN"	"canonical"	"source_exact"	"not_started"
"madoran-s6-sentno-1262"	"S6"	"MADOran_Sentences.tsv#Sentno=1262"	"1262"	"راك باغي تخسرنا و تربح خواتتك عرفتها لولا و تالية تقولي أرواحي تلعبي معايا ماتش ."	"16"	"MADOran_Sentences.tsv"	"CC-BY-NC-3.0-MADORAN"	"canonical"	"source_exact"	"not_started"
"madoran-s6-sentno-1263"	"S6"	"MADOran_Sentences.tsv#Sentno=1263"	"1263"	"ما عمتي غادي تجيب ميلود ولدها يلبس 47 هاداك الا هو يلعب أنا نخرج . باغي الا ضربني غاشاني ."	"20"	"MADOran_Sentences.tsv"	"CC-BY-NC-3.0-MADORAN"	"canonical"	"source_exact"	"not_started"
"madoran-s6-sentno-1264"	"S6"	"MADOran_Sentences.tsv#Sentno=1264"	"1264"	"و الله يجيبك دودة هاداك ."	"6"	"MADOran_Sentences.tsv"	"CC-BY-NC-3.0-MADORAN"	"canonical"	"source_exact"	"not_started"
"madoran-s6-sentno-1265"	"S6"	"MADOran_Sentences.tsv#Sentno=1265"	"1265"	"أنا درني قارديان بابا بنات عمتي يخافوا مني , نحمر فيهم , تشوف الا قربوا و زيد نبلاصي ولادي فلقنت كاش حاجا تجي فيهم بوليتا ."	"26"	"MADOran_Sentences.tsv"	"CC-BY-NC-3.0-MADORAN"	"canonical"	"source_exact"	"not_started"
"madoran-s6-sentno-1266"	"S6"	"MADOran_Sentences.tsv#Sentno=1266"	"1266"	"تلعبي قارديان بجلابة نتبا . لا نلعب بشورت باغي راجلي يطلقني . بويا شا بغيت نقولك تقسموا علينا شاربات فلماتش أنا ندير هاك نكلح . لا يقسموا عليك ياووغرت ممزوج بفواكه . أجري تشوفي ."	"35"	"MADOran_Sentences.tsv"	"CC-BY-NC-3.0-MADORAN"	"canonical"	"source_exact"	"not_started"
"madoran-s6-sentno-1267"	"S6"	"MADOran_Sentences.tsv#Sentno=1267"	"1267"	"اسم الله خلعتني , مهبول نتا , اعطيني شوية الشمة , روح بعدني مالك . صحا ديريلي محة , يا روح عند مك ديرلك محة ."	"26"	"MADOran_Sentences.tsv"	"CC-BY-NC-3.0-MADORAN"	"canonical"	"source_exact"	"not_started"
"madoran-s6-sentno-1268"	"S6"	"MADOran_Sentences.tsv#Sentno=1268"	"1268"	"يا ربي زهري غير فلماهبيل أنا روح . خويا راني في دار مهابيل و لا راني غالطة ."	"18"	"MADOran_Sentences.tsv"	"CC-BY-NC-3.0-MADORAN"	"canonical"	"source_exact"	"not_started"
"madoran-s6-sentno-1269"	"S6"	"MADOran_Sentences.tsv#Sentno=1269"	"1269"	"راكي فلأوبيتال بسيكياتخيك مدام جمعي و فهمينا علاه راكي هنا ."	"11"	"MADOran_Sentences.tsv"	"CC-BY-NC-3.0-MADORAN"	"canonical"	"source_exact"	"not_started"
"madoran-s6-sentno-1270"	"S6"	"MADOran_Sentences.tsv#Sentno=1270"	"1270"	"شا نفهمك خويا , كنت نتمشى في أمان ربي جات عندي طلابة دارتلي تشو دراهم . لا سلام لا كلام . أيا قلت معليش صدقة عليا . اعطيتها 10 ألاف . و نشوفها دارت تفوا , دفلت عليا تعرف فلوجه قاتلي 10 ألاف راني نطلب عليك . و نطير عليها ملشعر دكتور الا هي مريضة أنا اكتر منها ."	"59"	"MADOran_Sentences.tsv"	"CC-BY-NC-3.0-MADORAN"	"canonical"	"source_exact"	"not_started"
"madoran-s6-sentno-1271"	"S6"	"MADOran_Sentences.tsv#Sentno=1271"	"1271"	"حمبوك دكتور هادا وجه يدفلوا عليه ناس . حتى جاو فايتين علينا في زوج , طلعونا في زوج رحت معاها في جرة . ما أنا ما جايش مهبولة , جاية خفيفة بصح ماشي مهبولة تع دار مهابيل ."	"38"	"MADOran_Sentences.tsv"	"CC-BY-NC-3.0-MADORAN"	"canonical"	"source_exact"	"not_started"
"madoran-s6-sentno-1272"	"S6"	"MADOran_Sentences.tsv#Sentno=1272"	"1272"	"بصح مدام مرا هدرت معاها راها في كامل قواها العقلية . أاه لا لحقنا للمسقي . قلتوا مهبولة قلنا معليش , كدابة ! شا راك تشوفني خويا ? نبيكي عليك نتا تاني نديرلك كيفها ."	"35"	"MADOran_Sentences.tsv"	"CC-BY-NC-3.0-MADORAN"	"canonical"	"source_exact"	"not_started"
"madoran-s6-sentno-1273"	"S6"	"MADOran_Sentences.tsv#Sentno=1273"	"1273"	"مدام كالمي روحك شوية و غادي تقعدي عندنا يامات ."	"10"	"MADOran_Sentences.tsv"	"CC-BY-NC-3.0-MADORAN"	"canonical"	"source_exact"	"not_started"
"madoran-s6-sentno-1274"	"S6"	"MADOran_Sentences.tsv#Sentno=1274"	"1274"	"أستغفر الله , يوكلوا غاية هنا , الا يوكلوا غاية نقعد زعما بروحي ما خرجتش من دارنا هاد عام , بحر و مبحرتهش . شوالا فاستراحة ما ديرونيش مع مهبول تع قبيلة يعشي صافعني ."	"35"	"MADOran_Sentences.tsv"	"CC-BY-NC-3.0-MADORAN"	"canonical"	"source_exact"	"not_started"
"madoran-s6-sentno-1275"	"S6"	"MADOran_Sentences.tsv#Sentno=1275"	"1275"	"العائلة الكريمة كي تكون ماشية تبحر ."	"7"	"MADOran_Sentences.tsv"	"CC-BY-NC-3.0-MADORAN"	"canonical"	"source_exact"	"not_started"
"madoran-s6-sentno-1276"	"S6"	"MADOran_Sentences.tsv#Sentno=1276"	"1276"	"غادي تعومي نتيا ? لا ما غاديش نعوم , غادي نوجد كورنيات تع كوكاو و نديهم ندورهم فشط . ماشي بنادم أنا جدرة ما نعومش ."	"26"	"MADOran_Sentences.tsv"	"CC-BY-NC-3.0-MADORAN"	"canonical"	"source_exact"	"not_started"
"madoran-s6-sentno-1277"	"S6"	"MADOran_Sentences.tsv#Sentno=1277"	"1277"	"شتي كيراها تهدر معايا ما نتي حالتلها عينين خاطرش ."	"10"	"MADOran_Sentences.tsv"	"CC-BY-NC-3.0-MADORAN"	"canonical"	"source_exact"	"not_started"
"madoran-s6-sentno-1278"	"S6"	"MADOran_Sentences.tsv#Sentno=1278"	"1278"	"أاه صايي قلعوا و باش غادي تعومي , غادي نتلوى في بورابح و نبيكي هاك تساعدك . بويا نتا ! ."	"21"	"MADOran_Sentences.tsv"	"CC-BY-NC-3.0-MADORAN"	"canonical"	"source_exact"	"not_started"
"madoran-s6-sentno-1279"	"S6"	"MADOran_Sentences.tsv#Sentno=1279"	"1279"	"شوفوا عهد و ما تسكتوا نقلع خيماري و نجمع قاضي فاس ما ينوضنيش . روحو له وحدكم البحر تاعكم . ما تنسوليش درا و مساسيك باش نقيل . شرولي سد تاع الراي 2021 باغي نزهى فالطريق أنا يكون فيه شاب ماميدوا حمبوكم ."	"43"	"MADOran_Sentences.tsv"	"CC-BY-NC-3.0-MADORAN"	"canonical"	"source_exact"	"not_started"
"madoran-s6-sentno-1280"	"S6"	"MADOran_Sentences.tsv#Sentno=1280"	"1280"	"وصلنالها ديرولي ماميدوا فلوطوا أنيا . و نتا وين تعرف ماميدوا بابا ."	"13"	"MADOran_Sentences.tsv"	"CC-BY-NC-3.0-MADORAN"	"canonical"	"source_exact"	"not_started"
"madoran-s6-sentno-1281"	"S6"	"MADOran_Sentences.tsv#Sentno=1281"	"1281"	"هودولي بارصول . ناس تدهم ريستورون يفطروا قبل ما يروحوا يبحروا و أنا نقي بطاطا , شوي فلفلة . فلقي دلاع . هادي معيشة حسبي الله و نعم الوكيل فيكم ."	"31"	"MADOran_Sentences.tsv"	"CC-BY-NC-3.0-MADORAN"	"canonical"	"source_exact"	"not_started"
"madoran-s6-sentno-1282"	"S6"	"MADOran_Sentences.tsv#Sentno=1282"	"1282"	"كيفاه هادي منروحش للبحر راك عاقد عليا أنا رايحة رايحة كتلني حمان و ضرب راسك مع الحيط ."	"18"	"MADOran_Sentences.tsv"	"CC-BY-NC-3.0-MADORAN"	"canonical"	"source_exact"	"not_started"
"madoran-s6-sentno-1283"	"S6"	"MADOran_Sentences.tsv#Sentno=1283"	"1283"	"هديك لي ظل مدابزة مع الطاكسيات ."	"7"	"MADOran_Sentences.tsv"	"CC-BY-NC-3.0-MADORAN"	"canonical"	"source_exact"	"not_started"
"madoran-s6-sentno-1284"	"S6"	"MADOran_Sentences.tsv#Sentno=1284"	"1284"	"أنا كون ساعفتني كون زدت بعدت رانا نلعبوا حويزة ."	"10"	"MADOran_Sentences.tsv"	"CC-BY-NC-3.0-MADORAN"	"canonical"	"source_exact"	"not_started"
"madoran-s6-sentno-1285"	"S6"	"MADOran_Sentences.tsv#Sentno=1285"	"1285"	"نكملها أبيي خير لي . وين راكي رايحة ختي ? راني رايحة للدار . قزان أنا وين نعرف داركم ."	"20"	"MADOran_Sentences.tsv"	"CC-BY-NC-3.0-MADORAN"	"canonical"	"source_exact"	"not_started"
"madoran-s6-sentno-1286"	"S6"	"MADOran_Sentences.tsv#Sentno=1286"	"1286"	"لا كولني خويا . راه يزقي عليا راجلي هادا ."	"10"	"MADOran_Sentences.tsv"	"CC-BY-NC-3.0-MADORAN"	"canonical"	"source_exact"	"not_started"
"madoran-s6-sentno-1287"	"S6"	"MADOran_Sentences.tsv#Sentno=1287"	"1287"	"حطني عند دار الضو . زيد قولي ما تعرفش دار ضو نتا بروحك باين بلي ماشي ولد بلاد ."	"19"	"MADOran_Sentences.tsv"	"CC-BY-NC-3.0-MADORAN"	"canonical"	"source_exact"	"not_started"
"madoran-s6-sentno-1288"	"S6"	"MADOran_Sentences.tsv#Sentno=1288"	"1288"	"أستغر الله . علاه راك تخشش بيا خويا ? فوت على طريق كبيرة كيما غاشي . يعشي شالق بيا واك نتوما ما فيكومش لأمان بندام ولا يخاف على روحه . وين راكي رايحة ختي ? لا خويا ما طلع معايا حتى وحدة المرض راه ما خصناش تقرقيش . ديري بافت تاعك و ساهل ."	"54"	"MADOran_Sentences.tsv"	"CC-BY-NC-3.0-MADORAN"	"canonical"	"source_exact"	"not_started"
"madoran-s6-sentno-1289"	"S6"	"MADOran_Sentences.tsv#Sentno=1289"	"1289"	"راها فوق راسك ختي . ماكنش اللي ينسى معاكم صايي حطني غير هنا . هاك . الله يخلف و ألف كي صرالها . اله يحفظ و يستر تعلمتوا تصقروا على الصرف . تديها الخلا و الدرا ."	"37"	"MADOran_Sentences.tsv"	"CC-BY-NC-3.0-MADORAN"	"canonical"	"source_exact"	"not_started"
"madoran-s6-sentno-1290"	"S6"	"MADOran_Sentences.tsv#Sentno=1290"	"1290"	"كي تدخلي للحبس مع صحبتك ."	"6"	"MADOran_Sentences.tsv"	"CC-BY-NC-3.0-MADORAN"	"canonical"	"source_exact"	"not_started"
"madoran-s6-sentno-1291"	"S6"	"MADOran_Sentences.tsv#Sentno=1291"	"1291"	"ما نسمعش حسكم . جعت كون غير ما تجيبلي مبسس فلقفة . تفوا مرهوجة على جالك باسيت من نهار اللي عرفتك ما شت خير . ياك يا دحس جبدتلك بوسبعة و قلتلك قيسيه معايا فلواد بسيف نتي بروحك كنتي غير على سبا غي عيطتلك جيتي تجري ."	"47"	"MADOran_Sentences.tsv"	"CC-BY-NC-3.0-MADORAN"	"canonical"	"source_exact"	"not_started"
"madoran-s6-sentno-1292"	"S6"	"MADOran_Sentences.tsv#Sentno=1292"	"1292"	"بلعي بلعي فمك نتي بروحك حركية كون ما زفيتينيش عند جيج كون ما رانيش هنا . نتي كتلتيه و أنا رحت في جرة و ماشي أنا اللي كتلته أنا كي عاونتك تقيسيه فلواد كان مقندل ."	"36"	"MADOran_Sentences.tsv"	"CC-BY-NC-3.0-MADORAN"	"canonical"	"source_exact"	"not_started"
"madoran-s6-sentno-1293"	"S6"	"MADOran_Sentences.tsv#Sentno=1293"	"1293"	"باغي ندخل وحدي أوموان نترافقوا و تونسيني شوية . يا حتي تونسي وحدك حاسبتني مطلوقة كيفك واقيل أنا ادا ما كتلونيش فلحبس يكتلني خويا نهار اللي يخرج ."	"28"	"MADOran_Sentences.tsv"	"CC-BY-NC-3.0-MADORAN"	"canonical"	"source_exact"	"not_started"
"madoran-s6-sentno-1294"	"S6"	"MADOran_Sentences.tsv#Sentno=1294"	"1294"	"أأي نتوما بلعوه راكم هنا في زوج دقايق دججتونا . أأي أختي و الله الا غاية أرواحي خيطيلي فمي ما ندابزش مع صحبتي ."	"24"	"MADOran_Sentences.tsv"	"CC-BY-NC-3.0-MADORAN"	"canonical"	"source_exact"	"not_started"
"madoran-s6-sentno-1295"	"S6"	"MADOran_Sentences.tsv#Sentno=1295"	"1295"	"أأي علابالك وين راكي هنايا . طيري عليها موجيلالي . أرواحي طيري عليا مولجيلالي . اللي بغا دم , يقدم مزيا جيت , أومبيوس شابة راهي هنا من الشعر ."	"30"	"MADOran_Sentences.tsv"	"CC-BY-NC-3.0-MADORAN"	"canonical"	"source_exact"	"not_started"
"madoran-s6-sentno-1296"	"S6"	"MADOran_Sentences.tsv#Sentno=1296"	"1296"	"هاديك لي تخدم في لاميري كي تدخل لدارها ."	"9"	"MADOran_Sentences.tsv"	"CC-BY-NC-3.0-MADORAN"	"canonical"	"source_exact"	"not_started"
"madoran-s6-sentno-1297"	"S6"	"MADOran_Sentences.tsv#Sentno=1297"	"1297"	"ماما عندكي . ما طيحليش و حمار . أأي اسمعوا راسي راه باغي يطرطق . ولوا منبعد خيما نصرع واحد فيكم ."	"22"	"MADOran_Sentences.tsv"	"CC-BY-NC-3.0-MADORAN"	"canonical"	"source_exact"	"not_started"
"madoran-s6-sentno-1298"	"S6"	"MADOran_Sentences.tsv#Sentno=1298"	"1298"	"ماما نقد نروح مع أيمن لستاد . معلبليش , شوف مع شاف سرفيس راني نتقهوى . مع من ? مع بوك ."	"22"	"MADOran_Sentences.tsv"	"CC-BY-NC-3.0-MADORAN"	"canonical"	"source_exact"	"not_started"
"madoran-s6-sentno-1299"	"S6"	"MADOran_Sentences.tsv#Sentno=1299"	"1299"	"ما نتي قاع عام مشنفة , مت أيمن عندها الحق قالتلي مك من عام داقيوس ما ضحكتش ."	"18"	"MADOran_Sentences.tsv"	"CC-BY-NC-3.0-MADORAN"	"canonical"	"source_exact"	"not_started"
"madoran-s6-sentno-1300"	"S6"	"MADOran_Sentences.tsv#Sentno=1300"	"1300"	"قولها روحي عسي راجلك اللي جا عقد على زاوجة ليوم يا شطبة . جاية تعسني أنايا ."	"17"	"MADOran_Sentences.tsv"	"CC-BY-NC-3.0-MADORAN"	"canonical"	"source_exact"	"not_started"
"madoran-s6-sentno-1301"	"S6"	"MADOran_Sentences.tsv#Sentno=1301"	"1301"	"تحزن عليا ما تزيد تهدر نوريلها ."	"7"	"MADOran_Sentences.tsv"	"CC-BY-NC-3.0-MADORAN"	"canonical"	"source_exact"	"not_started"
"madoran-s6-sentno-1302"	"S6"	"MADOran_Sentences.tsv#Sentno=1302"	"1302"	"ما ديريناش عشا نتيا . كيكوطة ما راهش تخدم خويا , ما نديرش , راني كونجي , ولا روح عند صباح الخير جارتي كي صبحتي ? ديرلك عشا , ولي غدوة ."	"32"	"MADOran_Sentences.tsv"	"CC-BY-NC-3.0-MADORAN"	"canonical"	"source_exact"	"not_started"
"madoran-s6-sentno-1303"	"S6"	"MADOran_Sentences.tsv#Sentno=1303"	"1303"	"أنواع الشيرات في لافاك هاديك اللي جاية دبر راجل باش تتزوج ."	"12"	"MADOran_Sentences.tsv"	"CC-BY-NC-3.0-MADORAN"	"canonical"	"source_exact"	"not_started"
"madoran-s6-sentno-1304"	"S6"	"MADOran_Sentences.tsv#Sentno=1304"	"1304"	"سلام خويا . وين يدسروا ليزاسكربسيون حمبوك ? أوفاس . صحا ."	"12"	"MADOran_Sentences.tsv"	"CC-BY-NC-3.0-MADORAN"	"canonical"	"source_exact"	"not_started"
"madoran-s6-sentno-1305"	"S6"	"MADOran_Sentences.tsv#Sentno=1305"	"1305"	"باغي نسقسيك رجال وين يجمعوا ? سلعة جهد بصح ماشي بطي . وين يجمعوا ?"	"15"	"MADOran_Sentences.tsv"	"CC-BY-NC-3.0-MADORAN"	"canonical"	"source_exact"	"not_started"
"madoran-s6-sentno-1306"	"S6"	"MADOran_Sentences.tsv#Sentno=1306"	"1306"	"المكراشة : شا بغيت نقولك نروحوا عشية عند مصطفى نفطروا , بصح راها عاد 8 ."	"16"	"MADOran_Sentences.tsv"	"CC-BY-NC-3.0-MADORAN"	"canonical"	"source_exact"	"not_started"
"madoran-s6-sentno-1307"	"S6"	"MADOran_Sentences.tsv#Sentno=1307"	"1307"	"واه ختي جعت ما قديتش ركز و أنا كرشي خاوية الله يحفظ و يستر شا تبلع ."	"17"	"MADOran_Sentences.tsv"	"CC-BY-NC-3.0-MADORAN"	"canonical"	"source_exact"	"not_started"
"madoran-s6-sentno-1308"	"S6"	"MADOran_Sentences.tsv#Sentno=1308"	"1308"	"لي على عام و هي مدابزة مع صاحبها , يا معاد طلقني حمبوك و الله هو هدر معايا أنا شا دخلني , عندك غادي تزرقني . طلقني حمبوك . كي داير غيار ."	"33"	"MADOran_Sentences.tsv"	"CC-BY-NC-3.0-MADORAN"	"canonical"	"source_exact"	"not_started"
"madoran-s6-sentno-1309"	"S6"	"MADOran_Sentences.tsv#Sentno=1309"	"1309"	"لي تقرا غير الكور لول و تخرج . أستاد . وي فم كلب هدري بركي ما تعوجي في روحك . نقد نروح ليسانيتر ?"	"24"	"MADOran_Sentences.tsv"	"CC-BY-NC-3.0-MADORAN"	"canonical"	"source_exact"	"not_started"
"madoran-s6-sentno-1310"	"S6"	"MADOran_Sentences.tsv#Sentno=1310"	"1310"	"لي تقرا لي لونق . فوزية شا راكي دايرة ليوم . معلاباليش , راهم دايرين لوبيا . شا راكي لاعبتها لنا فوزية ."	"23"	"MADOran_Sentences.tsv"	"CC-BY-NC-3.0-MADORAN"	"canonical"	"source_exact"	"not_started"
"madoran-s6-sentno-1311"	"S6"	"MADOran_Sentences.tsv#Sentno=1311"	"1311"	"كون جاو الشيرات في بلاصة ما يكدبوا يقولوا الصح . شريت هادي تاني ياضرا ."	"15"	"MADOran_Sentences.tsv"	"CC-BY-NC-3.0-MADORAN"	"canonical"	"source_exact"	"not_started"
"madoran-s6-sentno-1312"	"S6"	"MADOran_Sentences.tsv#Sentno=1312"	"1312"	"شعال شريتيها ? شريتها مليون و ما قاشحتهاش . هاد شرميطة و راكي تهدري عليها . شا هادي ما نشروش , ما نلبسوش , ما نستاهلوش , ما شي بنيادم حنا . باغي ندير صاحب غير بدعوة الخير ."	"39"	"MADOran_Sentences.tsv"	"CC-BY-NC-3.0-MADORAN"	"canonical"	"source_exact"	"not_started"
"madoran-s6-sentno-1313"	"S6"	"MADOran_Sentences.tsv#Sentno=1313"	"1313"	"بابا بصح تينيسة راك ضاربها كيما تع لي كنت نخرج معاه . شوالا ? مالك تاكل في روحك كملنا . زعما قعد يعيطلي باش نولوا بصح صايي سي فيني ما نخدمش قليط . دروك غير ايبيزا و طلع ."	"39"	"MADOran_Sentences.tsv"	"CC-BY-NC-3.0-MADORAN"	"canonical"	"source_exact"	"not_started"
"madoran-s6-sentno-1314"	"S6"	"MADOran_Sentences.tsv#Sentno=1314"	"1314"	"جيناكم بحسب و نسب . الحسب و النسب جيبوه معاه اوموا بوكي تع ورد . ديجا مبكرين لي أنا , ناس تجي تخطب لي على 10 تع الصباح غادي نهرب . و نتا ماشي قتلك لبس قمجة نهار اللي تجي تخطبني ."	"42"	"MADOran_Sentences.tsv"	"CC-BY-NC-3.0-MADORAN"	"canonical"	"source_exact"	"not_started"
"madoran-s6-sentno-1315"	"S6"	"MADOran_Sentences.tsv#Sentno=1315"	"1315"	"شا راكي تهدري تعرفيه ? نعرفه واه , 5 سنسن و أنا طايبة معاه وجه الميزيرية هادا ."	"18"	"MADOran_Sentences.tsv"	"CC-BY-NC-3.0-MADORAN"	"canonical"	"source_exact"	"not_started"
"madoran-s6-sentno-1316"	"S6"	"MADOran_Sentences.tsv#Sentno=1316"	"1316"	"ديجا هادي هي مك تبان مصفارة ما نسكنش معاها هادي , ديري داري وحدي نقولها لك قدامها ."	"18"	"MADOran_Sentences.tsv"	"CC-BY-NC-3.0-MADORAN"	"canonical"	"source_exact"	"not_started"
"madoran-s6-sentno-1317"	"S6"	"MADOran_Sentences.tsv#Sentno=1317"	"1317"	"صحبتك كون جات كياسة تع الحمام . علاه راكي تصوري فيا ختي ? على من راكي يا فكرونة . شتي كمارتك . هايلا مراية ادا ما زال ما شفتيش روحك نخلي قاع عباد ربي و نجي نصورك نتيا . شا ندير بيك حمبوك ."	"44"	"MADOran_Sentences.tsv"	"CC-BY-NC-3.0-MADORAN"	"canonical"	"source_exact"	"not_started"
"madoran-s6-sentno-1318"	"S6"	"MADOran_Sentences.tsv#Sentno=1318"	"1318"	"عنددها علاه تخاف ختي مرت خويا داروها في قروب تع المعلمات المطلقات في الحمام ."	"15"	"MADOran_Sentences.tsv"	"CC-BY-NC-3.0-MADORAN"	"canonical"	"source_exact"	"not_started"
"madoran-s6-sentno-1319"	"S6"	"MADOran_Sentences.tsv#Sentno=1319"	"1319"	"و نتي شا نطقك ? لا أرواحوا تحاموا فيا أيا ختي اللي ما عجبهاش الحال تروح دوش في دارها ."	"20"	"MADOran_Sentences.tsv"	"CC-BY-NC-3.0-MADORAN"	"canonical"	"source_exact"	"not_started"
"madoran-s6-sentno-1320"	"S6"	"MADOran_Sentences.tsv#Sentno=1320"	"1320"	"ختي هادا غير ظهر ساعة و أنا نحك فيك فركتك نتي نخلص عليك بالمتر المربع . لا ختي كياسة لخرا تخلص عليا غير خمسلاف . وي طلقوني غادي نطرطق فوطة و نطير عليها ."	"34"	"MADOran_Sentences.tsv"	"CC-BY-NC-3.0-MADORAN"	"canonical"	"source_exact"	"not_started"
"madoran-s6-sentno-1321"	"S6"	"MADOran_Sentences.tsv#Sentno=1321"	"1321"	"خمسلاف راني نطلب عليك ختي . غادي الدود اللي خرجته لك نوكله لك . راني نقولك . ختي هادا راكي مدخلاته معاه . واه مسكين ولدي صغير هادا . شا صغره ختي هادا راه عرعور شلاغمه تكتفي بيهم جمل ."	"40"	"MADOran_Sentences.tsv"	"CC-BY-NC-3.0-MADORAN"	"canonical"	"source_exact"	"not_started"
"madoran-s6-sentno-1322"	"S6"	"MADOran_Sentences.tsv#Sentno=1322"	"1322"	"غير يقرعلك هنا ختي هادا غتدي دخليه لي يهربلي قاع نسا تع الحمام ."	"14"	"MADOran_Sentences.tsv"	"CC-BY-NC-3.0-MADORAN"	"canonical"	"source_exact"	"not_started"
"madoran-s6-sentno-1323"	"S6"	"MADOran_Sentences.tsv#Sentno=1323"	"1323"	"صحبتك كون جات أوتاس دو لاغ : بونجوغ . ينوضوني دروك . هادوا يروحوا لفرنسا على 5 تع صباح غادي تهرب . كي صبحتي زهرة . كي راك باغيني نصبح حمبوك . لحقني كلب برهوش صباح كي خرجت أنا نجري و هو ينبح . خويا هادا عراجين تع التمر قاع راك مطلعهم معاك . كون قلعت النخل تع أوتوروت و جلتهم معاك و صايي الا ما راهمش يوكلوك في فرونسا قعدوا في بلادكم ."	"74"	"MADOran_Sentences.tsv"	"CC-BY-NC-3.0-MADORAN"	"canonical"	"source_exact"	"not_started"
"madoran-s6-sentno-1324"	"S6"	"MADOran_Sentences.tsv#Sentno=1324"	"1324"	"يا عندكي هادي كيراها مشاؤجيا بالدهب حتى ظهرها عواج . كريم أرواح هنا . خويا راها 6 تع صباح شد كريم تاعك , خيما ندليه لك من التاقة . وي الزين لاكوب كاري و نخمم فيك سونزاري ."	"38"	"MADOran_Sentences.tsv"	"CC-BY-NC-3.0-MADORAN"	"canonical"	"source_exact"	"not_started"
"madoran-s6-sentno-1325"	"S6"	"MADOran_Sentences.tsv#Sentno=1325"	"1325"	"في سما و ما سلكناش معاكم . الله يحفظ و يستر . ختي باغي نسقسيك معليش . شا هو ? طيارة هادي مطيحش . شفت روبورطاج في ناسيونال جيوقراف توسوست . وين تحصي . علمي علمك خويا معلاباليش حتى بيلوت و راه مطلمس . بلعوا بيبان روح جمع خويا روح و ما تنساش شهادة ه ."	"56"	"MADOran_Sentences.tsv"	"CC-BY-NC-3.0-MADORAN"	"canonical"	"source_exact"	"not_started"
"madoran-s6-sentno-1326"	"S6"	"MADOran_Sentences.tsv#Sentno=1326"	"1326"	"العايلة الجزايرية العظيمة كي تكون تتفرج الماتش هديك لي حاسبة روحها ف 2010 ."	"14"	"MADOran_Sentences.tsv"	"CC-BY-NC-3.0-MADORAN"	"canonical"	"source_exact"	"not_started"
"madoran-s6-sentno-1327"	"S6"	"MADOran_Sentences.tsv#Sentno=1327"	"1327"	"زياني سقينوح وين راه ?"	"5"	"MADOran_Sentences.tsv"	"CC-BY-NC-3.0-MADORAN"	"canonical"	"source_exact"	"not_started"
"madoran-s6-sentno-1328"	"S6"	"MADOran_Sentences.tsv#Sentno=1328"	"1328"	"راكي حاسبة روحك ف 2010 ما بقاش زياني يا عمري ما يقدوش يجيبوه يلعب غير ماتش هاكا . توحشته ."	"20"	"MADOran_Sentences.tsv"	"CC-BY-NC-3.0-MADORAN"	"canonical"	"source_exact"	"not_started"
"madoran-s6-sentno-1329"	"S6"	"MADOran_Sentences.tsv#Sentno=1329"	"1329"	"كرعين معيز دير له تيبو كيما هاكا مركي كون راني أنا كون راني مركيت 7 ."	"16"	"MADOran_Sentences.tsv"	"CC-BY-NC-3.0-MADORAN"	"canonical"	"source_exact"	"not_started"
"madoran-s6-sentno-1330"	"S6"	"MADOran_Sentences.tsv#Sentno=1330"	"1330"	"هاديك اللي جاية تكحل , يا كي شاب واحد كيفاه و منزيدش . راه داير تاتوواج , طبعه ."	"19"	"MADOran_Sentences.tsv"	"CC-BY-NC-3.0-MADORAN"	"canonical"	"source_exact"	"not_started"
"madoran-s6-sentno-1331"	"S6"	"MADOran_Sentences.tsv#Sentno=1331"	"1331"	"لي يتفرج قلب و رب . روح يا يونجاح روح . علاه ديرولي كيما هاك . علاه راهم يلعبوا زعما كوب أفريك دي موند . بلعي فمك الله يحفظك كون غير هدرتك فيها فايدة حمارة ."	"36"	"MADOran_Sentences.tsv"	"CC-BY-NC-3.0-MADORAN"	"canonical"	"source_exact"	"not_started"
"madoran-s6-sentno-1332"	"S6"	"MADOran_Sentences.tsv#Sentno=1332"	"1332"	"واه هوما يربحوا فدراهم و نتوما قعدوا مادبزين لي عليهم هنا . نوضي نتي نقيلي بطاطا , قاعدتلي مجمعة لي مع تراريس ."	"23"	"MADOran_Sentences.tsv"	"CC-BY-NC-3.0-MADORAN"	"canonical"	"source_exact"	"not_started"
"madoran-s6-sentno-1333"	"S6"	"MADOran_Sentences.tsv#Sentno=1333"	"1333"	"نبع الحنان كي تخرج تشري مع بنتها : عام باش تخرجي لي عروسة نتي . أنا نلبس صباطي و نخرج ما نقارعش . خاطش ندير عليك نتيا حتى العشاء ندخل لداري . باغي حتى يقولوا مانيش عارفة وين كانت هايمة هي و بنتها في نص ليالي . ماما ندي هادي و لا هادي ."	"54"	"MADOran_Sentences.tsv"	"CC-BY-NC-3.0-MADORAN"	"canonical"	"source_exact"	"not_started"
"madoran-s6-sentno-1334"	"S6"	"MADOran_Sentences.tsv#Sentno=1334"	"1334"	"جاية تبغي الحرير و لي يبقص"	"6"	"MADOran_Sentences.tsv"	"CC-BY-NC-3.0-MADORAN"	"canonical"	"source_exact"	"not_started"
"madoran-s6-sentno-1335"	"S6"	"MADOran_Sentences.tsv#Sentno=1335"	"1335"	"كون نقولك تدي هادي تديها ما نعرفكش راسك خشين . دبر راسك . أنا عجبتني هادي . و علاه ما تديش لخرا مستورة باغي تروحي تعري لي في الجامعة هاك ربيتك أنا ."	"33"	"MADOran_Sentences.tsv"	"CC-BY-NC-3.0-MADORAN"	"canonical"	"source_exact"	"not_started"
"madoran-s6-sentno-1336"	"S6"	"MADOran_Sentences.tsv#Sentno=1336"	"1336"	"عليك الحمد . أنا حسبتك تغاشيتي داخل . صايي ماما غادي ندي هادي . شعال دير هادي ولدي ? خمسية ألف حاجا . عند جارك دير غير 200 ألف بلا معاوضة . يا ولدي دير معاها مسكينة معندهاش عندك عندها 50 ألف فتزدام . لا ماما عندي بلعي فمك ."	"50"	"MADOran_Sentences.tsv"	"CC-BY-NC-3.0-MADORAN"	"canonical"	"source_exact"	"not_started"
"madoran-s6-sentno-1337"	"S6"	"MADOran_Sentences.tsv#Sentno=1337"	"1337"	"أيا ولدي نتكلوا على الله 50 ألف ربي ينجحك . لا ميمتي مافيهاش . هاهو وجهي ادا ربحت نوضي خرجي قدامي خيان ."	"23"	"MADOran_Sentences.tsv"	"CC-BY-NC-3.0-MADORAN"	"canonical"	"source_exact"	"not_started"
"madoran-s6-sentno-1338"	"S6"	"MADOran_Sentences.tsv#Sentno=1338"	"1338"	"شوفي ادا عاودت خرجت معاك ما نتسماش من صباح و نتي دوري لي عجب و معجب ما يعجبكش بصح أنا فيا لافوت معليش نستاهل ."	"25"	"MADOran_Sentences.tsv"	"CC-BY-NC-3.0-MADORAN"	"canonical"	"source_exact"	"not_started"
"madoran-s6-sentno-1339"	"S6"	"MADOran_Sentences.tsv#Sentno=1339"	"1339"	"دارنا في العرضات . أيا خفوا جيبونا زوج غرايف حريرة شا راكم ديروا من صباح شاشرا راهم يقارعوا . شا راكي دايرة نتي لبسي خمار ستري روحك جايتني كيما هاك قدام رجال ."	"33"	"MADOran_Sentences.tsv"	"CC-BY-NC-3.0-MADORAN"	"canonical"	"source_exact"	"not_started"
"madoran-s6-sentno-1340"	"S6"	"MADOran_Sentences.tsv#Sentno=1340"	"1340"	"يا ختي شير أمن راهي يزقي عليا . خويا نتا غير ولد جوارين قاعد تاكل في روحك . دخل حريرة ة بلع ."	"23"	"MADOran_Sentences.tsv"	"CC-BY-NC-3.0-MADORAN"	"canonical"	"source_exact"	"not_started"
"madoran-s6-sentno-1341"	"S6"	"MADOran_Sentences.tsv#Sentno=1341"	"1341"	"ولدي بيت الما وين الله يحفظ . راه لهيها حاجا كاين ما باش نستجا . واه جا غير شوية هاك الما حاجا . صحا ولدي ."	"26"	"MADOran_Sentences.tsv"	"CC-BY-NC-3.0-MADORAN"	"canonical"	"source_exact"	"not_started"
"madoran-s6-sentno-1342"	"S6"	"MADOran_Sentences.tsv#Sentno=1342"	"1342"	"غادي ندخل نستنجا حمبوك جبدلي سربيتا تع كرعين باش نشف كرعيا و نتوضا و جيبلي مفتاح تع هاديك البيت اللي راكم داسين فيها قاتو نبغي نصلي فسكات ."	"28"	"MADOran_Sentences.tsv"	"CC-BY-NC-3.0-MADORAN"	"canonical"	"source_exact"	"not_started"
"madoran-s6-sentno-1343"	"S6"	"MADOran_Sentences.tsv#Sentno=1343"	"1343"	"راكم تشوفوا في هديك شيبانية اللي راها ليها . هاديك شريرة . واه كل 15 دقيقة تقلع فمها تنفخه بما . خص كي تقلعه هاد خطرة نروحوا نجروا نديرو لها هاك ندولها فمها نردمة ه فتراب . ياضرا خطة شفتها في مبس 2 ."	"43"	"MADOran_Sentences.tsv"	"CC-BY-NC-3.0-MADORAN"	"canonical"	"source_exact"	"not_started"
"madoran-s6-sentno-1344"	"S6"	"MADOran_Sentences.tsv#Sentno=1344"	"1344"	"ماما بابا جا يديك قالك أرواحي نوصلك قبل ما نوصلك لستاد هود قله يولي منبعد جايني دروك هاد وين حلات الجماعة . يا راجلك ما يقولك والو . شا راه مدخلك نتيا راكي تمعنيلي باش نروح زعما . هنا نقعد فرشولي راني بايتة ."	"44"	"MADOran_Sentences.tsv"	"CC-BY-NC-3.0-MADORAN"	"canonical"	"source_exact"	"not_started"
"madoran-s6-sentno-1345"	"S6"	"MADOran_Sentences.tsv#Sentno=1345"	"1345"	"طعام غير دار هاك نشف روح عند مك جيبي لي روا قلها ديرلي شوية زبيب و هبرة لحم في طبسي ."	"21"	"MADOran_Sentences.tsv"	"CC-BY-NC-3.0-MADORAN"	"canonical"	"source_exact"	"not_started"
"madoran-s6-sentno-1346"	"S6"	"MADOran_Sentences.tsv#Sentno=1346"	"1346"	"ختي لحم قاع كليتيه لنا باغي تزيدي . يا يشيشة لحم حسدتوني فيها ."	"14"	"MADOran_Sentences.tsv"	"CC-BY-NC-3.0-MADORAN"	"canonical"	"source_exact"	"not_started"
"madoran-s6-sentno-1347"	"S6"	"MADOran_Sentences.tsv#Sentno=1347"	"1347"	"كون جات مرتك سكرتير تاعك ."	"6"	"MADOran_Sentences.tsv"	"CC-BY-NC-3.0-MADORAN"	"canonical"	"source_exact"	"not_started"
"madoran-s6-sentno-1348"	"S6"	"MADOran_Sentences.tsv#Sentno=1348"	"1348"	"ألو كابيني ميديكال تع راجلي . تع دكتور قندسي . باغي نحجي نفوت ختي دكتور قندسي راه هنا . لا ما راهش هنا ليوم غدوة ادا بغيتي علاه وين راه ?"	"31"	"MADOran_Sentences.tsv"	"CC-BY-NC-3.0-MADORAN"	"canonical"	"source_exact"	"not_started"
"madoran-s6-sentno-1349"	"S6"	"MADOran_Sentences.tsv#Sentno=1349"	"1349"	"نتي شا راه مدخلك راه مفتح عليك نعطيك لادريس تع دار روحي شقيله و صايي ."	"16"	"MADOran_Sentences.tsv"	"CC-BY-NC-3.0-MADORAN"	"canonical"	"source_exact"	"not_started"
"madoran-s6-sentno-1350"	"S6"	"MADOran_Sentences.tsv#Sentno=1350"	"1350"	"سلام عليكم و عليكم السلام دكتور . موالف وين ما تدخل تغمزلي ما راكش تبغيني صايي علاه مرديتليش غمزة راك تناقرفيا ."	"22"	"MADOran_Sentences.tsv"	"CC-BY-NC-3.0-MADORAN"	"canonical"	"source_exact"	"not_started"
"madoran-s6-sentno-1351"	"S6"	"MADOran_Sentences.tsv#Sentno=1351"	"1351"	"الا راك تحشم بيا طردني و صايي . خلينا من هاد الهدرة الله يحفظ . جيبلي دوسيات تع اليوم راني نخدم عندك . بونجوغ دكتور ما رانيش روطار لا ?"	"30"	"MADOran_Sentences.tsv"	"CC-BY-NC-3.0-MADORAN"	"canonical"	"source_exact"	"not_started"
"madoran-s6-sentno-1352"	"S6"	"MADOran_Sentences.tsv#Sentno=1352"	"1352"	"لا تفضلي مادام . نجي . لا غادي ندخل غير أنا و مريضة . ويزيد يبلع البا في وجهي ادا بات فدار ليوم تحزن عليا ما . سلام مدام باغي تفوتي ? واه بصح ليوم ? واه صحا غادي نعطيك غير كونساي مدام ادا بغيتي ديري عليا ما تفوتيش عنده ما راهش كيما بكري طاحوله . معليش ختي غير ديري لي رونديفو ."	"63"	"MADOran_Sentences.tsv"	"CC-BY-NC-3.0-MADORAN"	"canonical"	"source_exact"	"not_started"
"madoran-s6-sentno-1353"	"S6"	"MADOran_Sentences.tsv#Sentno=1353"	"1353"	"ليق نديره ."	"3"	"MADOran_Sentences.tsv"	"CC-BY-NC-3.0-MADORAN"	"canonical"	"source_exact"	"not_started"
"madoran-s6-sentno-1354"	"S6"	"MADOran_Sentences.tsv#Sentno=1354"	"1354"	"راكي سير غير بارح ماتت له وحدة داخل . دخل يدير لها بارسيون غير من راسه باش يقلعلها مرارة قلعلها كلوة . في البلاص . الله يعاونك ختي . بسلامة مدام ."	"32"	"MADOran_Sentences.tsv"	"CC-BY-NC-3.0-MADORAN"	"canonical"	"source_exact"	"not_started"
"madoran-s6-sentno-1355"	"S6"	"MADOran_Sentences.tsv#Sentno=1355"	"1355"	"حرزوا تأمنوا هادي تدي راجل من كرش ماه بغات تفوت عند راجلي أنايا ."	"14"	"MADOran_Sentences.tsv"	"CC-BY-NC-3.0-MADORAN"	"canonical"	"source_exact"	"not_started"
"madoran-s6-sentno-1356"	"S6"	"MADOran_Sentences.tsv#Sentno=1356"	"1356"	"يديو بالهبرة و يقيسو العظم للشباب ."	"7"	"MADOran_Sentences.tsv"	"CC-BY-NC-3.0-MADORAN"	"canonical"	"source_exact"	"not_started"
